E_vent_J,E_mus_J,E_tot_J,E1_tot_J,E2_tot_J,MP_vent_Jmin,MP_mus_Jmin,MP_tot_Jmin,REF1,REF2,EII,ECF,HBR,VT1_L,VT2_L,VT_total_L,Flow1_peak_Ls,Flow2_peak_Ls,Flow_total_peak_Ls,Pdist_peak_cmH2O,C1_L_cmH2O,R1_cmH2O_s_L,C2_L_cmH2O,R2_cmH2O_s_L,PEEP_cmH2O,PS_cmH2O,RR_bpm,Ti_s,Energy_balance_error_J,Partition_balance_error,scenario_id,phenotype,Pmus_peak_cmH2O,Tmus_s,Pmus_onset_s,dt_s,V_integral_I_L,last_inspiratory_sample_s,min_total_flow_in_I_Ls,MP_PEEP_term_Jmin,E_vent_PEEP_J,E_tot_PEEP_J,E1_tot_PEEP_J,E2_tot_PEEP_J,MP_vent_PEEP_Jmin,MP_tot_PEEP_Jmin,EF1_PEEP,EF2_PEEP,EII_PEEP,ECF_PEEP,ratio_PEEP
0.24864200985805274,0.0,0.24864200985805274,0.09368829850440956,0.15495371135364322,4.4755561774449495,0.0,4.4755561774449495,0.3767999565234181,0.6232000434765821,0.246400086953164,0.0,1.0,0.19123406300815135,0.3162066308333545,0.5074406938415058,0.625,0.625,1.25,5.0,0.04,8.0,0.08,8.0,5.0,5.0,18.0,1.0,0.0,2.220446049250313e-16,S000,compliance_dominant,0.0,0.6,0.0,0.0005,0.5070885773593485,0.9995,0.15846592863424186,4.47555617744495,0.4972840197161055,0.4972840197161055,0.18737659700881912,0.30990742270728644,8.951112354889899,8.951112354889899,0.3767999565234181,0.6232000434765821,0.246400086953164,0.0,1.0
0.24864200985805274,0.0,0.24864200985805274,0.09368829850440956,0.15495371135364322,4.4755561774449495,0.0,4.4755561774449495,0.3767999565234181,0.6232000434765821,0.246400086953164,0.0,1.0,0.19123406300815135,0.3162066308333545,0.5074406938415058,0.625,0.625,1.25,5.0,0.04,8.0,0.08,8.0,5.0,5.0,18.0,1.0,0.0,2.220446049250313e-16,S001,compliance_dominant,0.0,1.0,0.0,0.0005,0.5070885773593485,0.9995,0.15846592863424186,4.47555617744495,0.4972840197161055,0.4972840197161055,0.18737659700881912,0.30990742270728644,8.951112354889899,8.951112354889899,0.3767999565234181,0.6232000434765821,0.246400086953164,0.0,1.0
0.24864200985805274,0.0,0.24864200985805274,0.09368829850440956,0.15495371135364322,4.4755561774449495,0.0,4.4755561774449495,0.3767999565234181,0.6232000434765821,0.246400086953164,0.0,1.0,0.19123406300815135,0.3162066308333545,0.5074406938415058,0.625,0.625,1.25,5.0,0.04,8.0,0.08,8.0,5.0,5.0,18.0,1.0,0.0,2.220446049250313e-16,S002,compliance_dominant,0.0,1.4,0.0,0.0005,0.5070885773593485,0.9995,0.15846592863424186,4.47555617744495,0.4972840197161055,0.4972840197161055,0.18737659700881912,0.30990742270728644,8.951112354889899,8.951112354889899,0.3767999565234181,0.6232000434765821,0.246400086953164,0.0,1.0
0.2812423345023867,0.11425569456178392,0.3954980290641706,0.14862150577703584,0.24687652328713486,5.062362021042961,2.0566025021121104,7.1189645231550704,0.37578317679282697,0.6242168232071733,0.24843364641434632,0.2888906800171326,1.406253542034989,0.2086839496248781,0.36521009239105245,0.5738940420159305,0.6251307972027424,0.7332226305211252,1.3315056176114326,8.0,0.04,8.0,0.08,8.0,5.0,5.0,18.0,1.0,5.551115123125783e-17,2.220446049250313e-16,S003,compliance_dominant,3.0,0.6,0.0,0.0005,0.573574736535691,0.9995,0.006769949932415087,5.062362021042961,0.5624846690047735,0.6767403635665574,0.25087274583952457,0.42586761772703285,10.124724042085923,12.181326544198033,0.37070752587798206,0.6292924741220179,0.2585849482440359,0.16883239232197336,1.2031267710174949
0.33620837032328793,0.13659272401130113,0.4728010943345891,0.17364524295232023,0.29915585138226886,6.051750665819183,2.4586690322034204,8.510419698022604,0.36726912232871434,0.6327308776712856,0.2654617553425712,0.28890103184625454,1.4062740135825818,0.2539121732348801,0.4320201714919954,0.6859323447268755,0.625,0.6463080970333841,1.25,8.0,0.04,8.0,0.08,8.0,5.0,5.0,18.0,1.0,5.551115123125783e-17,1.1102230246251565e-16,S004,compliance_dominant,3.0,1.0,0.0,0.0005,0.685674252315088,0.9995,-0.21763035285070986,6.051750665819183,0.6724167406465759,0.809009464657877,0.29809063143949394,0.510918833218383,12.103501331638366,14.562170363841787,0.36846371329605376,0.6315362867039461,0.2630725734078924,0.16883946353960763,1.203137006791291
0.37363266917422777,0.1420309873319296,0.5156636565061574,0.1921399737249202,0.3235236827812372,6.7253880451361,2.5565577719747328,9.281945817110834,0.3726071661259802,0.6273928338740198,0.25478566774803957,0.2754333867433095,1.3801353549887243,0.29110297000214214,0.4712558658879746,0.7623588358901168,0.625,0.625,1.25,8.0,0.04,8.0,0.08,8.0,5.0,5.0,18.0,1.0,0.0,0.0,S005,compliance_dominant,3.0,1.4,0.0,0.0005,0.7619985809103573,0.9995,0.19101991903650495,6.725388045136101,0.7472653383484555,0.8892963256803852,0.3347995317626986,0.5544967939176866,13.4507760902722,16.007333862246934,0.37647690887123514,0.6235230911287649,0.24704618225752975,0.15971165429393194,1.1900676774943622
0.3138426591467212,0.3075971429139542,0.6214398020606755,0.2366017738942085,0.3848380281664669,5.649167864640982,5.536748572451176,11.185916437092159,0.3807316060375345,0.6192683939624654,0.2385367879249309,0.49497496281051107,1.9800998492373618,0.22613383624160438,0.41421355394875004,0.6403473901903545,0.8111004622189747,1.010315242233841,1.80843418281417,11.0,0.04,8.0,0.08,8.0,5.0,5.0,18.0,1.0,1.1102230246251565e-16,2.220446049250313e-16,S006,compliance_dominant,6.0,0.6,0.0,0.0005,0.6400608957120346,0.9995,-0.32683036529718235,5.649167864640982,0.6276853182934424,0.9352824612073968,0.3474159555147766,0.58786650569262,11.298335729281964,16.835084301733144,0.3714556510193533,0.6285443489806465,0.25708869796129324,0.328881547203252,1.4900499246186811
0.4237747307885237,0.37151518873899936,0.795289919527523,0.2906317146873485,0.5046582048401747,7.6279451541934264,6.687273397301988,14.315218551495414,0.36544121527406137,0.6345587847259387,0.26911756945187737,0.46714434524671744,1.876680844201625,0.31659028346160856,0.5478337121506367,0.8644239956122453,0.6618834225845773,0.8663385547364131,1.5034732983903103,11.0,0.04,8.0,0.08,8.0,5.0,5.0,18.0,1.0,0.0,0.0,S007,compliance_dominant,6.0,1.0,0.0,0.0005,0.864259927270829,0.9995,-0.5937266343356615,7.627945154193429,0.8475494615770474,1.219064650316047,0.4458341931572868,0.7732304571587599,15.255890308386853,21.943163705688846,0.3657182521383937,0.6342817478616062,0.2685634957232124,0.3047542955516614,1.438340422100813
0.49862332849040353,0.4014362648556792,0.9000595933460827,0.3349999083985073,0.5650596849475754,8.975219912827264,7.225852767402225,16.201072680229487,0.3721974754506019,0.6278025245493982,0.25560504909879633,0.44601076175777465,1.8050892164853958,0.39097187699613356,0.6263051009425931,1.0172769779387267,0.625,0.7640689696420464,1.3123693898811435,11.0,0.04,8.0,0.08,8.0,5.0,5.0,18.0,1.0,0.0,0.0,S008,compliance_dominant,6.0,1.4,0.0,0.0005,1.0169085844613674,0.9995,0.22357390943876854,8.975219912827264,0.9972466569808071,1.398682921836486,0.5266307259696548,0.8720521958668314,17.950439825654527,25.176292593056747,0.3765190221084439,0.6234809778915562,0.2469619557831123,0.28701019980181713,1.4025446082426978
0.3464429837910548,0.5800243450565103,0.9264673288475651,0.3576291028559271,0.568838225991638,6.235973708238987,10.440438211017186,16.67641191925617,0.3860137230103762,0.6139862769896238,0.22797255397924768,0.6260602257588554,2.6742274261392804,0.24358372285833102,0.4632170155064482,0.7068007383647792,1.0373236589199748,1.2963213113769985,2.320302057889485,14.0,0.04,8.0,0.08,8.0,5.0,5.0,18.0,1.0,0.0,0.0,S009,compliance_dominant,9.0,0.6,0.0,0.0005,0.7065470548883765,0.9995,-0.6604306805267833,6.235973708238989,0.6928859675821096,1.27291031263862,0.47700622603457427,0.7959040866040455,12.471947416477974,22.912385627495162,0.3747367126327906,0.6252632873672092,0.25052657473441853,0.4556678811519532,1.8371137130696407
0.5113410912537592,0.7047673941830941,1.2161084854368531,0.44464771370949346,0.7714607717273597,9.204139642567664,12.685813095295693,21.889952737863357,0.36563161842404723,0.6343683815759529,0.2687367631519056,0.5795267466865227,2.378272558645878,0.3792683936883369,0.6636472528092769,1.042915646497614,0.8267638078029602,1.1103479795083118,1.916872192465975,14.0,0.04,8.0,0.08,8.0,5.0,5.0,18.0,1.0,0.0,0.0,S010,compliance_dominant,9.0,1.0,0.0,0.0005,1.0428456022265689,0.9995,-0.9698229158206109,9.204139642567664,1.0226821825075183,1.7274495766906122,0.6306072821621963,1.0968422945284162,18.40827928513533,31.094092380431018,0.36505105021374445,0.6349489497862557,0.26989789957251126,0.4079814564158005,1.6891362793229387
0.623613987806579,0.7782158325712486,1.4018298203778274,0.522268102525171,0.8795617178526565,11.22505178051842,14.007884986282475,25.232936766800893,0.3725617010946499,0.6274382989053501,0.2548765978107001,0.5551428720224402,2.2479127277251214,0.49084078399012426,0.7813543359972128,1.2721951199873371,0.6973781116226223,0.9738468478298358,1.643857788889339,14.0,0.04,8.0,0.08,8.0,5.0,5.0,18.0,1.0,2.220446049250313e-16,0.0,S011,compliance_dominant,9.0,1.4,0.0,0.0005,1.2718185880123776,0.9995,0.25612789984103235,11.225051780518426,1.247227975613158,2.0254438081844066,0.7628701796296876,1.2625736285547189,22.45010356103684,36.45798854731932,0.3766434677412843,0.6233565322587157,0.2467130645174313,0.38421990747244467,1.623956363862561
0.3790433084353889,0.9315373009894526,1.3105806094248418,0.5117034926621922,0.7988771167626494,6.822779551837001,16.76767141781015,23.59045096964715,0.39044030484073555,0.6095596951592643,0.21911939031852878,0.7107821482253311,3.4576012298822603,0.26103360947505755,0.5122204770641474,0.773254086539205,1.269468581199972,1.5843349482078437,2.839032892534674,17.0,0.04,8.0,0.08,8.0,5.0,5.0,18.0,1.0,2.220446049250313e-16,1.1102230246251565e-16,S012,compliance_dominant,12.0,0.6,0.0,0.0005,0.7730332140647191,0.9995,-0.994030995756384,6.822779551837001,0.7580866168707778,1.6896239178602308,0.6396435573989189,1.0499803604613116,13.645559103674001,30.413230521484156,0.37857155704150697,0.6214284429584929,0.24285688591698584,0.551328192707622,2.2288006149411306
0.598907451718995,1.1363493403435863,1.7352567920625814,0.6356932400187555,1.0995635520438256,10.78033413094191,20.45428812618455,31.234622257126468,0.3663395774772622,0.6336604225227376,0.26732084504547543,0.6548594683746405,2.89737051539769,0.44194650391506507,0.7794607934679169,1.221407297382982,1.0080073241753333,1.3587791318575833,2.345529175390693,17.0,0.04,8.0,0.08,8.0,5.0,5.0,18.0,1.0,2.220446049250313e-16,2.220446049250313e-16,S013,compliance_dominant,12.0,1.0,0.0,0.0005,1.22143127718231,0.9995,-1.3459191973055595,10.780334130941911,1.19781490343799,2.334164243781576,0.8524098984542229,1.4817543453273534,21.56066826188382,42.01495638806837,0.3651884826550315,0.6348115173449685,0.26962303468993704,0.4868334965591745,1.9486852576988447
0.7486046471227544,1.2723696904786375,2.020974337601392,0.7539445561049106,1.267029781496481,13.47488364820958,22.902654428615474,36.377538076825054,0.3730599355357155,0.6269400644642843,0.25388012892856887,0.6295823092878847,2.699655078777513,0.5907096909841152,0.9364035710518321,1.5271132620359473,0.8403484973596286,1.1913217091752903,2.006229466318316,17.0,0.04,8.0,0.08,8.0,5.0,5.0,18.0,1.0,0.0,2.220446049250313e-16,S014,compliance_dominant,12.0,1.4,0.0,0.0005,1.526728591563387,0.9995,0.2886818902432966,13.474883648209582,1.4972092942455089,2.769578984724146,1.0435178927427964,1.72606109198135,26.94976729641916,49.852421725034624,0.37677852789121025,0.6232214721087899,0.24644294421757965,0.4594090645172076,1.8498275393887562
0.994568039432211,0.0,0.994568039432211,0.37475319401763824,0.6198148454145729,17.902224709779798,0.0,17.902224709779798,0.3767999565234181,0.6232000434765821,0.246400086953164,0.0,1.0,0.3824681260163027,0.632413261666709,1.0148813876830116,1.25,1.25,2.5,10.0,0.04,8.0,0.08,8.0,5.0,10.0,18.0,1.0,0.0,2.220446049250313e-16,S015,compliance_dominant,0.0,0.6,0.0,0.0005,1.014177154718697,0.9995,0.3169318572684837,8.9511123548899,1.4918520591483166,1.4918520591483166,0.5621297910264572,0.9297222681218593,26.8533370646697,26.8533370646697,0.3767999565234179,0.623200043476582,0.2464000869531641,0.0,1.0
0.994568039432211,0.0,0.994568039432211,0.37475319401763824,0.6198148454145729,17.902224709779798,0.0,17.902224709779798,0.3767999565234181,0.6232000434765821,0.246400086953164,0.0,1.0,0.3824681260163027,0.632413261666709,1.0148813876830116,1.25,1.25,2.5,10.0,0.04,8.0,0.08,8.0,5.0,10.0,18.0,1.0,0.0,2.220446049250313e-16,S016,compliance_dominant,0.0,1.0,0.0,0.0005,1.014177154718697,0.9995,0.3169318572684837,8.9511123548899,1.4918520591483166,1.4918520591483166,0.5621297910264572,0.9297222681218593,26.8533370646697,26.8533370646697,0.3767999565234179,0.623200043476582,0.2464000869531641,0.0,1.0
0.994568039432211,0.0,0.994568039432211,0.37475319401763824,0.6198148454145729,17.902224709779798,0.0,17.902224709779798,0.3767999565234181,0.6232000434765821,0.246400086953164,0.0,1.0,0.3824681260163027,0.632413261666709,1.0148813876830116,1.25,1.25,2.5,10.0,0.04,8.0,0.08,8.0,5.0,10.0,18.0,1.0,0.0,2.220446049250313e-16,S017,compliance_dominant,0.0,1.4,0.0,0.0005,1.014177154718697,0.9995,0.3169318572684837,8.9511123548899,1.4918520591483166,1.4918520591483166,0.5621297910264572,0.9297222681218593,26.8533370646697,26.8533370646697,0.3767999565234179,0.623200043476582,0.2464000869531641,0.0,1.0
1.0597686887208777,0.1889685122283747,1.2487372009492521,0.46809607814061677,0.7806411228086354,19.0758363969758,3.4014332201107447,22.477269617086538,0.37485555630502904,0.625144443694971,0.2502888873899419,0.15132768695024587,1.1783110920709086,0.39991801263303,0.6814167232244082,1.0813347358574381,1.25,1.2501332386128325,2.5,13.0,0.04,8.0,0.08,8.0,5.0,10.0,18.0,1.0,2.220446049250313e-16,0.0,S018,compliance_dominant,3.0,0.6,0.0,0.0005,1.080663313895038,0.9995,0.18568784959385543,9.537918198487898,1.5896530330813163,1.7786215453096912,0.6640356167075147,1.1145859286021762,28.613754595463693,32.01518781557444,0.373342838704843,0.6266571612951568,0.2533143225903138,0.10624436251022235,1.118874061380606
1.169700760362681,0.2240205776644039,1.3937213380270848,0.5161523192699011,0.8775690187571836,21.054613686528256,4.03237039795927,25.086984084487526,0.37034111854852764,0.6296588814514724,0.2593177629029448,0.16073555850233415,1.1915195623151884,0.4451462362430312,0.7482268023253518,1.193373038568383,1.25,1.25,2.5,13.0,0.04,8.0,0.08,8.0,5.0,10.0,18.0,1.0,2.220446049250313e-16,0.0,S019,compliance_dominant,3.0,1.0,0.0,0.0005,1.192762829674436,0.9995,-0.05916442421647039,10.527306843264128,1.7545511405440215,1.978571718208425,0.7342860062614844,1.2442857119469408,31.581920529792388,35.614290927751654,0.37111922681598436,0.6288807731840157,0.25776154636803134,0.11322338007906635,1.1276797082101255
1.2445493580645612,0.22537482956794946,1.4699241876325104,0.5494524147321211,0.9204717729003895,22.4018884451621,4.05674693222309,26.45863537738519,0.37379643069693297,0.6262035693030672,0.2524071386061343,0.15332411798117473,1.1810895069026728,0.48233703301029396,0.7874624967213288,1.269799529731623,1.25,1.25,2.5,13.0,0.04,8.0,0.08,8.0,5.0,10.0,18.0,1.0,2.220446049250313e-16,2.220446049250313e-16,S020,compliance_dominant,3.0,1.4,0.0,0.0005,1.269087158269706,0.9995,0.34948584767074586,11.200944222581054,1.8668240370968416,2.0921988666647913,0.7858002712743091,1.3063985953904822,33.60283266774315,37.65957959996624,0.3755858411905969,0.6244141588094031,0.24882831761880625,0.10772151402950676,1.1207263379351153
1.124969338009547,0.45702277824713566,1.5819921162566823,0.5944860231081434,0.9875060931485394,20.249448084171846,8.226410008448442,28.475858092620282,0.37578317679282697,0.6242168232071733,0.24843364641434632,0.2888906800171326,1.406253542034989,0.4173678992497562,0.7304201847821049,1.147788084031861,1.250261594405485,1.4664452610422505,2.663011235222865,16.0,0.04,8.0,0.08,8.0,5.0,10.0,18.0,1.0,2.220446049250313e-16,2.220446049250313e-16,S021,compliance_dominant,6.0,0.6,0.0,0.0005,1.147149473071382,0.9995,0.013539899864830174,10.124724042085923,1.6874540070143202,2.1444767852614564,0.7989885032331208,1.3454882820283351,30.374172126257765,38.600582134706215,0.3725796934359014,0.6274203065640984,0.254840613128197,0.2131162162202726,1.2708356946899932
1.3448334812931517,0.5463708960452045,1.8912043773383564,0.6945809718092809,1.1966234055290754,24.207002663276732,9.834676128813681,34.041678792090416,0.36726912232871434,0.6327308776712856,0.2654617553425712,0.28890103184625454,1.4062740135825818,0.5078243464697602,0.8640403429839908,1.371864689453751,1.25,1.2926161940667682,2.5,16.0,0.04,8.0,0.08,8.0,5.0,10.0,18.0,1.0,2.220446049250313e-16,1.1102230246251565e-16,S022,compliance_dominant,6.0,1.0,0.0,0.0005,1.371348504630176,0.9995,-0.4352607057014197,12.103501331638366,2.0172502219397277,2.5636211179849324,0.9434717487836282,1.6201493692013038,36.310503994915095,46.145180123728785,0.3680230835066687,0.6319769164933311,0.2639538329866624,0.21312466659451812,1.2708493423883878
1.494530676696911,0.5681239493277184,2.0626546260246297,0.7685598948996808,1.2940947311249489,26.9015521805444,10.226231087898931,37.12778326844334,0.3726071661259802,0.6273928338740198,0.25478566774803957,0.2754333867433095,1.3801353549887243,0.5822059400042843,0.9425117317759492,1.5247176717802335,1.25,1.25,2.5,16.0,0.04,8.0,0.08,8.0,5.0,10.0,18.0,1.0,0.0,0.0,S023,compliance_dominant,6.0,1.4,0.0,0.0005,1.5239971618207147,0.9995,0.3820398380730099,13.450776090272202,2.2417960150453666,2.8099199643730857,1.0538790109752376,1.7560409533978474,40.3523282708166,50.578559358715545,0.375056593902085,0.6249434060979148,0.2498868121958297,0.20218510012062607,1.253423569992483
1.1901699872982172,0.8041627980562833,1.9943327853545005,0.7539230289202166,1.2404097564342842,21.42305977136791,14.4749303650131,35.89799013638101,0.37803271071743616,0.621967289282564,0.24393457856512782,0.4032239774433333,1.6756705400392413,0.43481778586648184,0.779423646339803,1.2142414322062849,1.4105034610741245,1.7388612260379606,3.1204043278001086,19.0,0.04,8.0,0.08,8.0,5.0,10.0,18.0,1.0,0.0,0.0,S024,compliance_dominant,9.0,0.6,0.0,0.0005,1.213635632247727,0.9995,-0.3200604153647644,10.711529885683957,1.785254980947326,2.5894177790036093,0.966988450603274,1.6224293284003355,32.13458965705187,46.60952002206497,0.3734385615346183,0.6265614384653818,0.25312287693076346,0.3105573787964489,1.4504470266928275
1.5199662022236236,0.9670509551424021,2.487017157366026,0.9100391516357793,1.5769780057302463,27.359391640025223,17.406917192563238,44.766308832588464,0.3659159121361239,0.634084087863876,0.26816817572775214,0.3888396798060677,1.6362318805034364,0.5705024566964871,0.9798538836426318,1.550356340339119,1.25,1.4988364638884126,2.636652755439913,19.0,0.04,8.0,0.08,8.0,5.0,10.0,18.0,1.0,0.0,0.0,S025,compliance_dominant,9.0,1.0,0.0,0.0005,1.5499341795859172,0.9995,-0.8113569871863666,13.679695820012613,2.279949303335435,3.2470002584778372,1.1896870185928916,2.057313239884946,41.039087460037834,58.44600465260107,0.3663957264822041,0.633604273517796,0.2672085470355919,0.2978290354666453,1.4241545870022907
1.744511995329262,1.0282473592793073,2.7727593546085694,1.0320756345203175,1.7406837200882521,31.401215915926716,18.50845246702753,49.90966838295425,0.3722196925618219,0.6277803074381781,0.25556061487635623,0.37083901910574024,1.5894183370663693,0.6820748469982757,1.0975609668305688,1.7796358138288446,1.25,1.3389895266244352,2.5,19.0,0.04,8.0,0.08,8.0,5.0,10.0,18.0,1.0,0.0,0.0,S026,compliance_dominant,9.0,1.4,0.0,0.0005,1.7789071653717246,0.9995,0.4145938284752715,15.700607957963362,2.616767992993894,3.6450153522732007,1.3663660101292439,2.278649342143957,47.10182387389009,65.61027634091761,0.37485878057471406,0.6251412194252859,0.2502824388505719,0.28209685279872543,1.3929455580442458
1.2553706365868849,1.2303885716558167,2.485759208242702,0.946407095576834,1.5393521126658676,22.59667145856393,22.146994289804702,44.743665748368635,0.3807316060375345,0.6192683939624654,0.2385367879249309,0.49497496281051107,1.9800998492373618,0.45226767248320876,0.8284271078975001,1.280694780380709,1.6222009244379494,2.020630484467682,3.61686836562834,22.0,0.04,8.0,0.08,8.0,5.0,10.0,18.0,1.0,4.440892098500626e-16,2.220446049250313e-16,S027,compliance_dominant,12.0,0.6,0.0,0.0005,1.2801217914240692,0.9995,-0.6536607305943647,11.298335729281964,1.8830559548803274,3.113444526536144,1.1680354588179704,1.945409067718174,33.89500718784589,56.04200147765059,0.3751585900640619,0.6248414099359383,0.24968281987187638,0.39518564123083416,1.6533998994915744
1.6950989231540947,1.4860607549559974,3.181159678110092,1.162526858749394,2.0186328193606986,30.511780616773706,26.749093589207952,57.26087420598166,0.36544121527406137,0.6345587847259387,0.26911756945187737,0.46714434524671744,1.876680844201625,0.6331805669232171,1.0956674243012734,1.7288479912244905,1.3237668451691547,1.7326771094728262,3.0069465967806206,22.0,0.04,8.0,0.08,8.0,5.0,10.0,18.0,1.0,0.0,0.0,S028,compliance_dominant,12.0,1.0,0.0,0.0005,1.728519854541658,0.9995,-1.187453268671323,15.255890308386858,2.5426483847311423,4.02870913968714,1.4729318156892706,2.555777323997869,45.76767092516056,72.51676451436852,0.3656088748575319,0.634391125142468,0.2687822502849361,0.3688677200140096,1.5844538961344168
1.9944933139616141,1.6057450594227167,3.6002383733843306,1.3399996335940292,2.2602387397903017,35.900879651309054,28.9034110696089,64.80429072091795,0.3721974754506019,0.6278025245493982,0.25560504909879633,0.44601076175777465,1.8050892164853958,0.7819437539922671,1.2526102018851861,2.0345539558774535,1.25,1.5281379392840928,2.624738779762287,22.0,0.04,8.0,0.08,8.0,5.0,10.0,18.0,1.0,0.0,0.0,S029,compliance_dominant,12.0,1.4,0.0,0.0005,2.033817168922735,0.9995,0.4471478188775371,17.950439825654527,2.991739970942421,4.597485030365138,1.723261268736324,2.8742237616288135,53.85131947696358,82.75473054657247,0.3748269450263899,0.6251730549736101,0.2503461099472201,0.3492659679840625,1.5367261443235973
2.237778088722473,0.0,2.237778088722473,0.8431946865396844,1.3945834021827888,40.28000559700451,0.0,40.28000559700451,0.37679995652341763,0.6232000434765824,0.24640008695316482,0.0,1.0,0.5737021890244549,0.948619892500065,1.52232208152452,1.875,1.875,3.75,15.0,0.04,8.0,0.08,8.0,5.0,15.0,18.0,1.0,0.0,0.0,S030,compliance_dominant,0.0,0.6,0.0,0.0005,1.5212657320780443,0.9995,0.4753977859027205,13.426668532334839,2.983704118296631,2.983704118296631,1.1242595820529124,1.8594445362437184,53.70667412933936,53.70667412933936,0.3767999565234175,0.6232000434765824,0.24640008695316487,0.0,1.0
2.237778088722473,0.0,2.237778088722473,0.8431946865396844,1.3945834021827888,40.28000559700451,0.0,40.28000559700451,0.37679995652341763,0.6232000434765824,0.24640008695316482,0.0,1.0,0.5737021890244549,0.948619892500065,1.52232208152452,1.875,1.875,3.75,15.0,0.04,8.0,0.08,8.0,5.0,15.0,18.0,1.0,0.0,0.0,S031,compliance_dominant,0.0,1.0,0.0,0.0005,1.5212657320780443,0.9995,0.4753977859027205,13.426668532334839,2.983704118296631,2.983704118296631,1.1242595820529124,1.8594445362437184,53.70667412933936,53.70667412933936,0.3767999565234175,0.6232000434765824,0.24640008695316487,0.0,1.0
2.237778088722473,0.0,2.237778088722473,0.8431946865396844,1.3945834021827888,40.28000559700451,0.0,40.28000559700451,0.37679995652341763,0.6232000434765824,0.24640008695316482,0.0,1.0,0.5737021890244549,0.948619892500065,1.52232208152452,1.875,1.875,3.75,15.0,0.04,8.0,0.08,8.0,5.0,15.0,18.0,1.0,0.0,0.0,S032,compliance_dominant,0.0,1.4,0.0,0.0005,1.5212657320780443,0.9995,0.4753977859027205,13.426668532334839,2.983704118296631,2.983704118296631,1.1242595820529124,1.8594445362437184,53.70667412933936,53.70667412933936,0.3767999565234175,0.6232000434765824,0.24640008695316487,0.0,1.0
2.3355790626554747,0.26368132989496557,2.5992603925504407,0.9749472475130162,1.624313145037424,42.04042312779855,4.74626393810938,46.786687065907934,0.3750864093136819,0.6249135906863178,0.2498271813726359,0.10144475353476869,1.1128976253088898,0.5911520756411807,0.9976233540577623,1.588775429698943,1.875,1.875,3.75,18.0,0.04,8.0,0.08,8.0,5.0,15.0,18.0,1.0,4.440892098500626e-16,2.220446049250313e-16,S033,compliance_dominant,3.0,0.6,0.0,0.0005,1.5877518912543866,0.9995,0.3441537782280999,14.01347437593285,3.1141054168739664,3.3777867467689315,1.2645750845843235,2.113211662184608,56.05389750373139,60.80016144184077,0.3743797875321674,0.6256202124678326,0.25124042493566523,0.0780633443325555,1.0846732189816672
2.5004771701181756,0.3114484313175062,2.811925601435682,1.0460359925962972,1.7658896088393847,45.00858906212716,5.606071763715112,50.61466082584228,0.3719998822380733,0.6280001177619267,0.2560002355238533,0.11075984057276987,1.1245555988430749,0.6363802992511834,1.0644334331587062,1.7008137324098898,1.875,1.875,3.75,18.0,0.04,8.0,0.08,8.0,5.0,15.0,18.0,1.0,4.440892098500626e-16,0.0,S034,compliance_dominant,3.0,1.0,0.0,0.0005,1.699851407033782,0.9995,0.09930150441776875,15.002863020709057,3.3339695601575676,3.645417991475074,1.3578579780922888,2.287560013382785,60.011452082836215,65.61752384655134,0.37248347960856143,0.6275165203914385,0.25503304078287703,0.0854355884690969,1.0934166991323062
2.612750066670998,0.30871867180396906,2.921468738474967,1.0941414527481392,1.8273272857268281,47.029501200077966,5.556936092471443,52.586437292549405,0.37451759737784873,0.6254824026221515,0.25096480524430276,0.10567242008727534,1.1181585164773602,0.6735710960184454,1.1036691275546842,1.7772402235731297,1.875,1.875,3.75,18.0,0.04,8.0,0.08,8.0,5.0,15.0,18.0,1.0,4.440892098500626e-16,2.220446049250313e-16,S035,compliance_dominant,3.0,1.4,0.0,0.0005,1.7761757356290533,0.9995,0.5079517763049863,15.676500400025992,3.4836667555613308,3.7923854273653004,1.4241776077947361,2.368207819570564,62.70600160010395,68.2629376925754,0.37553609333009197,0.6244639066699079,0.24892781333981598,0.08140487767311311,1.0886188873580203
2.4333800365884763,0.6064484135803174,3.0398284501687933,1.139746869330897,1.9000815808378968,43.80084065859258,10.916071444445713,54.71691210303828,0.3749378914022632,0.625062108597737,0.25012421719547384,0.19950086773700765,1.2492205921235957,0.6086019622579074,1.0466268156154621,1.6552287778733694,1.875,1.9557330506719222,3.75,21.0,0.04,8.0,0.08,8.0,5.0,15.0,18.0,1.0,4.440892098500626e-16,2.220446049250313e-16,S036,compliance_dominant,6.0,0.6,0.0,0.0005,1.6542380504307288,0.9995,0.21290977055347193,14.600280219530857,3.2445067154513016,3.8509551290316195,1.437937647960284,2.413017481071335,58.40112087812343,69.31719232256916,0.37339766363932547,0.6266023363606744,0.25320467272134894,0.1574799999637539,1.186915444092697
2.763176251513885,0.72122660335141,3.484402854865295,1.2859068259400321,2.1984960289252635,49.737172527249925,12.98207886032538,62.71925138757531,0.36904654240668866,0.6309534575933115,0.26190691518662285,0.20698714626075929,1.2610136081461565,0.6990584094779115,1.1802469738173464,1.879305383295258,1.875,1.875,3.75,21.0,0.04,8.0,0.08,8.0,5.0,15.0,18.0,1.0,4.440892098500626e-16,0.0,S037,compliance_dominant,6.0,1.0,0.0,0.0005,1.8784370819895244,0.9995,-0.2767947770671795,16.579057509083313,3.684235002018514,4.405461605369925,1.6284859014187891,2.776975703951135,66.31623003633325,79.29830889665864,0.36965159324820535,0.6303484067517945,0.26069681350358914,0.16371192577692412,1.1957602061096173
2.987722044619524,0.7348116337997578,3.722533678419282,1.389496478409671,2.3330372000096107,53.77899680315143,13.22660940839564,67.00560621154708,0.37326632837871326,0.6267336716212867,0.2534673432425734,0.19739556368816644,1.2459437734922674,0.7734400030124369,1.2587183626093041,2.032158365621741,1.875,1.875,3.75,21.0,0.04,8.0,0.08,8.0,5.0,15.0,18.0,1.0,4.440892098500626e-16,0.0,S038,compliance_dominant,6.0,1.4,0.0,0.0005,2.0310857391800625,0.9995,0.5405057667072475,17.926332267717147,3.983629392826032,4.71844102662579,1.7685038929896373,2.9499371336361526,71.70532907086857,84.93193847926422,0.37480682348472927,0.6251931765152707,0.2503863530305414,0.15573186771928987,1.1844578301192006
2.5311810105214785,1.028301251056055,3.5594822615775343,1.3375935519933229,2.2218887095842113,45.56125818938661,18.50942251900899,64.07068070839561,0.3757831767928272,0.6242168232071728,0.2484336464143456,0.28889068001713264,1.4062535420349898,0.6260518488746333,1.095630277173161,1.7216821260477944,1.8753923916082276,2.199667891563376,3.994516852834298,24.0,0.04,8.0,0.08,8.0,5.0,15.0,18.0,1.0,8.881784197001252e-16,0.0,S039,compliance_dominant,9.0,0.6,0.0,0.0005,1.7207242096070718,0.9995,0.020309849797244706,15.187086063128874,3.3749080140286383,4.403209265084693,1.6443472721807892,2.758861992903904,60.74834425251549,79.25776677152447,0.37344290793073653,0.6265570920692635,0.2531141841385269,0.23353449476271398,1.304690156526242
3.02587533290959,1.2293345161017097,4.255209849011301,1.5628071865708815,2.692402662440419,54.46575599237262,22.128021289830777,76.59377728220342,0.3672691223287143,0.6327308776712856,0.2654617553425712,0.28890103184625454,1.4062740135825822,0.7617365197046397,1.2960605144759887,2.0577970341806284,1.875,1.9389242911001525,3.75,24.0,0.04,8.0,0.08,8.0,5.0,15.0,18.0,1.0,8.881784197001252e-16,2.220446049250313e-16,S040,compliance_dominant,9.0,1.0,0.0,0.0005,2.0570227569452637,0.9995,-0.6528910585521324,18.155251997457544,4.0345004438794545,5.263834959981164,1.9361433520324027,3.3276916079487613,72.62100798983018,94.74902927966096,0.36781991965024124,0.6321800803497587,0.26436016069951745,0.23354351446195584,1.304705510186936
3.362694022568049,1.2782788859873655,4.6409729085554146,1.7292597635242821,2.9117131450311327,60.528492406224885,23.00901994777258,83.53751235399746,0.3726071661259805,0.6273928338740196,0.2547856677480391,0.2754333867433095,1.3801353549887239,0.8733089100064276,1.413767597663924,2.2870765076703514,1.875,1.875,3.75,24.0,0.04,8.0,0.08,8.0,5.0,15.0,18.0,1.0,0.0,0.0,S041,compliance_dominant,9.0,1.4,0.0,0.0005,2.285995742731071,0.9995,0.5730597571095104,20.176164135408296,4.483592030090732,5.761870916078098,2.1572384376376177,3.60463247844048,80.70465654163318,103.71367648940576,0.37439895288490316,0.6256010471150968,0.25120209423019363,0.22185135776305187,1.285101516241543
2.628981984454478,1.5292398423221787,4.158221826776657,1.56848729550029,2.5897345312763664,47.3216757201806,27.526317161799216,74.84799288197982,0.3772014483210338,0.622798551678966,0.24559710335793225,0.3677629299319043,1.5816851737154451,0.643501735491361,1.1446337387308572,1.7881354742222182,2.0192550864147623,2.4696520342605917,4.441154949463465,27.0,0.04,8.0,0.08,8.0,5.0,15.0,18.0,1.0,0.0,2.220446049250313e-16,S042,compliance_dominant,12.0,0.6,0.0,0.0005,1.7872103687834127,0.9995,-0.3132904654323583,15.77389190672687,3.505309312605971,5.03454915492815,1.8838039572458345,3.1507451976823146,63.095567626907474,90.6218847887067,0.3741753033440626,0.6258246966559373,0.2516493933118747,0.3037491134286091,1.436263880286584
3.2885744143052986,1.835772169568408,5.124346583873707,1.8767370744888514,3.247609509384856,59.194339457495374,33.043899052231346,92.23823850972673,0.3662392938828403,0.6337607061171597,0.2675214122343194,0.35824512247972723,1.5582273466529446,0.8244146299313687,1.41187405513463,2.2362886850659986,1.875,2.137316330534303,3.805816532028125,27.0,0.04,8.0,0.08,8.0,5.0,15.0,18.0,1.0,0.0,0.0,S043,compliance_dominant,12.0,1.0,0.0,0.0005,2.235608431901005,0.9995,-1.0289873400370855,19.731446485831796,4.384765885740398,6.220538055308807,2.280830329933138,3.9397077253756696,78.92578594332717,111.96968499555852,0.36666126139789534,0.6333387386021048,0.2666774772042094,0.2951146915662225,1.4186705099897086
3.737666000516578,1.9391204283667955,5.676786428883373,2.113431308091965,3.563355120791409,67.2779880092984,34.90416771060232,102.18215571990072,0.37229360916924226,0.6277063908307579,0.2554127816615156,0.3415877015384251,1.5188051656030241,0.9731778170004188,1.5688168327185414,2.5419946497189603,1.875,1.9292863343770295,3.75,27.0,0.04,8.0,0.08,8.0,5.0,15.0,18.0,1.0,0.0,0.0,S044,compliance_dominant,12.0,1.4,0.0,0.0005,2.5409057462820828,0.9995,0.6056137475117764,22.42599600309947,4.983554667355437,6.922675095722234,2.590381241738669,4.332293853983564,89.70398401239787,124.6081517230002,0.3741878978748197,0.6258121021251801,0.2516242042503605,0.28011143113809384,1.389103874202268
0.17116515418123115,0.0,0.17116515418123115,0.09368829850440956,0.07747685567682161,3.0809727752621607,0.0,3.0809727752621607,0.5473561423910592,0.4526438576089409,0.09471228478211828,0.0,1.0,0.19123406300815135,0.15810331541667724,0.3493373784248286,0.625,0.3125,0.9375,5.0,0.04,8.0,0.04,16.0,5.0,5.0,18.0,1.0,0.0,0.0,S045,resistance_dominant,0.0,0.6,0.0,0.0005,0.34907976563093646,0.9995,0.09295117557197016,3.080972775262161,0.3423303083624623,0.3423303083624623,0.18737659700881912,0.15495371135364322,6.1619455505243215,6.1619455505243215,0.5473561423910592,0.4526438576089409,0.09471228478211828,0.0,1.0
0.17116515418123115,0.0,0.17116515418123115,0.09368829850440956,0.07747685567682161,3.0809727752621607,0.0,3.0809727752621607,0.5473561423910592,0.4526438576089409,0.09471228478211828,0.0,1.0,0.19123406300815135,0.15810331541667724,0.3493373784248286,0.625,0.3125,0.9375,5.0,0.04,8.0,0.04,16.0,5.0,5.0,18.0,1.0,0.0,0.0,S046,resistance_dominant,0.0,1.0,0.0,0.0005,0.34907976563093646,0.9995,0.09295117557197016,3.080972775262161,0.3423303083624623,0.3423303083624623,0.18737659700881912,0.15495371135364322,6.1619455505243215,6.1619455505243215,0.5473561423910592,0.4526438576089409,0.09471228478211828,0.0,1.0
0.17116515418123115,0.0,0.17116515418123115,0.09368829850440956,0.07747685567682161,3.0809727752621607,0.0,3.0809727752621607,0.5473561423910592,0.4526438576089409,0.09471228478211828,0.0,1.0,0.19123406300815135,0.15810331541667724,0.3493373784248286,0.625,0.3125,0.9375,5.0,0.04,8.0,0.04,16.0,5.0,5.0,18.0,1.0,0.0,0.0,S047,resistance_dominant,0.0,1.4,0.0,0.0005,0.34907976563093646,0.9995,0.09295117557197016,3.080972775262161,0.3423303083624623,0.3423303083624623,0.18737659700881912,0.15495371135364322,6.1619455505243215,6.1619455505243215,0.5473561423910592,0.4526438576089409,0.09471228478211828,0.0,1.0
0.19174678728243777,0.0803129801381655,0.2720597674206032,0.14862150577703584,0.12343826164356743,3.4514421710838796,1.445633642486979,4.897075813570858,0.5462825583735342,0.4537174416264659,0.09256511674706838,0.29520344334486615,1.4188491566216785,0.2086839496248781,0.18260504619552623,0.39128899582040433,0.6251307972027424,0.3666113152605626,0.9719292454656225,8.0,0.04,8.0,0.04,16.0,5.0,5.0,18.0,1.0,5.551115123125783e-17,0.0,S048,resistance_dominant,3.0,0.6,0.0,0.0005,0.3910546155566636,0.9995,-0.04402066151142087,3.45144217108388,0.38349357456487554,0.463806554703041,0.25087274583952457,0.21293380886351643,6.902884342167759,8.348517984654737,0.540899526528144,0.45910047347185606,0.08179905305628789,0.17316051126010298,1.2094245783108393
0.2303268794052308,0.09289628923822382,0.32322316864345463,0.17364524295232023,0.14957792569113443,4.145883829294155,1.6721332062880288,5.818017035582184,0.5372301858220664,0.4627698141779337,0.07446037164413266,0.28740603474714743,1.4033237001174519,0.2539121732348801,0.2160100857459977,0.4699222589808778,0.625,0.32315404851669205,0.9375,8.0,0.04,8.0,0.04,16.0,5.0,5.0,18.0,1.0,0.0,0.0,S049,resistance_dominant,3.0,1.0,0.0,0.0005,0.4697361064282519,0.9995,-0.19288978949762464,4.1458838292941556,0.4606537588104616,0.5535500480486855,0.29809063143949394,0.2554594166091915,8.29176765858831,9.963900864876338,0.5385071006502314,0.4614928993497685,0.07701420130046296,0.16781913318532216,1.201661850058726
0.25814611360600315,0.09575570150953566,0.35390181511553875,0.1921399737249202,0.1617618413906186,4.646630044908057,1.7236026271716418,6.370232672079697,0.5429188704844365,0.45708112951556357,0.08583774096887298,0.27057137720040847,1.3709360569947733,0.29110297000214214,0.2356279329439873,0.5267309029461295,0.625,0.3125,0.9375,8.0,0.04,8.0,0.04,16.0,5.0,5.0,18.0,1.0,5.551115123125783e-17,0.0,S050,resistance_dominant,3.0,1.4,0.0,0.0005,0.5264715547225671,0.9995,0.09989289424939651,4.646630044908057,0.5162922272120063,0.6120479287215419,0.3347995317626986,0.2772483969588433,9.293260089816114,11.016862716987754,0.5470152189911576,0.4529847810088425,0.09403043798231503,0.15645131208850277,1.1854680284973866
0.21232842038364472,0.21669236759379729,0.429020787977442,0.2366017738942085,0.19241901408323345,3.8219115669056047,3.900462616688351,7.722374183593955,0.5514925628886987,0.4485074371113012,0.10298512577739752,0.5050859391111627,2.0205528171983174,0.22613383624160438,0.20710677697437502,0.4332406132159794,0.8111004622189747,0.5051576211169205,1.3073922283355062,11.0,0.04,8.0,0.04,16.0,5.0,5.0,18.0,1.0,5.551115123125783e-17,0.0,S051,resistance_dominant,6.0,0.6,0.0,0.0005,0.4330294654823914,0.9995,-0.3060796606974003,3.8219115669056047,0.42465684076728943,0.6413492083610867,0.3474159555147766,0.29393325284631,7.6438231338112095,11.54428575049956,0.5416954616698889,0.45830453833011103,0.08339092333977788,0.3378695487089416,1.5102764085991587
0.2894886046292311,0.25347221247820473,0.5429608171074358,0.2906317146873485,0.2523291024200873,5.21079488332616,4.562499824607685,9.773294707933845,0.535271985620725,0.46472801437927497,0.07054397124145005,0.46683334136070836,1.8755861489015944,0.31659028346160856,0.27391685607531835,0.5905071395369269,0.6618834225845773,0.43316927736820654,1.0774246243322776,11.0,0.04,8.0,0.04,16.0,5.0,5.0,18.0,1.0,0.0,0.0,S052,resistance_dominant,6.0,1.0,0.0,0.0005,0.5903924472255685,0.9995,-0.4787307545672191,5.21079488332616,0.5789772092584622,0.8324494217366669,0.4458341931572868,0.38661522857937997,10.42158976665232,14.984089591260005,0.5355691066817989,0.46443089331820087,0.07113821336359803,0.30448962526685125,1.4377930744507972
0.3451270730307755,0.27240267784151945,0.617529750872295,0.3349999083985073,0.2825298424737877,6.212287314553959,4.90324820114735,11.11553551570131,0.5424838364877179,0.457516163512282,0.08496767297543593,0.4411166870207234,1.7892822647883928,0.39097187699613356,0.31315255047129653,0.7041244274674301,0.625,0.3820344848210232,0.9459824358090849,11.0,0.04,8.0,0.04,16.0,5.0,5.0,18.0,1.0,0.0,0.0,S053,resistance_dominant,6.0,1.4,0.0,0.0005,0.7038633438141986,0.9995,0.10683461292682206,6.2122873145539605,0.690254146061551,0.9626568239030705,0.5266307259696548,0.4360260979334157,12.424574629107918,17.32782283025527,0.5470596716225854,0.45294032837741455,0.09411934324517085,0.282969663827935,1.3946411323941963
0.23291005348485105,0.4091381623668951,0.6420482158517461,0.3576291028559271,0.284419112995819,4.192380962727319,7.364486922604112,11.55686788533143,0.5570128442479878,0.44298715575201225,0.11402568849597555,0.6372389989809866,2.7566359040551514,0.24358372285833102,0.2316085077532241,0.47519223061155513,1.0373236589199748,0.6481606556884992,1.6764302449807036,14.0,0.04,8.0,0.04,16.0,5.0,5.0,18.0,1.0,1.1102230246251565e-16,0.0,S054,resistance_dominant,9.0,0.6,0.0,0.0005,0.47500431540811794,0.9995,-0.5681386598833815,4.192380962727318,0.4658201069697021,0.8749582693365971,0.47700622603457427,0.3979520433020228,8.384761925454638,15.749248848058748,0.5451759732452676,0.4548240267547323,0.09035194649053518,0.4676087725613567,1.878317952027576
0.34865032985323097,0.48172776971994236,0.8303780995731732,0.44464771370949346,0.38573038586367986,6.275705937358158,8.671099854958962,14.946805792317118,0.5354762052829296,0.4645237947170705,0.07095241056585909,0.5801306296102434,2.381693142016335,0.3792683936883369,0.33182362640463847,0.7110920200929753,0.8267638078029602,0.5551739897541559,1.3679129347152468,14.0,0.04,8.0,0.04,16.0,5.0,5.0,18.0,1.0,1.1102230246251565e-16,0.0,S055,resistance_dominant,9.0,1.0,0.0,0.0005,0.7110487880228845,0.9995,-0.764571719636812,6.275705937358159,0.6973006597064619,1.1790284294264042,0.6306072821621963,0.5484211472642081,12.551411874716315,21.222511729675276,0.5348533304400352,0.465146669559965,0.06970666088007026,0.4085802833052145,1.6908465710081675
0.4321080324555478,0.5299409289959515,0.9620489614514992,0.522268102525171,0.43978085892632823,7.777944584199861,9.538936721927126,17.316881306126987,0.5428706058132371,0.4571293941867629,0.08574121162647423,0.5508461109883624,2.2264084191734343,0.49084078399012426,0.3906771679986064,0.8815179519887306,0.6973781116226223,0.4869234239149179,1.1647292344385698,14.0,0.04,8.0,0.04,16.0,5.0,5.0,18.0,1.0,1.1102230246251565e-16,0.0,S056,resistance_dominant,9.0,1.4,0.0,0.0005,0.8812551329058298,0.9995,0.11377633160424883,7.777944584199862,0.8642160649110956,1.3941569939070473,0.7628701796296876,0.6312868142773594,15.555889168399721,25.094825890326852,0.5471910143288715,0.45280898567112826,0.0943820286577433,0.38011567657873413,1.6132042095867174
0.25349168658605775,0.6576503644574591,0.911142051043517,0.5117034926621922,0.3994385583813247,4.562850358549039,11.837706560234263,16.400556918783305,0.561606713328779,0.43839328667122085,0.12321342665755815,0.721786864851932,3.5943665976366996,0.26103360947505755,0.2561102385320737,0.5171438480071313,1.269468581199972,0.7921674741039219,2.051638394007965,17.0,0.04,8.0,0.04,16.0,5.0,5.0,18.0,1.0,1.1102230246251565e-16,2.220446049250313e-16,S057,resistance_dominant,12.0,0.6,0.0,0.0005,0.5169791653338455,0.9995,-0.8301976590693632,4.56285035854904,0.5069833731721155,1.1646337376295748,0.6396435573989189,0.5249901802306558,9.125700717098079,20.963407277332347,0.5492229331264358,0.45077706687356417,0.09844586625287159,0.5646842807387676,2.29718329881835
0.4078120550772312,0.7776629609634371,1.1854750160406684,0.6356932400187555,0.5497817760219128,7.340616991390161,13.997933297341868,21.33855028873203,0.5362350377841685,0.46376496221583147,0.07247007556833694,0.6559927037186577,2.9069150881676706,0.44194650391506507,0.38973039673395843,0.8316769006490234,1.0080073241753333,0.6793895659287916,1.6727689721679446,17.0,0.04,8.0,0.04,16.0,5.0,5.0,18.0,1.0,2.220446049250313e-16,0.0,S058,resistance_dominant,12.0,1.0,0.0,0.0005,0.831705128820201,0.9995,-1.0504126847064046,7.340616991390163,0.8156241101544623,1.5932870711179,0.8524098984542229,0.7408771726636767,14.681233982780322,28.679167280122197,0.5350008255926821,0.4649991744073177,0.07000165118536444,0.48808715959629584,1.9534575440838358
0.51908899188032,0.8683704549728312,1.3874594468531511,0.7539445561049106,0.6335148907482405,9.34360185384576,15.630668189510962,24.97427004335672,0.5433993460601002,0.45660065393989985,0.08679869212020032,0.625870872797293,2.6728739552485843,0.5907096909841152,0.46820178552591607,1.0589114765100311,0.8403484973596286,0.5956608545876452,1.418154007437379,17.0,0.04,8.0,0.04,16.0,5.0,5.0,18.0,1.0,0.0,0.0,S059,resistance_dominant,12.0,1.4,0.0,0.0005,1.058646921997461,0.9995,0.1207180502816757,9.343601853845762,1.03817798376064,1.9065484387334715,1.0435178927427964,0.863030545990675,18.68720370769152,34.31787189720249,0.5473335329659968,0.45266646703400304,0.09466706593199381,0.45546729227068233,1.8364369776242926
0.6846606167249246,0.0,0.6846606167249246,0.37475319401763824,0.30990742270728644,12.323891101048643,0.0,12.323891101048643,0.5473561423910592,0.4526438576089409,0.09471228478211828,0.0,1.0,0.3824681260163027,0.3162066308333545,0.6986747568496572,1.25,0.625,1.875,10.0,0.04,8.0,0.04,16.0,5.0,10.0,18.0,1.0,0.0,0.0,S060,resistance_dominant,0.0,0.6,0.0,0.0005,0.6981595312618729,0.9995,0.18590235114394033,6.161945550524322,1.026990925087387,1.026990925087387,0.5621297910264572,0.46486113406092966,18.485836651572967,18.485836651572967,0.547356142391059,0.4526438576089409,0.09471228478211814,0.0,1.0
0.6846606167249246,0.0,0.6846606167249246,0.37475319401763824,0.30990742270728644,12.323891101048643,0.0,12.323891101048643,0.5473561423910592,0.4526438576089409,0.09471228478211828,0.0,1.0,0.3824681260163027,0.3162066308333545,0.6986747568496572,1.25,0.625,1.875,10.0,0.04,8.0,0.04,16.0,5.0,10.0,18.0,1.0,0.0,0.0,S061,resistance_dominant,0.0,1.0,0.0,0.0005,0.6981595312618729,0.9995,0.18590235114394033,6.161945550524322,1.026990925087387,1.026990925087387,0.5621297910264572,0.46486113406092966,18.485836651572967,18.485836651572967,0.547356142391059,0.4526438576089409,0.09471228478211814,0.0,1.0
0.6846606167249246,0.0,0.6846606167249246,0.37475319401763824,0.30990742270728644,12.323891101048643,0.0,12.323891101048643,0.5473561423910592,0.4526438576089409,0.09471228478211828,0.0,1.0,0.3824681260163027,0.3162066308333545,0.6986747568496572,1.25,0.625,1.875,10.0,0.04,8.0,0.04,16.0,5.0,10.0,18.0,1.0,0.0,0.0,S062,resistance_dominant,0.0,1.4,0.0,0.0005,0.6981595312618729,0.9995,0.18590235114394033,6.161945550524322,1.026990925087387,1.026990925087387,0.5621297910264572,0.46486113406092966,18.485836651572967,18.485836651572967,0.547356142391059,0.4526438576089409,0.09471228478211814,0.0,1.0
0.7258238829273366,0.13259275661759787,0.8584166395449345,0.46809607814061677,0.3903205614043177,13.064829892692059,2.386669619116762,15.451499511808821,0.5453017294594438,0.4546982705405561,0.09060345891888766,0.15446200657047865,1.182678966256711,0.39991801263303,0.3407083616122041,0.7406263742452341,1.25,0.6250666193064163,1.875,13.0,0.04,8.0,0.04,16.0,5.0,10.0,18.0,1.0,1.1102230246251565e-16,1.1102230246251565e-16,S063,resistance_dominant,3.0,0.6,0.0,0.0005,0.7401343811875988,0.9995,0.09297223053553494,6.53241494634603,1.0887358243910048,1.2213285810086028,0.6640356167075147,0.5572929643010881,19.597244839038087,21.98391445815485,0.5436994000084219,0.45630059999157807,0.08739880001684386,0.1085643607129046,1.121785977504474
0.8029840671729237,0.15195276147556921,0.954936828648493,0.5161523192699011,0.4387845093785918,14.453713209112626,2.7351497065602457,17.188862915672875,0.5405093863647539,0.45949061363524596,0.08101877272950793,0.1591233649356948,1.1892350890728771,0.4451462362430312,0.3741134011626759,0.8192596374057071,1.25,0.625,1.875,13.0,0.04,8.0,0.04,16.0,5.0,10.0,18.0,1.0,1.1102230246251565e-16,2.220446049250313e-16,S064,resistance_dominant,3.0,1.0,0.0,0.0005,0.818815872059188,0.9995,-0.0999386139256554,7.226856604556314,1.2044761007593856,1.3564288622349547,0.7342860062614844,0.6221428559734704,21.680569813668942,24.415719520229185,0.541337645272174,0.4586623547278261,0.08267529054434782,0.11202412872961162,1.1261567260485845
0.8586225355744684,0.1510657656078474,1.009688301182316,0.5494524147321211,0.46023588645019475,15.455205640340433,2.719183780941253,18.174389421281685,0.5441802327398745,0.4558197672601255,0.08836046547974895,0.1496162384281899,1.1759396700516083,0.48233703301029396,0.3937312483606644,0.8760682813709584,1.25,0.625,1.875,13.0,0.04,8.0,0.04,16.0,5.0,10.0,18.0,1.0,0.0,0.0,S065,resistance_dominant,3.0,1.4,0.0,0.0005,0.8755513203535035,0.9995,0.19284406982136548,7.727602820170217,1.2879338033617027,1.43899956896955,0.7858002712743091,0.6531992976952411,23.18280846051065,25.9019922414519,0.5460740143494351,0.4539259856505649,0.09214802869887022,0.10497971567567858,1.1172931133677388
0.7669871491297511,0.321251920552662,1.088239069682413,0.5944860231081434,0.4937530465742697,13.805768684335519,5.782534569947916,19.58830325428343,0.5462825583735342,0.4537174416264659,0.09256511674706838,0.29520344334486615,1.4188491566216785,0.4173678992497562,0.36521009239105245,0.7825779916408087,1.250261594405485,0.7332226305211252,1.943858490931245,16.0,0.04,8.0,0.04,16.0,5.0,10.0,18.0,1.0,2.220446049250313e-16,0.0,S066,resistance_dominant,6.0,0.6,0.0,0.0005,0.7821092311133272,0.9995,-0.08804132302284173,6.90288434216776,1.1504807236946264,1.4717326442472887,0.7989885032331208,0.6727441410141676,20.708653026503274,26.491187596451198,0.5428897064668698,0.45711029353312993,0.08577941293373996,0.2182814397766959,1.2792327710811195
0.9213075176209232,0.3715851569528953,1.2928926745738185,0.6945809718092809,0.5983117027645377,16.58353531717662,6.688532825152115,23.272068142328735,0.5372301858220664,0.4627698141779337,0.07446037164413266,0.28740603474714743,1.4033237001174519,0.5078243464697602,0.4320201714919954,0.9398445179617556,1.25,0.6463080970333841,1.875,16.0,0.04,8.0,0.04,16.0,5.0,10.0,18.0,1.0,0.0,0.0,S067,resistance_dominant,6.0,1.0,0.0,0.0005,0.9394722128565038,0.9995,-0.3857795789952493,8.291767658588311,1.3819612764313853,1.7535464333842805,0.9434717487836282,0.8100746846006519,24.875302975764935,31.563835800917047,0.5380363649468707,0.4619636350531291,0.07607272989374156,0.21190494296506854,1.2688824667449679
1.0325844544240126,0.38302280603814265,1.415607260462155,0.7685598948996808,0.6470473655624744,18.586520179632227,6.894410508686567,25.48093068831879,0.5429188704844365,0.45708112951556357,0.08583774096887298,0.27057137720040847,1.3709360569947733,0.5822059400042843,0.4712558658879746,1.053461805892259,1.25,0.625,1.875,16.0,0.04,8.0,0.04,16.0,5.0,10.0,18.0,1.0,2.220446049250313e-16,0.0,S068,resistance_dominant,6.0,1.4,0.0,0.0005,1.0529431094451343,0.9995,0.19978578849879303,9.293260089816114,1.5488766816360189,1.9318994876741615,1.0538790109752376,0.8780204766989237,27.87978026944834,34.77419077813491,0.5455144109200091,0.45448558907999076,0.09102882184001833,0.19826228459704634,1.2472907046631823
0.808150415332166,0.5659774918051925,1.3741279071373584,0.7539230289202166,0.6202048782171421,14.54670747597899,10.187594852493465,24.734302328472452,0.5486556418833098,0.4513443581166903,0.0973112837666195,0.4118812294441067,1.7003368198141238,0.43481778586648184,0.3897118231699015,0.8245296090363834,1.4105034610741245,0.8694306130189803,2.259959191757653,19.0,0.04,8.0,0.04,16.0,5.0,10.0,18.0,1.0,2.220446049250313e-16,2.220446049250313e-16,S069,resistance_dominant,9.0,0.6,0.0,0.0005,0.8240840810390563,0.9995,-0.3501003222088186,7.273353737989496,1.212225622998249,1.7782031148034418,0.966988450603274,0.8112146642001677,21.820061213968483,32.007656066461955,0.5438008979700626,0.45619910202993735,0.08760179594012525,0.31828618850876,1.466891213209416
1.039630968068924,0.6588971864319783,1.698528154500902,0.9100391516357793,0.7884890028651231,18.71335742524063,11.860149355775608,30.57350678101624,0.5357810226602846,0.46421897733971557,0.07156204532056912,0.3879224401938686,1.6337798763881144,0.5705024566964871,0.4899269418213159,1.060429398517803,1.25,0.7494182319442063,1.9107748287600654,19.0,0.04,8.0,0.04,16.0,5.0,10.0,18.0,1.0,2.220446049250313e-16,2.220446049250313e-16,S070,resistance_dominant,9.0,1.0,0.0,0.0005,1.0601285536538205,0.9995,-0.6716205440648392,9.356678712620317,1.5594464521033862,2.2183436385353645,1.1896870185928916,1.028656619942473,28.070036137860953,39.930185493636564,0.5362951879621178,0.4637048120378822,0.07259037592423558,0.29702214525564097,1.4225199175920762
1.2065463732735573,0.6958711212908862,1.9024174945644436,1.0320756345203175,0.8703418600441261,21.71783471892403,12.525680183235952,34.24351490215999,0.5425074346031548,0.4574925653968452,0.08501486920630962,0.36578254945568883,1.5767462707652706,0.6820748469982757,0.5487804834152844,1.23085533041356,1.25,0.6694947633122176,1.875,19.0,0.04,8.0,0.04,16.0,5.0,10.0,18.0,1.0,2.220446049250313e-16,0.0,S071,resistance_dominant,9.0,1.4,0.0,0.0005,1.2303348985367655,0.9995,0.20672750717621757,10.858917359462016,1.8098195599103362,2.505690681201222,1.3663660101292439,1.1393246710719784,32.57675207838605,45.102432261622,0.5453051409658479,0.4546948590341522,0.09061028193169572,0.27771629056675395,1.3844975138435134
0.8493136815345789,0.8667694703751891,1.716083151909768,0.946407095576834,0.7696760563329338,15.287646267622419,15.601850466753405,30.88949673437582,0.5514925628886987,0.4485074371113012,0.10298512577739752,0.5050859391111627,2.0205528171983174,0.45226767248320876,0.41421355394875004,0.8664812264319588,1.6222009244379494,1.010315242233841,2.6147844566710123,22.0,0.04,8.0,0.04,16.0,5.0,10.0,18.0,1.0,2.220446049250313e-16,0.0,S072,resistance_dominant,12.0,0.6,0.0,0.0005,0.8660589309647828,0.9995,-0.6121593213948006,7.6438231338112095,1.273970522301868,2.1407399926770574,1.1680354588179704,0.972704533859087,22.931469401433624,38.533319868187036,0.5456222908029612,0.4543777091970388,0.0912445816059224,0.4048924546372718,1.6803685447988788
1.1579544185169244,1.013888849912819,2.1718432684297433,1.162526858749394,1.0093164096803493,20.84317953330464,18.24999929843074,39.09317883173538,0.535271985620725,0.46472801437927497,0.07054397124145005,0.46683334136070836,1.8755861489015944,0.6331805669232171,0.5478337121506367,1.1810142790738538,1.3237668451691547,0.8663385547364131,2.154849248664555,22.0,0.04,8.0,0.04,16.0,5.0,10.0,18.0,1.0,0.0,0.0,S073,resistance_dominant,12.0,1.0,0.0,0.0005,1.180784894451137,0.9995,-0.9574615091344382,10.42158976665232,1.7369316277753861,2.7508204776882055,1.4729318156892706,1.2778886619989345,31.26476929995695,49.5147685983877,0.5354518143354543,0.4645481856645456,0.07090362867090866,0.36857688756370355,1.58372409926773
1.380508292123102,1.0896107113660778,2.47011900348918,1.3399996335940292,1.1301193698951508,24.849149258215835,19.6129928045894,44.46214206280524,0.5424838364877179,0.457516163512282,0.08496767297543593,0.4411166870207234,1.7892822647883928,0.7819437539922671,0.6263051009425931,1.4082488549348602,1.25,0.7640689696420464,1.8919648716181698,22.0,0.04,8.0,0.04,16.0,5.0,10.0,18.0,1.0,0.0,0.0,S074,resistance_dominant,12.0,1.4,0.0,0.0005,1.4077266876283971,0.9995,0.21366922585364412,12.424574629107921,2.070762438184653,3.1603731495507312,1.723261268736324,1.4371118808144068,37.273723887323754,56.886716691913165,0.5452714559928777,0.4547285440071221,0.09054291198575565,0.3447728036548385,1.5261881765255951
1.5404863876310788,0.0,1.5404863876310788,0.8431946865396844,0.6972917010913944,27.72875497735942,0.0,27.72875497735942,0.5473561423910587,0.45264385760894127,0.09471228478211742,0.0,1.0,0.5737021890244549,0.4743099462500325,1.0480121352744873,1.875,0.9375,2.8125,15.0,0.04,8.0,0.04,16.0,5.0,15.0,18.0,1.0,0.0,0.0,S075,resistance_dominant,0.0,0.6,0.0,0.0005,1.0472392968928084,0.9995,0.2788535267159066,9.242918325786475,2.0539818501747713,2.0539818501747713,1.1242595820529124,0.9297222681218592,36.971673303145884,36.971673303145884,0.5473561423910588,0.4526438576089414,0.09471228478211735,0.0,1.0
1.5404863876310788,0.0,1.5404863876310788,0.8431946865396844,0.6972917010913944,27.72875497735942,0.0,27.72875497735942,0.5473561423910587,0.45264385760894127,0.09471228478211742,0.0,1.0,0.5737021890244549,0.4743099462500325,1.0480121352744873,1.875,0.9375,2.8125,15.0,0.04,8.0,0.04,16.0,5.0,15.0,18.0,1.0,0.0,0.0,S076,resistance_dominant,0.0,1.0,0.0,0.0005,1.0472392968928084,0.9995,0.2788535267159066,9.242918325786475,2.0539818501747713,2.0539818501747713,1.1242595820529124,0.9297222681218592,36.971673303145884,36.971673303145884,0.5473561423910588,0.4526438576089414,0.09471228478211735,0.0,1.0
1.5404863876310788,0.0,1.5404863876310788,0.8431946865396844,0.6972917010913944,27.72875497735942,0.0,27.72875497735942,0.5473561423910587,0.45264385760894127,0.09471228478211742,0.0,1.0,0.5737021890244549,0.4743099462500325,1.0480121352744873,1.875,0.9375,2.8125,15.0,0.04,8.0,0.04,16.0,5.0,15.0,18.0,1.0,0.0,0.0,S077,resistance_dominant,0.0,1.4,0.0,0.0005,1.0472392968928084,0.9995,0.2788535267159066,9.242918325786475,2.0539818501747713,2.0539818501747713,1.1242595820529124,0.9297222681218592,36.971673303145884,36.971673303145884,0.5473561423910588,0.4526438576089414,0.09471228478211735,0.0,1.0
1.602231286934698,0.18487253309703022,1.7871038200317286,0.9749472475130162,0.812156572518712,28.840163164824563,3.327705595746544,32.16786876057112,0.5455459479101258,0.454454052089874,0.09109189582025179,0.103448121493998,1.1153844233379806,0.5911520756411807,0.49881167702888113,1.0899637526700618,1.875,0.9375,2.8125,18.0,0.04,8.0,0.04,16.0,5.0,15.0,18.0,1.0,4.440892098500626e-16,2.220446049250313e-16,S078,resistance_dominant,3.0,0.6,0.0,0.0005,1.0892141468185352,0.9995,0.18592340610750746,9.613387721608191,2.1363083825795974,2.3211809156766274,1.2645750845843235,1.056605831092304,38.45355088643275,41.781256482179295,0.5447981568535765,0.4552018431464236,0.08959631370715286,0.07964589569406295,1.086538317503485
1.7179715633030759,0.21100923371291416,1.9289807970159893,1.0460359925962972,0.8829448044196924,30.923488139455365,3.798166206832455,34.72165434628781,0.5422739273581408,0.45772607264185927,0.08454785471628154,0.10938897579453981,1.1228246370430104,0.6363802992511834,0.5322167165793531,1.1685970158305365,1.875,0.9375,2.8125,18.0,0.04,8.0,0.04,16.0,5.0,15.0,18.0,1.0,6.661338147750939e-16,0.0,S079,resistance_dominant,3.0,1.0,0.0,0.0005,1.1678956376901222,0.9995,-0.00698743835368798,10.307829379818454,2.2906287510707672,2.5016379847836814,1.3578579780922888,1.1437800066913926,41.23131751927381,45.029483726106264,0.542787560131209,0.45721243986879107,0.08557512026241788,0.08434842890793422,1.0921184777822581
1.8014292659053945,0.2063758297061589,2.007805095611553,1.0941414527481392,0.9136636428634141,32.425726786297105,3.71476493471086,36.140491721007955,0.5449440561434958,0.4550559438565042,0.08988811228699159,0.10278678451271651,1.114562272087011,0.6735710960184454,0.5518345637773421,1.2254056597957876,1.875,0.9375,2.8125,18.0,0.04,8.0,0.04,16.0,5.0,15.0,18.0,1.0,4.440892098500626e-16,0.0,S080,resistance_dominant,3.0,1.4,0.0,0.0005,1.2246310859844387,0.9995,0.2857952453933348,10.808575595432368,2.4019056878738594,2.608281517580018,1.4241776077947361,1.184103909785282,43.23430238172947,46.94906731644032,0.5460214314274244,0.4539785685725757,0.0920428628548487,0.07912329567003022,1.0859217040652582
1.6639761862383187,0.42581147351152693,2.0897876597498453,1.139746869330897,0.9500407904189484,29.951571352289736,7.6646065232074845,37.616177875497215,0.5453888408295647,0.4546111591704353,0.09077768165912944,0.2037582486071805,1.2558999804403095,0.6086019622579074,0.5233134078077311,1.1319153700656384,1.875,0.9778665253359611,2.8125,21.0,0.04,8.0,0.04,16.0,5.0,15.0,18.0,1.0,4.440892098500626e-16,0.0,S081,resistance_dominant,6.0,0.6,0.0,0.0005,1.1311889967442625,0.9995,0.09299328549910302,9.983857117429912,2.2186349149844244,2.6444463884959513,1.437937647960284,1.2065087405356676,39.93542846971964,47.60003499292712,0.5437575343617088,0.4562424656382913,0.08751506872341747,0.16102102707164745,1.1919249853302323
1.8954567389750783,0.4896981014275859,2.385154840402664,1.2859068259400321,1.0992480144626318,34.11822130155141,8.814565825696546,42.93278712724795,0.5391292859305287,0.4608707140694714,0.07825857186105724,0.20531082222943423,1.2583536154417208,0.6990584094779115,0.5901234869086732,1.2891818963865846,1.875,0.9375,2.8125,21.0,0.04,8.0,0.04,16.0,5.0,15.0,18.0,1.0,4.440892098500626e-16,0.0,S082,resistance_dominant,6.0,1.0,0.0,0.0005,1.28855197848744,0.9995,-0.29282840342328,11.372740433850469,2.5272756519667707,3.0169737533943564,1.6284859014187891,1.3884878519755675,45.490961735401875,54.305527561098415,0.5397746333015333,0.4602253666984668,0.07954926660306644,0.16231433928672173,1.1937652115812907
2.0623721441797107,0.4936429342347657,2.5560150784144766,1.389496478409671,1.1665186000048053,37.122698595234795,8.885572816225782,46.008271411460576,0.5436182635008517,0.4563817364991482,0.08723652700170348,0.19312989911662715,1.2393568666197765,0.7734400030124369,0.6293591813046521,1.402799184317089,1.875,0.9375,2.8125,21.0,0.04,8.0,0.04,16.0,5.0,15.0,18.0,1.0,4.440892098500626e-16,0.0,S083,resistance_dominant,6.0,1.4,0.0,0.0005,1.4020228750760695,0.9995,0.2927369640707591,12.374232865078264,2.7498295255729475,3.2434724598077134,1.7685038929896373,1.4749685668180763,49.49693146031306,58.38250427653884,0.5452501647245316,0.45474983527546853,0.09050032944906305,0.1521958149334898,1.1795176499648325
1.7257210855419387,0.7228168212434894,2.4485379067854285,1.3375935519933229,1.1109443547921056,31.062979539754895,13.01070278238281,44.073682322137714,0.5462825583735346,0.4537174416264655,0.09256511674706903,0.29520344334486615,1.4188491566216792,0.6260518488746333,0.5478151385865805,1.1738669874612138,1.8753923916082276,1.099833945781688,2.915787736396868,24.0,0.04,8.0,0.04,16.0,5.0,15.0,18.0,1.0,4.440892098500626e-16,0.0,S084,resistance_dominant,9.0,0.6,0.0,0.0005,1.1731638466699903,0.9995,-0.1320619845342621,10.354326513251635,2.3009614473892515,3.0237782686327415,1.6443472721807892,1.379430996451952,41.41730605300653,54.42800883538935,0.5438055062563539,0.456194493743646,0.08761101251270786,0.23904425425027104,1.3141368674662595
2.0729419146470773,0.8360666031440139,2.9090085177910905,1.5628071865708815,1.3462013312202095,37.312954463647394,15.04919885659225,52.36215332023963,0.5372301858220664,0.4627698141779338,0.07446037164413263,0.2874060347471474,1.4033237001174512,0.7617365197046397,0.6480302572379943,1.409766776942634,1.875,0.9694621455500763,2.8125,24.0,0.04,8.0,0.04,16.0,5.0,15.0,18.0,1.0,8.881784197001252e-16,2.220446049250313e-16,S085,resistance_dominant,9.0,1.0,0.0,0.0005,1.4092083192847555,0.9995,-0.5786693684928746,12.437651487882464,2.7639225528627693,3.5999891560067834,1.9361433520324027,1.6638458039743806,49.75060595152985,64.7998048081221,0.5378192178167646,0.46218078218323544,0.07563843563352916,0.23224142265789605,1.3024927750880888
2.323315022454028,0.8618013135858208,3.1851163360398487,1.7292597635242821,1.4558565725155663,41.819670404172506,15.512423644544775,57.33209404871727,0.5429188704844367,0.45708112951556323,0.08583774096887345,0.27057137720040847,1.3709360569947733,0.8733089100064276,0.706883798831962,1.5801927088383896,1.875,0.9375,2.8125,24.0,0.04,8.0,0.04,16.0,5.0,15.0,18.0,1.0,0.0,1.1102230246251565e-16,S086,resistance_dominant,9.0,1.4,0.0,0.0005,1.5794146641677012,0.9995,0.2996786827481852,13.93989013472417,3.097753363272037,3.9595546768578576,2.1572384376376177,1.80231623922024,55.759560538896665,71.27198418344143,0.5448184489649515,0.45518155103504854,0.08963689792990294,0.217651070364739,1.27820204274608
1.7874659848455559,1.0758885762929178,2.863354561138473,1.56848729550029,1.2948672656381832,32.17438772722001,19.36599437327252,51.540382100492515,0.5477796277093457,0.45222037229065426,0.09555925541869154,0.3757440978127219,1.6019071609834734,0.643501735491361,0.5723168693654286,1.2158186048567896,2.0192550864147623,1.2348260171302958,3.2208994009195053,27.0,0.04,8.0,0.04,16.0,5.0,15.0,18.0,1.0,4.440892098500626e-16,0.0,S087,resistance_dominant,12.0,0.6,0.0,0.0005,1.2151386965957152,0.9995,-0.3941209837202455,10.724795909073334,2.3832879797940745,3.4591765560869914,1.8838039572458345,1.5753725988411573,42.899183636293344,62.265178009565844,0.5445816155093243,0.45541838449067584,0.08916323101864845,0.3110244761574007,1.451430370737605
2.2504270903190786,1.2501147388622007,3.5005418291812793,1.8767370744888514,1.623804754692428,40.507687625743415,22.502065299519614,63.00975292526303,0.5361275956893193,0.4638724043106806,0.07225519137863876,0.35712035446654916,1.5555011065410487,0.8244146299313687,0.705937027567315,1.5303516574986837,1.875,1.0686581652671514,2.8125,27.0,0.04,8.0,0.04,16.0,5.0,15.0,18.0,1.0,0.0,0.0,S088,resistance_dominant,12.0,1.0,0.0,0.0005,1.529864660082073,0.9995,-0.8645103335624706,13.502562541914475,3.000569453758772,4.250684192620972,2.280830329933138,1.9698538626878348,54.010250167657894,76.5123154671775,0.5365795779165561,0.46342042208344414,0.07315915583311193,0.2940972987436594,1.4166258299057863
2.5842579007283453,1.310850967759324,3.895108868487669,2.113431308091965,1.7816775603957045,46.51664221311022,23.595317419667833,70.11195963277804,0.5425859403289374,0.4574140596710628,0.08517188065787458,0.33653769689582014,1.5072446397048354,0.9731778170004188,0.7844084163592707,1.7575862333596897,1.875,0.9646431671885147,2.8125,27.0,0.04,8.0,0.04,16.0,5.0,15.0,18.0,1.0,4.440892098500626e-16,2.220446049250313e-16,S089,resistance_dominant,12.0,1.4,0.0,0.0005,1.7568064532593328,0.9995,0.3066204014256124,15.505547404370075,3.4456772009711267,4.75652816873045,2.590381241738669,2.166146926991782,62.02218961748028,85.6175070371481,0.544594954523324,0.45540504547667615,0.08918990904664778,0.27558986749556014,1.3804334797786266
0.2810648955132286,0.0,0.2810648955132286,0.09368829850440956,0.18737659700881912,5.059168119238115,0.0,5.059168119238115,0.3333333333333334,0.6666666666666669,0.3333333333333334,0.0,1.0,0.19123406300815135,0.3824681260163027,0.573702189024454,0.625,1.25,1.875,5.0,0.04,8.0,0.08,4.0,5.0,5.0,18.0,1.0,0.0,2.220446049250313e-16,S090,mixed,0.0,0.6,0.0,0.0005,0.5732128617075732,0.9995,0.0823092675290954,5.059168119238117,0.5621297910264572,0.5621297910264572,0.18737659700881912,0.37475319401763824,10.11833623847623,10.11833623847623,0.3333333333333334,0.6666666666666669,0.3333333333333334,0.0,1.0
0.2810648955132286,0.0,0.2810648955132286,0.09368829850440956,0.18737659700881912,5.059168119238115,0.0,5.059168119238115,0.3333333333333334,0.6666666666666669,0.3333333333333334,0.0,1.0,0.19123406300815135,0.3824681260163027,0.573702189024454,0.625,1.25,1.875,5.0,0.04,8.0,0.08,4.0,5.0,5.0,18.0,1.0,0.0,2.220446049250313e-16,S091,mixed,0.0,1.0,0.0,0.0005,0.5732128617075732,0.9995,0.0823092675290954,5.059168119238117,0.5621297910264572,0.5621297910264572,0.18737659700881912,0.37475319401763824,10.11833623847623,10.11833623847623,0.3333333333333334,0.6666666666666669,0.3333333333333334,0.0,1.0
0.2810648955132286,0.0,0.2810648955132286,0.09368829850440956,0.18737659700881912,5.059168119238115,0.0,5.059168119238115,0.3333333333333334,0.6666666666666669,0.3333333333333334,0.0,1.0,0.19123406300815135,0.3824681260163027,0.573702189024454,0.625,1.25,1.875,5.0,0.04,8.0,0.08,4.0,5.0,5.0,18.0,1.0,0.0,2.220446049250313e-16,S092,mixed,0.0,1.4,0.0,0.0005,0.5732128617075732,0.9995,0.0823092675290954,5.059168119238117,0.5621297910264572,0.5621297910264572,0.18737659700881912,0.37475319401763824,10.11833623847623,10.11833623847623,0.3333333333333334,0.6666666666666669,0.3333333333333334,0.0,1.0
0.3067537201874662,0.13911079714364127,0.4458645173311075,0.14862150577703584,0.2972430115540717,5.521566963374392,2.503994348585543,8.025561311959935,0.33333333333333337,0.6666666666666667,0.33333333333333337,0.3120023947551201,1.4534934313384256,0.2086839496248781,0.4173678992497562,0.6260518488746343,0.6251307972027424,1.250261594405485,1.8753923916082273,8.0,0.04,8.0,0.08,4.0,5.0,5.0,18.0,1.0,0.0,0.0,S093,mixed,3.0,0.6,0.0,0.0005,0.6256034837329082,0.9995,-0.28443381886577046,5.521566963374393,0.6135074403749324,0.7526182375185737,0.25087274583952457,0.5017454916790491,11.043133926748784,13.547128275334327,0.3333333333333333,0.6666666666666666,0.3333333333333333,0.18483580414194814,1.2267467156692127
0.37333616546152115,0.14759956339543945,0.5209357288569606,0.17364524295232023,0.34729048590464046,6.7200509783073805,2.65679214111791,9.37684311942529,0.33333333333333337,0.6666666666666667,0.33333333333333337,0.28333545813665545,1.3953529742101884,0.2539121732348801,0.5078243464697602,0.7617365197046402,0.625,1.25,1.875,8.0,0.04,8.0,0.08,4.0,5.0,5.0,18.0,1.0,0.0,0.0,S094,mixed,3.0,1.0,0.0,0.0005,0.7613938816242473,0.9995,-0.5044476784336183,6.720050978307383,0.7466723309230423,0.894271894318482,0.29809063143949394,0.5961812628789879,13.440101956614761,16.096894097732676,0.33333333333333326,0.6666666666666665,0.33333333333333326,0.165049985729367,1.1976764871050947
0.4279786741133353,0.14844124706142525,0.5764199211747606,0.1921399737249202,0.3842799474498404,7.703616134040035,2.6719424471056543,10.375558581145691,0.3333333333333333,0.6666666666666666,0.3333333333333333,0.2575227566023354,1.3468426256727826,0.29110297000214214,0.5822059400042843,0.8733089100064264,0.625,1.25,1.875,8.0,0.04,8.0,0.08,4.0,5.0,5.0,18.0,1.0,1.1102230246251565e-16,0.0,S095,mixed,3.0,1.4,0.0,0.0005,0.8728335856043303,0.9995,0.026297608386864235,7.703616134040036,0.8559573482266706,1.0043985952880958,0.3347995317626986,0.6695990635253972,15.40723226808007,18.079174715185726,0.3333333333333333,0.6666666666666666,0.3333333333333333,0.14779117350203702,1.173421312836391
0.3324425448617044,0.3773627768209212,0.7098053216826256,0.2366017738942085,0.473203547788417,5.983965807510679,6.792529982776581,12.77649579028726,0.3333333333333333,0.6666666666666666,0.3333333333333333,0.5316426424168893,2.1351217906778555,0.22613383624160438,0.45226767248320876,0.6784015087248132,0.8111004622189747,1.6222009244379494,2.433301386656924,11.0,0.04,8.0,0.08,4.0,5.0,5.0,18.0,1.0,0.0,0.0,S096,mixed,6.0,0.6,0.0,0.0005,0.6779941057582445,0.9995,-0.8559868682928546,5.98396580751068,0.6648850897234088,1.04224786654433,0.3474159555147766,0.6948319110295532,11.967931615021358,18.76046159779794,0.33333333333333326,0.6666666666666665,0.33333333333333326,0.36206625020217376,1.5675608953389277
0.4656074354098152,0.40628770865223035,0.8718951440620454,0.2906317146873485,0.581263429374697,8.380933837376674,7.313178755740147,15.694112593116817,0.33333333333333337,0.6666666666666667,0.33333333333333337,0.4659823046603851,1.8725971231422165,0.31659028346160856,0.6331805669232171,0.9497708503848257,0.6618834225845773,1.3237668451691547,1.985650267753732,11.0,0.04,8.0,0.08,4.0,5.0,5.0,18.0,1.0,1.1102230246251565e-16,0.0,S097,mixed,6.0,1.0,0.0,0.0005,0.949574901540924,0.9995,-1.09120462439633,8.380933837376674,0.9312148708196304,1.3375025794718605,0.4458341931572868,0.8916683863145736,16.761867674753347,24.075046430493487,0.3333333333333333,0.6666666666666666,0.3333333333333333,0.30376592530584967,1.4362985615711081
0.5748924527134424,0.4301072724820794,1.0049997251955218,0.3349999083985073,0.6699998167970146,10.348064148841962,7.74193090467743,18.08999505351939,0.33333333333333337,0.6666666666666667,0.33333333333333337,0.4279675523278402,1.748152581325447,0.39097187699613356,0.7819437539922671,1.1729156309884008,0.625,1.25,1.875,11.0,0.04,8.0,0.08,4.0,5.0,5.0,18.0,1.0,0.0,0.0,S098,mixed,6.0,1.4,0.0,0.0005,1.1724543095010882,0.9995,-0.029714050755373256,10.348064148841964,1.1497849054268847,1.579892177908964,0.5266307259696548,1.0532614519393095,20.696128297683924,28.43805920236135,0.33333333333333337,0.6666666666666667,0.33333333333333337,0.2722383707547307,1.3740762906627235
0.3581313695359416,0.7147559390318399,1.0728873085677813,0.3576291028559271,0.7152582057118542,6.446364651646949,12.865606902573118,19.31197155422006,0.3333333333333333,0.6666666666666666,0.3333333333333333,0.6661985218055957,2.9957926052610357,0.24358372285833102,0.48716744571666204,0.730751168574993,1.0373236589199748,2.0746473178399496,3.1119709767599244,14.0,0.04,8.0,0.08,4.0,5.0,5.0,18.0,1.0,2.220446049250313e-16,0.0,S099,mixed,9.0,0.6,0.0,0.0005,0.7303847277835785,0.9995,-1.4275399177199395,6.446364651646948,0.7162627390718832,1.4310186781037229,0.47700622603457427,0.9540124520691485,12.892729303293898,25.75833620586701,0.3333333333333333,0.6666666666666666,0.3333333333333333,0.49947352188231403,1.9978963026305179
0.5578787053581085,0.7760644357703719,1.3339431411284803,0.44464771370949346,0.8892954274189869,10.041816696445952,13.969159843866693,24.010976540312647,0.33333333333333337,0.6666666666666667,0.33333333333333337,0.5817822453165747,2.391098868475734,0.3792683936883369,0.7585367873766738,1.1378051810650107,0.8267638078029602,1.6535276156059204,2.4802914234088806,14.0,0.04,8.0,0.08,4.0,5.0,5.0,18.0,1.0,0.0,0.0,S100,mixed,9.0,1.0,0.0,0.0005,1.1377559214575996,0.9995,-1.6779615703590398,10.041816696445954,1.115757410716217,1.8918218464865886,0.6306072821621963,1.2612145643243926,20.083633392891905,34.052793236758596,0.33333333333333337,0.6666666666666667,0.33333333333333337,0.41022067548889224,1.6955494342378665
0.7218062313135499,0.8449980762619632,1.5668043075755131,0.522268102525171,1.044536205050342,12.992512163643898,15.209965372715338,28.202477536359236,0.33333333333333326,0.6666666666666665,0.33333333333333326,0.5393130923730487,2.17067162848432,0.49084078399012426,0.9816815679802485,1.4725223519703727,0.6973781116226223,1.3947562232452446,2.092134334867867,14.0,0.04,8.0,0.08,4.0,5.0,5.0,18.0,1.0,0.0,2.220446049250313e-16,S101,mixed,9.0,1.4,0.0,0.0005,1.4720750333978474,0.9995,-0.08572570989760409,12.992512163643902,1.4436124626270999,2.288610538889063,0.7628701796296876,1.5257403592593752,25.985024327287796,41.194989700003134,0.3333333333333333,0.6666666666666666,0.3333333333333333,0.3692188172270421,1.5853358142421599
0.38382019421017993,1.151290283776397,1.5351104779865765,0.5117034926621922,1.0234069853243843,6.908763495783239,20.723225107975146,27.631988603758376,0.3333333333333333,0.6666666666666666,0.3333333333333333,0.7499722660263571,3.9995563056433396,0.26103360947505755,0.5220672189501151,0.7831008284251726,1.269468581199972,2.538937162399944,3.808405743599916,17.0,0.04,8.0,0.08,4.0,5.0,5.0,18.0,1.0,4.440892098500626e-16,0.0,S102,mixed,12.0,0.6,0.0,0.0005,0.782775349808915,0.9995,-1.999092967147027,6.908763495783238,0.7676403884203599,1.9189306721967563,0.6396435573989189,1.2792871147978377,13.817526991566478,34.54075209954161,0.33333333333333337,0.6666666666666667,0.33333333333333337,0.599964501301353,2.4997781528216696
0.6501499753064021,1.2569297447498646,1.9070797200562666,0.6356932400187555,1.271386480037511,11.702699555515236,22.624735405497564,34.3274349610128,0.3333333333333333,0.6666666666666666,0.3333333333333333,0.6590861050699969,2.9332919979847727,0.44194650391506507,0.8838930078301301,1.3258395117451953,1.0080073241753333,2.0160146483506667,3.024021972526,17.0,0.04,8.0,0.08,4.0,5.0,5.0,18.0,1.0,0.0,0.0,S103,mixed,12.0,1.0,0.0,0.0005,1.3259369413742756,0.9995,-2.264718516321749,11.702699555515238,1.3002999506128041,2.5572296953626688,0.8524098984542229,1.7048197969084458,23.405399111030473,46.03013451652804,0.3333333333333333,0.6666666666666666,0.3333333333333333,0.4915200801199853,1.9666459989923863
0.8687200099136569,1.3931136584010748,2.2618336683147318,0.7539445561049106,1.5078891122098212,15.636960178445825,25.076045851219348,40.71300602966517,0.33333333333333337,0.6666666666666667,0.33333333333333337,0.6159222395159892,2.603639426401077,0.5907096909841152,1.1814193819682304,1.7721290729523456,0.8403484973596286,1.6806969947192572,2.5210454920788856,17.0,0.04,8.0,0.08,4.0,5.0,5.0,18.0,1.0,0.0,0.0,S104,mixed,12.0,1.4,0.0,0.0005,1.771695757294605,0.9995,-0.14173736903983558,15.636960178445827,1.7374400198273139,3.130553678228389,1.0435178927427964,2.0870357854855928,31.27392035689165,56.349966208111,0.33333333333333337,0.6666666666666667,0.33333333333333337,0.4450055171037513,1.8018197132005387
1.1242595820529144,0.0,1.1242595820529144,0.37475319401763824,0.7495063880352765,20.23667247695246,0.0,20.23667247695246,0.3333333333333334,0.6666666666666669,0.3333333333333334,0.0,1.0,0.3824681260163027,0.7649362520326054,1.147404378048908,1.25,2.5,3.75,10.0,0.04,8.0,0.08,4.0,5.0,10.0,18.0,1.0,0.0,2.220446049250313e-16,S105,mixed,0.0,0.6,0.0,0.0005,1.1464257234151465,0.9995,0.1646185350581908,10.118336238476234,1.686389373079372,1.686389373079372,0.5621297910264572,1.1242595820529144,30.355008715428696,30.355008715428696,0.33333333333333326,0.6666666666666665,0.33333333333333326,0.0,1.0
1.1242595820529144,0.0,1.1242595820529144,0.37475319401763824,0.7495063880352765,20.23667247695246,0.0,20.23667247695246,0.3333333333333334,0.6666666666666669,0.3333333333333334,0.0,1.0,0.3824681260163027,0.7649362520326054,1.147404378048908,1.25,2.5,3.75,10.0,0.04,8.0,0.08,4.0,5.0,10.0,18.0,1.0,0.0,2.220446049250313e-16,S106,mixed,0.0,1.0,0.0,0.0005,1.1464257234151465,0.9995,0.1646185350581908,10.118336238476234,1.686389373079372,1.686389373079372,0.5621297910264572,1.1242595820529144,30.355008715428696,30.355008715428696,0.33333333333333326,0.6666666666666665,0.33333333333333326,0.0,1.0
1.1242595820529144,0.0,1.1242595820529144,0.37475319401763824,0.7495063880352765,20.23667247695246,0.0,20.23667247695246,0.3333333333333334,0.6666666666666669,0.3333333333333334,0.0,1.0,0.3824681260163027,0.7649362520326054,1.147404378048908,1.25,2.5,3.75,10.0,0.04,8.0,0.08,4.0,5.0,10.0,18.0,1.0,0.0,2.220446049250313e-16,S107,mixed,0.0,1.4,0.0,0.0005,1.1464257234151465,0.9995,0.1646185350581908,10.118336238476234,1.686389373079372,1.686389373079372,0.5621297910264572,1.1242595820529144,30.355008715428696,30.355008715428696,0.33333333333333326,0.6666666666666665,0.33333333333333326,0.0,1.0
1.1756372314013874,0.22865100302046296,1.4042882344218504,0.46809607814061677,0.9361921562812335,21.161470165224973,4.115718054368333,25.277188219593306,0.3333333333333333,0.6666666666666666,0.3333333333333333,0.16282341289756605,1.1944911209964877,0.39991801263303,0.79983602526606,1.19975403789909,1.25,2.5,3.75,13.0,0.04,8.0,0.08,4.0,5.0,10.0,18.0,1.0,0.0,0.0,S108,mixed,3.0,0.6,0.0,0.0005,1.1988163454404792,0.9995,0.000769834431643357,10.58073508261249,1.7634558471020811,1.9921068501225438,0.6640356167075147,1.3280712334150293,31.74220524783746,35.85792330220579,0.33333333333333337,0.6666666666666667,0.33333333333333337,0.11477848339630856,1.1296607473309916
1.3088021219494996,0.23965483586020359,1.5484569578097032,0.5161523192699011,1.0323046385398023,23.558438195090993,4.313787045483664,27.872225240574657,0.33333333333333337,0.6666666666666667,0.33333333333333337,0.15477009848513712,1.1831100605974192,0.4451462362430312,0.8902924724860624,1.3354387087290935,1.25,2.5,3.75,13.0,0.04,8.0,0.08,4.0,5.0,10.0,18.0,1.0,0.0,0.0,S109,mixed,3.0,1.0,0.0,0.0005,1.3346067433318205,0.9995,-0.4221384109045212,11.7792190975455,1.9632031829242496,2.2028580187844526,0.7342860062614844,1.4685720125229689,35.33765729263649,39.65144433812015,0.3333333333333334,0.6666666666666669,0.3333333333333334,0.10879268378469813,1.1220733737316124
1.4180871392531271,0.2302701049432361,1.6483572441963634,0.5494524147321211,1.0989048294642423,25.52556850655629,4.14486188897825,29.67043039553454,0.3333333333333333,0.6666666666666666,0.3333333333333333,0.13969672275472148,1.1623807864617643,0.48233703301029396,0.9646740660205879,1.447011099030882,1.25,2.5,3.75,13.0,0.04,8.0,0.08,4.0,5.0,10.0,18.0,1.0,2.220446049250313e-16,0.0,S110,mixed,3.0,1.4,0.0,0.0005,1.4460464473119028,0.9995,0.1086068759159553,12.762784253278147,2.1271307088796907,2.357400813822927,0.7858002712743091,1.5716005425486181,38.28835275983443,42.43321464881269,0.33333333333333337,0.6666666666666667,0.33333333333333337,0.09767965786429585,1.1082538576411762
1.2270148807498649,0.5564431885745651,1.78345806932443,0.5944860231081434,1.1889720462162867,22.086267853497567,10.015977394342173,32.10224524783974,0.33333333333333337,0.6666666666666667,0.33333333333333337,0.3120023947551201,1.4534934313384256,0.4173678992497562,0.8347357984995124,1.2521036977492686,1.250261594405485,2.50052318881097,3.7507847832164547,16.0,0.04,8.0,0.08,4.0,5.0,10.0,18.0,1.0,0.0,0.0,S111,mixed,6.0,0.6,0.0,0.0005,1.2512069674658164,0.9995,-0.5688676377315409,11.043133926748785,1.8405223211247974,2.3969655096993625,0.7989885032331208,1.5979770064662415,33.129401780246354,43.14537917458853,0.3333333333333333,0.6666666666666666,0.3333333333333333,0.23214484577392044,1.302328954225617
1.4933446618460846,0.5903982535817578,2.0837429154278424,0.6945809718092809,1.3891619436185618,26.880203913229522,10.62716856447164,37.50737247770116,0.33333333333333337,0.6666666666666667,0.33333333333333337,0.28333545813665545,1.3953529742101884,0.5078243464697602,1.0156486929395203,1.5234730394092804,1.25,2.5,3.75,16.0,0.04,8.0,0.08,4.0,5.0,10.0,18.0,1.0,0.0,0.0,S112,mixed,6.0,1.0,0.0,0.0005,1.5227877632484945,0.9995,-1.0088953568672365,13.440101956614766,2.240016992769127,2.830415246350885,0.9434717487836282,1.8869434975672563,40.32030586984429,50.94747443431593,0.33333333333333326,0.6666666666666665,0.33333333333333326,0.20859068447392276,1.263568649473459
1.7119146964533412,0.593764988245701,2.3056796846990424,0.7685598948996808,1.5371197897993616,30.81446453616014,10.687769788422617,41.502234324582766,0.3333333333333333,0.6666666666666666,0.3333333333333333,0.2575227566023354,1.3468426256727826,0.5822059400042843,1.1644118800085685,1.7466178200128528,1.25,2.5,3.75,16.0,0.04,8.0,0.08,4.0,5.0,10.0,18.0,1.0,4.440892098500626e-16,0.0,S113,mixed,6.0,1.4,0.0,0.0005,1.7456671712086607,0.9995,0.05259521677372847,15.407232268080072,2.567872044680012,3.1616370329257135,1.0538790109752376,2.1077580219504752,46.22169680424022,56.909466592662845,0.33333333333333326,0.6666666666666665,0.33333333333333326,0.18780302168217047,1.2312284171151884
1.2783925300983439,0.9833765566623057,2.2617690867606495,0.7539230289202166,1.5078460578404331,23.01106554177019,17.700778019921504,40.711843561691694,0.33333333333333337,0.6666666666666667,0.33333333333333337,0.43478203076456273,1.7692289602057178,0.43481778586648184,0.8696355717329637,1.3044533575994455,1.4105034610741245,2.821006922148249,4.231510383222373,19.0,0.04,8.0,0.08,4.0,5.0,10.0,18.0,1.0,0.0,0.0,S114,mixed,9.0,0.6,0.0,0.0005,1.3035975894911553,0.9995,-1.1404206871586184,11.505532770885097,1.917588795147516,2.900965351809822,0.966988450603274,1.933976901206548,34.51659831265528,52.2173763325768,0.3333333333333333,0.6666666666666666,0.3333333333333333,0.33898252388599115,1.512819306803812
1.677887201742674,1.0522302531646637,2.7301174549073375,0.9100391516357793,1.8200783032715586,30.201969631368133,18.940144556963947,49.14211418833207,0.33333333333333337,0.6666666666666667,0.33333333333333337,0.3854157451260196,1.627116204278693,0.5705024566964871,1.1410049133929743,1.7115073700894614,1.25,2.5,3.75,19.0,0.04,8.0,0.08,4.0,5.0,10.0,18.0,1.0,0.0,0.0,S115,mixed,9.0,1.0,0.0,0.0005,1.7109687831651723,0.9995,-1.5956523028299352,15.100984815684065,2.5168308026140105,3.5690610557786737,1.1896870185928916,2.379374037185783,45.30295444705219,64.24309900401613,0.3333333333333334,0.6666666666666669,0.3333333333333334,0.2948199082952071,1.4180774695191287
2.005742253653557,1.0904846499073961,3.096226903560953,1.0320756345203175,2.064151269040635,36.10336056576403,19.62872369833313,55.73208426409715,0.33333333333333326,0.6666666666666665,0.33333333333333326,0.35219791180460186,1.5436813468535278,0.6820748469982757,1.3641496939965514,2.046224540994827,1.25,2.5,3.75,19.0,0.04,8.0,0.08,4.0,5.0,10.0,18.0,1.0,0.0,2.220446049250313e-16,S116,mixed,9.0,1.4,0.0,0.0005,2.04528789510542,0.9995,-0.0034164423685090206,18.051680282882014,3.008613380480335,4.099098030387731,1.3663660101292439,2.7327320202584877,54.15504084864603,73.78376454697916,0.33333333333333337,0.6666666666666667,0.33333333333333337,0.2660303905452702,1.362454231235685
1.3297701794468175,1.5094511072836847,2.8392212867305022,0.946407095576834,1.892814191153668,23.935863230042717,27.170119931106324,51.10598316114904,0.3333333333333333,0.6666666666666666,0.3333333333333333,0.5316426424168893,2.1351217906778555,0.45226767248320876,0.9045353449664175,1.3568030174496264,1.6222009244379494,3.2444018488758988,4.866602773313848,22.0,0.04,8.0,0.08,4.0,5.0,10.0,18.0,1.0,0.0,0.0,S117,mixed,12.0,0.6,0.0,0.0005,1.355988211516489,0.9995,-1.7119737365857093,11.96793161502136,1.9946552691702264,3.5041063764539104,1.1680354588179704,2.336070917635941,35.90379484506408,63.07391477617039,0.3333333333333334,0.6666666666666669,0.3333333333333334,0.4307663481412972,1.7567478604519033
1.8624297416392608,1.6251508346089214,3.4875805762481815,1.162526858749394,2.325053717498788,33.523735349506694,29.252715022960587,62.77645037246727,0.33333333333333337,0.6666666666666667,0.33333333333333337,0.4659823046603851,1.8725971231422165,0.6331805669232171,1.2663611338464342,1.8995417007696513,1.3237668451691547,2.6475336903383093,3.971300535507464,22.0,0.04,8.0,0.08,4.0,5.0,10.0,18.0,1.0,4.440892098500626e-16,0.0,S118,mixed,12.0,1.0,0.0,0.0005,1.899149803081848,0.9995,-2.18240924879266,16.761867674753347,2.7936446124588907,4.4187954470678115,1.4729318156892706,2.945863631378541,50.285603024260034,79.5383180472206,0.33333333333333337,0.6666666666666667,0.33333333333333337,0.36778141330061476,1.5817314154281445
2.2995698108537694,1.7204290899283177,4.019998900782087,1.3399996335940292,2.6799992671880584,41.39225659536785,30.96772361870972,72.35998021407757,0.33333333333333337,0.6666666666666667,0.33333333333333337,0.4279675523278402,1.748152581325447,0.7819437539922671,1.5638875079845342,2.3458312619768016,1.25,2.5,3.75,22.0,0.04,8.0,0.08,4.0,5.0,10.0,18.0,1.0,0.0,0.0,S119,mixed,12.0,1.4,0.0,0.0005,2.3449086190021764,0.9995,-0.05942810151074651,20.696128297683927,3.449354716280654,5.169783806208972,1.723261268736324,3.446522537472648,62.08838489305177,93.0561085117615,0.3333333333333333,0.6666666666666666,0.3333333333333333,0.3327855002102916,1.4987683875502982
2.5295840596190535,0.0,2.5295840596190535,0.8431946865396844,1.6863893730793689,45.532513073142965,0.0,45.532513073142965,0.3333333333333333,0.6666666666666666,0.3333333333333333,0.0,1.0,0.5737021890244549,1.1474043780489098,1.7211065670733647,1.875,3.75,5.625,15.0,0.04,8.0,0.08,4.0,5.0,15.0,18.0,1.0,0.0,0.0,S120,mixed,0.0,0.6,0.0,0.0005,1.7196385851227165,0.9995,0.24692780258727787,15.177504357714321,3.3727787461587377,3.3727787461587377,1.1242595820529124,2.248519164105825,60.71001743085728,60.71001743085728,0.3333333333333333,0.6666666666666666,0.3333333333333333,0.0,1.0
2.5295840596190535,0.0,2.5295840596190535,0.8431946865396844,1.6863893730793689,45.532513073142965,0.0,45.532513073142965,0.3333333333333333,0.6666666666666666,0.3333333333333333,0.0,1.0,0.5737021890244549,1.1474043780489098,1.7211065670733647,1.875,3.75,5.625,15.0,0.04,8.0,0.08,4.0,5.0,15.0,18.0,1.0,0.0,0.0,S121,mixed,0.0,1.0,0.0,0.0005,1.7196385851227165,0.9995,0.24692780258727787,15.177504357714321,3.3727787461587377,3.3727787461587377,1.1242595820529124,2.248519164105825,60.71001743085728,60.71001743085728,0.3333333333333333,0.6666666666666666,0.3333333333333333,0.0,1.0
2.5295840596190535,0.0,2.5295840596190535,0.8431946865396844,1.6863893730793689,45.532513073142965,0.0,45.532513073142965,0.3333333333333333,0.6666666666666666,0.3333333333333333,0.0,1.0,0.5737021890244549,1.1474043780489098,1.7211065670733647,1.875,3.75,5.625,15.0,0.04,8.0,0.08,4.0,5.0,15.0,18.0,1.0,0.0,0.0,S122,mixed,0.0,1.4,0.0,0.0005,1.7196385851227165,0.9995,0.24692780258727787,15.177504357714321,3.3727787461587377,3.3727787461587377,1.1242595820529124,2.248519164105825,60.71001743085728,60.71001743085728,0.3333333333333333,0.6666666666666666,0.3333333333333333,0.0,1.0
2.6066505336417642,0.31819120889728464,2.924841742539049,0.9749472475130162,1.9498944950260324,46.91970960555176,5.727441760151123,52.64715136570288,0.33333333333333326,0.6666666666666665,0.33333333333333326,0.1087892053335725,1.1220689942094915,0.5911520756411807,1.1823041512823613,1.773456226923542,1.875,3.75,5.625,18.0,0.04,8.0,0.08,4.0,5.0,15.0,18.0,1.0,4.440892098500626e-16,2.220446049250313e-16,S123,mixed,3.0,0.6,0.0,0.0005,1.7720292071480506,0.9995,0.08307910196074508,15.639903201850588,3.4755340448556855,3.7937252537529704,1.2645750845843235,2.529150169168647,62.55961280740234,68.28705456755347,0.33333333333333337,0.6666666666666667,0.33333333333333337,0.08387302390506841,1.0915517456571187
2.806397869463925,0.33171010832496645,3.138107977788892,1.0460359925962972,2.0920719851925944,50.51516165035065,5.970781949849396,56.48594360020005,0.3333333333333333,0.6666666666666666,0.3333333333333333,0.10570385425637556,1.1181978193235764,0.6363802992511834,1.272760598502367,1.9091408977535504,1.875,3.75,5.625,18.0,0.04,8.0,0.08,4.0,5.0,15.0,18.0,1.0,4.440892098500626e-16,0.0,S124,mixed,3.0,1.0,0.0,0.0005,1.9078196050393865,0.9995,-0.33982914337543413,16.838387216783552,3.7418638259519,4.073573934276867,1.3578579780922888,2.7157159561845776,67.35354886713421,73.3243308169836,0.33333333333333326,0.6666666666666665,0.33333333333333326,0.08142975030692576,1.0886483644926823
2.9703253954193714,0.3120989628250461,3.2824243582444175,1.0941414527481392,2.1882829054962785,53.46585711754869,5.61778133085083,59.08363844839951,0.33333333333333337,0.6666666666666667,0.33333333333333337,0.09508184462534582,1.105072314065773,0.6735710960184454,1.347142192036891,2.0207132880553362,1.875,3.75,5.625,18.0,0.04,8.0,0.08,4.0,5.0,15.0,18.0,1.0,0.0,0.0,S125,mixed,3.0,1.4,0.0,0.0005,2.0192593090194726,0.9995,0.1909161434450497,17.821952372516233,3.9604338605591622,4.272532823384208,1.4241776077947361,2.8483552155894722,71.28780949006492,76.90559082091575,0.33333333333333337,0.6666666666666667,0.33333333333333337,0.07304776246934419,1.0788042355493297
2.683717007664482,0.7355236003282087,3.4192406079926903,1.139746869330897,2.279493738661794,48.30690613796068,13.239424805907758,61.546330943868426,0.3333333333333334,0.6666666666666669,0.3333333333333334,0.2151131448921366,1.2740689864943326,0.6086019622579074,1.2172039245158148,1.8258058867737224,1.875,3.75,5.625,21.0,0.04,8.0,0.08,4.0,5.0,15.0,18.0,1.0,4.440892098500626e-16,2.220446049250313e-16,S126,mixed,6.0,0.6,0.0,0.0005,1.8244198291733889,0.9995,-0.28174840717022387,16.102302045986896,3.5782893435526426,4.313812943880851,1.437937647960284,2.875875295920568,64.40920818394757,77.64863298985532,0.33333333333333337,0.6666666666666667,0.33333333333333337,0.17050428701864553,1.2055517398707498
3.0832116793088113,0.7745087985112854,3.857720477820097,1.2859068259400321,2.5718136518800643,55.4978102275586,13.941158373203137,69.43896860076174,0.3333333333333333,0.6666666666666666,0.3333333333333333,0.2007685116027228,1.2512019540237709,0.6990584094779115,1.398116818955823,2.0971752284337346,1.875,3.75,5.625,21.0,0.04,8.0,0.08,4.0,5.0,15.0,18.0,1.0,0.0,0.0,S127,mixed,6.0,1.0,0.0,0.0005,2.0960006249560665,0.9995,-0.9265860893381415,18.49927007585287,4.110948905745082,4.885457704256367,1.6284859014187891,3.2569718028375783,73.99708030341148,87.9382386766146,0.33333333333333337,0.6666666666666667,0.33333333333333337,0.15853351833063842,1.1884014655178279
3.4110667312196923,0.7574227040093213,4.168489435229014,1.389496478409671,2.778992956819342,61.39920116195446,13.633608672167783,75.03280983412225,0.33333333333333326,0.6666666666666665,0.33333333333333326,0.1817019608129843,1.2220486327860525,0.7734400030124369,1.5468800060248737,2.3203200090373106,1.875,3.75,5.625,21.0,0.04,8.0,0.08,4.0,5.0,15.0,18.0,1.0,0.0,2.220446049250313e-16,S128,mixed,6.0,1.4,0.0,0.0005,2.3188800329162302,0.9995,0.1349044843028122,20.466400387318156,4.548088974959589,5.305511678968911,1.7685038929896373,3.5370077859792746,81.86560154927261,95.4992102214404,0.33333333333333337,0.6666666666666667,0.33333333333333337,0.14276148085994242,1.1665364745895395
2.7607834816871977,1.2519971742927707,4.012780655979968,1.3375935519933229,2.6751871039866457,49.69410267036956,22.535949137269874,72.23005180763943,0.33333333333333337,0.6666666666666667,0.33333333333333337,0.31200239475511987,1.4534934313384247,0.6260518488746333,1.2521036977492666,1.8781555466239,1.8753923916082276,3.750784783216455,5.626177174824683,24.0,0.04,8.0,0.08,4.0,5.0,15.0,18.0,1.0,0.0,0.0,S129,mixed,9.0,0.6,0.0,0.0005,1.876810451198726,0.9995,-0.8533014565973067,16.56470089012319,3.6810446422495966,4.933041816542367,1.6443472721807892,3.2886945443615785,66.25880356049274,88.79475269776262,0.33333333333333337,0.6666666666666667,0.33333333333333337,0.25379820825648536,1.3401200735038186
3.3600254891536903,1.3283960705589537,4.688421559712644,1.5628071865708815,3.125614373141763,60.48045880476643,23.911129270061167,84.3915880748276,0.33333333333333337,0.6666666666666667,0.33333333333333337,0.2833354581366552,1.3953529742101882,0.7617365197046397,1.5234730394092795,2.285209559113919,1.875,3.75,5.625,24.0,0.04,8.0,0.08,4.0,5.0,15.0,18.0,1.0,0.0,0.0,S130,mixed,9.0,1.0,0.0,0.0005,2.2841816448727412,0.9995,-1.5133430353008508,20.160152934922145,4.480033985538254,5.808430056097208,1.9361433520324027,3.8722867040648055,80.64061173968858,104.55174100974975,0.3333333333333333,0.6666666666666666,0.3333333333333333,0.22870139740505505,1.2965147306576412
3.8518080670200185,1.335971223552828,5.187779290572847,1.7292597635242821,3.4585195270485642,69.33254520636034,24.047482023950906,93.38002723031124,0.3333333333333333,0.6666666666666666,0.3333333333333333,0.25752275660233553,1.3468426256727823,0.8733089100064276,1.7466178200128553,2.619926730019283,1.875,3.75,5.625,24.0,0.04,8.0,0.08,4.0,5.0,15.0,18.0,1.0,0.0,0.0,S131,mixed,9.0,1.4,0.0,0.0005,2.618500756812992,0.9995,0.07889282516058005,23.110848402120116,5.135744089360024,6.471715312912853,2.1572384376376177,4.314476875275235,92.44339360848043,116.49087563243134,0.33333333333333337,0.6666666666666667,0.33333333333333337,0.20643232264670203,1.260131969254587
2.8378499557099,1.8676119307909695,4.70546188650087,1.56848729550029,3.13697459100058,51.0812992027782,33.61701475423745,84.69831395701566,0.33333333333333337,0.6666666666666667,0.33333333333333337,0.3969029982261284,1.6581080606581187,0.643501735491361,1.287003470982722,1.930505206474083,2.0192550864147623,4.0385101728295245,6.057765259244286,27.0,0.04,8.0,0.08,4.0,5.0,15.0,18.0,1.0,0.0,0.0,S132,mixed,12.0,0.6,0.0,0.0005,1.9292010732240539,0.9995,-1.4248545060243982,17.0270997342594,3.783799940946533,5.651411871737503,1.8838039572458345,3.767607914491669,68.10839893703759,101.72541369127505,0.33333333333333337,0.6666666666666667,0.33333333333333337,0.3304682039068549,1.4935810454935892
3.636839298998576,1.9933719244679782,5.630211223466555,1.8767370744888514,3.753474148977703,65.46310738197437,35.880694640423606,101.34380202239798,0.3333333333333333,0.6666666666666666,0.3333333333333333,0.3540492257483454,1.548105583058582,0.8244146299313687,1.6488292598627374,2.473243889794106,1.875,3.75,5.625,27.0,0.04,8.0,0.08,4.0,5.0,15.0,18.0,1.0,8.881784197001252e-16,0.0,S133,mixed,12.0,1.0,0.0,0.0005,2.472362664789421,0.9995,-2.1000999812635675,21.82103579399146,4.849119065331434,6.842490989799414,2.280830329933138,4.561660659866276,87.28414317596582,123.16483781638945,0.33333333333333337,0.6666666666666667,0.33333333333333337,0.29132255014140884,1.4110791872939366
4.292549402820336,2.0477445214555585,6.340293924275895,2.113431308091965,4.22686261618393,77.26588925076605,36.859401386200055,114.12529063696611,0.33333333333333337,0.6666666666666667,0.33333333333333337,0.3229731217373215,1.4770462327376193,0.9731778170004188,1.9463556340008377,2.9195334510012563,1.875,3.75,5.625,27.0,0.04,8.0,0.08,4.0,5.0,15.0,18.0,1.0,0.0,0.0,S134,mixed,12.0,1.4,0.0,0.0005,2.9181214807097473,0.9995,0.022881166018345223,25.75529641692202,5.723399203760448,7.771143725216007,2.590381241738669,5.180762483477338,103.02118566768807,139.88058705388812,0.3333333333333333,0.6666666666666666,0.3333333333333333,0.26350619598129227,1.3577846745532145
0.31859572056677093,0.0,0.31859572056677093,0.09368829850440956,0.22490742206236136,5.734722970201877,0.0,5.734722970201877,0.29406640596973893,0.705933594030261,0.4118671880605221,0.0,1.0,0.19123406300815135,0.4590216329259584,0.6502556959341097,0.625,1.25,1.875,5.0,0.04,8.0,0.1,4.0,5.0,5.0,18.0,1.0,0.0,0.0,S135,severe_mixed,0.0,0.6,0.0,0.0005,0.6497544432946437,0.9995,0.1300105578639955,5.734722970201877,0.6371914411335419,0.6371914411335419,0.18737659700881912,0.4498148441247227,11.469445940403753,11.469445940403753,0.29406640596973893,0.705933594030261,0.4118671880605221,0.0,1.0
0.31859572056677093,0.0,0.31859572056677093,0.09368829850440956,0.22490742206236136,5.734722970201877,0.0,5.734722970201877,0.29406640596973893,0.705933594030261,0.4118671880605221,0.0,1.0,0.19123406300815135,0.4590216329259584,0.6502556959341097,0.625,1.25,1.875,5.0,0.04,8.0,0.1,4.0,5.0,5.0,18.0,1.0,0.0,0.0,S136,severe_mixed,0.0,1.0,0.0,0.0005,0.6497544432946437,0.9995,0.1300105578639955,5.734722970201877,0.6371914411335419,0.6371914411335419,0.18737659700881912,0.4498148441247227,11.469445940403753,11.469445940403753,0.29406640596973893,0.705933594030261,0.4118671880605221,0.0,1.0
0.31859572056677093,0.0,0.31859572056677093,0.09368829850440956,0.22490742206236136,5.734722970201877,0.0,5.734722970201877,0.29406640596973893,0.705933594030261,0.4118671880605221,0.0,1.0,0.19123406300815135,0.4590216329259584,0.6502556959341097,0.625,1.25,1.875,5.0,0.04,8.0,0.1,4.0,5.0,5.0,18.0,1.0,0.0,0.0,S137,severe_mixed,0.0,1.4,0.0,0.0005,0.6497544432946437,0.9995,0.1300105578639955,5.734722970201877,0.6371914411335419,0.6371914411335419,0.18737659700881912,0.4498148441247227,11.469445940403753,11.469445940403753,0.29406640596973893,0.705933594030261,0.4118671880605221,0.0,1.0
0.35291656797900384,0.15389620510471466,0.5068127730837185,0.14862150577703584,0.35819126730668277,6.352498223622069,2.7701316918848637,9.122629915506934,0.2932473561641778,0.7067526438358224,0.4135052876716445,0.30365494572744933,1.4360696523430732,0.2086839496248781,0.5115202886239183,0.7202042382487964,0.6251307972027424,1.3052467623588246,1.9223089619588958,8.0,0.04,8.0,0.1,4.0,5.0,5.0,18.0,1.0,0.0,2.220446049250313e-16,S138,severe_mixed,3.0,0.6,0.0,0.0005,0.7197494923934349,0.9995,-0.17314873744949666,6.352498223622071,0.7058331359580077,0.8597293410627225,0.25087274583952457,0.6088565952231979,12.704996447244138,15.475128139129005,0.291804331732377,0.708195668267623,0.41639133653524596,0.17900541223180957,1.2180348261715366
0.4270062324106201,0.1715903521280459,0.5985965845386659,0.17364524295232023,0.42495134158634573,7.686112183391161,3.0886263383048265,10.774738521695987,0.29008725982983574,0.7099127401701643,0.41982548034032857,0.28665441227047656,1.401845076497713,0.2539121732348801,0.6172917916961437,0.8712039649310237,0.625,1.25,1.875,8.0,0.04,8.0,0.1,4.0,5.0,5.0,18.0,1.0,1.1102230246251565e-16,0.0,S139,severe_mixed,3.0,1.0,0.0,0.0005,0.8708503564634611,0.9995,-0.46056612975378686,7.686112183391161,0.8540124648212402,1.0256028169492861,0.29809063143949394,0.727512185509792,15.372224366782323,18.46085070508715,0.29064919334580364,0.7093508066541961,0.4187016133083925,0.167306826085415,1.2009225382488566
0.48287537099064953,0.17455474731405282,0.6574301183047024,0.1921399737249202,0.46529014457978213,8.691756677831691,3.1419854516529506,11.833742129484644,0.2922591593771007,0.7077408406228991,0.41548168124579843,0.26551072494848954,1.3614902680912113,0.29110297000214214,0.6941850513171652,0.9852880213193074,0.625,1.25,1.875,8.0,0.04,8.0,0.1,4.0,5.0,5.0,18.0,1.0,1.1102230246251565e-16,2.220446049250313e-16,S140,severe_mixed,3.0,1.4,0.0,0.0005,0.9847916892937946,0.9995,0.11032810205601185,8.691756677831693,0.9657507419812991,1.140305489295352,0.3347995317626986,0.8055059575326532,17.383513355663382,20.525498807316335,0.29360512152720314,0.7063948784727968,0.41278975694559367,0.15307717883732924,1.1807451340456054
0.3872374153912367,0.4160319072246843,0.8032693226159209,0.2366017738942085,0.5666675487217125,6.9702734770422605,7.488574330044317,14.458847807086576,0.2945484997779984,0.7054515002220018,0.4109030004440034,0.517923311038243,2.074358754317053,0.22613383624160438,0.5640189443218797,0.790152780563484,0.8111004622189747,1.7571881593407268,2.5659913343075402,11.0,0.04,8.0,0.1,4.0,5.0,5.0,18.0,1.0,1.1102230246251565e-16,2.220446049250313e-16,S141,severe_mixed,6.0,0.6,0.0,0.0005,0.7897445414922255,0.9995,-0.7206550092454052,6.9702734770422605,0.7744748307824734,1.190506738007158,0.3474159555147766,0.8430907824923812,13.940546954084521,21.429121284128843,0.29182191450367734,0.7081780854963227,0.4163561709926453,0.349457835006544,1.537179377158527
0.5354167442544692,0.46997525782636135,1.0053920020808305,0.2906317146873485,0.7147602873934822,9.637501396580445,8.459554640874504,18.097056037454948,0.28907303229569814,0.7109269677043021,0.421853935408604,0.4674547408907842,1.8777746734102785,0.31659028346160856,0.7755619504663296,1.0921522339279381,0.6618834225845773,1.4481626115148163,2.104942965477233,11.0,0.04,8.0,0.1,4.0,5.0,5.0,18.0,1.0,0.0,2.220446049250313e-16,S142,severe_mixed,6.0,1.0,0.0,0.0005,1.0919462696322781,0.9995,-1.05114281737157,9.637501396580443,1.0708334885089383,1.5408087463352995,0.4458341931572868,1.0949745531780126,19.27500279316089,27.73455743403539,0.2893507673925597,0.7106492326074402,0.4212984652148805,0.3050185553165914,1.4388873367051391
0.6471550214145285,0.5005172338476991,1.1476722552622276,0.3349999083985073,0.8126723468637205,11.648790385461513,9.009310209258583,20.658100594720096,0.29189510059382273,0.7081048994061775,0.41620979881235476,0.436115129169292,1.7734116514366005,0.39097187699613356,0.9293484697083728,1.3203203467045064,0.625,1.2715027974575845,1.875,11.0,0.04,8.0,0.1,4.0,5.0,5.0,18.0,1.0,0.0,2.220446049250313e-16,S143,severe_mixed,6.0,1.4,0.0,0.0005,1.3198289352929462,0.9995,0.09064564624802451,11.648790385461515,1.294310042829057,1.7948272766767563,0.5266307259696548,1.2681965507071014,23.297580770923027,32.30689098018161,0.2934158249170065,0.7065841750829933,0.41316835016598685,0.2788665184398359,1.3867058257183005
0.4215582628034692,0.786407106359909,1.2079653691633783,0.3576291028559271,0.8503362663074511,7.588048730462446,14.155327914478361,21.74337664494081,0.2960590692294569,0.703940930770543,0.4078818615410861,0.6510179235556767,2.865476674873131,0.24358372285833102,0.6165176000198398,0.8601013228781709,1.0373236589199748,2.2528545353305214,3.2879151334969756,14.0,0.04,8.0,0.1,4.0,5.0,5.0,18.0,1.0,0.0,1.1102230246251565e-16,S144,severe_mixed,9.0,0.6,0.0,0.0005,0.8597395905910157,0.9995,-1.2681612810413143,7.588048730462447,0.8431165256069384,1.6295236319668476,0.47700622603457427,1.1525174059322731,15.176097460924892,29.331425375403256,0.29272740614312176,0.7072725938568781,0.4145451877137564,0.48259938728885415,1.9327383374365654
0.6438272560983186,0.8951547170949468,1.5389819731932652,0.44464771370949346,1.094334259483772,11.588890609769734,16.11278490770904,27.701675517478776,0.28892327620114017,0.7110767237988599,0.4221534475977197,0.5816538027651954,2.3903647424306125,0.3792683936883369,0.9338321092365139,1.3131005029248508,0.8267638078029602,1.8370546599470974,2.6604544956259897,14.0,0.04,8.0,0.1,4.0,5.0,5.0,18.0,1.0,0.0,0.0,S145,severe_mixed,9.0,1.0,0.0,0.0005,1.3130421828010963,0.9995,-1.6417195049893487,11.588890609769736,1.2876545121966372,2.182809229291584,0.6306072821621963,1.5522019471293875,23.17778121953947,39.29056612724852,0.2888971118959652,0.7111028881040347,0.4222057762080695,0.41009296876826157,1.6951823712153065
0.8114346718384068,0.9778874596009377,1.7893221314393442,0.522268102525171,1.2670540289141734,14.605824093091321,17.60197427281688,32.2077983659082,0.29188042407157544,0.7081195759284247,0.4162391518568493,0.5465128063968658,2.2051339356567192,0.49084078399012426,1.1645118880995813,1.6553526720897056,0.6973781116226223,1.562764839487333,2.255108380836643,14.0,0.04,8.0,0.1,4.0,5.0,5.0,18.0,1.0,4.440892098500626e-16,0.0,S146,severe_mixed,9.0,1.4,0.0,0.0005,1.6548661812920962,0.9995,0.07096319044003718,14.605824093091323,1.6228693436768136,2.600756803277751,0.7628701796296876,1.837886623648063,29.211648186182643,46.81362245899952,0.29332622668457015,0.7066737733154297,0.4133475466308596,0.3760011156631407,1.6025669678283596
0.4558791102157018,1.2650218025103885,1.7209009127260904,0.5117034926621922,1.209197420063898,8.205823983882633,22.770392445186992,30.976216429069627,0.2973462846571447,0.7026537153428551,0.4053074306857105,0.7350927605160364,3.7749062726560036,0.26103360947505755,0.6690162557178014,0.930049865192859,1.269468581199972,2.756818186420942,4.0238094868549865,17.0,0.04,8.0,0.1,4.0,5.0,5.0,18.0,1.0,0.0,2.220446049250313e-16,S147,severe_mixed,12.0,0.6,0.0,0.0005,0.9297346396898059,0.9995,-1.8156675528372257,8.205823983882633,0.9117582204314036,2.1767800229417924,0.6396435573989189,1.537136465542873,16.411647967765266,39.18204041295226,0.2938485058928819,0.7061514941071179,0.41230298821423594,0.5811436108278799,2.387453136328002
0.7522377679421689,1.4471287299338034,2.1993664978759724,0.6356932400187555,1.5636732578572168,13.54027982295904,26.04831713880846,39.5885969617675,0.2890347018710493,0.7109652981289506,0.4219305962579013,0.6579752539339674,2.923765053558248,0.44194650391506507,1.0921022680066983,1.5340487719217633,1.0080073241753333,2.2456843224688177,3.250324505227318,17.0,0.04,8.0,0.1,4.0,5.0,5.0,18.0,1.0,0.0,1.1102230246251565e-16,S148,severe_mixed,12.0,1.0,0.0,0.0005,1.5341380959699162,0.9995,-2.2322961926071274,13.540279822959043,1.5044755358843378,2.9516042658181414,0.8524098984542229,2.099194367363918,27.08055964591808,53.12887678472654,0.28879545551745817,0.7112045444825417,0.42240908896508356,0.4902854853181616,1.961882526779124
0.9757143222622845,1.606665424573768,2.5823797468360525,0.7539445561049106,1.8284351907311418,17.562857800721122,28.919977642327822,46.48283544304895,0.29195727585326986,0.7080427241467301,0.41608544829346017,0.6221646628627197,2.6466555711189774,0.5907096909841152,1.3996753064907899,1.990384997474905,0.8403484973596286,1.9006700108947363,2.7369900081687426,17.0,0.04,8.0,0.1,4.0,5.0,5.0,18.0,1.0,0.0,0.0,S149,severe_mixed,12.0,1.4,0.0,0.0005,1.989903427291245,0.9995,0.051280734632049185,17.562857800721122,1.951428644524569,3.558094069098337,1.0435178927427964,2.5145761763555408,35.125715601442245,64.04569324377006,0.2932800180314615,0.7067199819685386,0.4134399639370771,0.4515522617930436,1.8233277855594887
1.2743828822670837,0.0,1.2743828822670837,0.37475319401763824,0.8996296882494454,22.938891880807507,0.0,22.938891880807507,0.29406640596973893,0.705933594030261,0.4118671880605221,0.0,1.0,0.3824681260163027,0.9180432658519168,1.3005113918682194,1.25,2.5,3.75,10.0,0.04,8.0,0.1,4.0,5.0,10.0,18.0,1.0,0.0,0.0,S150,severe_mixed,0.0,0.6,0.0,0.0005,1.2995088865892874,0.9995,0.260021115727991,11.469445940403753,1.9115743234006257,1.9115743234006257,0.5621297910264572,1.3494445323741684,34.40833782121126,34.40833782121126,0.2940664059697388,0.7059335940302611,0.4118671880605223,0.0,1.0
1.2743828822670837,0.0,1.2743828822670837,0.37475319401763824,0.8996296882494454,22.938891880807507,0.0,22.938891880807507,0.29406640596973893,0.705933594030261,0.4118671880605221,0.0,1.0,0.3824681260163027,0.9180432658519168,1.3005113918682194,1.25,2.5,3.75,10.0,0.04,8.0,0.1,4.0,5.0,10.0,18.0,1.0,0.0,0.0,S151,severe_mixed,0.0,1.0,0.0,0.0005,1.2995088865892874,0.9995,0.260021115727991,11.469445940403753,1.9115743234006257,1.9115743234006257,0.5621297910264572,1.3494445323741684,34.40833782121126,34.40833782121126,0.2940664059697388,0.7059335940302611,0.4118671880605223,0.0,1.0
1.2743828822670837,0.0,1.2743828822670837,0.37475319401763824,0.8996296882494454,22.938891880807507,0.0,22.938891880807507,0.29406640596973893,0.705933594030261,0.4118671880605221,0.0,1.0,0.3824681260163027,0.9180432658519168,1.3005113918682194,1.25,2.5,3.75,10.0,0.04,8.0,0.1,4.0,5.0,10.0,18.0,1.0,0.0,0.0,S152,severe_mixed,0.0,1.4,0.0,0.0005,1.2995088865892874,0.9995,0.260021115727991,11.469445940403753,1.9115743234006257,1.9115743234006257,0.5621297910264572,1.3494445323741684,34.40833782121126,34.40833782121126,0.2940664059697388,0.7059335940302611,0.4118671880605223,0.0,1.0
1.3430245770915494,0.25367266170180175,1.596697238793351,0.46809607814061677,1.1286011606527342,24.17444238764789,4.566107910632431,28.740550298280315,0.2931652080104831,0.7068347919895169,0.4136695839790338,0.1588733640533544,1.1888816228896975,0.39991801263303,0.9705419215498772,1.3704599341829071,1.25,2.5,3.75,13.0,0.04,8.0,0.1,4.0,5.0,10.0,18.0,1.0,2.220446049250313e-16,0.0,S153,severe_mixed,3.0,0.6,0.0,0.0005,1.3695039356880785,0.9995,0.07399397931231544,12.087221193823947,2.014536865637324,2.268209527339126,0.6640356167075147,1.604173910631611,36.261663581471836,40.82777149210426,0.29275761727643645,0.7072423827235634,0.41448476544712703,0.11183828418152769,1.1259210819264651
1.4912039059547813,0.2797834274709569,1.7709873334257382,0.5161523192699011,1.254835014155837,26.841670307186064,5.0361016944772246,31.87777200166329,0.2914489050983066,0.7085510949016933,0.4171021898033867,0.15798160844535986,1.1876225151729458,0.4451462362430312,1.0763134246221033,1.5214596608651345,1.25,2.5,3.75,13.0,0.04,8.0,0.1,4.0,5.0,10.0,18.0,1.0,0.0,0.0,S154,severe_mixed,3.0,1.0,0.0,0.0005,1.5206047997581043,0.9995,-0.33055557188979434,13.420835153593034,2.236805858932172,2.516589286403129,0.7342860062614844,1.7823032801416443,40.262505460779096,45.29860715525632,0.2917782453532468,0.7082217546467531,0.4164435092935063,0.11117564116743156,1.1250816767819638
1.6029421831148416,0.2734056250183093,1.8763478081331508,0.5494524147321211,1.3268953934010297,28.852959296067148,4.9213012503295674,33.77426054639672,0.2928307920048107,0.7071692079951893,0.41433841599037863,0.14571159133355496,1.1705648699612028,0.48233703301029396,1.1532066842431234,1.6355437172534173,1.25,2.5,3.75,13.0,0.04,8.0,0.1,4.0,5.0,10.0,18.0,1.0,0.0,0.0,S155,severe_mixed,3.0,1.4,0.0,0.0005,1.6345461325884392,0.9995,0.24033865992000658,14.426479648033578,2.4044132746722626,2.677818899690571,0.7858002712743091,1.8920186284162628,43.279438944100725,48.20074019443028,0.2934478770633482,0.706552122936652,0.41310424587330385,0.10210011776744948,1.1137099133074682
1.4116662719160153,0.6155848204188586,2.027251092334874,0.5944860231081434,1.432765069226731,25.409992894488276,11.080526767539455,36.49051966202774,0.2932473561641778,0.7067526438358224,0.4135052876716445,0.30365494572744933,1.4360696523430732,0.4173678992497562,1.0230405772478366,1.4404084764975928,1.250261594405485,2.6104935247176493,3.8446179239177916,16.0,0.04,8.0,0.1,4.0,5.0,10.0,18.0,1.0,0.0,2.220446049250313e-16,S156,severe_mixed,6.0,0.6,0.0,0.0005,1.4394989847868698,0.9995,-0.3462974748989933,12.704996447244142,2.1174994078740235,2.733084228292882,0.7989885032331208,1.9340957250597615,38.114989341732425,49.19551610927187,0.29233950968725864,0.7076604903127415,0.41532098062548284,0.22523448565775103,1.2907131015620483
1.7080249296424803,0.6863614085121836,2.3943863381546637,0.6945809718092809,1.699805366345383,30.744448733564646,12.354505353219306,43.09895408678395,0.29008725982983574,0.7099127401701643,0.41982548034032857,0.28665441227047656,1.401845076497713,0.5078243464697602,1.2345835833922874,1.7424079298620474,1.25,2.5,3.75,16.0,0.04,8.0,0.1,4.0,5.0,10.0,18.0,1.0,4.440892098500626e-16,0.0,S157,severe_mixed,6.0,1.0,0.0,0.0005,1.7417007129269222,0.9995,-0.9211322595075737,15.372224366782323,2.5620373944637205,3.248398802975904,0.9434717487836282,2.3049270541922757,46.11667310034697,58.47117845356627,0.2904420934767309,0.7095579065232691,0.4191158130465382,0.21129222430552502,1.2678967176651421
1.9315014839625981,0.6982189892562113,2.6297204732188098,0.7685598948996808,1.8611605783191285,34.767026711326764,12.567941806611802,47.33496851793858,0.2922591593771007,0.7077408406228991,0.41548168124579843,0.26551072494848954,1.3614902680912113,0.5822059400042843,1.3883701026343305,1.9705760426386147,1.25,2.5,3.75,16.0,0.04,8.0,0.1,4.0,5.0,10.0,18.0,1.0,4.440892098500626e-16,2.220446049250313e-16,S158,severe_mixed,6.0,1.4,0.0,0.0005,1.9695833785875891,0.9995,0.2206562041120237,17.383513355663386,2.8972522259438973,3.595471215200108,1.0538790109752376,2.541592204224871,52.15054006699015,64.71848187360195,0.2931129045116228,0.7068870954883774,0.41377419097675455,0.1941940144881264,1.2409935120608069
1.4803079667404813,1.0857364761511703,2.5660444428916516,0.7539230289202166,1.8121214139714348,26.645543401328663,19.543256570721066,46.18879997204973,0.29380747126523954,0.7061925287347603,0.4123850574695208,0.4231167855096321,1.7334531060735114,0.43481778586648184,1.0755392329457993,1.5103570188122812,1.4105034610741245,3.037583855444722,4.442558994391417,19.0,0.04,8.0,0.1,4.0,5.0,10.0,18.0,1.0,0.0,1.1102230246251565e-16,S159,severe_mixed,9.0,0.6,0.0,0.0005,1.5094940338856604,0.9995,-0.8938037466949018,13.322771700664331,2.2204619501107214,3.3061984262618918,0.966988450603274,2.3392099756586187,39.968315101992985,59.511571672714055,0.2924774396243925,0.7075225603756078,0.41504512075121525,0.3283942268942229,1.488968737382341
1.9248459533301778,1.2197339431236789,3.144579896453857,0.9100391516357793,2.2345407448180774,34.6472271599432,21.95521097622622,56.602438136169425,0.28939927799641235,0.7106007220035875,0.4212014440071752,0.3878845452453515,1.6336787320634238,0.5705024566964871,1.3928537421624745,1.9633561988589616,1.25,2.56775008664603,3.7748876217989054,19.0,0.04,8.0,0.1,4.0,5.0,10.0,18.0,1.0,4.440892098500626e-16,2.220446049250313e-16,S160,severe_mixed,9.0,1.0,0.0,0.0005,1.9627966260957388,0.9995,-1.511708947125356,17.3236135799716,2.8872689299952667,4.1070028731189465,1.1896870185928916,2.9173158545260547,51.9708407399148,73.92605171614103,0.28967279920342925,0.7103272007965707,0.42065440159314144,0.2969888214851398,1.4224524880422826
2.2600607848103533,1.2744400927137047,3.534500877524058,1.0320756345203175,2.50242524300374,40.68109412658636,22.939921668846686,63.62101579543304,0.29200038995132277,0.7079996100486771,0.4159992200973543,0.36057144611786285,1.5638963789288727,0.6820748469982757,1.6235335210255413,2.305608368023817,1.25,2.5,3.75,19.0,0.04,8.0,0.1,4.0,5.0,10.0,18.0,1.0,4.440892098500626e-16,2.220446049250313e-16,S161,severe_mixed,9.0,1.4,0.0,0.0005,2.3046206245867378,0.9995,0.20097374830402837,20.340547063293183,3.3900911772155298,4.664531269929235,1.3663660101292439,3.2981652597999904,61.02164118987954,83.96156285872623,0.29292675535005536,0.7070732446499446,0.41414648929988923,0.273219326651237,1.3759309192859153
1.5489496615649467,1.6641276288987372,3.2130772904636835,0.946407095576834,2.26667019488685,27.881093908169042,29.954297320177268,57.8353912283463,0.2945484997779984,0.7054515002220018,0.4109030004440034,0.517923311038243,2.074358754317053,0.45226767248320876,1.1280378886437594,1.580305561126968,1.6222009244379494,3.5143763186814536,5.1319826686150805,22.0,0.04,8.0,0.1,4.0,5.0,10.0,18.0,1.0,4.440892098500626e-16,2.220446049250313e-16,S162,severe_mixed,12.0,0.6,0.0,0.0005,1.579489082984451,0.9995,-1.4413100184908103,13.940546954084521,2.32342449234742,3.9875521212461575,1.1680354588179704,2.819516662428187,41.82164086225356,71.77593818243083,0.2929204241856895,0.7070795758143105,0.414159151628621,0.4173306274874916,1.7162391695447023
2.1416669770178767,1.8799010313054454,4.021568008323322,1.162526858749394,2.8590411495739287,38.55000558632178,33.83821856349802,72.38822414981979,0.28907303229569814,0.7109269677043021,0.421853935408604,0.4674547408907842,1.8777746734102785,0.6331805669232171,1.5511239009326592,2.1843044678558763,1.3237668451691547,2.8963252230296326,4.209885930954466,22.0,0.04,8.0,0.1,4.0,5.0,10.0,18.0,1.0,0.0,2.220446049250313e-16,S163,severe_mixed,12.0,1.0,0.0,0.0005,2.1838925392645563,0.9995,-2.10228563474314,19.275002793160887,3.2125004655268143,5.09240149683226,1.4729318156892706,3.6194696811429896,57.82500837948266,91.66322694298069,0.2892411010022503,0.7107588989977496,0.42151779799549927,0.369158054893127,1.5851831156068528
2.588620085658114,2.0020689353907963,4.59068902104891,1.3399996335940292,3.250689387454882,46.59516154184605,36.03724083703433,82.63240237888039,0.29189510059382273,0.7081048994061775,0.41620979881235476,0.436115129169292,1.7734116514366005,0.7819437539922671,1.8586969394167456,2.6406406934090128,1.25,2.543005594915169,3.75,22.0,0.04,8.0,0.1,4.0,5.0,10.0,18.0,1.0,0.0,2.220446049250313e-16,S164,severe_mixed,12.0,1.4,0.0,0.0005,2.6396578705858924,0.9995,0.18129129249604903,23.29758077092303,3.882930128487171,5.884999063877968,1.723261268736324,4.161737795141644,69.89274231276909,105.92998314980343,0.2928226920737634,0.7071773079262366,0.4143546158524732,0.34019868374822076,1.5156077676244006
2.867361485100937,0.0,2.867361485100937,0.8431946865396844,2.0241667985612524,51.612506731816865,0.0,51.612506731816865,0.2940664059697385,0.7059335940302615,0.4118671880605229,0.0,1.0,0.5737021890244549,1.377064898777878,1.9507670878023329,1.875,3.75,5.625,15.0,0.04,8.0,0.1,4.0,5.0,15.0,18.0,1.0,0.0,0.0,S165,severe_mixed,0.0,0.6,0.0,0.0005,1.9492633298839301,0.9995,0.39003167359197644,17.20416891060562,3.823148646801249,3.823148646801249,1.1242595820529124,2.698889064748336,68.81667564242248,68.81667564242248,0.2940664059697385,0.7059335940302613,0.4118671880605228,0.0,1.0
2.867361485100937,0.0,2.867361485100937,0.8431946865396844,2.0241667985612524,51.612506731816865,0.0,51.612506731816865,0.2940664059697385,0.7059335940302615,0.4118671880605229,0.0,1.0,0.5737021890244549,1.377064898777878,1.9507670878023329,1.875,3.75,5.625,15.0,0.04,8.0,0.1,4.0,5.0,15.0,18.0,1.0,0.0,0.0,S166,severe_mixed,0.0,1.0,0.0,0.0005,1.9492633298839301,0.9995,0.39003167359197644,17.20416891060562,3.823148646801249,3.823148646801249,1.1242595820529124,2.698889064748336,68.81667564242248,68.81667564242248,0.2940664059697385,0.7059335940302613,0.4118671880605228,0.0,1.0
2.867361485100937,0.0,2.867361485100937,0.8431946865396844,2.0241667985612524,51.612506731816865,0.0,51.612506731816865,0.2940664059697385,0.7059335940302615,0.4118671880605229,0.0,1.0,0.5737021890244549,1.377064898777878,1.9507670878023329,1.875,3.75,5.625,15.0,0.04,8.0,0.1,4.0,5.0,15.0,18.0,1.0,0.0,0.0,S167,severe_mixed,0.0,1.4,0.0,0.0005,1.9492633298839301,0.9995,0.39003167359197644,17.20416891060562,3.823148646801249,3.823148646801249,1.1242595820529124,2.698889064748336,68.81667564242248,68.81667564242248,0.2940664059697385,0.7059335940302613,0.4118671880605228,0.0,1.0
2.970324027337636,0.3534491182988887,3.3237731456365243,0.9749472475130162,2.348825898123508,53.465832492077446,6.362084129379997,59.82791662145743,0.29332544815609174,0.7066745518439083,0.41334910368781663,0.10633972380542864,1.1189934549382117,0.5911520756411807,1.429563554475836,2.020715630117017,1.875,3.75,5.625,18.0,0.04,8.0,0.1,4.0,5.0,15.0,18.0,1.0,4.440892098500626e-16,0.0,S168,severe_mixed,3.0,0.6,0.0,0.0005,2.0192583789827214,0.9995,0.2040045371763115,17.821944164025815,3.960432036450182,4.313881154749069,1.2645750845843235,3.049306070164746,71.28777665610328,77.64986078548324,0.2931409186347605,0.7068590813652397,0.4137181627304791,0.0819329753462919,1.0892450912036584
3.192593020632485,0.387976502813868,3.580569523446354,1.0460359925962972,2.5345335308500565,57.466674371384734,6.9835770506496235,64.45025142203437,0.2921423493515834,0.7078576506484165,0.41571530129683315,0.108356087006079,1.1215239463052533,0.6363802992511834,1.535335057548059,2.1717153567992424,1.875,3.75,5.625,18.0,0.04,8.0,0.1,4.0,5.0,15.0,18.0,1.0,8.881784197001252e-16,0.0,S169,severe_mixed,3.0,1.0,0.0,0.0005,2.170359243052749,0.9995,-0.20054501402579517,19.15555812379492,4.256790694176647,4.644767196990514,1.3578579780922888,3.2869092188982267,76.62223249517965,83.60580954582926,0.2923414501747442,0.707658549825256,0.41531709965051183,0.08352980598580909,1.0911429597289397
3.3602004363725744,0.37225650272256533,3.7324569390951403,1.0941414527481392,2.638315486347001,60.483607854706335,6.700617049006176,67.18422490371253,0.2931424181449209,0.7068575818550791,0.4137151637101581,0.09973497586091683,1.110784017135724,0.6735710960184454,1.612228317169083,2.2857994131875286,1.875,3.75,5.625,18.0,0.04,8.0,0.1,4.0,5.0,15.0,18.0,1.0,4.440892098500626e-16,0.0,S170,severe_mixed,3.0,1.4,0.0,0.0005,2.2843005758830826,0.9995,0.37034921778399843,20.16120261823545,4.480267248496767,4.852523751219332,1.4241776077947361,3.428346143424595,80.6448104729418,87.34542752194797,0.2934921456977664,0.7065078543022335,0.41301570860446707,0.0767139991079952,1.0830880128517926
3.073286569574334,0.8151377336130329,3.8884243031873673,1.139746869330897,2.74867743385647,55.31915825233801,14.672479205034591,69.9916374573726,0.2931127830871335,0.7068872169128665,0.413774433825733,0.2096318894378011,1.2652332332698586,0.6086019622579074,1.4820622101737977,2.090664172431705,1.875,3.75,5.625,21.0,0.04,8.0,0.1,4.0,5.0,15.0,18.0,1.0,4.440892098500626e-16,0.0,S171,severe_mixed,6.0,0.6,0.0,0.0005,2.0892534280815123,0.9995,0.017977400760635254,18.439719417446007,4.097715426099112,4.912853159712145,1.437937647960284,3.474915511751861,73.75887766978403,88.4313568748186,0.2926889123721613,0.7073110876278387,0.41462217525567735,0.16591941731488544,1.1989249249523939
3.5178245561640322,0.9027475591980054,4.420572115362037,1.2859068259400321,3.134665289422006,63.32084201095258,16.249456065564097,79.57029807651666,0.29089149376646206,0.7091085062335382,0.41821701246707604,0.204215096064341,1.2566209726452062,0.6990584094779115,1.693605216318246,2.3926636257961578,1.875,3.75,5.625,21.0,0.04,8.0,0.1,4.0,5.0,15.0,18.0,1.0,8.881784197001252e-16,2.220446049250313e-16,S172,severe_mixed,6.0,1.0,0.0,0.0005,2.3914551562215656,0.9995,-0.791121701643579,21.1069473369842,4.690432741552043,5.593180300750048,1.6284859014187891,3.96469439933126,84.42778934793678,100.67724541350087,0.29115562414471213,0.708844375855288,0.41768875171057596,0.161401476558327,1.1924657294839047
3.8530393876442055,0.8959207446647224,4.7489601323089286,1.389496478409671,3.359463653899257,69.35470897759569,16.126573403965004,85.48128238156072,0.29258962798116867,0.7074103720188312,0.4148207440376625,0.1886561941359421,1.2325231212371541,0.7734400030124369,1.847391735560292,2.620831738572729,1.875,3.75,5.625,21.0,0.04,8.0,0.1,4.0,5.0,15.0,18.0,1.0,8.881784197001252e-16,2.220446049250313e-16,S173,severe_mixed,6.0,1.4,0.0,0.0005,2.61933782188223,0.9995,0.35066676197600843,23.118236325865237,5.137385850192275,6.033306594856997,1.7685038929896373,4.26480270186736,92.47294530346095,108.59951870742594,0.29312349127047055,0.7068765087295296,0.413753017459059,0.14849580915188976,1.1743923409278654
3.17624911181103,1.3850658459424308,4.561314957753462,1.3375935519933229,3.2237214057601378,57.172484012598545,24.931185226963755,82.10366923956231,0.2932473561641782,0.7067526438358216,0.41350528767164335,0.3036549457274495,1.4360696523430734,0.6260518488746333,1.5345608658717576,2.160612714746391,1.8753923916082276,3.915740287076473,5.766926885876687,24.0,0.04,8.0,0.1,4.0,5.0,15.0,18.0,1.0,8.881784197001252e-16,2.220446049250313e-16,S174,severe_mixed,9.0,0.6,0.0,0.0005,2.1592484771803013,0.9995,-0.5194462123484964,19.057494670866184,4.23499881574804,5.6200646616904715,1.6443472721807892,3.975717389509682,76.22997868346472,101.16116391042848,0.29258511621575944,0.7074148837842406,0.41482976756848106,0.24645016193208957,1.3270522392573052
3.843056091695582,1.5443131691524132,5.387369260847995,1.5628071865708815,3.824562074277113,69.17500965052048,27.79763704474344,96.97264669526392,0.2900872598298355,0.7099127401701644,0.41982548034032885,0.28665441227047644,1.401845076497713,0.7617365197046397,1.8518753750884298,2.6136118947930695,1.875,3.75,5.625,24.0,0.04,8.0,0.1,4.0,5.0,15.0,18.0,1.0,0.0,1.1102230246251565e-16,S175,severe_mixed,9.0,1.0,0.0,0.0005,2.612551069390384,0.9995,-1.3816983892613564,23.05833655017349,5.124074788927442,6.6683879580798555,1.9361433520324027,4.732244606047453,92.23334620069396,120.0309832454374,0.2903465371546724,0.7096534628453276,0.4193069256906552,0.23158718101894812,1.3013838073732849
4.345878338915846,1.5709927258264764,5.916871064742323,1.7292597635242821,4.187611301218041,78.22581010048523,28.277869064876576,106.50367916536182,0.29225915937710073,0.7077408406228993,0.41548168124579865,0.2655107249484897,1.361490268091211,0.8733089100064276,2.0825551539514957,2.9558640639579234,1.875,3.75,5.625,24.0,0.04,8.0,0.1,4.0,5.0,15.0,18.0,1.0,0.0,0.0,S176,severe_mixed,9.0,1.4,0.0,0.0005,2.9543750678813847,0.9995,0.33098430616803176,26.075270033495087,5.7945044518877955,7.365497177714271,2.1572384376376177,5.208258740076654,104.30108013398032,132.5789491988569,0.29288429356333984,0.7071157064366602,0.4142314128733204,0.21329079190741082,1.2711177010684083
3.2792116540477267,2.063233455287085,5.342445109334812,1.56848729550029,3.773957813834522,59.025809772859084,37.13820219516752,96.16401196802661,0.2935897820942857,0.7064102179057142,0.41282043581142847,0.3861964724133549,1.6291858144442468,0.643501735491361,1.587059521569719,2.2305612570610798,2.0192550864147623,4.3289303189664965,6.33854205651805,27.0,0.04,8.0,0.1,4.0,5.0,15.0,18.0,1.0,8.881784197001252e-16,0.0,S177,severe_mixed,12.0,0.6,0.0,0.0005,2.229243526279091,0.9995,-1.066952484144406,19.675269924286365,4.372282205396969,6.435515660684054,1.8838039572458345,4.55171170343822,78.70107969714545,115.83928189231297,0.2927199709503307,0.7072800290496694,0.41456005809933866,0.32060110860918584,1.4718893608331851
4.168287627227131,2.3126733326770914,6.480960959904222,1.8767370744888514,4.604223885415371,75.02917729008836,41.62811998818765,116.657297278276,0.2895769757138896,0.7104230242861105,0.42084604857222097,0.35684111461015017,1.5548257556822083,0.8244146299313687,2.010145533858615,2.834560163789984,1.875,3.751033707719644,5.625,27.0,0.04,8.0,0.1,4.0,5.0,15.0,18.0,1.0,0.0,0.0,S178,severe_mixed,12.0,1.0,0.0,0.0005,2.8336469825592028,0.9995,-1.9722750768791393,25.009725763362788,5.557716836302841,7.870390168979934,2.280830329933138,5.589559839046795,100.03890305345115,141.6670230416388,0.28979888937688486,0.7102011106231151,0.42040222124623017,0.2938448136652967,1.4161193167616564
4.8387172901874775,2.3974724462078165,7.236189736395293,2.113431308091965,5.122758428303329,87.09691122337459,43.1545040317407,130.25141525511526,0.2920641090244229,0.7079358909755772,0.4158717819511543,0.33131696839697816,1.4954768593465242,0.9731778170004188,2.3177185723427054,3.290896389343124,1.875,3.75,5.625,27.0,0.04,8.0,0.1,4.0,5.0,15.0,18.0,1.0,1.7763568394002505e-15,0.0,S179,severe_mixed,12.0,1.4,0.0,0.0005,3.289412313880532,0.9995,0.31130185036004,29.03230374112487,6.451623053583303,8.849095499791119,2.590381241738669,6.258714258052451,116.12921496449945,159.28371899624014,0.2927283632321308,0.7072716367678693,0.41454327353573844,0.2709285312000993,1.3716076445098933
