idx_i,idx_j,match_variable,phenotype_i,phenotype_j,MP_vent_PEEP_Jmin_i,MP_vent_PEEP_Jmin_j,relative_difference,delta_MP_vent,delta_MP_tot,delta_EII,delta_REF1,delta_ECF,delta_HBR,scenario_id_i,scenario_id_j,Pmus_peak_cmH2O_i,Pmus_peak_cmH2O_j,abs_delta_Pmus_peak_cmH2O,Tmus_s_i,Tmus_s_j,abs_delta_Tmus_s,PS_cmH2O_i,PS_cmH2O_j,abs_delta_PS_cmH2O,abs_delta_MP_vent_PEEP_Jmin,MP_tot_PEEP_Jmin_i,MP_tot_PEEP_Jmin_j,abs_delta_MP_tot_PEEP_Jmin,MP_mus_Jmin_i,MP_mus_Jmin_j,abs_delta_MP_mus_Jmin,EF1_PEEP_i,EF1_PEEP_j,abs_delta_EF1_PEEP,EII_PEEP_i,EII_PEEP_j,abs_delta_EII_PEEP,ECF_PEEP_i,ECF_PEEP_j,abs_delta_ECF_PEEP,ratio_PEEP_i,ratio_PEEP_j,abs_delta_ratio_PEEP
0,1,MP_vent_PEEP_Jmin,compliance_dominant,compliance_dominant,8.946179233309525,8.946179233309525,0.0,0.0,0.0,0.0,0.0,0.0,0.0,S000,S001,0.0,0.0,0.0,0.6,1.0,0.4,5.0,5.0,0.0,0.0,8.946179233309525,8.946179233309525,0.0,0.0,0.0,0.0,0.37672822873480794,0.37672822873480794,0.0,0.24654354253038416,0.24654354253038416,0.0,0.0,0.0,0.0,1.0,1.0,0.0
0,2,MP_vent_PEEP_Jmin,compliance_dominant,compliance_dominant,8.946179233309525,8.946179233309525,0.0,0.0,0.0,0.0,0.0,0.0,0.0,S000,S002,0.0,0.0,0.0,0.6,1.4,0.7999999999999999,5.0,5.0,0.0,0.0,8.946179233309525,8.946179233309525,0.0,0.0,0.0,0.0,0.37672822873480794,0.37672822873480794,0.0,0.24654354253038416,0.24654354253038416,0.0,0.0,0.0,0.0,1.0,1.0,0.0
0,50,MP_vent_PEEP_Jmin,compliance_dominant,resistance_dominant,8.946179233309525,9.29005662224404,0.03843846406007013,0.17193869446725696,1.8947677953446878,0.1607721877294187,0.16615744866567483,0.2705508288597933,0.37089743818187326,S000,S050,0.0,3.0,3.0,0.6,1.4,0.7999999999999999,5.0,5.0,0.0,0.3438773889345139,8.946179233309525,11.012885723121471,2.0667064898119456,0.0,1.7228291008774297,1.7228291008774297,0.37672822873480794,0.5469843028000188,0.17025607406521082,0.24654354253038416,0.0939686056000375,0.15257493693034666,0.0,0.15643757178560047,0.15643757178560047,1.0,1.1854487190909366,0.18544871909093663
0,57,MP_vent_PEEP_Jmin,compliance_dominant,resistance_dominant,8.946179233309525,9.12423867061458,0.019903405986108846,0.08902971865252773,11.927383887099984,0.12341105967955107,0.18483801269060862,0.7218300231232451,2.5949242661908714,S000,S057,0.0,12.0,12.0,0.6,0.6,0.0,5.0,5.0,0.0,0.17805943730505547,8.946179233309525,20.962592839062033,12.016413605752508,0.0,11.838354168447456,11.838354168447456,0.37672822873480794,0.5491731306198628,0.1724449018850549,0.24654354253038416,0.09834626123972563,0.1481972812906585,0.0,0.5647371133587862,0.5647371133587862,1.0,2.2974621330954355,1.2974621330954355
1,2,MP_vent_PEEP_Jmin,compliance_dominant,compliance_dominant,8.946179233309525,8.946179233309525,0.0,0.0,0.0,0.0,0.0,0.0,0.0,S001,S002,0.0,0.0,0.0,1.0,1.4,0.3999999999999999,5.0,5.0,0.0,0.0,8.946179233309525,8.946179233309525,0.0,0.0,0.0,0.0,0.37672822873480794,0.37672822873480794,0.0,0.24654354253038416,0.24654354253038416,0.0,0.0,0.0,0.0,1.0,1.0,0.0
1,50,MP_vent_PEEP_Jmin,compliance_dominant,resistance_dominant,8.946179233309525,9.29005662224404,0.03843846406007013,0.17193869446725696,1.8947677953446878,0.1607721877294187,0.16615744866567483,0.2705508288597933,0.37089743818187326,S001,S050,0.0,3.0,3.0,1.0,1.4,0.3999999999999999,5.0,5.0,0.0,0.3438773889345139,8.946179233309525,11.012885723121471,2.0667064898119456,0.0,1.7228291008774297,1.7228291008774297,0.37672822873480794,0.5469843028000188,0.17025607406521082,0.24654354253038416,0.0939686056000375,0.15257493693034666,0.0,0.15643757178560047,0.15643757178560047,1.0,1.1854487190909366,0.18544871909093663
1,57,MP_vent_PEEP_Jmin,compliance_dominant,resistance_dominant,8.946179233309525,9.12423867061458,0.019903405986108846,0.08902971865252773,11.927383887099984,0.12341105967955107,0.18483801269060862,0.7218300231232451,2.5949242661908714,S001,S057,0.0,12.0,12.0,1.0,0.6,0.4,5.0,5.0,0.0,0.17805943730505547,8.946179233309525,20.962592839062033,12.016413605752508,0.0,11.838354168447456,11.838354168447456,0.37672822873480794,0.5491731306198628,0.1724449018850549,0.24654354253038416,0.09834626123972563,0.1481972812906585,0.0,0.5647371133587862,0.5647371133587862,1.0,2.2974621330954355,1.2974621330954355
2,50,MP_vent_PEEP_Jmin,compliance_dominant,resistance_dominant,8.946179233309525,9.29005662224404,0.03843846406007013,0.17193869446725696,1.8947677953446878,0.1607721877294187,0.16615744866567483,0.2705508288597933,0.37089743818187326,S002,S050,0.0,3.0,3.0,1.4,1.4,0.0,5.0,5.0,0.0,0.3438773889345139,8.946179233309525,11.012885723121471,2.0667064898119456,0.0,1.7228291008774297,1.7228291008774297,0.37672822873480794,0.5469843028000188,0.17025607406521082,0.24654354253038416,0.0939686056000375,0.15257493693034666,0.0,0.15643757178560047,0.15643757178560047,1.0,1.1854487190909366,0.18544871909093663
2,57,MP_vent_PEEP_Jmin,compliance_dominant,resistance_dominant,8.946179233309525,9.12423867061458,0.019903405986108846,0.08902971865252773,11.927383887099984,0.12341105967955107,0.18483801269060862,0.7218300231232451,2.5949242661908714,S002,S057,0.0,12.0,12.0,1.4,0.6,0.7999999999999999,5.0,5.0,0.0,0.17805943730505547,8.946179233309525,20.962592839062033,12.016413605752508,0.0,11.838354168447456,11.838354168447456,0.37672822873480794,0.5491731306198628,0.1724449018850549,0.24654354253038416,0.09834626123972563,0.1481972812906585,0.0,0.5647371133587862,0.5647371133587862,1.0,2.2974621330954355,1.2974621330954355
3,52,MP_vent_PEEP_Jmin,compliance_dominant,resistance_dominant,10.120683524171161,10.422965121295192,0.029867705713956354,0.15114079856201545,2.6563426574590636,0.1781119171816618,0.15952179535794003,0.17780216675028826,0.4689229855359116,S003,S052,3.0,6.0,3.0,0.6,1.0,0.4,5.0,5.0,0.0,0.3022815971240309,12.177014803113053,14.98449825913413,2.8074834560210764,2.056331278941892,4.561533137838937,2.5052018588970455,0.3706329307858512,0.5355435530901154,0.16491062230426418,0.2587341384282976,0.07108710618023062,0.187647032248067,0.16886990056185125,0.30441680855469117,0.13554690799283992,1.203181067171083,1.4376425599390386,0.23446149276795558
3,90,MP_vent_PEEP_Jmin,compliance_dominant,mixed,10.120683524171161,10.110834769526457,0.000973131372123454,0.004924377322351958,2.061255656264243,0.08475557938456246,0.04237778969228112,0.2889455883510715,0.4063621343421655,S003,S090,3.0,0.0,3.0,0.6,0.6,0.0,5.0,5.0,0.0,0.009848754644703916,12.177014803113053,10.110834769526457,2.066180033586596,2.056331278941892,0.0,2.056331278941892,0.3706329307858512,0.3333333333333334,0.03729959745251776,0.2587341384282976,0.3333333333333334,0.0745991949050358,0.16886990056185125,0.0,0.16886990056185125,1.203181067171083,1.0,0.20318106717108297
3,91,MP_vent_PEEP_Jmin,compliance_dominant,mixed,10.120683524171161,10.110834769526457,0.000973131372123454,0.004924377322351958,2.061255656264243,0.08475557938456246,0.04237778969228112,0.2889455883510715,0.4063621343421655,S003,S091,3.0,0.0,3.0,0.6,1.0,0.4,5.0,5.0,0.0,0.009848754644703916,12.177014803113053,10.110834769526457,2.066180033586596,2.056331278941892,0.0,2.056331278941892,0.3706329307858512,0.3333333333333334,0.03729959745251776,0.2587341384282976,0.3333333333333334,0.0745991949050358,0.16886990056185125,0.0,0.16886990056185125,1.203181067171083,1.0,0.20318106717108297
3,92,MP_vent_PEEP_Jmin,compliance_dominant,mixed,10.120683524171161,10.110834769526457,0.000973131372123454,0.004924377322351958,2.061255656264243,0.08475557938456246,0.04237778969228112,0.2889455883510715,0.4063621343421655,S003,S092,3.0,0.0,3.0,0.6,1.4,0.7999999999999999,5.0,5.0,0.0,0.009848754644703916,12.177014803113053,10.110834769526457,2.066180033586596,2.056331278941892,0.0,2.056331278941892,0.3706329307858512,0.3333333333333334,0.03729959745251776,0.2587341384282976,0.3333333333333334,0.0745991949050358,0.16886990056185125,0.0,0.16886990056185125,1.203181067171083,1.0,0.20318106717108297
4,9,MP_vent_PEEP_Jmin,compliance_dominant,compliance_dominant,12.102043012689848,12.469692105894431,0.03037909325054271,0.18382454660229186,8.16657192667545,0.03748918152901734,0.018744590764508684,0.33723764996138034,1.2683672578848209,S004,S009,3.0,9.0,6.0,1.0,0.6,0.4,5.0,5.0,0.0,0.3676490932045837,14.560075184573957,22.910471657851698,8.35039647327774,2.458032171884108,10.44077955195727,7.982747380073162,0.3684239010476964,0.374680628679803,0.006256727632106607,0.26315219790460725,0.2506387426403941,0.012513455264213158,0.16882001917739634,0.45572084712534006,0.2869008279479437,1.2031088609837768,1.837292489926187,0.6341836289424103
4,53,MP_vent_PEEP_Jmin,compliance_dominant,resistance_dominant,12.102043012689848,12.421884499578917,0.026428718403470667,0.15992074344453489,2.603743150995941,0.18061194695756055,0.17525177466752562,0.15222742463652428,0.3830110910360902,S004,S053,3.0,6.0,3.0,1.0,1.4,0.3999999999999999,5.0,5.0,0.0,0.31984148688906977,14.560075184573957,17.32373907901443,2.763663894440473,2.458032171884108,4.901854579435515,2.443822407551407,0.3684239010476964,0.5470508431774482,0.17862694212975183,0.26315219790460725,0.09410168635489646,0.1690505115497108,0.16882001917739634,0.282955922914673,0.11413590373727664,1.2031088609837768,1.3946144065018218,0.191505545518045
4,55,MP_vent_PEEP_Jmin,compliance_dominant,resistance_dominant,12.102043012689848,12.555333309488212,0.037455683831486765,0.22664514839918226,6.438470863904735,0.19467200650418082,0.16822174489421537,0.2911470794002354,0.9748460337573144,S004,S055,3.0,9.0,6.0,1.0,1.0,0.0,5.0,5.0,0.0,0.4532902967983645,14.560075184573957,21.22519119687787,6.665116012303912,2.458032171884108,8.66985788738966,6.211825715505553,0.3684239010476964,0.5348358641848732,0.16641196313717677,0.26315219790460725,0.06967172836974625,0.193480469534861,0.16882001917739634,0.40847019030221776,0.23965017112482143,1.2031088609837768,1.6905318778624336,0.48742301687865686
4,96,MP_vent_PEEP_Jmin,compliance_dominant,mixed,12.102043012689848,11.961838801472782,0.011585168807452742,0.07010210560853292,4.263466642741864,0.06777558518702753,0.033887792593513766,0.2428628117584764,0.7293269100832147,S004,S096,3.0,6.0,3.0,1.0,0.6,0.4,5.0,5.0,0.0,0.14020421121706583,14.560075184573957,18.753439721707288,4.193364537133331,2.458032171884108,6.7916009202345045,4.333568748350396,0.3684239010476964,0.33333333333333326,0.03509056771436314,0.26315219790460725,0.33333333333333326,0.070181135428726,0.16882001917739634,0.3621522782496888,0.19333225907229248,1.2031088609837768,1.567772316025384,0.36466345504160724
4,138,MP_vent_PEEP_Jmin,compliance_dominant,severe_mixed,12.102043012689848,12.69867948461064,0.049300475241674226,0.2983182359603962,0.6098679805824023,0.14801036429231912,0.07400518214615959,0.014845572875696378,0.029982265576432354,S004,S138,3.0,3.0,0.0,1.0,0.6,0.4,5.0,5.0,0.0,0.5966364719207924,14.560075184573957,15.468261401116752,0.908186216542795,2.458032171884108,2.769581916506114,0.31154974462200613,0.3684239010476964,0.2917718137588914,0.07665208728880502,0.26315219790460725,0.41645637248221723,0.15330417457760998,0.16882001917739634,0.1790493349372904,0.010229315759894053,1.2031088609837768,1.2180999937719927,0.014991132788215955
5,12,MP_vent_PEEP_Jmin,compliance_dominant,compliance_dominant,13.446399175738335,13.644196396756094,0.01471005125109246,0.09889861050887916,14.312298505112912,0.035650570338739807,0.017825285169369987,0.4354022087979732,2.0779250013228845,S005,S012,3.0,12.0,9.0,1.4,0.6,0.7999999999999999,5.0,5.0,0.0,0.19779722101775832,16.001895827165065,30.413092942786857,14.411197115621793,2.555496651426725,16.76889654603076,14.213399894604034,0.37644762121570957,0.37852423484167746,0.0020766136259678936,0.24710475756858072,0.24295153031664496,0.004153227251935759,0.1596996180345378,0.5513709696536431,0.39167135161910527,1.1900506312528392,2.2290131319142814,1.0389625006614422
5,94,MP_vent_PEEP_Jmin,compliance_dominant,mixed,13.446399175738335,13.437452560543498,0.0006653539790027793,0.0044733075974185965,0.09541657757783994,0.07848512956571851,0.03924256478285926,0.007852549179850954,0.015120454503246394,S005,S094,3.0,3.0,0.0,1.4,1.0,0.3999999999999999,5.0,5.0,0.0,0.008946615194837193,16.001895827165065,16.09283909714548,0.09094326998041424,2.555496651426725,2.6553865366019855,0.09988988517526032,0.37644762121570957,0.3333333333333334,0.043114287882376146,0.24710475756858072,0.3333333333333334,0.08622857576475271,0.1596996180345378,0.16500423079933693,0.005304612764799127,1.1900506312528392,1.197610858504462,0.007560227251622864
5,99,MP_vent_PEEP_Jmin,compliance_dominant,mixed,13.446399175738335,12.887340817446002,0.04157680810941977,0.2795291791461665,10.029963124325151,0.07848512956571851,0.03924256478285926,0.3908653094068453,1.6164299283948216,S005,S099,3.0,9.0,6.0,1.4,0.6,0.7999999999999999,5.0,5.0,0.0,0.559058358292333,16.001895827165065,25.752329772344044,9.75043394517898,2.555496651426725,12.864988954898047,10.309492303471322,0.37644762121570957,0.33333333333333337,0.0431142878823762,0.24710475756858072,0.33333333333333337,0.08622857576475265,0.1596996180345378,0.49956602251630156,0.33986640448176375,1.1900506312528392,1.99826559545025,0.8082149641974108
5,102,MP_vent_PEEP_Jmin,compliance_dominant,mixed,13.446399175738335,13.812842833419198,0.02725217754520081,0.18322182884043148,18.35116055000615,0.07848512956571868,0.03924256478285909,0.4746222532218466,2.620502685937659,S005,S102,3.0,12.0,9.0,1.4,0.6,0.7999999999999999,5.0,5.0,0.0,0.36644365768086296,16.001895827165065,34.536278206011644,18.53438237884658,2.555496651426725,20.72343537259245,18.167938721165726,0.37644762121570957,0.3333333333333333,0.04311428788237626,0.24710475756858072,0.3333333333333333,0.0862285757647526,0.1596996180345378,0.6000483100401124,0.4403486920055746,1.1900506312528392,2.5003019742216686,1.3102513429688294
5,141,MP_vent_PEEP_Jmin,compliance_dominant,severe_mixed,13.446399175738335,13.935249956216497,0.03635551600760201,0.24442539023908072,5.176980626757624,0.15610891527882254,0.07805445763941132,0.24258529185903877,0.6945908903401139,S005,S141,3.0,6.0,3.0,1.4,0.6,0.7999999999999999,5.0,5.0,0.0,0.48885078047816144,16.001895827165065,21.423301844161767,5.421406016996702,2.555496651426725,7.488051887945268,4.932555236518542,0.37644762121570957,0.2917919291514803,0.0846556920642293,0.24710475756858072,0.41641614169703944,0.16931138412845873,0.1596996180345378,0.34952837533705833,0.18982875730252052,1.1900506312528392,1.5373460764228963,0.34729544517005717
6,93,MP_vent_PEEP_Jmin,compliance_dominant,mixed,11.295187815032783,11.036336785499632,0.022916930092003053,0.1294255147665755,3.162745375759064,0.09467745622292345,0.04733872811146189,0.18296494425447413,0.5267034244453772,S006,S093,6.0,3.0,3.0,0.6,0.6,0.0,5.0,5.0,0.0,0.258851029533151,16.8317789446271,13.539608054101459,3.2921708905256413,5.536591129594315,2.5032712686018255,3.03331986099249,0.3713895360952246,0.33333333333333326,0.03805620276189137,0.2572209278095508,0.33333333333333326,0.07611240552378246,0.328936777735051,0.1848850615615514,0.14405171617349957,1.490172560231859,1.2268208480091705,0.2633517122226885
6,135,MP_vent_PEEP_Jmin,compliance_dominant,severe_mixed,11.295187815032783,11.46210901300477,0.014778080781430822,0.08346059898599378,5.4531305306083215,0.17327115085888584,0.08663557542944295,0.4950375115596821,0.9803451204637177,S006,S135,6.0,0.0,6.0,0.6,0.6,0.0,5.0,5.0,0.0,0.16692119797198757,16.8317789446271,11.46210901300477,5.3696699316223295,5.536591129594315,0.0,5.536591129594315,0.3713895360952246,0.2940364860153522,0.07735305007987242,0.2572209278095508,0.41192702796929564,0.15470610015974484,0.328936777735051,0.0,0.328936777735051,1.490172560231859,1.0,0.49017256023185896
6,136,MP_vent_PEEP_Jmin,compliance_dominant,severe_mixed,11.295187815032783,11.46210901300477,0.014778080781430822,0.08346059898599378,5.4531305306083215,0.17327115085888584,0.08663557542944295,0.4950375115596821,0.9803451204637177,S006,S136,6.0,0.0,6.0,0.6,1.0,0.4,5.0,5.0,0.0,0.16692119797198757,16.8317789446271,11.46210901300477,5.3696699316223295,5.536591129594315,0.0,5.536591129594315,0.3713895360952246,0.2940364860153522,0.07735305007987242,0.2572209278095508,0.41192702796929564,0.15470610015974484,0.328936777735051,0.0,0.328936777735051,1.490172560231859,1.0,0.49017256023185896
6,137,MP_vent_PEEP_Jmin,compliance_dominant,severe_mixed,11.295187815032783,11.46210901300477,0.014778080781430822,0.08346059898599378,5.4531305306083215,0.17327115085888584,0.08663557542944295,0.4950375115596821,0.9803451204637177,S006,S137,6.0,0.0,6.0,0.6,1.4,0.7999999999999999,5.0,5.0,0.0,0.16692119797198757,16.8317789446271,11.46210901300477,5.3696699316223295,5.536591129594315,0.0,5.536591129594315,0.3713895360952246,0.2940364860153522,0.07735305007987242,0.2572209278095508,0.41192702796929564,0.15470610015974484,0.328936777735051,0.0,0.328936777735051,1.490172560231859,1.0,0.49017256023185896
7,56,MP_vent_PEEP_Jmin,compliance_dominant,resistance_dominant,15.257906792070187,15.553712376913786,0.01938703577592534,0.1479027924217995,2.9987409408673145,0.183445535620688,0.17746763781660702,0.0837595658801738,0.34991155058308965,S007,S056,6.0,9.0,3.0,1.0,1.4,0.3999999999999999,5.0,5.0,0.0,0.295805584843599,21.944145079298917,25.090788812588038,3.146643733289121,6.686238287228732,9.537076435674248,2.850838148445516,0.3656944214491003,0.5471948176802606,0.18150039623116027,0.2686111571017995,0.09438963536052118,0.1742215217412783,0.30469349628645215,0.3801026945350359,0.07540919824858378,1.4382146501709978,1.6131704254625432,0.17495577529154538
7,58,MP_vent_PEEP_Jmin,compliance_dominant,resistance_dominant,15.257906792070187,14.687701497681218,0.037371134989847746,0.28510264719448486,7.025213822937985,0.1967814033366026,0.17079970395864985,0.1887981641453556,1.0294583921020355,S007,S058,6.0,12.0,6.0,1.0,1.0,0.0,5.0,5.0,0.0,0.5702052943889697,21.944145079298917,28.684256255042424,6.7401111757435075,6.686238287228732,13.996554757361208,7.310316470132476,0.3656944214491003,0.5349870561227059,0.1692926346736056,0.2686111571017995,0.06997411224541183,0.19863704485638767,0.30469349628645215,0.48795250721903394,0.1832590109325818,1.4382146501709978,1.9529438462220159,0.5147291960510181
7,95,MP_vent_PEEP_Jmin,compliance_dominant,mixed,15.257906792070187,15.401142206249233,0.009387618900220806,0.07161770708952275,3.944135929154811,0.06414292770638236,0.03207146385319104,0.20957891153928626,0.5296388330868063,S007,S095,6.0,3.0,3.0,1.0,1.4,0.3999999999999999,5.0,5.0,0.0,0.1432354141790455,21.944145079298917,18.071626857233632,3.8725182220652847,6.686238287228732,2.6704846509844034,4.0157536362443285,0.3656944214491003,0.33333333333333337,0.032361088115766934,0.2686111571017995,0.33333333333333337,0.06472217623153387,0.30469349628645215,0.14777223279792728,0.15692126348852486,1.4382146501709978,1.173395233627595,0.2648194165434028
7,139,MP_vent_PEEP_Jmin,compliance_dominant,severe_mixed,15.257906792070187,15.370051692536029,0.007349953174712339,0.05607245023292062,3.5427452840312306,0.15068059553879337,0.0753402977693966,0.18046944032127216,0.4746843205949356,S007,S139,6.0,3.0,3.0,1.0,1.0,0.0,5.0,5.0,0.0,0.11214490046584125,21.944145079298917,18.457472245500618,3.4866728337982984,6.686238287228732,3.0874205529645846,3.598817734264147,0.3656944214491003,0.2906291624171965,0.07506525903190381,0.2686111571017995,0.41874167516560684,0.15013051806380734,0.30469349628645215,0.16727212220065538,0.13742137408579677,1.4382146501709978,1.2008724898735308,0.23734216029746702
7,144,MP_vent_PEEP_Jmin,compliance_dominant,severe_mixed,15.257906792070187,15.171820427822368,0.005642082195216974,0.04304318212390967,7.426128444964821,0.138737010931625,0.06936850546581252,0.1840103615816669,0.9895840738156634,S007,S144,6.0,9.0,3.0,1.0,0.6,0.4,5.0,5.0,0.0,0.08608636424781935,21.944145079298917,29.32723034213984,7.383085262840922,6.686238287228732,14.155409914317463,7.469171627088731,0.3656944214491003,0.2927010094021838,0.0729934120469165,0.2686111571017995,0.41459798119563224,0.14598682409383273,0.30469349628645215,0.48267121542595093,0.17797771913949878,1.4382146501709978,1.9330066870788303,0.49479203690783247
8,10,MP_vent_PEEP_Jmin,compliance_dominant,compliance_dominant,17.946619118167156,18.41377057145053,0.026030053360328056,0.23357572664168735,5.694301102974816,0.013173288410922968,0.0065866442054615115,0.1334347791515499,0.5726895571336714,S008,S010,6.0,9.0,3.0,1.4,1.0,0.3999999999999999,5.0,5.0,0.0,0.4671514532833747,25.17051208786791,31.098388917484407,5.927876829616498,7.223892969700748,12.684618346033876,5.460725376333127,0.3765106580699571,0.36503477740896484,0.011475880660992255,0.24697868386008587,0.26993044518207043,0.022951761321984565,0.28699825194190776,0.40788667154722663,0.12088841960531888,1.4025211056264124,1.6888658841932476,0.28634477856683516
8,59,MP_vent_PEEP_Jmin,compliance_dominant,resistance_dominant,17.946619118167156,18.685540254248643,0.04117327788683527,0.36946056804074345,8.774062267933605,0.16880720366217916,0.17122203859015478,0.1798628191002024,0.8677480272889879,S008,S059,6.0,12.0,6.0,1.4,1.4,0.0,5.0,5.0,0.0,0.7389211360814869,25.17051208786791,34.31403492384225,9.143522835974341,7.223892969700748,15.628494669593614,8.404601699892865,0.3765106580699571,0.5473453145208274,0.17083465645087026,0.24697868386008587,0.0946906290416545,0.15228805481843138,0.28699825194190776,0.4554548803217119,0.16845662837980413,1.4025211056264124,1.8363951192709058,0.4338740136444934
8,60,MP_vent_PEEP_Jmin,compliance_dominant,resistance_dominant,17.946619118167156,18.474686234727518,0.02942432293700406,3.3431479307347693,3.88074503896598,0.16106472165221364,0.17509327959513749,0.4459963352846298,0.8050422112528242,S008,S060,6.0,0.0,6.0,1.4,0.6,0.7999999999999999,5.0,10.0,5.0,0.5280671165603614,25.17051208786791,18.474686234727518,6.695825853140391,7.223892969700748,0.0,7.223892969700748,0.3765106580699571,0.5472804593845153,0.1707698013145582,0.24697868386008587,0.0945609187690307,0.15241776509105517,0.28699825194190776,0.0,0.28699825194190776,1.4025211056264124,1.0,0.4025211056264124
8,61,MP_vent_PEEP_Jmin,compliance_dominant,resistance_dominant,17.946619118167156,18.474686234727518,0.02942432293700406,3.3431479307347693,3.88074503896598,0.16106472165221364,0.17509327959513749,0.4459963352846298,0.8050422112528242,S008,S061,6.0,0.0,6.0,1.4,1.0,0.3999999999999999,5.0,10.0,5.0,0.5280671165603614,25.17051208786791,18.474686234727518,6.695825853140391,7.223892969700748,0.0,7.223892969700748,0.3765106580699571,0.5472804593845153,0.1707698013145582,0.24697868386008587,0.0945609187690307,0.15241776509105517,0.28699825194190776,0.0,0.28699825194190776,1.4025211056264124,1.0,0.4025211056264124
8,62,MP_vent_PEEP_Jmin,compliance_dominant,resistance_dominant,17.946619118167156,18.474686234727518,0.02942432293700406,3.3431479307347693,3.88074503896598,0.16106472165221364,0.17509327959513749,0.4459963352846298,0.8050422112528242,S008,S062,6.0,0.0,6.0,1.4,1.4,0.0,5.0,10.0,5.0,0.5280671165603614,25.17051208786791,18.474686234727518,6.695825853140391,7.223892969700748,0.0,7.223892969700748,0.3765106580699571,0.5472804593845153,0.1707698013145582,0.24697868386008587,0.0945609187690307,0.15241776509105517,0.28699825194190776,0.0,0.28699825194190776,1.4025211056264124,1.0,0.4025211056264124
8,140,MP_vent_PEEP_Jmin,compliance_dominant,severe_mixed,17.946619118167156,17.377471065007136,0.03171338564732109,0.2845740265800103,4.367954912049571,0.15988772159302522,0.07994386079651256,0.18050928268558458,0.4435958221340748,S008,S140,6.0,3.0,3.0,1.4,1.4,0.0,5.0,5.0,0.0,0.5691480531600206,25.17051208786791,20.517983149238322,4.652528938629587,7.223892969700748,3.14051208423119,4.083380885469558,0.3765106580699571,0.2935900461201762,0.0829206119497809,0.24697868386008587,0.4128199077596478,0.1658412238995619,0.28699825194190776,0.15306144182830045,0.1339368101136073,1.4025211056264124,1.1807231945593746,0.22179791106703783
9,53,MP_vent_PEEP_Jmin,compliance_dominant,resistance_dominant,12.469692105894431,12.421884499578917,0.0038339043105094202,0.023903803157756975,5.56282877567951,0.1431227654285432,0.15650718390301693,0.18501022532485606,0.8853561668487306,S009,S053,9.0,6.0,3.0,0.6,1.4,0.7999999999999999,5.0,5.0,0.0,0.04780760631551395,22.910471657851698,17.32373907901443,5.5867325788372675,10.44077955195727,4.901854579435515,5.538924972521755,0.374680628679803,0.5470508431774482,0.17237021449764522,0.2506387426403941,0.09410168635489646,0.15653705628549763,0.45572084712534006,0.282955922914673,0.17276492421066708,1.837292489926187,1.3946144065018218,0.4426780834243653
9,55,MP_vent_PEEP_Jmin,compliance_dominant,resistance_dominant,12.469692105894431,12.555333309488212,0.006867948532049011,0.0428206017968904,1.7281010627707154,0.1571828249751635,0.1494771541297067,0.04609057056114496,0.2935212241275065,S009,S055,9.0,9.0,0.0,0.6,1.0,0.4,5.0,5.0,0.0,0.0856412035937808,22.910471657851698,21.22519119687787,1.6852804609738286,10.44077955195727,8.66985788738966,1.7709216645676094,0.374680628679803,0.5348358641848732,0.16015523550507016,0.2506387426403941,0.06967172836974625,0.18096701427064785,0.45572084712534006,0.40847019030221776,0.047250656823122295,1.837292489926187,1.6905318778624336,0.14676061206375346
9,96,MP_vent_PEEP_Jmin,compliance_dominant,mixed,12.469692105894431,11.961838801472782,0.040727012351939866,0.2539266522108248,3.903105283933586,0.10526476671604487,0.05263238335802245,0.09437483820290393,0.5390403478016061,S009,S096,9.0,6.0,3.0,0.6,0.6,0.0,5.0,5.0,0.0,0.5078533044216496,22.910471657851698,18.753439721707288,4.15703193614441,10.44077955195727,6.7916009202345045,3.6491786317227657,0.374680628679803,0.33333333333333326,0.04134729534646975,0.2506387426403941,0.33333333333333326,0.08269459069293916,0.45572084712534006,0.3621522782496888,0.09356856887565124,1.837292489926187,1.567772316025384,0.2695201739008031
9,99,MP_vent_PEEP_Jmin,compliance_dominant,mixed,12.469692105894431,12.887340817446002,0.03349310536337528,0.20882435577578562,2.6330337587165644,0.10526476671604487,0.05263238335802245,0.040170581112249026,0.3219462110481257,S009,S099,9.0,9.0,0.0,0.6,0.6,0.0,5.0,5.0,0.0,0.41764871155157124,22.910471657851698,25.752329772344044,2.8418581144923465,10.44077955195727,12.864988954898047,2.424209402940777,0.374680628679803,0.33333333333333337,0.04134729534646964,0.2506387426403941,0.33333333333333337,0.08269459069293927,0.45572084712534006,0.49956602251630156,0.0438451753909615,1.837292489926187,1.99826559545025,0.16097310552406285
9,138,MP_vent_PEEP_Jmin,compliance_dominant,severe_mixed,12.469692105894431,12.69867948461064,0.01836351505487182,0.11449368935810433,7.556703946093048,0.18549954582133646,0.09274977291066827,0.32239207708568396,1.2383849923083885,S009,S138,9.0,3.0,6.0,0.6,0.6,0.0,5.0,5.0,0.0,0.22898737871620867,22.910471657851698,15.468261401116752,7.4422102567349455,10.44077955195727,2.769581916506114,7.671197635451156,0.374680628679803,0.2917718137588914,0.08290881492091162,0.2506387426403941,0.41645637248221723,0.16581762984182313,0.45572084712534006,0.1790493349372904,0.27667151218804964,1.837292489926187,1.2180999937719927,0.6191924961541944
10,59,MP_vent_PEEP_Jmin,compliance_dominant,resistance_dominant,18.41377057145053,18.685540254248643,0.01475904577737463,0.1358848413990561,3.0797611649587893,0.18198049207310213,0.1778086827956163,0.04642803994865252,0.2950584701553165,S010,S059,9.0,12.0,3.0,1.0,1.4,0.3999999999999999,5.0,5.0,0.0,0.2717696827981122,31.098388917484407,34.31403492384225,3.2156460063578436,12.684618346033876,15.628494669593614,2.9438763235597385,0.36503477740896484,0.5473453145208274,0.18231053711186251,0.26993044518207043,0.0946906290416545,0.17523981614041595,0.40788667154722663,0.4554548803217119,0.047568208774485254,1.6888658841932476,1.8363951192709058,0.14752923507765825
10,60,MP_vent_PEEP_Jmin,compliance_dominant,resistance_dominant,18.41377057145053,18.474686234727518,0.003308158046208791,3.109572204093082,9.575046141940796,0.1742380100631366,0.181679923800599,0.5794311144361797,1.3777317683864956,S010,S060,9.0,0.0,9.0,1.0,0.6,0.4,5.0,10.0,5.0,0.06091566327698672,31.098388917484407,18.474686234727518,12.623702682756889,12.684618346033876,0.0,12.684618346033876,0.36503477740896484,0.5472804593845153,0.18224568197555047,0.26993044518207043,0.0945609187690307,0.17536952641303974,0.40788667154722663,0.0,0.40788667154722663,1.6888658841932476,1.0,0.6888658841932476
10,61,MP_vent_PEEP_Jmin,compliance_dominant,resistance_dominant,18.41377057145053,18.474686234727518,0.003308158046208791,3.109572204093082,9.575046141940796,0.1742380100631366,0.181679923800599,0.5794311144361797,1.3777317683864956,S010,S061,9.0,0.0,9.0,1.0,1.0,0.0,5.0,10.0,5.0,0.06091566327698672,31.098388917484407,18.474686234727518,12.623702682756889,12.684618346033876,0.0,12.684618346033876,0.36503477740896484,0.5472804593845153,0.18224568197555047,0.26993044518207043,0.0945609187690307,0.17536952641303974,0.40788667154722663,0.0,0.40788667154722663,1.6888658841932476,1.0,0.6888658841932476
10,62,MP_vent_PEEP_Jmin,compliance_dominant,resistance_dominant,18.41377057145053,18.474686234727518,0.003308158046208791,3.109572204093082,9.575046141940796,0.1742380100631366,0.181679923800599,0.5794311144361797,1.3777317683864956,S010,S062,9.0,0.0,9.0,1.0,1.4,0.3999999999999999,5.0,10.0,5.0,0.06091566327698672,31.098388917484407,18.474686234727518,12.623702682756889,12.684618346033876,0.0,12.684618346033876,0.36503477740896484,0.5472804593845153,0.18224568197555047,0.26993044518207043,0.0945609187690307,0.17536952641303974,0.40788667154722663,0.0,0.40788667154722663,1.6888658841932476,1.0,0.6888658841932476
10,142,MP_vent_PEEP_Jmin,compliance_dominant,severe_mixed,18.41377057145053,19.277994372067308,0.04693355971083432,0.43211190030838864,3.795108640021585,0.1530925897716724,0.07654629488583614,0.11207848372904833,0.5003170703141504,S010,S142,9.0,6.0,3.0,1.0,1.0,0.0,5.0,5.0,0.0,0.8642238006167773,31.098388917484407,27.735392177771217,3.3629967397131892,12.684618346033876,8.457397805703904,4.227220540329972,0.36503477740896484,0.28933614450207523,0.0756986329068896,0.26993044518207043,0.42132771099584965,0.1513972658137792,0.40788667154722663,0.30493161053919265,0.10295506100803398,1.6888658841932476,1.438707349036173,0.25015853515707454
11,13,MP_vent_PEEP_Jmin,compliance_dominant,compliance_dominant,22.446839060595973,21.56963435083086,0.03907920876507692,0.4386023548825566,6.009381038594906,0.012504700465442609,0.006252350232721304,0.09962191022711875,0.6486243561349796,S011,S013,9.0,12.0,3.0,1.4,1.0,0.3999999999999999,5.0,5.0,0.0,0.8772047097651132,36.45202801541804,42.022806699130385,5.570778683712348,14.005188954822065,20.453172348299525,6.447983393477459,0.37664707170615785,0.3651756514224458,0.011471420283712064,0.24670585658768435,0.26964869715510836,0.022942840567424017,0.38420877293571487,0.4867159991177548,0.10250722618203995,1.6239270000116541,1.9482391780791442,0.32431217806749
11,64,MP_vent_PEEP_Jmin,compliance_dominant,resistance_dominant,22.446839060595973,21.673238517017015,0.03446367399394623,3.225406147713354,8.045807849901024,0.17397815103885944,0.16788407622923246,0.39602011197476966,1.0586362034955028,S011,S064,9.0,3.0,6.0,1.4,1.0,0.3999999999999999,5.0,10.0,5.0,0.7736005435789579,36.45202801541804,24.4072134742247,12.044814541193336,14.005188954822065,2.733974957207688,11.271213997614378,0.37664707170615785,0.5412791682001729,0.164632096494015,0.24670585658768435,0.08255833640034564,0.1641475201873387,0.38420877293571487,0.11201503850879616,0.27219373442691874,1.6239270000116541,1.126145197685204,0.4977818023264502
11,65,MP_vent_PEEP_Jmin,compliance_dominant,resistance_dominant,22.446839060595973,23.172428050729796,0.0323247735761401,4.224865836855209,7.062763105052326,0.16661453511378224,0.17156588419177105,0.40553402714899345,1.071940625281234,S011,S065,9.0,3.0,6.0,1.4,1.4,0.0,5.0,10.0,5.0,0.7255889901338222,36.45202801541804,25.889988063644324,10.562039951773713,14.005188954822065,2.717560012914531,11.287628941907535,0.37664707170615785,0.5460243940451319,0.16937732233897407,0.24670585658768435,0.09204878809026369,0.15465706849742067,0.38420877293571487,0.10496567268528907,0.2792431002504258,1.6239270000116541,1.117275583161383,0.5066514168502712
11,69,MP_vent_PEEP_Jmin,compliance_dominant,resistance_dominant,22.446839060595973,21.81144740114609,0.02830650933677668,3.3175454037994054,0.5011674210545394,0.1577009678122444,0.1760226678425399,0.14318097529607338,0.5473175379566371,S011,S069,9.0,9.0,0.0,1.4,0.6,0.7999999999999999,5.0,10.0,5.0,0.6353916594498834,36.45202801541804,31.997923531114203,4.4541044843038335,14.005188954822065,10.18647612996812,3.818712824853945,0.37664707170615785,0.5437277673748941,0.1670806956687363,0.24670585658768435,0.08745553474978818,0.15925032183789617,0.38420877293571487,0.3183480365550275,0.06586073638068735,1.6239270000116541,1.4670243080444474,0.15690269196720674
11,72,MP_vent_PEEP_Jmin,compliance_dominant,resistance_dominant,22.446839060595973,22.92370112328557,0.02124406297930383,4.059047885225727,5.654775136415292,0.15201296626350544,0.17886666861690942,0.049975584139057116,0.2270164754384738,S011,S072,9.0,12.0,3.0,1.4,0.6,0.7999999999999999,5.0,10.0,5.0,0.4768620626895981,36.45202801541804,38.52461732929721,2.0725893138791704,14.005188954822065,15.600916206011632,1.595727251189567,0.37664707170615785,0.5455552359019941,0.1689081641958362,0.24670585658768435,0.09111047180398832,0.15559538478369603,0.38420877293571487,0.404959667026918,0.02075089409120312,1.6239270000116541,1.6805583497232237,0.05663134971156958
11,103,MP_vent_PEEP_Jmin,compliance_dominant,mixed,22.446839060595973,23.417305933594722,0.043234010382439236,0.48523343649937445,9.099855980945964,0.07846018158467122,0.03923009079233558,0.10379165446781258,0.6840344557548623,S011,S103,9.0,12.0,3.0,1.4,1.0,0.3999999999999999,5.0,5.0,0.0,0.9704668729987489,36.45202801541804,46.03711743286338,9.585089417445346,14.005188954822065,22.619811499268657,8.614622544446592,0.37664707170615785,0.33333333333333326,0.043313738372824595,0.24670585658768435,0.33333333333333326,0.08662747674564891,0.38420877293571487,0.4913385711487142,0.10712979821299934,1.6239270000116541,1.965944227889086,0.34201722787743183
11,143,MP_vent_PEEP_Jmin,compliance_dominant,severe_mixed,22.446839060595973,23.292833117009465,0.037688783446511255,0.4229970282067459,4.5754111940350946,0.16135368764072394,0.080676843820362,0.1190350556316982,0.4745018974829722,S011,S143,9.0,6.0,3.0,1.4,1.4,0.0,5.0,5.0,0.0,0.8459940564134918,36.45202801541804,32.2996138495897,4.15241416582834,14.005188954822065,9.006780732580225,4.9984082222418404,0.37664707170615785,0.2934080300245243,0.08323904168163354,0.24670585658768435,0.4131839399509512,0.16647808336326686,0.38420877293571487,0.27885103439695264,0.10535773853876224,1.6239270000116541,1.3866760512701686,0.23725094874148556
11,145,MP_vent_PEEP_Jmin,compliance_dominant,severe_mixed,22.446839060595973,23.185937051598586,0.03292659554458396,0.36954899550130627,2.4742917988971946,0.16731402934400408,0.08365701467200204,0.026393846767792772,0.14177556054752305,S011,S145,9.0,9.0,0.0,1.4,1.0,0.3999999999999999,5.0,5.0,0.0,0.7390979910026125,36.45202801541804,39.29586880981653,2.8438407943984956,14.005188954822065,16.109931758217957,2.104742803395892,0.37664707170615785,0.2888851632524661,0.08776190845369175,0.24670585658768435,0.422229673495068,0.17552381690738367,0.38420877293571487,0.4099650229439264,0.025756250008211523,1.6239270000116541,1.6948147802854154,0.0708877802737613
12,94,MP_vent_PEEP_Jmin,compliance_dominant,mixed,13.644196396756094,13.437452560543498,0.015152511016460363,0.10337191810629776,14.216881927535072,0.11413569990445832,0.057067849952229244,0.42754965961812225,2.0628045468196383,S012,S094,12.0,3.0,9.0,0.6,1.0,0.4,5.0,5.0,0.0,0.2067438362125955,30.413092942786857,16.09283909714548,14.320253845641378,16.76889654603076,2.6553865366019855,14.113510009428774,0.37852423484167746,0.3333333333333334,0.04519090150834404,0.24295153031664496,0.3333333333333334,0.09038180301668847,0.5513709696536431,0.16500423079933693,0.38636673885430617,2.2290131319142814,1.197610858504462,1.0314022734098194
12,102,MP_vent_PEEP_Jmin,compliance_dominant,mixed,13.644196396756094,13.812842833419198,0.012360305565756903,0.08432321833155232,4.038862044893239,0.11413569990445849,0.05706784995222908,0.03922004442387339,0.5425776846147743,S012,S102,12.0,12.0,0.0,0.6,0.6,0.0,5.0,5.0,0.0,0.16864643666310464,30.413092942786857,34.536278206011644,4.123185263224787,16.76889654603076,20.72343537259245,3.9545388265616914,0.37852423484167746,0.3333333333333333,0.04519090150834415,0.24295153031664496,0.3333333333333333,0.09038180301668836,0.5513709696536431,0.6000483100401124,0.048677340386469314,2.2290131319142814,2.5003019742216686,0.27128884230738715
12,141,MP_vent_PEEP_Jmin,compliance_dominant,severe_mixed,13.644196396756094,13.935249956216497,0.021331674727989188,0.14552677973020156,9.135317878355288,0.19175948561756234,0.09587974280878131,0.19281691693893444,1.3833341109827706,S012,S141,12.0,6.0,6.0,0.6,0.6,0.0,5.0,5.0,0.0,0.2910535594604031,30.413092942786857,21.423301844161767,8.98979109862509,16.76889654603076,7.488051887945268,9.280844658085492,0.37852423484167746,0.2917919291514803,0.08673230569019719,0.24295153031664496,0.41641614169703944,0.17346461138039448,0.5513709696536431,0.34952837533705833,0.20184259431658474,2.2290131319142814,1.5373460764228963,0.6916670554913851
13,64,MP_vent_PEEP_Jmin,compliance_dominant,resistance_dominant,21.56963435083086,21.673238517017015,0.004803241654495849,3.6640085025959106,14.05518888849593,0.18648285150430205,0.17413642646195376,0.4956420222018884,1.7072605596304824,S013,S064,12.0,3.0,9.0,1.0,1.0,0.0,5.0,10.0,5.0,0.10360416618615531,42.022806699130385,24.4072134742247,17.615593224905684,20.453172348299525,2.733974957207688,17.719197391091836,0.3651756514224458,0.5412791682001729,0.17610351677772706,0.26964869715510836,0.08255833640034564,0.1870903607547627,0.4867159991177548,0.11201503850879616,0.37470096060895863,1.9482391780791442,1.126145197685204,0.8220939803939402
13,66,MP_vent_PEEP_Jmin,compliance_dominant,resistance_dominant,21.56963435083086,20.699193679006555,0.04035491087454506,3.0146452772556067,11.657017000758916,0.1749650142650752,0.17989534508156707,0.35949151932996376,1.4775120311935117,S013,S066,12.0,6.0,6.0,1.0,0.6,0.4,5.0,10.0,5.0,0.870440671824305,42.022806699130385,26.480703749291557,15.542102949838828,20.453172348299525,5.781510070285002,14.671662278014523,0.3651756514224458,0.542811548604958,0.17763589718251216,0.26964869715510836,0.08562309720991573,0.18402559994519263,0.4867159991177548,0.2183291699881532,0.26838682912960166,1.9482391780791442,1.2793108833098508,0.6689282947692934
13,69,MP_vent_PEEP_Jmin,compliance_dominant,resistance_dominant,21.56963435083086,21.81144740114609,0.011210808972564488,3.756147758681962,6.510548459649446,0.17020566827768702,0.1822750180752612,0.24280288552319212,1.1959418940916167,S013,S069,12.0,9.0,3.0,1.0,0.6,0.4,5.0,10.0,5.0,0.24181305031522982,42.022806699130385,31.997923531114203,10.024883168016181,20.453172348299525,10.18647612996812,10.266696218331404,0.3651756514224458,0.5437277673748941,0.17855211595244835,0.26964869715510836,0.08745553474978818,0.18219316240532019,0.4867159991177548,0.3183480365550275,0.1683679625627273,1.9482391780791442,1.4670243080444474,0.48121487003469676
13,98,MP_vent_PEEP_Jmin,compliance_dominant,mixed,21.56963435083086,20.691449642972024,0.040713935784683714,0.4390923539294178,13.152816134718108,0.06595548111922866,0.03297774055961422,0.2268087657943687,1.1483965444869066,S013,S098,12.0,6.0,6.0,1.0,1.4,0.3999999999999999,5.0,5.0,0.0,0.8781847078588356,42.022806699130385,28.430898210482862,13.591908488647523,20.453172348299525,7.7394485675108395,12.713723780788685,0.3651756514224458,0.33333333333333337,0.03184231808911242,0.26964869715510836,0.33333333333333337,0.06368463617822501,0.4867159991177548,0.27221962915885645,0.21449636995889837,1.9482391780791442,1.374040905835691,0.5741982722434531
14,15,MP_vent_PEEP_Jmin,compliance_dominant,compliance_dominant,26.94705900302477,26.838537699928576,0.004027203973688252,4.418828965106666,18.480555641683985,0.007317974051526316,0.0036589870257631163,0.6295724488449302,1.6995832164259728,S014,S015,12.0,0.0,12.0,1.4,0.6,0.7999999999999999,5.0,10.0,5.0,0.10852130309619312,49.846443609815424,26.838537699928576,23.007905909886848,22.899384606790655,0.0,22.899384606790655,0.376789694062963,0.3767282287348079,6.146532815509698e-05,0.246420611874074,0.24654354253038419,0.00012293065631019395,0.4593985638381925,0.0,0.4593985638381925,1.8497916082129864,1.0,0.8497916082129864
14,16,MP_vent_PEEP_Jmin,compliance_dominant,compliance_dominant,26.94705900302477,26.838537699928576,0.004027203973688252,4.418828965106666,18.480555641683985,0.007317974051526316,0.0036589870257631163,0.6295724488449302,1.6995832164259728,S014,S016,12.0,0.0,12.0,1.4,1.0,0.3999999999999999,5.0,10.0,5.0,0.10852130309619312,49.846443609815424,26.838537699928576,23.007905909886848,22.899384606790655,0.0,22.899384606790655,0.376789694062963,0.3767282287348079,6.146532815509698e-05,0.246420611874074,0.24654354253038419,0.00012293065631019395,0.4593985638381925,0.0,0.4593985638381925,1.8497916082129864,1.0,0.8497916082129864
14,17,MP_vent_PEEP_Jmin,compliance_dominant,compliance_dominant,26.94705900302477,26.838537699928576,0.004027203973688252,4.418828965106666,18.480555641683985,0.007317974051526316,0.0036589870257631163,0.6295724488449302,1.6995832164259728,S014,S017,12.0,0.0,12.0,1.4,1.4,0.0,5.0,10.0,5.0,0.10852130309619312,49.846443609815424,26.838537699928576,23.007905909886848,22.899384606790655,0.0,22.899384606790655,0.376789694062963,0.3767282287348079,6.146532815509698e-05,0.246420611874074,0.24654354253038419,0.00012293065631019395,0.4593985638381925,0.0,0.4593985638381925,1.8497916082129864,1.0,0.8497916082129864
14,68,MP_vent_PEEP_Jmin,compliance_dominant,resistance_dominant,26.94705900302477,27.87016986673212,0.03425646055117675,5.106583742975694,10.901484460305234,0.168090161780945,0.16981643569143795,0.35902161998513693,1.3286857782440995,S014,S068,12.0,6.0,6.0,1.4,1.4,0.0,5.0,10.0,5.0,0.9231108637073504,49.846443609815424,34.76148627024184,15.084957339573585,22.899384606790655,6.891316403509719,16.008068203280935,0.376789694062963,0.5454826718325426,0.16869297776957964,0.246420611874074,0.09096534366508525,0.15545526820898875,0.4593985638381925,0.19824573523512276,0.26115282860306976,1.8497916082129864,1.2472649587879154,0.602526649425071
14,70,MP_vent_PEEP_Jmin,compliance_dominant,resistance_dominant,26.94705900302477,28.070343081596064,0.04168484874157169,5.240032552884994,5.802310821020086,0.18238754733097204,0.16266774291642433,0.24171483538991628,1.0659763596223872,S014,S070,12.0,9.0,3.0,1.4,1.0,0.3999999999999999,5.0,10.0,5.0,1.1232840785712952,49.846443609815424,39.92738431448164,9.919059295333781,22.899384606790655,11.85704123288557,11.042343373905085,0.376789694062963,0.5362582684276135,0.1594685743646505,0.246420611874074,0.07251653685522706,0.17390407501884692,0.4593985638381925,0.296965139000729,0.16243342483746348,1.8497916082129864,1.4224045712023907,0.42738703701059566
14,101,MP_vent_PEEP_Jmin,compliance_dominant,mixed,26.94705900302477,25.981757079694805,0.03582216238223288,0.4826509616649819,8.17514381887634,0.07947181675142284,0.039735908375711504,0.09027832759019361,0.5290009726666587,S014,S101,12.0,9.0,3.0,1.4,1.4,0.0,5.0,5.0,0.0,0.9653019233299638,49.846443609815424,41.18864882927409,8.65779478054133,22.899384606790655,15.20689174957929,7.692492857211365,0.376789694062963,0.33333333333333337,0.043456360729629606,0.246420611874074,0.33333333333333337,0.08691272145925938,0.4593985638381925,0.36920103430951257,0.09019752952867993,1.8497916082129864,1.5852911218796566,0.2645004863333298
14,148,MP_vent_PEEP_Jmin,compliance_dominant,severe_mixed,26.94705900302477,27.093879731129867,0.0054484880182515474,0.07341036405254897,3.2190481677686407,0.16810088028547543,0.08405044014273771,0.02826366013337256,0.2229928538133863,S014,S148,12.0,12.0,0.0,1.4,1.0,0.3999999999999999,5.0,5.0,0.0,0.14682072810509794,49.846443609815424,53.13890214163661,3.2924585318211896,22.899384606790655,26.04502241050674,3.1456378037160846,0.376789694062963,0.2887847733483835,0.0880049207145795,0.246420611874074,0.4224304533032329,0.17600984142915893,0.4593985638381925,0.4901309842850394,0.030732420446846875,1.8497916082129864,1.96128803511968,0.11149642690669359
15,16,MP_vent_PEEP_Jmin,compliance_dominant,compliance_dominant,26.838537699928576,26.838537699928576,0.0,0.0,0.0,0.0,0.0,0.0,0.0,S015,S016,0.0,0.0,0.0,0.6,1.0,0.4,10.0,10.0,0.0,0.0,26.838537699928576,26.838537699928576,0.0,0.0,0.0,0.0,0.3767282287348079,0.3767282287348079,0.0,0.24654354253038419,0.24654354253038419,0.0,0.0,0.0,0.0,1.0,1.0,0.0
15,17,MP_vent_PEEP_Jmin,compliance_dominant,compliance_dominant,26.838537699928576,26.838537699928576,0.0,0.0,0.0,0.0,0.0,0.0,0.0,S015,S017,0.0,0.0,0.0,0.6,1.4,0.7999999999999999,10.0,10.0,0.0,0.0,26.838537699928576,26.838537699928576,0.0,0.0,0.0,0.0,0.3767282287348079,0.3767282287348079,0.0,0.24654354253038419,0.24654354253038419,0.0,0.0,0.0,0.0,1.0,1.0,0.0
15,68,MP_vent_PEEP_Jmin,compliance_dominant,resistance_dominant,26.838537699928576,27.87016986673212,0.03843846406007019,0.6877547778690278,7.579071181378751,0.1607721877294187,0.16615744866567483,0.2705508288597933,0.37089743818187326,S015,S068,0.0,6.0,6.0,0.6,1.4,0.7999999999999999,10.0,10.0,0.0,1.0316321668035435,26.838537699928576,34.76148627024184,7.922948570313263,0.0,6.891316403509719,6.891316403509719,0.3767282287348079,0.5454826718325426,0.16875444309773474,0.24654354253038419,0.09096534366508525,0.15557819886529894,0.0,0.19824573523512276,0.19824573523512276,1.0,1.2472649587879154,0.24726495878791543
15,70,MP_vent_PEEP_Jmin,compliance_dominant,resistance_dominant,26.838537699928576,28.070343081596064,0.045896888848410186,0.8212035877783279,12.678244820663899,0.17506957327944572,0.1590087558906612,0.38785761345501396,0.6336068568035855,S015,S070,0.0,9.0,9.0,0.6,1.0,0.4,10.0,10.0,0.0,1.2318053816674883,26.838537699928576,39.92738431448164,13.088846614553066,0.0,11.85704123288557,11.85704123288557,0.3767282287348079,0.5362582684276135,0.1595300396928056,0.24654354253038419,0.07251653685522706,0.1740270056751571,0.0,0.296965139000729,0.296965139000729,1.0,1.4224045712023907,0.4224045712023907
15,101,MP_vent_PEEP_Jmin,compliance_dominant,mixed,26.838537699928576,25.981757079694805,0.031923520938923984,4.901479926771648,10.305411822807645,0.08678979080294916,0.04339489540147462,0.5392941212547366,1.170582243759314,S015,S101,0.0,9.0,9.0,0.6,1.4,0.7999999999999999,10.0,5.0,5.0,0.8567806202337707,26.838537699928576,41.18864882927409,14.350111129345517,0.0,15.20689174957929,15.20689174957929,0.3767282287348079,0.33333333333333337,0.04339489540147451,0.24654354253038419,0.33333333333333337,0.08678979080294918,0.0,0.36920103430951257,0.36920103430951257,1.0,1.5852911218796566,0.5852911218796566
15,148,MP_vent_PEEP_Jmin,compliance_dominant,severe_mixed,26.838537699928576,27.093879731129867,0.009514006838083826,4.345418601054117,21.699603809452626,0.17541885433700175,0.08770942716850083,0.6578361089783028,1.922576070239359,S015,S148,0.0,12.0,12.0,0.6,1.0,0.4,10.0,5.0,5.0,0.25534203120129106,26.838537699928576,53.13890214163661,26.300364441708037,0.0,26.04502241050674,26.04502241050674,0.3767282287348079,0.2887847733483835,0.0879434553864244,0.24654354253038419,0.4224304533032329,0.17588691077284874,0.0,0.4901309842850394,0.4901309842850394,1.0,1.96128803511968,0.96128803511968
16,17,MP_vent_PEEP_Jmin,compliance_dominant,compliance_dominant,26.838537699928576,26.838537699928576,0.0,0.0,0.0,0.0,0.0,0.0,0.0,S016,S017,0.0,0.0,0.0,1.0,1.4,0.3999999999999999,10.0,10.0,0.0,0.0,26.838537699928576,26.838537699928576,0.0,0.0,0.0,0.0,0.3767282287348079,0.3767282287348079,0.0,0.24654354253038419,0.24654354253038419,0.0,0.0,0.0,0.0,1.0,1.0,0.0
16,68,MP_vent_PEEP_Jmin,compliance_dominant,resistance_dominant,26.838537699928576,27.87016986673212,0.03843846406007019,0.6877547778690278,7.579071181378751,0.1607721877294187,0.16615744866567483,0.2705508288597933,0.37089743818187326,S016,S068,0.0,6.0,6.0,1.0,1.4,0.3999999999999999,10.0,10.0,0.0,1.0316321668035435,26.838537699928576,34.76148627024184,7.922948570313263,0.0,6.891316403509719,6.891316403509719,0.3767282287348079,0.5454826718325426,0.16875444309773474,0.24654354253038419,0.09096534366508525,0.15557819886529894,0.0,0.19824573523512276,0.19824573523512276,1.0,1.2472649587879154,0.24726495878791543
16,70,MP_vent_PEEP_Jmin,compliance_dominant,resistance_dominant,26.838537699928576,28.070343081596064,0.045896888848410186,0.8212035877783279,12.678244820663899,0.17506957327944572,0.1590087558906612,0.38785761345501396,0.6336068568035855,S016,S070,0.0,9.0,9.0,1.0,1.0,0.0,10.0,10.0,0.0,1.2318053816674883,26.838537699928576,39.92738431448164,13.088846614553066,0.0,11.85704123288557,11.85704123288557,0.3767282287348079,0.5362582684276135,0.1595300396928056,0.24654354253038419,0.07251653685522706,0.1740270056751571,0.0,0.296965139000729,0.296965139000729,1.0,1.4224045712023907,0.4224045712023907
16,101,MP_vent_PEEP_Jmin,compliance_dominant,mixed,26.838537699928576,25.981757079694805,0.031923520938923984,4.901479926771648,10.305411822807645,0.08678979080294916,0.04339489540147462,0.5392941212547366,1.170582243759314,S016,S101,0.0,9.0,9.0,1.0,1.4,0.3999999999999999,10.0,5.0,5.0,0.8567806202337707,26.838537699928576,41.18864882927409,14.350111129345517,0.0,15.20689174957929,15.20689174957929,0.3767282287348079,0.33333333333333337,0.04339489540147451,0.24654354253038419,0.33333333333333337,0.08678979080294918,0.0,0.36920103430951257,0.36920103430951257,1.0,1.5852911218796566,0.5852911218796566
16,148,MP_vent_PEEP_Jmin,compliance_dominant,severe_mixed,26.838537699928576,27.093879731129867,0.009514006838083826,4.345418601054117,21.699603809452626,0.17541885433700175,0.08770942716850083,0.6578361089783028,1.922576070239359,S016,S148,0.0,12.0,12.0,1.0,1.0,0.0,10.0,5.0,5.0,0.25534203120129106,26.838537699928576,53.13890214163661,26.300364441708037,0.0,26.04502241050674,26.04502241050674,0.3767282287348079,0.2887847733483835,0.0879434553864244,0.24654354253038419,0.4224304533032329,0.17588691077284874,0.0,0.4901309842850394,0.4901309842850394,1.0,1.96128803511968,0.96128803511968
17,68,MP_vent_PEEP_Jmin,compliance_dominant,resistance_dominant,26.838537699928576,27.87016986673212,0.03843846406007019,0.6877547778690278,7.579071181378751,0.1607721877294187,0.16615744866567483,0.2705508288597933,0.37089743818187326,S017,S068,0.0,6.0,6.0,1.4,1.4,0.0,10.0,10.0,0.0,1.0316321668035435,26.838537699928576,34.76148627024184,7.922948570313263,0.0,6.891316403509719,6.891316403509719,0.3767282287348079,0.5454826718325426,0.16875444309773474,0.24654354253038419,0.09096534366508525,0.15557819886529894,0.0,0.19824573523512276,0.19824573523512276,1.0,1.2472649587879154,0.24726495878791543
17,70,MP_vent_PEEP_Jmin,compliance_dominant,resistance_dominant,26.838537699928576,28.070343081596064,0.045896888848410186,0.8212035877783279,12.678244820663899,0.17506957327944572,0.1590087558906612,0.38785761345501396,0.6336068568035855,S017,S070,0.0,9.0,9.0,1.4,1.0,0.3999999999999999,10.0,10.0,0.0,1.2318053816674883,26.838537699928576,39.92738431448164,13.088846614553066,0.0,11.85704123288557,11.85704123288557,0.3767282287348079,0.5362582684276135,0.1595300396928056,0.24654354253038419,0.07251653685522706,0.1740270056751571,0.0,0.296965139000729,0.296965139000729,1.0,1.4224045712023907,0.4224045712023907
17,101,MP_vent_PEEP_Jmin,compliance_dominant,mixed,26.838537699928576,25.981757079694805,0.031923520938923984,4.901479926771648,10.305411822807645,0.08678979080294916,0.04339489540147462,0.5392941212547366,1.170582243759314,S017,S101,0.0,9.0,9.0,1.4,1.4,0.0,10.0,5.0,5.0,0.8567806202337707,26.838537699928576,41.18864882927409,14.350111129345517,0.0,15.20689174957929,15.20689174957929,0.3767282287348079,0.33333333333333337,0.04339489540147451,0.24654354253038419,0.33333333333333337,0.08678979080294918,0.0,0.36920103430951257,0.36920103430951257,1.0,1.5852911218796566,0.5852911218796566
17,148,MP_vent_PEEP_Jmin,compliance_dominant,severe_mixed,26.838537699928576,27.093879731129867,0.009514006838083826,4.345418601054117,21.699603809452626,0.17541885433700175,0.08770942716850083,0.6578361089783028,1.922576070239359,S017,S148,0.0,12.0,12.0,1.4,1.0,0.3999999999999999,10.0,5.0,5.0,0.25534203120129106,26.838537699928576,53.13890214163661,26.300364441708037,0.0,26.04502241050674,26.04502241050674,0.3767282287348079,0.2887847733483835,0.0879434553864244,0.24654354253038419,0.4224304533032329,0.17588691077284874,0.0,0.4901309842850394,0.4901309842850394,1.0,1.96128803511968,0.96128803511968
18,68,MP_vent_PEEP_Jmin,compliance_dominant,resistance_dominant,28.600294136221013,27.87016986673212,0.02552855806347191,0.48674951299259916,3.003868618488603,0.16466842761731115,0.16810556860962106,0.11919046234907169,0.1925409715054509,S018,S068,3.0,6.0,3.0,0.6,1.4,0.7999999999999999,10.0,10.0,0.0,0.7301242694888934,32.00099240824953,34.76148627024184,2.760493861992309,3.4006982720285186,6.891316403509719,3.4906181314812,0.37326728518362606,0.5454826718325426,0.17221538664891656,0.25346542963274793,0.09096534366508525,0.1625000859676627,0.1062685253208539,0.19824573523512276,0.09197720991426886,1.118904311117615,1.2472649587879154,0.12836064767030053
18,70,MP_vent_PEEP_Jmin,compliance_dominant,resistance_dominant,28.600294136221013,28.070343081596064,0.018529566587701243,0.3533007030832991,8.103042257773751,0.1789658131673382,0.16095687583460744,0.23649724694429233,0.4552503901271632,S018,S070,3.0,9.0,6.0,0.6,1.0,0.4,10.0,10.0,0.0,0.5299510546249486,32.00099240824953,39.92738431448164,7.926391906232112,3.4006982720285186,11.85704123288557,8.45634296085705,0.37326728518362606,0.5362582684276135,0.16299098324398742,0.25346542963274793,0.07251653685522706,0.18094889277752085,0.1062685253208539,0.296965139000729,0.19069661367987512,1.118904311117615,1.4224045712023907,0.3035002600847758
18,146,MP_vent_PEEP_Jmin,compliance_dominant,severe_mixed,28.600294136221013,29.208195169011812,0.021255062269479236,4.4627651729747715,9.735342500043835,0.16580808762136678,0.0829040438106835,0.3951371233474975,1.0267029930548266,S018,S146,3.0,9.0,6.0,0.6,1.4,0.7999999999999999,10.0,5.0,5.0,0.6079010327907994,32.00099240824953,46.80700111405894,14.806008705809411,3.4006982720285186,17.59880594504712,14.1981076730186,0.37326728518362606,0.2933225646373279,0.07994472054629814,0.25346542963274793,0.4133548707253441,0.15988944109259617,0.1062685253208539,0.37598661580908554,0.26971809048823164,1.118904311117615,1.6025297298656245,0.4836254187480096
19,21,MP_vent_PEEP_Jmin,compliance_dominant,compliance_dominant,31.57233336899905,30.36205057251348,0.03833365061557191,0.8068551976570397,3.3874925460725613,0.010856215728489327,0.005428107864244691,0.12821568335287445,0.21485059835939957,S019,S021,3.0,6.0,3.0,1.0,0.6,0.4,10.0,10.0,0.0,1.210282796485572,35.60331074103701,38.58737568828104,2.984064947244029,4.030977372037959,8.225325115767568,4.194347743729609,0.37106426150939464,0.37250607365526145,0.0014418121458668054,0.2578714769812106,0.2549878526894772,0.0028836242917333887,0.11321917226624045,0.2131610395641804,0.09994186729793994,1.127674357321844,1.2709080895614437,0.1432337322395998
19,24,MP_vent_PEEP_Jmin,compliance_dominant,compliance_dominant,31.57233336899905,32.12380700880593,0.017466990271564026,0.36764909320459793,10.81055225238379,0.015367323949889877,0.007683661974944911,0.24255737833200466,0.4843367777265728,S019,S024,3.0,9.0,6.0,1.0,0.6,0.4,10.0,10.0,0.0,0.5514736398068827,35.60331074103701,46.597687540023095,10.994376798986082,4.030977372037959,14.473880531217157,10.442903159179199,0.37106426150939464,0.3733695906532251,0.00230532914383047,0.2578714769812106,0.25326081869354966,0.00461065828766094,0.11321917226624045,0.31061370843318,0.19739453616693953,1.127674357321844,1.450565542472893,0.322891185151049
19,71,MP_vent_PEEP_Jmin,compliance_dominant,resistance_dominant,31.57233336899905,32.567911682734426,0.031533251030249676,0.6637188758235837,9.15401067557119,0.17445989186209637,0.1722040237462119,0.20503389758982174,0.3851881290324586,S019,S071,3.0,9.0,6.0,1.0,1.4,0.3999999999999999,10.0,10.0,0.0,0.9955783137353755,35.60331074103701,45.08918085451998,9.485870113482967,4.030977372037959,12.521269171785557,8.490291799747599,0.37106426150939464,0.5452861283658862,0.17422186685649155,0.2578714769812106,0.0905722567317724,0.16729922024943822,0.11321917226624045,0.2777000809170912,0.16448090865085074,1.127674357321844,1.3844664433434826,0.2567920860216386
19,73,MP_vent_PEEP_Jmin,compliance_dominant,resistance_dominant,31.57233336899905,31.26889536388557,0.009610883097143133,0.2022920034089779,14.012863175908816,0.18896813291015113,0.16494990322218472,0.30601785010316274,0.6837735838953112,S019,S073,3.0,12.0,9.0,1.0,1.0,0.0,10.0,10.0,0.0,0.30343800511348107,35.60331074103701,49.515027915241326,13.911717174204313,4.030977372037959,18.24613255135575,14.21515517931779,0.37106426150939464,0.5354209302020131,0.16435666869261845,0.2578714769812106,0.0708418604040262,0.18702961657718442,0.11321917226624045,0.3684968648829009,0.25527769261666045,1.127674357321844,1.5835234132520517,0.45584905593020775
19,104,MP_vent_PEEP_Jmin,compliance_dominant,mixed,31.57233336899905,31.272064516417537,0.009510505576896908,5.412189987790594,15.629646837361175,0.07389936365607297,0.036949681828036596,0.45517588404596176,1.4120163784615616,S019,S104,3.0,12.0,9.0,1.0,1.4,0.3999999999999999,10.0,5.0,5.0,0.3002688525815138,35.60331074103701,56.34487871360726,20.741567972570245,4.030977372037959,25.07281419718972,21.041836825151762,0.37106426150939464,0.33333333333333337,0.037730928176061274,0.2578714769812106,0.33333333333333337,0.07546185635212277,0.11321917226624045,0.4449883426785095,0.33176917041226905,1.127674357321844,1.8017639572221633,0.6740895999003194
19,105,MP_vent_PEEP_Jmin,compliance_dominant,mixed,31.57233336899905,30.332504308579374,0.03926947830967311,0.8265527069464476,4.857530078984411,0.07389936365607314,0.03694968182803643,0.16072990499819703,0.19151153598276593,S019,S105,3.0,0.0,3.0,1.0,0.6,0.4,10.0,10.0,0.0,1.2398290604196767,35.60331074103701,30.332504308579374,5.27080643245764,4.030977372037959,0.0,4.030977372037959,0.37106426150939464,0.3333333333333333,0.03773092817606133,0.2578714769812106,0.3333333333333333,0.07546185635212271,0.11321917226624045,0.0,0.11321917226624045,1.127674357321844,1.0,0.12767435732184396
19,106,MP_vent_PEEP_Jmin,compliance_dominant,mixed,31.57233336899905,30.332504308579374,0.03926947830967311,0.8265527069464476,4.857530078984411,0.07389936365607314,0.03694968182803643,0.16072990499819703,0.19151153598276593,S019,S106,3.0,0.0,3.0,1.0,1.0,0.0,10.0,10.0,0.0,1.2398290604196767,35.60331074103701,30.332504308579374,5.27080643245764,4.030977372037959,0.0,4.030977372037959,0.37106426150939464,0.3333333333333333,0.03773092817606133,0.2578714769812106,0.3333333333333333,0.07546185635212271,0.11321917226624045,0.0,0.11321917226624045,1.127674357321844,1.0,0.12767435732184396
19,107,MP_vent_PEEP_Jmin,compliance_dominant,mixed,31.57233336899905,30.332504308579374,0.03926947830967311,0.8265527069464476,4.857530078984411,0.07389936365607314,0.03694968182803643,0.16072990499819703,0.19151153598276593,S019,S107,3.0,0.0,3.0,1.0,1.4,0.3999999999999999,10.0,10.0,0.0,1.2398290604196767,35.60331074103701,30.332504308579374,5.27080643245764,4.030977372037959,0.0,4.030977372037959,0.37106426150939464,0.3333333333333333,0.03773092817606133,0.2578714769812106,0.3333333333333333,0.07546185635212271,0.11321917226624045,0.0,0.11321917226624045,1.127674357321844,1.0,0.12767435732184396
19,108,MP_vent_PEEP_Jmin,compliance_dominant,mixed,31.57233336899905,31.720757332539172,0.004701076787877183,0.09894930902675014,0.1819852826770152,0.07389936365607308,0.036949681828036485,0.0021291755183266148,0.003030478063100084,S019,S108,3.0,3.0,0.0,1.0,0.6,0.4,10.0,10.0,0.0,0.14842396354012166,35.60331074103701,35.83477067822741,0.23145993719039382,4.030977372037959,4.114013345688228,0.08303597365026949,0.37106426150939464,0.3333333333333332,0.03773092817606144,0.2578714769812106,0.3333333333333332,0.0754618563521226,0.11321917226624045,0.11480506970811542,0.00158589744187497,1.127674357321844,1.1296946760305775,0.0020203187087335372
19,111,MP_vent_PEEP_Jmin,compliance_dominant,mixed,31.57233336899905,33.1090103564989,0.048671631885425226,1.0244513249999017,7.006559027369246,0.07389936365607297,0.036949681828036596,0.15134266230701096,0.26213016003557454,S019,S111,3.0,6.0,3.0,1.0,0.6,0.4,10.0,10.0,0.0,1.536676987499849,35.60331074103701,43.12209543090619,7.518784689869179,4.030977372037959,10.013085074407302,5.982107702369343,0.37106426150939464,0.33333333333333337,0.037730928176061274,0.2578714769812106,0.33333333333333337,0.07546185635212277,0.11321917226624045,0.23220311940664154,0.11898394714040109,1.127674357321844,1.30242779734556,0.17475344002371607
20,24,MP_vent_PEEP_Jmin,compliance_dominant,compliance_dominant,33.58886761357177,32.12380700880593,0.04361744556621708,0.9767070698438829,9.442629991943473,0.008436600026432262,0.004218300013216103,0.24997973296384826,0.49478191772023106,S020,S024,3.0,9.0,6.0,1.4,0.6,0.7999999999999999,10.0,10.0,0.0,1.4650606047658385,37.64341108300157,46.597687540023095,8.954276457021528,4.054543469429799,14.473880531217157,10.419337061787358,0.3755388961196097,0.3733695906532251,0.002169305466384608,0.24892220776078056,0.25326081869354966,0.004338610932769105,0.10770924719042498,0.31061370843318,0.20290446124275502,1.120710930659405,1.450565542472893,0.32985461181348796
20,27,MP_vent_PEEP_Jmin,compliance_dominant,compliance_dominant,33.58886761357177,33.885563445098356,0.008833159692668608,0.1977972210177228,18.289618269965185,0.013847368643392866,0.006923684321696488,0.34172996119332866,0.79927872447461,S020,S027,3.0,12.0,9.0,1.4,0.6,0.7999999999999999,10.0,10.0,0.0,0.2966958315265842,37.64341108300157,56.03192796347561,18.388516880474043,4.054543469429799,22.14636451837726,18.091821048947462,0.3755388961196097,0.375095190528138,0.0004437055914717214,0.24892220776078056,0.2498096189437241,0.0008874111829435538,0.10770924719042498,0.3952454488593246,0.28753620166889965,1.120710930659405,1.6535634136424782,0.5328524829830732
20,71,MP_vent_PEEP_Jmin,compliance_dominant,resistance_dominant,33.58886761357177,32.567911682734426,0.030395663902191887,0.6806372872248971,7.786088415130873,0.16752916793863876,0.1687386617844831,0.21245625222166534,0.39563326902611684,S020,S071,3.0,9.0,6.0,1.4,1.4,0.0,10.0,10.0,0.0,1.0209559308373457,37.64341108300157,45.08918085451998,7.445769771518414,4.054543469429799,12.521269171785557,8.466725702355758,0.3755388961196097,0.5452861283658862,0.16974723224627647,0.24892220776078056,0.0905722567317724,0.15834995102900817,0.10770924719042498,0.2777000809170912,0.16999083372666624,1.120710930659405,1.3844664433434826,0.2637555126840776
20,111,MP_vent_PEEP_Jmin,compliance_dominant,mixed,33.58886761357177,33.1090103564989,0.01428619930250293,0.31990483804857917,5.638636766928929,0.08083008757953059,0.040415043789765404,0.15876501693885456,0.2725753000292328,S020,S111,3.0,6.0,3.0,1.4,0.6,0.7999999999999999,10.0,10.0,0.0,0.4798572570728723,37.64341108300157,43.12209543090619,5.478684347904625,4.054543469429799,10.013085074407302,5.958541604977503,0.3755388961196097,0.33333333333333337,0.04220556278627635,0.24892220776078056,0.33333333333333337,0.08441112557255281,0.10770924719042498,0.23220311940664154,0.12449387221621656,1.120710930659405,1.30242779734556,0.18171686668615505
20,114,MP_vent_PEEP_Jmin,compliance_dominant,mixed,33.58886761357177,34.497263380458705,0.027044548727802025,0.6055971779246185,14.248268894652067,0.08083008757953075,0.04041504378976524,0.2815627101212872,0.5884387814642729,S020,S114,3.0,9.0,6.0,1.4,0.6,0.7999999999999999,10.0,10.0,0.0,0.9083957668869331,37.64341108300157,52.194478566615956,14.55106748361439,4.054543469429799,17.697215186157244,13.642671716727445,0.3755388961196097,0.3333333333333332,0.04220556278627652,0.24892220776078056,0.3333333333333332,0.08441112557255265,0.10770924719042498,0.33906297509170896,0.231353727901284,1.120710930659405,1.513003451635587,0.39229252097618206
20,149,MP_vent_PEEP_Jmin,compliance_dominant,severe_mixed,33.58886761357177,35.123557221014146,0.04569042413392567,4.83079979854077,20.031244453661277,0.16358571967312124,0.08179285983656065,0.46884400106708357,1.4654973355643284,S020,S149,3.0,12.0,9.0,1.4,1.4,0.0,10.0,5.0,5.0,1.534689607442374,37.64341108300157,64.040144942646,26.396733859644428,4.054543469429799,28.916587721631853,24.862044252202054,0.3755388961196097,0.29327894642789787,0.08225994969171185,0.24892220776078056,0.4134421071442042,0.16451989938342365,0.10770924719042498,0.4515384490077184,0.34382920181729343,1.120710930659405,1.823281865776718,0.7025709351173131
20,150,MP_vent_PEEP_Jmin,compliance_dominant,severe_mixed,33.58886761357177,34.38632703901432,0.023741777621592963,0.5316396169616979,3.522903852468101,0.15942378221549297,0.07971189110774646,0.15330755036635343,0.18106639598910768,S020,S150,3.0,0.0,3.0,1.4,0.6,0.7999999999999999,10.0,10.0,0.0,0.7974594254425469,37.64341108300157,34.38632703901432,3.2570840439872484,4.054543469429799,0.0,4.054543469429799,0.3755388961196097,0.2940364860153521,0.08150241010425763,0.24892220776078056,0.41192702796929587,0.1630048202085153,0.10770924719042498,0.0,0.10770924719042498,1.120710930659405,1.0,0.12071093065940497
20,151,MP_vent_PEEP_Jmin,compliance_dominant,severe_mixed,33.58886761357177,34.38632703901432,0.023741777621592963,0.5316396169616979,3.522903852468101,0.15942378221549297,0.07971189110774646,0.15330755036635343,0.18106639598910768,S020,S151,3.0,0.0,3.0,1.4,1.0,0.3999999999999999,10.0,10.0,0.0,0.7974594254425469,37.64341108300157,34.38632703901432,3.2570840439872484,4.054543469429799,0.0,4.054543469429799,0.3755388961196097,0.2940364860153521,0.08150241010425763,0.24892220776078056,0.41192702796929587,0.1630048202085153,0.10770924719042498,0.0,0.10770924719042498,1.120710930659405,1.0,0.12071093065940497
20,152,MP_vent_PEEP_Jmin,compliance_dominant,severe_mixed,33.58886761357177,34.38632703901432,0.023741777621592963,0.5316396169616979,3.522903852468101,0.15942378221549297,0.07971189110774646,0.15330755036635343,0.18106639598910768,S020,S152,3.0,0.0,3.0,1.4,1.4,0.0,10.0,10.0,0.0,0.7974594254425469,37.64341108300157,34.38632703901432,3.2570840439872484,4.054543469429799,0.0,4.054543469429799,0.3755388961196097,0.2940364860153521,0.08150241010425763,0.24892220776078056,0.41192702796929587,0.1630048202085153,0.10770924719042498,0.0,0.10770924719042498,1.120710930659405,1.0,0.12071093065940497
21,73,MP_vent_PEEP_Jmin,compliance_dominant,resistance_dominant,30.36205057251348,31.26889536388557,0.029867705713956298,0.6045631942480618,10.625370629836254,0.1781119171816618,0.15952179535794003,0.17780216675028826,0.4689229855359116,S021,S073,6.0,12.0,6.0,0.6,1.0,0.4,10.0,10.0,0.0,0.906844791372091,38.58737568828104,49.515027915241326,10.927652226960284,8.225325115767568,18.24613255135575,10.020807435588182,0.37250607365526145,0.5354209302020131,0.16291485654675164,0.2549878526894772,0.0708418604040262,0.18414599228545103,0.2131610395641804,0.3684968648829009,0.1553358253187205,1.2709080895614437,1.5835234132520517,0.31261532369060796
21,104,MP_vent_PEEP_Jmin,compliance_dominant,mixed,30.36205057251348,31.272064516417537,0.029972084452289483,4.605334790133554,12.242154291288614,0.0847555793845623,0.04237778969228129,0.32696020069308734,1.197165780102162,S021,S104,6.0,12.0,6.0,0.6,1.4,0.7999999999999999,10.0,5.0,5.0,0.9100139439040582,38.58737568828104,56.34487871360726,17.757503025326216,8.225325115767568,25.07281419718972,16.847489081422154,0.37250607365526145,0.33333333333333337,0.03917274032192808,0.2549878526894772,0.33333333333333337,0.07834548064385616,0.2131610395641804,0.4449883426785095,0.23182730311432911,1.2709080895614437,1.8017639572221633,0.5308558676607196
21,105,MP_vent_PEEP_Jmin,compliance_dominant,mixed,30.36205057251348,30.332504308579374,0.0009731313721232202,0.019697509289407833,8.245022625056972,0.08475557938456246,0.04237778969228112,0.2889455883510715,0.4063621343421655,S021,S105,6.0,0.0,6.0,0.6,0.6,0.0,10.0,10.0,0.0,0.029546263934104644,38.58737568828104,30.332504308579374,8.254871379701669,8.225325115767568,0.0,8.225325115767568,0.37250607365526145,0.3333333333333333,0.039172740321928134,0.2549878526894772,0.3333333333333333,0.0783454806438561,0.2131610395641804,0.0,0.2131610395641804,1.2709080895614437,1.0,0.27090808956144374
21,106,MP_vent_PEEP_Jmin,compliance_dominant,mixed,30.36205057251348,30.332504308579374,0.0009731313721232202,0.019697509289407833,8.245022625056972,0.08475557938456246,0.04237778969228112,0.2889455883510715,0.4063621343421655,S021,S106,6.0,0.0,6.0,0.6,1.0,0.4,10.0,10.0,0.0,0.029546263934104644,38.58737568828104,30.332504308579374,8.254871379701669,8.225325115767568,0.0,8.225325115767568,0.37250607365526145,0.3333333333333333,0.039172740321928134,0.2549878526894772,0.3333333333333333,0.0783454806438561,0.2131610395641804,0.0,0.2131610395641804,1.2709080895614437,1.0,0.27090808956144374
21,107,MP_vent_PEEP_Jmin,compliance_dominant,mixed,30.36205057251348,30.332504308579374,0.0009731313721232202,0.019697509289407833,8.245022625056972,0.08475557938456246,0.04237778969228112,0.2889455883510715,0.4063621343421655,S021,S107,6.0,0.0,6.0,0.6,1.4,0.7999999999999999,10.0,10.0,0.0,0.029546263934104644,38.58737568828104,30.332504308579374,8.254871379701669,8.225325115767568,0.0,8.225325115767568,0.37250607365526145,0.3333333333333333,0.039172740321928134,0.2549878526894772,0.3333333333333333,0.0783454806438561,0.2131610395641804,0.0,0.2131610395641804,1.2709080895614437,1.0,0.27090808956144374
21,108,MP_vent_PEEP_Jmin,compliance_dominant,mixed,30.36205057251348,31.720757332539172,0.04475016457734644,0.9058045066837899,3.205507263395546,0.08475557938456241,0.042377789692281176,0.12608650783454783,0.21182012029629949,S021,S108,6.0,3.0,3.0,0.6,0.6,0.0,10.0,10.0,0.0,1.3587067600256937,38.58737568828104,35.83477067822741,2.7526050100536352,8.225325115767568,4.114013345688228,4.11131177007934,0.37250607365526145,0.3333333333333332,0.039172740321928246,0.2549878526894772,0.3333333333333332,0.07834548064385599,0.2131610395641804,0.11480506970811542,0.09835596985606497,1.2709080895614437,1.1296946760305775,0.14121341353086625
21,146,MP_vent_PEEP_Jmin,compliance_dominant,severe_mixed,30.36205057251348,29.208195169011812,0.03800321064435094,5.637269463836416,3.736211365443147,0.16767011609087246,0.08383505804543634,0.25755190150714763,0.7986973253890834,S021,S146,6.0,9.0,3.0,0.6,1.4,0.7999999999999999,10.0,5.0,5.0,1.153855403501666,38.58737568828104,46.80700111405894,8.219625425777899,8.225325115767568,17.59880594504712,9.37348082927955,0.37250607365526145,0.2933225646373279,0.07918350901793353,0.2549878526894772,0.4133548707253441,0.1583670180358669,0.2131610395641804,0.37598661580908554,0.16282557624490515,1.2709080895614437,1.6025297298656245,0.33162164030418073
22,74,MP_vent_PEEP_Jmin,compliance_dominant,resistance_dominant,36.30612903806955,37.26565349873675,0.02642871840347032,0.6396829737781395,10.414972603983763,0.18061194695756055,0.17525177466752562,0.15222742463652428,0.3830110910360902,S022,S074,6.0,12.0,6.0,1.0,1.4,0.3999999999999999,10.0,10.0,0.0,0.9595244606671969,46.13825772560597,56.873071816478806,10.734814090872838,9.832128687536432,19.60741831774206,9.775289630205627,0.3679802571577597,0.5452618156395744,0.1772815584818147,0.26403948568448077,0.0905236312791489,0.17351585440533185,0.2131014297507763,0.3447575045886807,0.1316560748379044,1.2708118146450351,1.5261525420024293,0.2553407273573942
22,75,MP_vent_PEEP_Jmin,compliance_dominant,resistance_dominant,36.30612903806955,36.94937246945506,0.01771721327578108,3.507943326711594,6.324185360824838,0.17099682937727428,0.18005933345766878,0.28887256619066154,0.40621772196755335,S022,S075,6.0,0.0,6.0,1.0,0.6,0.4,10.0,15.0,5.0,0.6432434313855069,46.13825772560597,36.94937246945506,9.188885256150911,9.832128687536432,0.0,9.832128687536432,0.3679802571577597,0.5472804593845157,0.17930020222675602,0.26403948568448077,0.09456091876903151,0.16947856691544927,0.2131014297507763,0.0,0.2131014297507763,1.2708118146450351,1.0,0.2708118146450351
22,76,MP_vent_PEEP_Jmin,compliance_dominant,resistance_dominant,36.30612903806955,36.94937246945506,0.01771721327578108,3.507943326711594,6.324185360824838,0.17099682937727428,0.18005933345766878,0.28887256619066154,0.40621772196755335,S022,S076,6.0,0.0,6.0,1.0,1.0,0.0,10.0,15.0,5.0,0.6432434313855069,46.13825772560597,36.94937246945506,9.188885256150911,9.832128687536432,0.0,9.832128687536432,0.3679802571577597,0.5472804593845157,0.17930020222675602,0.26403948568448077,0.09456091876903151,0.16947856691544927,0.2131014297507763,0.0,0.2131014297507763,1.2708118146450351,1.0,0.2708118146450351
22,77,MP_vent_PEEP_Jmin,compliance_dominant,resistance_dominant,36.30612903806955,36.94937246945506,0.01771721327578108,3.507943326711594,6.324185360824838,0.17099682937727428,0.18005933345766878,0.28887256619066154,0.40621772196755335,S022,S077,6.0,0.0,6.0,1.0,1.4,0.3999999999999999,10.0,15.0,5.0,0.6432434313855069,46.13825772560597,36.94937246945506,9.188885256150911,9.832128687536432,0.0,9.832128687536432,0.3679802571577597,0.5472804593845157,0.17930020222675602,0.26403948568448077,0.09456091876903151,0.16947856691544927,0.2131014297507763,0.0,0.2131014297507763,1.2708118146450351,1.0,0.2708118146450351
22,109,MP_vent_PEEP_Jmin,compliance_dominant,mixed,36.30612903806955,35.32243099510493,0.02709454488891233,0.6557986953097377,6.177009755713918,0.06777558518702753,0.033887792593513766,0.13413313145967196,0.223150581385001,S022,S109,6.0,3.0,3.0,1.0,1.0,0.0,10.0,10.0,0.0,0.9836980429646189,46.13825772560597,39.633348622237186,6.504909103368782,9.832128687536432,4.310917627132253,5.5212110604041795,0.3679802571577597,0.33333333333333337,0.03464692382442636,0.26403948568448077,0.33333333333333337,0.0692938476488526,0.2131014297507763,0.10876995704353669,0.10433147270723962,1.2708118146450351,1.1220447603883683,0.1487670542566668
22,114,MP_vent_PEEP_Jmin,compliance_dominant,mixed,36.30612903806955,34.497263380458705,0.049822597603675155,1.2059104384072334,6.659176060213582,0.06777558518702764,0.033887792593513655,0.14599769429697912,0.3632874554858272,S022,S114,6.0,9.0,3.0,1.0,0.6,0.4,10.0,10.0,0.0,1.8088656576108448,46.13825772560597,52.194478566615956,6.0562208410099885,9.832128687536432,17.697215186157244,7.865086498620812,0.3679802571577597,0.3333333333333332,0.03464692382442652,0.26403948568448077,0.3333333333333332,0.06929384764885244,0.2131014297507763,0.33906297509170896,0.12596154534093265,1.2708118146450351,1.513003451635587,0.2421916369905519
22,117,MP_vent_PEEP_Jmin,compliance_dominant,mixed,36.30612903806955,35.88551640441835,0.011585168807452887,0.28040842243413167,17.053866570967458,0.06777558518702753,0.033887792593513766,0.2428628117584764,0.7293269100832147,S022,S117,6.0,12.0,6.0,1.0,0.6,0.4,10.0,10.0,0.0,0.4206126336512028,46.13825772560597,63.051920085356365,16.913662359750397,9.832128687536432,27.166403680938018,17.334274993401586,0.3679802571577597,0.3333333333333333,0.03464692382442641,0.26403948568448077,0.3333333333333333,0.06929384764885255,0.2131014297507763,0.4308576748203952,0.2177562450696189,1.2708118146450351,1.7570297547005118,0.4862179400554767
22,149,MP_vent_PEEP_Jmin,compliance_dominant,severe_mixed,36.30612903806955,35.123557221014146,0.032572236379576396,6.642307414872622,12.442151619222791,0.15053121728061813,0.07526560864030907,0.3332789852427755,1.2403460095858827,S022,S149,6.0,12.0,6.0,1.0,1.4,0.3999999999999999,10.0,5.0,5.0,1.182571817055404,46.13825772560597,64.040144942646,17.901887217040027,9.832128687536432,28.916587721631853,19.08445903409542,0.3679802571577597,0.29327894642789787,0.07470131072986186,0.26403948568448077,0.4134421071442042,0.14940262145972344,0.2131014297507763,0.4515384490077184,0.23843701925694208,1.2708118146450351,1.823281865776718,0.5524700511316829
22,153,MP_vent_PEEP_Jmin,compliance_dominant,severe_mixed,36.30612903806955,36.241182746423135,0.0017888520028757054,0.04329752776427043,5.310706409754996,0.14817621415380444,0.07408810707690217,0.12996433183077094,0.2172868099653964,S022,S153,6.0,3.0,3.0,1.0,0.6,0.4,10.0,10.0,0.0,0.06494629164641452,46.13825772560597,40.80590255196884,5.332355173637126,9.832128687536432,4.564719805545712,5.26740888199072,0.3679802571577597,0.2927253856031375,0.07525487155462224,0.26403948568448077,0.41454922879372513,0.15050974310924436,0.2131014297507763,0.11186420395265756,0.10123722579811875,1.2708118146450351,1.1259539413347714,0.14485787331026367
22,156,MP_vent_PEEP_Jmin,compliance_dominant,severe_mixed,36.30612903806955,38.096038453831916,0.04930047524167392,1.1932729438415848,2.4394719223296093,0.14801036429231912,0.07400518214615959,0.014845572875696378,0.029982265576432354,S022,S156,6.0,6.0,0.0,1.0,0.6,0.4,10.0,10.0,0.0,1.7899094157623665,46.13825772560597,49.17436611985637,3.0361083942504052,9.832128687536432,11.078327666024457,1.2461989784880245,0.3679802571577597,0.29230741429929485,0.07567284285846487,0.26403948568448077,0.41538517140141024,0.15134568571692947,0.2131014297507763,0.2252866389578346,0.01218520920705829,1.2708118146450351,1.2907999916959905,0.019988177050955347
23,25,MP_vent_PEEP_Jmin,compliance_dominant,compliance_dominant,40.339197527215006,41.039924707140074,0.017370875547346197,0.46715145328337115,7.6486187940718935,0.013402132407900946,0.006701066203950556,0.11337205929165417,0.2559910574980524,S023,S025,6.0,9.0,3.0,1.4,1.0,0.3999999999999999,10.0,10.0,0.0,0.7007271799250674,50.561184132921916,58.4433786536355,7.882194520713583,10.2219866057069,17.40345394649543,7.181467340788528,0.37502658873084366,0.3663612622778419,0.008665326453001776,0.2499468225383126,0.2672774754443161,0.017330652906003524,0.20217063308553046,0.2977831594856441,0.09561252640011364,1.253400841670452,1.4240615466691535,0.17066070499870145
23,78,MP_vent_PEEP_Jmin,compliance_dominant,resistance_dominant,40.339197527215006,38.4323774323077,0.04726965859003167,1.9314847227541136,4.963843346599461,0.1639156157096326,0.17289039591279848,0.1719454689495638,0.26468959631484057,S023,S078,6.0,3.0,3.0,1.4,0.6,0.7999999999999999,10.0,15.0,5.0,1.906820094907303,50.561184132921916,41.75903596866105,8.802148164260863,10.2219866057069,3.3266585363533436,6.895328069353557,0.37502658873084366,0.5447185779790862,0.16969198924824253,0.2499468225383126,0.08943715595817228,0.16050966658014032,0.20217063308553046,0.07966320244676875,0.12250743063876171,1.253400841670452,1.0865587496431286,0.16684209202732347
23,79,MP_vent_PEEP_Jmin,compliance_dominant,resistance_dominant,40.339197527215006,41.214108845841,0.02168886275032437,4.017783282904077,2.407833917096511,0.17043273510351334,0.16963183621585826,0.16603194099037982,0.2572834698607236,S023,S079,6.0,3.0,3.0,1.4,1.0,0.3999999999999999,10.0,15.0,5.0,0.8749113186259905,50.561184132921916,45.01047825154731,5.550705881374604,10.2219866057069,3.796369405706322,6.425617200000579,0.37502658873084366,0.5427232040451674,0.16769661531432373,0.2499468225383126,0.08544640809033464,0.16450041444797797,0.20217063308553046,0.08434412503883616,0.1178265080466943,1.253400841670452,1.0921133444837159,0.16128749718673618
23,81,MP_vent_PEEP_Jmin,compliance_dominant,resistance_dominant,40.339197527215006,39.915382395160435,0.010506285648559134,3.0437384448936626,0.4845429282538518,0.16422885498944895,0.17273377627289027,0.07161420948313277,0.12413340820142982,S023,S081,6.0,6.0,0.0,1.4,0.6,0.7999999999999999,10.0,15.0,5.0,0.4238151320545711,50.561184132921916,47.57817348422754,2.983010648694375,10.2219866057069,7.662791089067098,2.559195516639803,0.37502658873084366,0.5436777708960535,0.16865118216520986,0.2499468225383126,0.08735554179210701,0.1625912807462056,0.20217063308553046,0.16105685712393647,0.04111377596159399,1.253400841670452,1.1919758907281865,0.06142495094226552
23,84,MP_vent_PEEP_Jmin,compliance_dominant,resistance_dominant,40.339197527215006,41.3983873580131,0.026257087292911818,4.155992167033158,6.942403219467508,0.16243536581858486,0.17363052085832237,0.019846152671744832,0.03886506245909804,S023,S084,6.0,9.0,3.0,1.4,0.6,0.7999999999999999,10.0,15.0,5.0,1.059189830798097,50.561184132921916,54.40678501615436,3.845600883232443,10.2219866057069,13.008397658141254,2.786411052434353,0.37502658873084366,0.5437279076133826,0.16870131888253898,0.2499468225383126,0.08745581522676524,0.16249100731154736,0.20217063308553046,0.2390951359151037,0.03692450282957324,1.253400841670452,1.3142247437235821,0.06082390205313004
23,112,MP_vent_PEEP_Jmin,compliance_dominant,mixed,40.339197527215006,40.312357681630495,0.0006653539790027793,0.017893230389674386,0.3816663103113598,0.07848512956571851,0.03924256478285926,0.007852549179850954,0.015120454503246394,S023,S112,6.0,6.0,0.0,1.4,1.0,0.3999999999999999,10.0,10.0,0.0,0.02683984558451158,50.561184132921916,50.93390382803844,0.3727196951165226,10.2219866057069,10.621546146407942,0.39955954070104127,0.37502658873084366,0.33333333333333326,0.0416932553975104,0.2499468225383126,0.33333333333333326,0.08338651079502066,0.20217063308553046,0.20853587390960834,0.0063652408240778835,1.253400841670452,1.2634811446726164,0.010080303002164337
23,154,MP_vent_PEEP_Jmin,compliance_dominant,severe_mixed,40.339197527215006,40.24824105831121,0.002254791232335092,0.0606376459358664,5.249061495600966,0.16230598928898138,0.08115299464449072,0.11745382217895314,0.1925068748870029,S023,S154,6.0,3.0,3.0,1.4,1.0,0.3999999999999999,10.0,10.0,0.0,0.09095646890379783,50.561184132921916,45.28180381435302,5.279380318568897,10.2219866057069,5.033562756041808,5.188423849665093,0.37502658873084366,0.2917533113648811,0.08327327736596257,0.2499468225383126,0.4164933772702379,0.16654655473192528,0.20217063308553046,0.11116082691136775,0.09100980617416271,1.253400841670452,1.1250629250791166,0.12833791659133542
23,159,MP_vent_PEEP_Jmin,compliance_dominant,severe_mixed,40.339197527215006,39.95089416124075,0.009625956632188555,0.25886891064950746,9.059968065079829,0.15759563751641337,0.07879781875820652,0.14777732428417084,0.35358032303919096,S023,S159,6.0,9.0,3.0,1.4,0.6,0.7999999999999999,10.0,10.0,0.0,0.3883033659742594,50.561184132921916,59.491717742677004,8.930533609755088,10.2219866057069,19.540823581436257,9.318836975729356,0.37502658873084366,0.29244675027637607,0.08257983845446759,0.2499468225383126,0.41510649944724787,0.16515967690893527,0.20217063308553046,0.3284629243007795,0.12629229121524904,1.253400841670452,1.4891210570299132,0.23572021535946108
23,162,MP_vent_PEEP_Jmin,compliance_dominant,severe_mixed,40.339197527215006,41.80574986864949,0.03635551600760205,0.9777015609563229,20.707922507030496,0.15610891527882254,0.07805445763941132,0.24258529185903877,0.6945908903401139,S023,S162,6.0,12.0,6.0,1.4,0.6,0.7999999999999999,10.0,10.0,0.0,1.466552341434486,50.561184132921916,71.75795742043057,21.196773287508655,10.2219866057069,29.952207551781072,19.73022094607417,0.37502658873084366,0.2928916520293099,0.08213493670153377,0.2499468225383126,0.41421669594138033,0.16426987340306773,0.20217063308553046,0.4174060777161033,0.21523544463057281,1.253400841670452,1.716461435230528,0.463060593560076
24,71,MP_vent_PEEP_Jmin,compliance_dominant,resistance_dominant,32.12380700880593,32.567911682734426,0.013824783401505081,0.29606978261898576,1.6565415768126002,0.1590925679122065,0.164520361771267,0.037523480742182924,0.09914864869411422,S024,S071,9.0,9.0,0.0,0.6,1.4,0.7999999999999999,10.0,10.0,0.0,0.44410467392849284,46.597687540023095,45.08918085451998,1.5085066855031144,14.473880531217157,12.521269171785557,1.9526113594316001,0.3733695906532251,0.5452861283658862,0.17191653771266108,0.25326081869354966,0.0905722567317724,0.16268856196177728,0.31061370843318,0.2777000809170912,0.032913627516088784,1.450565542472893,1.3844664433434826,0.06609909912941037
24,73,MP_vent_PEEP_Jmin,compliance_dominant,resistance_dominant,32.12380700880593,31.26889536388557,0.026613023938476883,0.5699410966135758,3.202310923525026,0.17360080896026125,0.1572662412472398,0.06346047177115804,0.19943680616873838,S024,S073,9.0,12.0,3.0,0.6,1.0,0.4,10.0,10.0,0.0,0.8549116449203638,46.597687540023095,49.515027915241326,2.917340375218231,14.473880531217157,18.24613255135575,3.772252020138593,0.3733695906532251,0.5354209302020131,0.16205133954878798,0.25326081869354966,0.0708418604040262,0.18241895828952348,0.31061370843318,0.3684968648829009,0.05788315644972092,1.450565542472893,1.5835234132520517,0.13295787077915877
24,104,MP_vent_PEEP_Jmin,compliance_dominant,mixed,32.12380700880593,31.272064516417537,0.026514369612384757,5.779839080995192,4.819094584977385,0.08926668760596285,0.04463334380298151,0.21261850571395713,0.9276796007349888,S024,S104,9.0,12.0,3.0,0.6,1.4,0.7999999999999999,10.0,5.0,5.0,0.8517424923883965,46.597687540023095,56.34487871360726,9.747191173584163,14.473880531217157,25.07281419718972,10.598933665972565,0.3733695906532251,0.33333333333333337,0.040036257319891744,0.25326081869354966,0.33333333333333337,0.08007251463978371,0.31061370843318,0.4449883426785095,0.13437463424532953,1.450565542472893,1.8017639572221633,0.3511984147492704
24,108,MP_vent_PEEP_Jmin,compliance_dominant,mixed,32.12380700880593,31.720757332539172,0.012546759360005964,0.2686997841778478,10.628566969706775,0.08926668760596296,0.044633343802981396,0.24042820281367805,0.4813062996634727,S024,S108,9.0,3.0,6.0,0.6,0.6,0.0,10.0,10.0,0.0,0.403049676266761,46.597687540023095,35.83477067822741,10.762916861795688,14.473880531217157,4.114013345688228,10.359867185528929,0.3733695906532251,0.3333333333333332,0.04003625731989191,0.25326081869354966,0.3333333333333332,0.08007251463978354,0.31061370843318,0.11480506970811542,0.19580863872506454,1.450565542472893,1.1296946760305775,0.32087086644231544
24,111,MP_vent_PEEP_Jmin,compliance_dominant,mixed,32.12380700880593,33.1090103564989,0.030668947407849187,0.6568022317953037,3.803993225014544,0.08926668760596285,0.04463334380298151,0.0912147160249937,0.22220661769099825,S024,S111,9.0,6.0,3.0,0.6,0.6,0.0,10.0,10.0,0.0,0.9852033476929662,46.597687540023095,43.12209543090619,3.475592109116903,14.473880531217157,10.013085074407302,4.460795456809855,0.3733695906532251,0.33333333333333337,0.040036257319891744,0.25326081869354966,0.33333333333333337,0.08007251463978371,0.31061370843318,0.23220311940664154,0.07841058902653844,1.450565542472893,1.30242779734556,0.1481377451273329
25,79,MP_vent_PEEP_Jmin,compliance_dominant,resistance_dominant,41.039924707140074,41.214108845841,0.004244260678933915,3.5506318296207056,10.056452711168404,0.18383486751141428,0.1763329024198088,0.279404000282034,0.513274527358776,S025,S079,9.0,3.0,6.0,1.0,1.0,0.0,10.0,15.0,5.0,0.17418413870092309,58.4433786536355,45.01047825154731,13.432900402088187,17.40345394649543,3.796369405706322,13.607084540789106,0.3663612622778419,0.5427232040451674,0.1763619417673255,0.2672774754443161,0.08544640809033464,0.18183106735398147,0.2977831594856441,0.08434412503883616,0.21343903444680795,1.4240615466691535,1.0921133444837159,0.33194820218543764
25,81,MP_vent_PEEP_Jmin,compliance_dominant,resistance_dominant,41.039924707140074,39.915382395160435,0.027401178730330177,2.5765869916102915,7.164075865818042,0.1776309873973499,0.17943484247684083,0.18498626877478694,0.3801244656994822,S025,S081,9.0,6.0,3.0,1.0,0.6,0.4,10.0,15.0,5.0,1.1245423119796385,58.4433786536355,47.57817348422754,10.865205169407957,17.40345394649543,7.662791089067098,9.74066285742833,0.3663612622778419,0.5436777708960535,0.17731650861821163,0.2672774754443161,0.08735554179210701,0.1799219336522091,0.2977831594856441,0.16105685712393647,0.13672630236170763,1.4240615466691535,1.1919758907281865,0.23208565594096697
25,84,MP_vent_PEEP_Jmin,compliance_dominant,resistance_dominant,41.039924707140074,41.3983873580131,0.00873448607498699,3.688840713749787,0.7062155746043857,0.1758374982264858,0.18033158706227292,0.09352590661990934,0.21712599503895436,S025,S084,9.0,9.0,0.0,1.0,0.6,0.4,10.0,15.0,5.0,0.35846265087302953,58.4433786536355,54.40678501615436,4.03659363748114,17.40345394649543,13.008397658141254,4.395056288354175,0.3663612622778419,0.5437279076133826,0.17736664533554075,0.2672774754443161,0.08745581522676524,0.1798216602175509,0.2977831594856441,0.2390951359151037,0.0586880235705404,1.4240615466691535,1.3142247437235821,0.10983680294557141
25,87,MP_vent_PEEP_Jmin,compliance_dominant,resistance_dominant,41.039924707140074,42.88139232086587,0.04487015088030658,4.801094435889354,6.761118732969763,0.17283483994053636,0.18183291620524766,0.012976626252081014,0.03401366550837359,S025,S087,9.0,12.0,3.0,1.0,0.6,0.4,10.0,15.0,5.0,1.841467613725797,58.4433786536355,62.2448705644417,3.801491910806199,17.40345394649543,19.363478243575837,1.960024297080409,0.3663612622778419,0.5445075008441111,0.17814623856626927,0.2672774754443161,0.08901500168822228,0.17826247375609383,0.2977831594856441,0.3110855250880305,0.013302365602386401,1.4240615466691535,1.4515589908715174,0.027497444202363885
25,112,MP_vent_PEEP_Jmin,compliance_dominant,mixed,41.039924707140074,40.312357681630495,0.01772827388698883,0.48504468367304554,7.266952483760534,0.06508299715781757,0.0325414985789087,0.10551951011180322,0.240870602994806,S025,S112,9.0,6.0,3.0,1.0,1.0,0.0,10.0,10.0,0.0,0.727567025509579,58.4433786536355,50.93390382803844,7.50947482559706,17.40345394649543,10.621546146407942,6.781907800087486,0.3663612622778419,0.33333333333333326,0.03302792894450862,0.2672774754443161,0.33333333333333326,0.06605585788901713,0.2977831594856441,0.20853587390960834,0.08924728557603576,1.4240615466691535,1.2634811446726164,0.16058040199653711
25,154,MP_vent_PEEP_Jmin,compliance_dominant,severe_mixed,41.039924707140074,40.24824105831121,0.019290572643061627,0.5277890992192376,12.89768028967286,0.14890385688108043,0.07445192844054016,0.2308258814706073,0.4484979323850553,S025,S154,9.0,3.0,6.0,1.0,1.0,0.0,10.0,10.0,0.0,0.7916836488288652,58.4433786536355,45.28180381435302,13.16157483928248,17.40345394649543,5.033562756041808,12.369891190453622,0.3663612622778419,0.2917533113648811,0.0746079509129608,0.2672774754443161,0.4164933772702379,0.14921590182592176,0.2977831594856441,0.11116082691136775,0.18662233257427635,1.4240615466691535,1.1250629250791166,0.2989986215900369
25,159,MP_vent_PEEP_Jmin,compliance_dominant,severe_mixed,41.039924707140074,39.95089416124075,0.0265358806983839,0.7260203639328786,1.4113492710079356,0.14419350510851242,0.07209675255425596,0.03440526499251667,0.09758926554113856,S025,S159,9.0,9.0,0.0,1.0,0.6,0.4,10.0,10.0,0.0,1.0890305458993268,58.4433786536355,59.491717742677004,1.0483390890415052,17.40345394649543,19.540823581436257,2.1373696349408284,0.3663612622778419,0.29244675027637607,0.07391451200146582,0.2672774754443161,0.41510649944724787,0.14782902400293174,0.2977831594856441,0.3284629243007795,0.030679764815135402,1.4240615466691535,1.4891210570299132,0.06505951036075963
25,162,MP_vent_PEEP_Jmin,compliance_dominant,severe_mixed,41.039924707140074,41.80574986864949,0.018660491386724726,0.5105501076729517,13.059303712958602,0.1427067828709216,0.07135339143546077,0.1292132325673846,0.4385998328420615,S025,S162,9.0,12.0,3.0,1.0,0.6,0.4,10.0,10.0,0.0,0.7658251615094187,58.4433786536355,71.75795742043057,13.314578766795073,17.40345394649543,29.952207551781072,12.548753605285643,0.3663612622778419,0.2928916520293099,0.07346961024853199,0.2672774754443161,0.41421669594138033,0.1469392204970642,0.2977831594856441,0.4174060777161033,0.11962291823045917,1.4240615466691535,1.716461435230528,0.29239988856137455
26,28,MP_vent_PEEP_Jmin,compliance_dominant,compliance_dominant,47.08952744085823,45.77372037621057,0.027942668702722412,0.8772047097651061,7.365419030318549,0.01359138646074537,0.0067956932303728235,0.0962501763259001,0.2870520943782344,S026,S028,9.0,12.0,3.0,1.4,1.0,0.3999999999999999,10.0,10.0,0.0,1.3158070646476574,65.59185684968952,72.51867352512548,6.926816675435958,18.50232940883129,26.744953148914927,8.242623740083637,0.37484081165277794,0.3655800777460688,0.009260733906709118,0.2503183766944442,0.2688398445078626,0.018521467813418402,0.2820827202869295,0.36880091497603895,0.08671819468910946,1.392918137309175,1.5842862002279972,0.19136806291882213
26,82,MP_vent_PEEP_Jmin,compliance_dominant,resistance_dominant,47.08952744085823,45.47884522222708,0.03420468002474803,2.7161156227648284,6.975102854232979,0.17745639426754298,0.16687082203243414,0.16553241411821443,0.3310560491334744,S026,S082,9.0,6.0,3.0,1.4,1.0,0.3999999999999999,10.0,15.0,5.0,1.6106822186311476,65.59185684968952,54.28995615406056,11.301900695628959,18.50232940883129,8.811110931833488,9.691218476997802,0.37484081165277794,0.5397197709968485,0.1648789593440706,0.2503183766944442,0.0794395419936969,0.17087883470074727,0.2820827202869295,0.16229725636229805,0.11978546392463144,1.392918137309175,1.193740867622716,0.1991772696864591
26,113,MP_vent_PEEP_Jmin,compliance_dominant,mixed,47.08952744085823,46.2034266187477,0.018817364927338043,0.5907338814070151,8.411124686300695,0.07773431416712773,0.038867157083563864,0.11332873521338616,0.24258673870857184,S026,S113,9.0,6.0,3.0,1.4,1.4,0.0,10.0,10.0,0.0,0.886100822110528,65.59185684968952,56.88536522268531,8.706491627004212,18.50232940883129,10.681938603937613,7.820390804893677,0.37484081165277794,0.33333333333333326,0.04150747831944468,0.2503183766944442,0.33333333333333326,0.08301495663888908,0.2820827202869295,0.1877800830164621,0.0943026372704674,1.392918137309175,1.2311936448367935,0.16172449247238152
26,115,MP_vent_PEEP_Jmin,compliance_dominant,mixed,47.08952744085823,45.3022843681562,0.037954151800455034,1.1914953818013494,0.7619392328055028,0.07773431416712767,0.03886715708356392,0.014493204584474062,0.037474811165467914,S026,S115,9.0,9.0,0.0,1.4,1.0,0.3999999999999999,10.0,10.0,0.0,1.7872430727020259,65.59185684968952,64.23416992598334,1.3576869237061828,18.50232940883129,18.931885557827137,0.4295561489958466,0.37484081165277794,0.3333333333333333,0.041507478319444624,0.2503183766944442,0.3333333333333333,0.08301495663888914,0.2820827202869295,0.29473231427513175,0.012649593988202257,1.392918137309175,1.41790134475282,0.024983207443644906
26,157,MP_vent_PEEP_Jmin,compliance_dominant,severe_mixed,47.08952744085823,46.11015507760809,0.020798092834551623,0.6529149088334236,6.8055621058063736,0.16427198199953874,0.08213599099976943,0.08421926399537205,0.18763222621670117,S026,S157,9.0,6.0,3.0,1.4,1.0,0.3999999999999999,10.0,10.0,0.0,0.9793723632501354,65.59185684968952,58.45983728946642,7.1320195602231,18.50232940883129,12.349682211858338,6.152647196972952,0.37484081165277794,0.2904210605071022,0.08441975114567574,0.2503183766944442,0.4191578789857956,0.16883950229135142,0.2820827202869295,0.211250711333806,0.0708320089531235,1.392918137309175,1.2678299864980405,0.12508815081113456
27,71,MP_vent_PEEP_Jmin,compliance_dominant,resistance_dominant,33.885563445098356,32.567911682734426,0.0388853431491201,0.8784345082426199,10.503529854834312,0.1536817992952459,0.1618149774627866,0.12927370897166335,0.4036454554484932,S027,S071,12.0,9.0,3.0,0.6,1.4,0.7999999999999999,10.0,10.0,0.0,1.31765176236393,56.03192796347561,45.08918085451998,10.94274710895563,22.14636451837726,12.521269171785557,9.625095346591705,0.375095190528138,0.5452861283658862,0.1701909378377482,0.2498096189437241,0.0905722567317724,0.15923736221195173,0.3952454488593246,0.2777000809170912,0.11754536794223341,1.6535634136424782,1.3844664433434826,0.2690969702989956
27,109,MP_vent_PEEP_Jmin,compliance_dominant,mixed,33.885563445098356,35.32243099510493,0.042403531295402495,0.9579117000043915,16.877535191240618,0.0946774562229235,0.047338728111461836,0.3402980768286925,0.7972779798811653,S027,S109,12.0,3.0,9.0,0.6,1.0,0.4,10.0,10.0,0.0,1.4368675500065748,56.03192796347561,39.633348622237186,16.398579341238424,22.14636451837726,4.310917627132253,17.83544689124501,0.375095190528138,0.33333333333333337,0.04176185719480463,0.2498096189437241,0.33333333333333337,0.08352371438960926,0.3952454488593246,0.10876995704353669,0.2864754918157879,1.6535634136424782,1.1220447603883683,0.5315186532541099
27,111,MP_vent_PEEP_Jmin,compliance_dominant,mixed,33.885563445098356,33.1090103564989,0.02291693009200315,0.517702059066302,12.650981503036256,0.09467745622292345,0.04733872811146189,0.18296494425447413,0.5267034244453772,S027,S111,12.0,6.0,6.0,0.6,0.6,0.0,10.0,10.0,0.0,0.7765530885994565,56.03192796347561,43.12209543090619,12.909832532569418,22.14636451837726,10.013085074407302,12.13327944396996,0.375095190528138,0.33333333333333337,0.04176185719480463,0.2498096189437241,0.33333333333333337,0.08352371438960926,0.3952454488593246,0.23220311940664154,0.16304232945268307,1.6535634136424782,1.30242779734556,0.35113561629691814
27,114,MP_vent_PEEP_Jmin,compliance_dominant,mixed,33.885563445098356,34.497263380458705,0.01805193342443397,0.40779995690689574,4.041349375313118,0.09467745622292362,0.047338728111461725,0.06016725107204146,0.21083994301033715,S027,S114,12.0,9.0,3.0,0.6,0.6,0.0,10.0,10.0,0.0,0.611699935360349,56.03192796347561,52.194478566615956,3.837449396859654,22.14636451837726,17.697215186157244,4.449149332220017,0.375095190528138,0.3333333333333332,0.0417618571948048,0.2498096189437241,0.3333333333333332,0.0835237143896091,0.3952454488593246,0.33906297509170896,0.05618247376761565,1.6535634136424782,1.513003451635587,0.14055996200689114
27,149,MP_vent_PEEP_Jmin,compliance_dominant,severe_mixed,33.885563445098356,35.123557221014146,0.036534548936203955,5.028597019558493,1.7416261836960913,0.1774330883165141,0.08871654415825714,0.1271140398737549,0.6662186110897184,S027,S149,12.0,12.0,0.0,0.6,1.4,0.7999999999999999,10.0,5.0,5.0,1.2379937759157897,56.03192796347561,64.040144942646,8.008216979170385,22.14636451837726,28.916587721631853,6.7702232032545915,0.375095190528138,0.29327894642789787,0.08181624410024013,0.2498096189437241,0.4134421071442042,0.1636324882004801,0.3952454488593246,0.4515384490077184,0.05629300014839378,1.6535634136424782,1.823281865776718,0.16971845213423986
27,150,MP_vent_PEEP_Jmin,compliance_dominant,severe_mixed,33.885563445098356,34.38632703901432,0.014778080781430818,0.33384239594397513,21.812522122433286,0.17327115085888584,0.08663557542944295,0.4950375115596821,0.9803451204637177,S027,S150,12.0,0.0,12.0,0.6,0.6,0.0,10.0,10.0,0.0,0.5007635939159627,56.03192796347561,34.38632703901432,21.64560092446129,22.14636451837726,0.0,22.14636451837726,0.375095190528138,0.2940364860153521,0.0810587045127859,0.2498096189437241,0.41192702796929587,0.16211740902557176,0.3952454488593246,0.0,0.3952454488593246,1.6535634136424782,1.0,0.6535634136424782
27,151,MP_vent_PEEP_Jmin,compliance_dominant,severe_mixed,33.885563445098356,34.38632703901432,0.014778080781430818,0.33384239594397513,21.812522122433286,0.17327115085888584,0.08663557542944295,0.4950375115596821,0.9803451204637177,S027,S151,12.0,0.0,12.0,0.6,1.0,0.4,10.0,10.0,0.0,0.5007635939159627,56.03192796347561,34.38632703901432,21.64560092446129,22.14636451837726,0.0,22.14636451837726,0.375095190528138,0.2940364860153521,0.0810587045127859,0.2498096189437241,0.41192702796929587,0.16211740902557176,0.3952454488593246,0.0,0.3952454488593246,1.6535634136424782,1.0,0.6535634136424782
27,152,MP_vent_PEEP_Jmin,compliance_dominant,severe_mixed,33.885563445098356,34.38632703901432,0.014778080781430818,0.33384239594397513,21.812522122433286,0.17327115085888584,0.08663557542944295,0.4950375115596821,0.9803451204637177,S027,S152,12.0,0.0,12.0,0.6,1.4,0.7999999999999999,10.0,10.0,0.0,0.5007635939159627,56.03192796347561,34.38632703901432,21.64560092446129,22.14636451837726,0.0,22.14636451837726,0.375095190528138,0.2940364860153521,0.0810587045127859,0.2498096189437241,0.41192702796929587,0.16211740902557176,0.3952454488593246,0.0,0.3952454488593246,1.6535634136424782,1.0,0.6535634136424782
28,82,MP_vent_PEEP_Jmin,compliance_dominant,resistance_dominant,45.77372037621057,45.47884522222708,0.006442018511056884,3.5933203325299345,14.340521884551528,0.19104778072828835,0.17366651526280696,0.26178259044411456,0.6181081435117088,S028,S082,12.0,6.0,6.0,1.0,1.0,0.0,10.0,15.0,5.0,0.2948751539834902,72.51867352512548,54.28995615406056,18.228717371064917,26.744953148914927,8.811110931833488,17.93384221708144,0.3655800777460688,0.5397197709968485,0.17413969325077971,0.2688398445078626,0.0794395419936969,0.18940030251416567,0.36880091497603895,0.16229725636229805,0.2065036586137409,1.5842862002279972,1.193740867622716,0.39054533260528124
28,113,MP_vent_PEEP_Jmin,compliance_dominant,mixed,45.77372037621057,46.2034266187477,0.00938761890022065,0.286470828358091,15.776543716619244,0.06414292770638236,0.03207146385319104,0.20957891153928626,0.5296388330868063,S028,S113,12.0,6.0,6.0,1.0,1.4,0.3999999999999999,10.0,10.0,0.0,0.4297062425371294,72.51867352512548,56.88536522268531,15.63330830244017,26.744953148914927,10.681938603937613,16.063014544977314,0.3655800777460688,0.33333333333333326,0.03224674441273556,0.2688398445078626,0.33333333333333326,0.06449348882547068,0.36880091497603895,0.1877800830164621,0.18102083195957686,1.5842862002279972,1.2311936448367935,0.35309255539120366
28,115,MP_vent_PEEP_Jmin,compliance_dominant,mixed,45.77372037621057,45.3022843681562,0.010299272250096199,0.3142906720362433,8.127358263124052,0.0641429277063823,0.032071463853191096,0.08175697174142604,0.2495772832127665,S028,S115,12.0,9.0,3.0,1.0,1.0,0.0,10.0,10.0,0.0,0.47143600805436847,72.51867352512548,64.23416992598334,8.284503599142141,26.744953148914927,18.931885557827137,7.8130675910877905,0.3655800777460688,0.3333333333333333,0.032246744412735506,0.2688398445078626,0.3333333333333333,0.06449348882547074,0.36880091497603895,0.29473231427513175,0.0740686007009072,1.5842862002279972,1.41790134475282,0.16638485547517723
28,157,MP_vent_PEEP_Jmin,compliance_dominant,severe_mixed,45.77372037621057,46.11015507760809,0.0073499531747122995,0.2242898009316825,14.170981136124922,0.15068059553879337,0.0753402977693966,0.18046944032127216,0.4746843205949356,S028,S157,12.0,6.0,6.0,1.0,1.0,0.0,10.0,10.0,0.0,0.33643470139752196,72.51867352512548,58.45983728946642,14.058836235659058,26.744953148914927,12.349682211858338,14.395270937056589,0.3655800777460688,0.2904210605071022,0.07515901723896662,0.2688398445078626,0.4191578789857956,0.15031803447793302,0.36880091497603895,0.211250711333806,0.15755020364223296,1.5842862002279972,1.2678299864980405,0.3164562137299567
29,30,MP_vent_PEEP_Jmin,compliance_dominant,compliance_dominant,53.83985735450147,53.677075399857166,0.0030234469896992058,4.364568313558564,24.531003565244433,0.009082097890860896,0.004541048945430448,0.4459963352846298,0.8050422112528242,S029,S030,12.0,0.0,12.0,1.4,0.6,0.7999999999999999,10.0,15.0,5.0,0.16278195464430212,82.73542923330444,53.677075399857166,29.058353833447278,28.895571878802993,0.0,28.895571878802993,0.37481783423406767,0.37672822873480827,0.0019103945007405976,0.2503643315318649,0.24654354253038344,0.003820789001481445,0.3492526979865033,0.0,0.3492526979865033,1.5366948075018827,1.0,0.5366948075018827
29,31,MP_vent_PEEP_Jmin,compliance_dominant,compliance_dominant,53.83985735450147,53.677075399857166,0.0030234469896992058,4.364568313558564,24.531003565244433,0.009082097890860896,0.004541048945430448,0.4459963352846298,0.8050422112528242,S029,S031,12.0,0.0,12.0,1.4,1.0,0.3999999999999999,10.0,15.0,5.0,0.16278195464430212,82.73542923330444,53.677075399857166,29.058353833447278,28.895571878802993,0.0,28.895571878802993,0.37481783423406767,0.37672822873480827,0.0019103945007405976,0.2503643315318649,0.24654354253038344,0.003820789001481445,0.3492526979865033,0.0,0.3492526979865033,1.5366948075018827,1.0,0.5366948075018827
29,32,MP_vent_PEEP_Jmin,compliance_dominant,compliance_dominant,53.83985735450147,53.677075399857166,0.0030234469896992058,4.364568313558564,24.531003565244433,0.009082097890860896,0.004541048945430448,0.4459963352846298,0.8050422112528242,S029,S032,12.0,0.0,12.0,1.4,1.4,0.0,10.0,15.0,5.0,0.16278195464430212,82.73542923330444,53.677075399857166,29.058353833447278,28.895571878802993,0.0,28.895571878802993,0.37481783423406767,0.37672822873480827,0.0019103945007405976,0.2503643315318649,0.24654354253038344,0.003820789001481445,0.3492526979865033,0.0,0.3492526979865033,1.5366948075018827,1.0,0.5366948075018827
29,33,MP_vent_PEEP_Jmin,compliance_dominant,compliance_dominant,53.83985735450147,56.026083981580406,0.04060609991375006,6.126324749850987,18.02418186383686,0.005647852749217919,0.0028239263746088206,0.3445293624346277,0.6921170657277462,S029,S033,12.0,3.0,9.0,1.4,0.6,0.7999999999999999,10.0,15.0,5.0,2.1862266270789377,82.73542923330444,60.77114924669555,21.964279986608894,28.895571878802993,4.745065265115145,24.15050661368785,0.37481783423406767,0.37430463258621743,0.0005132016478502366,0.2503643315318649,0.25139073482756524,0.0010264032957003622,0.3492526979865033,0.07808088745949066,0.27117181052701267,1.5366948075018827,1.0846938591438082,0.4520009483580745
29,86,MP_vent_PEEP_Jmin,compliance_dominant,resistance_dominant,53.83985735450147,55.740339733464246,0.03529880041191977,5.9120165637638635,7.478093407142254,0.16985428562027852,0.17069849761110517,0.17544550642483636,0.4341447730709507,S029,S086,12.0,9.0,3.0,1.4,1.4,0.0,10.0,15.0,5.0,1.9004823789627778,82.73542923330444,71.24580164136111,11.489627591943332,28.895571878802993,15.505461907896873,13.39010997090612,0.37481783423406767,0.5447863238430982,0.16996848960903055,0.2503643315318649,0.08957264768619635,0.16079168384566853,0.3492526979865033,0.2176333419048136,0.13161935608168973,1.5366948075018827,1.2781730786364047,0.258521728865478
29,88,MP_vent_PEEP_Jmin,compliance_dominant,resistance_dominant,53.83985735450147,54.00831797499907,0.0031289202604753963,4.613000244914986,1.7868612885377146,0.18346279128618798,0.16389424477815034,0.08893261322001117,0.24967811947807772,S029,S088,12.0,12.0,0.0,1.4,1.0,0.3999999999999999,10.0,15.0,5.0,0.1684606204976049,82.73542923330444,76.50402832034933,6.23140091295511,28.895571878802993,22.495710345350282,6.399861533452711,0.37481783423406767,0.5365382445534624,0.16172041031939477,0.2503643315318649,0.07307648910692466,0.17728784242494022,0.3492526979865033,0.2940460893268628,0.0552066086596405,1.5366948075018827,1.4165230688310593,0.12017173867082342
29,116,MP_vent_PEEP_Jmin,compliance_dominant,mixed,53.83985735450147,54.13888777383187,0.0055540715377730915,0.19935361288692377,9.075591461696604,0.0777076929120889,0.03885384645604456,0.09382449387177078,0.2614229863940025,S029,S116,12.0,9.0,3.0,1.4,1.4,0.0,10.0,10.0,0.0,0.29903041933039987,82.73542923330444,73.75951457805132,8.97591465525312,28.895571878802993,19.62062680421946,9.274945074583535,0.37481783423406767,0.33333333333333337,0.0414845009007343,0.2503643315318649,0.33333333333333337,0.08296900180146849,0.3492526979865033,0.2660080793164274,0.08324461867007593,1.5366948075018827,1.3624128165725473,0.17428199092933538
29,158,MP_vent_PEEP_Jmin,compliance_dominant,severe_mixed,53.83985735450147,52.13241319502141,0.03171338564732109,1.1382961063200412,17.471819648198284,0.15988772159302522,0.07994386079651256,0.18050928268558458,0.4435958221340748,S029,S158,12.0,6.0,6.0,1.4,1.4,0.0,10.0,10.0,0.0,1.7074441594800618,82.73542923330444,64.69446153194616,18.040967701358284,28.895571878802993,12.56204833692476,16.333523541878233,0.37481783423406767,0.29309755361667894,0.08172028061738873,0.2503643315318649,0.41380489276664206,0.16344056123477718,0.3492526979865033,0.1941750196146484,0.15507767837185493,1.5366948075018827,1.2409642594124997,0.29573054808938304
29,160,MP_vent_PEEP_Jmin,compliance_dominant,severe_mixed,53.83985735450147,51.97206909690503,0.03469155286386127,1.245192171730963,8.192405683084345,0.16561664563341622,0.08280832281670819,0.05819151645024956,0.17157623379119213,S029,S160,12.0,9.0,3.0,1.4,1.0,0.3999999999999999,10.0,10.0,0.0,1.8677882575964375,82.73542923330444,73.92042746435463,8.815001768949813,28.895571878802993,21.948358367449615,6.947213511353379,0.37481783423406767,0.2896545746526239,0.08516325958144377,0.2503643315318649,0.4206908506947524,0.17032651916288755,0.3492526979865033,0.2969187154394283,0.052333982547075,1.5366948075018827,1.4223106516410877,0.11438415586079498
30,31,MP_vent_PEEP_Jmin,compliance_dominant,compliance_dominant,53.677075399857166,53.677075399857166,0.0,0.0,0.0,0.0,0.0,0.0,0.0,S030,S031,0.0,0.0,0.0,0.6,1.0,0.4,15.0,15.0,0.0,0.0,53.677075399857166,53.677075399857166,0.0,0.0,0.0,0.0,0.37672822873480827,0.37672822873480827,0.0,0.24654354253038344,0.24654354253038344,0.0,0.0,0.0,0.0,1.0,1.0,0.0
30,32,MP_vent_PEEP_Jmin,compliance_dominant,compliance_dominant,53.677075399857166,53.677075399857166,0.0,0.0,0.0,0.0,0.0,0.0,0.0,S030,S032,0.0,0.0,0.0,0.6,1.4,0.7999999999999999,15.0,15.0,0.0,0.0,53.677075399857166,53.677075399857166,0.0,0.0,0.0,0.0,0.37672822873480827,0.37672822873480827,0.0,0.24654354253038344,0.24654354253038344,0.0,0.0,0.0,0.0,1.0,1.0,0.0
30,33,MP_vent_PEEP_Jmin,compliance_dominant,compliance_dominant,53.677075399857166,56.026083981580406,0.043761858562985166,1.7617564362924227,6.506821701407574,0.0034342451416429776,0.0017171225708216276,0.10146697285000213,0.11292514552507793,S030,S033,0.0,3.0,3.0,0.6,0.6,0.0,15.0,15.0,0.0,2.34900858172324,53.677075399857166,60.77114924669555,7.094073846838384,0.0,4.745065265115145,4.745065265115145,0.37672822873480827,0.37430463258621743,0.002423596148590834,0.24654354253038344,0.25139073482756524,0.004847192297181807,0.0,0.07808088745949066,0.07808088745949066,1.0,1.0846938591438082,0.08469385914380823
30,86,MP_vent_PEEP_Jmin,compliance_dominant,resistance_dominant,53.677075399857166,55.740339733464246,0.03843846406007005,1.5474482502052993,17.05291015810218,0.16077218772941762,0.16615744866567472,0.2705508288597934,0.3708974381818735,S030,S086,0.0,9.0,9.0,0.6,1.4,0.7999999999999999,15.0,15.0,0.0,2.06326433360708,53.677075399857166,71.24580164136111,17.568726241503946,0.0,15.505461907896873,15.505461907896873,0.37672822873480827,0.5447863238430982,0.16805809510828995,0.24654354253038344,0.08957264768619635,0.15697089484418708,0.0,0.2176333419048136,0.2176333419048136,1.0,1.2781730786364047,0.2781730786364047
30,88,MP_vent_PEEP_Jmin,compliance_dominant,resistance_dominant,53.677075399857166,54.00831797499907,0.006171025017186172,0.2484319313564214,22.744142276706718,0.17438069339532708,0.1593531958327199,0.3570637220646186,0.5553640917747464,S030,S088,0.0,12.0,12.0,0.6,1.0,0.4,15.0,15.0,0.0,0.331242575141907,53.677075399857166,76.50402832034933,22.826952920492168,0.0,22.495710345350282,22.495710345350282,0.37672822873480827,0.5365382445534624,0.15981001581865417,0.24654354253038344,0.07307648910692466,0.17346705342345878,0.0,0.2940460893268628,0.2940460893268628,1.0,1.4165230688310593,0.4165230688310593
30,116,MP_vent_PEEP_Jmin,compliance_dominant,mixed,53.677075399857166,54.13888777383187,0.00860353084691218,4.1652147006716405,15.455412103547829,0.0867897908029498,0.04339489540147501,0.352171841412859,0.5436192248588216,S030,S116,0.0,9.0,9.0,0.6,1.4,0.7999999999999999,15.0,10.0,5.0,0.461812373974702,53.677075399857166,73.75951457805132,20.082439178194157,0.0,19.62062680421946,19.62062680421946,0.37672822873480827,0.33333333333333337,0.0433948954014749,0.24654354253038344,0.33333333333333337,0.08678979080294993,0.0,0.2660080793164274,0.2660080793164274,1.0,1.3624128165725473,0.3624128165725473
30,158,MP_vent_PEEP_Jmin,compliance_dominant,severe_mixed,53.677075399857166,52.13241319502141,0.028776944223005675,5.502864419878605,7.059183917046148,0.16896981948388612,0.084484909741943,0.2654870525990452,0.3614463891187494,S030,S158,0.0,6.0,6.0,0.6,1.4,0.7999999999999999,15.0,10.0,5.0,1.5446622048357597,53.677075399857166,64.69446153194616,11.017386132088994,0.0,12.56204833692476,12.56204833692476,0.37672822873480827,0.29309755361667894,0.08363067511812933,0.24654354253038344,0.41380489276664206,0.16726135023625863,0.0,0.1941750196146484,0.1941750196146484,1.0,1.2409642594124997,0.24096425941249966
30,160,MP_vent_PEEP_Jmin,compliance_dominant,severe_mixed,53.677075399857166,51.97206909690503,0.031764143076928375,5.609760485289527,16.338597882160087,0.1746987435242771,0.08734937176213864,0.3878048188343802,0.633465977461632,S030,S160,0.0,9.0,9.0,0.6,1.0,0.4,15.0,10.0,5.0,1.7050063029521354,53.677075399857166,73.92042746435463,20.243352064497465,0.0,21.948358367449615,21.948358367449615,0.37672822873480827,0.2896545746526239,0.08707365408218437,0.24654354253038344,0.4206908506947524,0.174147308164369,0.0,0.2969187154394283,0.2969187154394283,1.0,1.4223106516410877,0.4223106516410877
31,32,MP_vent_PEEP_Jmin,compliance_dominant,compliance_dominant,53.677075399857166,53.677075399857166,0.0,0.0,0.0,0.0,0.0,0.0,0.0,S031,S032,0.0,0.0,0.0,1.0,1.4,0.3999999999999999,15.0,15.0,0.0,0.0,53.677075399857166,53.677075399857166,0.0,0.0,0.0,0.0,0.37672822873480827,0.37672822873480827,0.0,0.24654354253038344,0.24654354253038344,0.0,0.0,0.0,0.0,1.0,1.0,0.0
31,33,MP_vent_PEEP_Jmin,compliance_dominant,compliance_dominant,53.677075399857166,56.026083981580406,0.043761858562985166,1.7617564362924227,6.506821701407574,0.0034342451416429776,0.0017171225708216276,0.10146697285000213,0.11292514552507793,S031,S033,0.0,3.0,3.0,1.0,0.6,0.4,15.0,15.0,0.0,2.34900858172324,53.677075399857166,60.77114924669555,7.094073846838384,0.0,4.745065265115145,4.745065265115145,0.37672822873480827,0.37430463258621743,0.002423596148590834,0.24654354253038344,0.25139073482756524,0.004847192297181807,0.0,0.07808088745949066,0.07808088745949066,1.0,1.0846938591438082,0.08469385914380823
31,86,MP_vent_PEEP_Jmin,compliance_dominant,resistance_dominant,53.677075399857166,55.740339733464246,0.03843846406007005,1.5474482502052993,17.05291015810218,0.16077218772941762,0.16615744866567472,0.2705508288597934,0.3708974381818735,S031,S086,0.0,9.0,9.0,1.0,1.4,0.3999999999999999,15.0,15.0,0.0,2.06326433360708,53.677075399857166,71.24580164136111,17.568726241503946,0.0,15.505461907896873,15.505461907896873,0.37672822873480827,0.5447863238430982,0.16805809510828995,0.24654354253038344,0.08957264768619635,0.15697089484418708,0.0,0.2176333419048136,0.2176333419048136,1.0,1.2781730786364047,0.2781730786364047
31,88,MP_vent_PEEP_Jmin,compliance_dominant,resistance_dominant,53.677075399857166,54.00831797499907,0.006171025017186172,0.2484319313564214,22.744142276706718,0.17438069339532708,0.1593531958327199,0.3570637220646186,0.5553640917747464,S031,S088,0.0,12.0,12.0,1.0,1.0,0.0,15.0,15.0,0.0,0.331242575141907,53.677075399857166,76.50402832034933,22.826952920492168,0.0,22.495710345350282,22.495710345350282,0.37672822873480827,0.5365382445534624,0.15981001581865417,0.24654354253038344,0.07307648910692466,0.17346705342345878,0.0,0.2940460893268628,0.2940460893268628,1.0,1.4165230688310593,0.4165230688310593
31,116,MP_vent_PEEP_Jmin,compliance_dominant,mixed,53.677075399857166,54.13888777383187,0.00860353084691218,4.1652147006716405,15.455412103547829,0.0867897908029498,0.04339489540147501,0.352171841412859,0.5436192248588216,S031,S116,0.0,9.0,9.0,1.0,1.4,0.3999999999999999,15.0,10.0,5.0,0.461812373974702,53.677075399857166,73.75951457805132,20.082439178194157,0.0,19.62062680421946,19.62062680421946,0.37672822873480827,0.33333333333333337,0.0433948954014749,0.24654354253038344,0.33333333333333337,0.08678979080294993,0.0,0.2660080793164274,0.2660080793164274,1.0,1.3624128165725473,0.3624128165725473
31,158,MP_vent_PEEP_Jmin,compliance_dominant,severe_mixed,53.677075399857166,52.13241319502141,0.028776944223005675,5.502864419878605,7.059183917046148,0.16896981948388612,0.084484909741943,0.2654870525990452,0.3614463891187494,S031,S158,0.0,6.0,6.0,1.0,1.4,0.3999999999999999,15.0,10.0,5.0,1.5446622048357597,53.677075399857166,64.69446153194616,11.017386132088994,0.0,12.56204833692476,12.56204833692476,0.37672822873480827,0.29309755361667894,0.08363067511812933,0.24654354253038344,0.41380489276664206,0.16726135023625863,0.0,0.1941750196146484,0.1941750196146484,1.0,1.2409642594124997,0.24096425941249966
31,160,MP_vent_PEEP_Jmin,compliance_dominant,severe_mixed,53.677075399857166,51.97206909690503,0.031764143076928375,5.609760485289527,16.338597882160087,0.1746987435242771,0.08734937176213864,0.3878048188343802,0.633465977461632,S031,S160,0.0,9.0,9.0,1.0,1.0,0.0,15.0,10.0,5.0,1.7050063029521354,53.677075399857166,73.92042746435463,20.243352064497465,0.0,21.948358367449615,21.948358367449615,0.37672822873480827,0.2896545746526239,0.08707365408218437,0.24654354253038344,0.4206908506947524,0.174147308164369,0.0,0.2969187154394283,0.2969187154394283,1.0,1.4223106516410877,0.4223106516410877
32,33,MP_vent_PEEP_Jmin,compliance_dominant,compliance_dominant,53.677075399857166,56.026083981580406,0.043761858562985166,1.7617564362924227,6.506821701407574,0.0034342451416429776,0.0017171225708216276,0.10146697285000213,0.11292514552507793,S032,S033,0.0,3.0,3.0,1.4,0.6,0.7999999999999999,15.0,15.0,0.0,2.34900858172324,53.677075399857166,60.77114924669555,7.094073846838384,0.0,4.745065265115145,4.745065265115145,0.37672822873480827,0.37430463258621743,0.002423596148590834,0.24654354253038344,0.25139073482756524,0.004847192297181807,0.0,0.07808088745949066,0.07808088745949066,1.0,1.0846938591438082,0.08469385914380823
32,86,MP_vent_PEEP_Jmin,compliance_dominant,resistance_dominant,53.677075399857166,55.740339733464246,0.03843846406007005,1.5474482502052993,17.05291015810218,0.16077218772941762,0.16615744866567472,0.2705508288597934,0.3708974381818735,S032,S086,0.0,9.0,9.0,1.4,1.4,0.0,15.0,15.0,0.0,2.06326433360708,53.677075399857166,71.24580164136111,17.568726241503946,0.0,15.505461907896873,15.505461907896873,0.37672822873480827,0.5447863238430982,0.16805809510828995,0.24654354253038344,0.08957264768619635,0.15697089484418708,0.0,0.2176333419048136,0.2176333419048136,1.0,1.2781730786364047,0.2781730786364047
32,88,MP_vent_PEEP_Jmin,compliance_dominant,resistance_dominant,53.677075399857166,54.00831797499907,0.006171025017186172,0.2484319313564214,22.744142276706718,0.17438069339532708,0.1593531958327199,0.3570637220646186,0.5553640917747464,S032,S088,0.0,12.0,12.0,1.4,1.0,0.3999999999999999,15.0,15.0,0.0,0.331242575141907,53.677075399857166,76.50402832034933,22.826952920492168,0.0,22.495710345350282,22.495710345350282,0.37672822873480827,0.5365382445534624,0.15981001581865417,0.24654354253038344,0.07307648910692466,0.17346705342345878,0.0,0.2940460893268628,0.2940460893268628,1.0,1.4165230688310593,0.4165230688310593
32,116,MP_vent_PEEP_Jmin,compliance_dominant,mixed,53.677075399857166,54.13888777383187,0.00860353084691218,4.1652147006716405,15.455412103547829,0.0867897908029498,0.04339489540147501,0.352171841412859,0.5436192248588216,S032,S116,0.0,9.0,9.0,1.4,1.4,0.0,15.0,10.0,5.0,0.461812373974702,53.677075399857166,73.75951457805132,20.082439178194157,0.0,19.62062680421946,19.62062680421946,0.37672822873480827,0.33333333333333337,0.0433948954014749,0.24654354253038344,0.33333333333333337,0.08678979080294993,0.0,0.2660080793164274,0.2660080793164274,1.0,1.3624128165725473,0.3624128165725473
32,158,MP_vent_PEEP_Jmin,compliance_dominant,severe_mixed,53.677075399857166,52.13241319502141,0.028776944223005675,5.502864419878605,7.059183917046148,0.16896981948388612,0.084484909741943,0.2654870525990452,0.3614463891187494,S032,S158,0.0,6.0,6.0,1.4,1.4,0.0,15.0,10.0,5.0,1.5446622048357597,53.677075399857166,64.69446153194616,11.017386132088994,0.0,12.56204833692476,12.56204833692476,0.37672822873480827,0.29309755361667894,0.08363067511812933,0.24654354253038344,0.41380489276664206,0.16726135023625863,0.0,0.1941750196146484,0.1941750196146484,1.0,1.2409642594124997,0.24096425941249966
32,160,MP_vent_PEEP_Jmin,compliance_dominant,severe_mixed,53.677075399857166,51.97206909690503,0.031764143076928375,5.609760485289527,16.338597882160087,0.1746987435242771,0.08734937176213864,0.3878048188343802,0.633465977461632,S032,S160,0.0,9.0,9.0,1.4,1.0,0.3999999999999999,15.0,10.0,5.0,1.7050063029521354,53.677075399857166,73.92042746435463,20.243352064497465,0.0,21.948358367449615,21.948358367449615,0.37672822873480827,0.2896545746526239,0.08707365408218437,0.24654354253038344,0.4206908506947524,0.174147308164369,0.0,0.2969187154394283,0.2969187154394283,1.0,1.4223106516410877,0.4223106516410877
33,36,MP_vent_PEEP_Jmin,compliance_dominant,compliance_dominant,56.026083981580406,58.37509256330371,0.041927052808038184,1.7617564362924725,7.930750273118136,0.00029608190901625475,0.0001480409545079331,0.09807564658846245,0.13636060570190378,S033,S036,3.0,6.0,3.0,0.6,0.6,0.0,15.0,15.0,0.0,2.3490085817233037,60.77114924669555,69.28915166524452,8.518002418548967,4.745065265115145,10.914059101940826,6.16899383682568,0.37430463258621743,0.3733224419918183,0.000982190594399135,0.25139073482756524,0.25335511601636357,0.0019643811887983254,0.07808088745949066,0.1575146879365724,0.07943380047708173,1.0846938591438082,1.1869643134202361,0.10227045427642789
33,86,MP_vent_PEEP_Jmin,compliance_dominant,resistance_dominant,56.026083981580406,55.740339733464246,0.00510020026047338,0.21430818608712343,10.546088456694605,0.1642064328710606,0.16787457123649635,0.1690838560097913,0.25797229265679555,S033,S086,3.0,9.0,6.0,0.6,1.4,0.7999999999999999,15.0,15.0,0.0,0.28574424811615984,60.77114924669555,71.24580164136111,10.474652394665561,4.745065265115145,15.505461907896873,10.760396642781728,0.37430463258621743,0.5447863238430982,0.17048169125688079,0.25139073482756524,0.08957264768619635,0.1618180871413689,0.07808088745949066,0.2176333419048136,0.13955245444532294,1.0846938591438082,1.2781730786364047,0.1934792194925965
33,88,MP_vent_PEEP_Jmin,compliance_dominant,resistance_dominant,56.026083981580406,54.00831797499907,0.03601476068262615,1.5133245049360013,16.237320575299144,0.17781493853697006,0.16107031840354152,0.2555967492146165,0.4424389462496685,S033,S088,3.0,12.0,9.0,0.6,1.0,0.4,15.0,15.0,0.0,2.0177660065813328,60.77114924669555,76.50402832034933,15.732879073653784,4.745065265115145,22.495710345350282,17.750645080235138,0.37430463258621743,0.5365382445534624,0.162233611967245,0.25139073482756524,0.07307648910692466,0.17831424572064059,0.07808088745949066,0.2940460893268628,0.21596520186737217,1.0846938591438082,1.4165230688310593,0.33182920968725105
33,116,MP_vent_PEEP_Jmin,compliance_dominant,mixed,56.026083981580406,54.13888777383187,0.03368424265327893,5.926971136964063,8.948590402140255,0.08335554566130682,0.04167777283065338,0.2507048685628569,0.4306940793337437,S033,S116,3.0,9.0,6.0,0.6,1.4,0.7999999999999999,15.0,10.0,5.0,1.8871962077485378,60.77114924669555,73.75951457805132,12.988365331355773,4.745065265115145,19.62062680421946,14.875561539104314,0.37430463258621743,0.33333333333333337,0.040971299252884064,0.25139073482756524,0.33333333333333337,0.08194259850576813,0.07808088745949066,0.2660080793164274,0.18792719185693674,1.0846938591438082,1.3624128165725473,0.2777189574287391
33,163,MP_vent_PEEP_Jmin,compliance_dominant,severe_mixed,56.026083981580406,57.83398311620192,0.03226888274425702,3.463574242050683,25.62095171564978,0.17191373093181328,0.08595686546590647,0.36588565785712923,0.7644895525472672,S033,S163,3.0,12.0,9.0,0.6,1.0,0.4,15.0,10.0,5.0,1.8078991346215147,60.77114924669555,91.66357433901754,30.892425092321993,4.745065265115145,33.829591222815615,29.08452595770047,0.37430463258621743,0.2892248365452657,0.08507979604095173,0.25139073482756524,0.4215503269094688,0.17015959208190357,0.07808088745949066,0.3690625362010971,0.2909816487416064,1.0846938591438082,1.5849431320482301,0.5002492729044219
34,35,MP_vent_PEEP_Jmin,compliance_dominant,compliance_dominant,59.98880295861775,62.677515284714744,0.04482023633563349,2.0165342445727603,1.966201959813823,0.0050499002327200615,0.0025249501163599475,0.0051008093388108244,0.006413813470037111,S034,S035,3.0,3.0,0.0,1.0,1.4,0.3999999999999999,15.0,15.0,0.0,2.688712326096997,65.59272553080956,68.23110557214763,2.638380041338067,5.603922572191807,5.553590287432879,0.05033228475892759,0.3724228681549587,0.37548171777628636,0.003058849621327686,0.2551542636900826,0.24903656444742725,0.0061176992426553445,0.08543512297807458,0.08139381944442492,0.004041303533649662,1.0934161426101063,1.0886057825075788,0.0048103601025275555
34,36,MP_vent_PEEP_Jmin,compliance_dominant,compliance_dominant,59.98880295861775,58.37509256330371,0.026900193298193122,1.2102827964855294,4.099853733263473,0.005850960956982898,0.002925480478491449,0.08878336562454901,0.12473089441350638,S034,S036,3.0,6.0,3.0,1.0,0.6,0.4,15.0,15.0,0.0,1.6137103953140368,65.59272553080956,69.28915166524452,3.696426134434958,5.603922572191807,10.914059101940826,5.310136529749019,0.3724228681549587,0.3733224419918183,0.000899573836859624,0.2551542636900826,0.25335511601636357,0.001799147673719026,0.08543512297807458,0.1575146879365724,0.07207956495849781,1.0934161426101063,1.1869643134202361,0.09354817081012978
34,39,MP_vent_PEEP_Jmin,compliance_dominant,compliance_dominant,59.98880295861775,60.72410114502695,0.012257257190419951,0.5514736398069005,13.454532578092127,0.0075470765892550196,0.0037735382946273988,0.17818633453715593,0.28180727752869084,S034,S039,3.0,9.0,6.0,1.0,0.6,0.4,15.0,15.0,0.0,0.735298186409203,65.59272553080956,79.23108265550397,13.638357124694409,5.603922572191807,18.506981510477026,12.90305893828522,0.3724228681549587,0.37336972290823206,0.0009468547532733851,0.2551542636900826,0.25326055418353594,0.0018937095065466591,0.08543512297807458,0.2335823377669243,0.14814721478884973,1.0934161426101063,1.3047716007566241,0.2113554581465178
34,89,MP_vent_PEEP_Jmin,compliance_dominant,resistance_dominant,59.98880295861775,62.00399548813399,0.033592811160215806,1.5113943971371882,19.49381379083586,0.17100139869922398,0.17062413118841346,0.22575900193048715,0.38264561804203767,S034,S089,3.0,12.0,9.0,1.0,1.4,0.3999999999999999,15.0,15.0,0.0,2.0151925295162414,65.59272553080956,85.59033745402445,19.99761192321489,5.603922572191807,23.58634196589047,17.982419393698663,0.3724228681549587,0.5445717613040484,0.1721488931490897,0.2551542636900826,0.08914352260809677,0.16601074108198582,0.08543512297807458,0.2755724847861485,0.1901373618080739,1.0934161426101063,1.3804003561416345,0.28698421353152814
34,119,MP_vent_PEEP_Jmin,compliance_dominant,mixed,59.98880295861775,62.07434892891607,0.03476558736697922,3.608702933019252,21.745168764832286,0.07720850279530783,0.03860425139765383,0.3171851402508699,0.6235269548579063,S034,S119,3.0,12.0,9.0,1.0,1.4,0.3999999999999999,15.0,10.0,5.0,2.085545970298327,65.59272553080956,93.03214319895945,27.439417668149886,5.603922572191807,30.957794270043358,25.353871697851552,0.3724228681549587,0.3333333333333333,0.03908953482162536,0.2551542636900826,0.3333333333333333,0.07817906964325072,0.08543512297807458,0.3327644962863719,0.2473293733082973,1.0934161426101063,1.4987212077809215,0.4053050651708152
34,120,MP_vent_PEEP_Jmin,compliance_dominant,mixed,59.98880295861775,60.66500861715883,0.01127219789679009,0.5071542439058234,5.0967683282859895,0.07720850279530772,0.038604251397653944,0.11075925381391556,0.12455485681347533,S034,S120,3.0,0.0,3.0,1.0,0.6,0.4,15.0,15.0,0.0,0.676205658541086,65.59272553080956,60.66500861715883,4.927716913650727,5.603922572191807,0.0,5.603922572191807,0.3724228681549587,0.3333333333333333,0.03908953482162536,0.2551542636900826,0.3333333333333333,0.07817906964325072,0.08543512297807458,0.0,0.08543512297807458,1.0934161426101063,1.0,0.09341614261010633
34,121,MP_vent_PEEP_Jmin,compliance_dominant,mixed,59.98880295861775,60.66500861715883,0.01127219789679009,0.5071542439058234,5.0967683282859895,0.07720850279530772,0.038604251397653944,0.11075925381391556,0.12455485681347533,S034,S121,3.0,0.0,3.0,1.0,1.0,0.0,15.0,15.0,0.0,0.676205658541086,65.59272553080956,60.66500861715883,4.927716913650727,5.603922572191807,0.0,5.603922572191807,0.3724228681549587,0.3333333333333333,0.03908953482162536,0.2551542636900826,0.3333333333333333,0.07817906964325072,0.08543512297807458,0.0,0.08543512297807458,1.0934161426101063,1.0,0.09341614261010633
34,122,MP_vent_PEEP_Jmin,compliance_dominant,mixed,59.98880295861775,60.66500861715883,0.01127219789679009,0.5071542439058234,5.0967683282859895,0.07720850279530772,0.038604251397653944,0.11075925381391556,0.12455485681347533,S034,S122,3.0,0.0,3.0,1.0,1.4,0.3999999999999999,15.0,15.0,0.0,0.676205658541086,65.59272553080956,60.66500861715883,4.927716913650727,5.603922572191807,0.0,5.603922572191807,0.3724228681549587,0.3333333333333333,0.03908953482162536,0.2551542636900826,0.3333333333333333,0.07817906964325072,0.08543512297807458,0.0,0.08543512297807458,1.0934161426101063,1.0,0.09341614261010633
34,123,MP_vent_PEEP_Jmin,compliance_dominant,mixed,59.98880295861775,62.51601264910504,0.0421280233284643,1.8954072678654867,2.0162401184483087,0.07720850279530767,0.038604251397654,0.0019479369419042603,0.002458022627818801,S034,S123,3.0,3.0,0.0,1.0,0.6,0.4,15.0,15.0,0.0,2.5272096904872967,65.59272553080956,68.24076807187969,2.648042541070126,5.603922572191807,5.724755422774623,0.12083285058281668,0.3724228681549587,0.3333333333333333,0.03908953482162536,0.2551542636900826,0.3333333333333333,0.07817906964325072,0.08543512297807458,0.08389054790157985,0.0015445750764947336,1.0934161426101063,1.0915726256392424,0.0018435169708639343
34,161,MP_vent_PEEP_Jmin,compliance_dominant,severe_mixed,59.98880295861775,61.00545627302491,0.016947384582894343,4.321298036946693,13.006486742425402,0.15989763678047764,0.07994881839023882,0.24979077909591557,0.43928915204701746,S034,S161,3.0,9.0,6.0,1.0,1.4,0.3999999999999999,15.0,10.0,5.0,1.016653314407165,65.59272553080956,83.93716362458883,18.344438093779274,5.603922572191807,22.931707351563915,17.32778477937211,0.3724228681549587,0.292915602549,0.07950726560595867,0.2551542636900826,0.4141687949020001,0.1590145312119175,0.08543512297807458,0.27320088458226416,0.18776576160418956,1.0934161426101063,1.3758960059069953,0.282479863296889
34,163,MP_vent_PEEP_Jmin,compliance_dominant,severe_mixed,59.98880295861775,57.83398311620192,0.03592036740426862,6.435613474828685,21.790055175795118,0.16576668806581413,0.08288334403290709,0.3565933768932158,0.7528598412588698,S034,S163,3.0,12.0,9.0,1.0,1.0,0.0,15.0,10.0,5.0,2.154819842415826,65.59272553080956,91.66357433901754,26.070848808207984,5.603922572191807,33.829591222815615,28.22566865062381,0.3724228681549587,0.2892248365452657,0.08319803160969297,0.2551542636900826,0.4215503269094688,0.16639606321938621,0.08543512297807458,0.3690625362010971,0.2836274132230225,1.0934161426101063,1.5849431320482301,0.4915269894381238
35,39,MP_vent_PEEP_Jmin,compliance_dominant,compliance_dominant,62.677515284714744,60.72410114502695,0.03116610686965404,1.4650606047658599,11.488330618278304,0.002497176356534958,0.0012485881782674513,0.18328714387596673,0.28822109099872795,S035,S039,3.0,9.0,6.0,1.4,0.6,0.7999999999999999,15.0,15.0,0.0,1.9534141396877942,68.23110557214763,79.23108265550397,10.999977083356342,5.553590287432879,18.506981510477026,12.953391223044147,0.37548171777628636,0.37336972290823206,0.002111994868054301,0.24903656444742725,0.25326055418353594,0.004223989736108685,0.08139381944442492,0.2335823377669243,0.15218851832249938,1.0886057825075788,1.3047716007566241,0.21616581824904535
35,42,MP_vent_PEEP_Jmin,compliance_dominant,compliance_dominant,62.677515284714744,63.07310972675029,0.006311584628690909,0.29669583152664813,22.266938034817564,0.005341500835489649,0.0026707504177448937,0.2621662730915764,0.4636987213352435,S035,S042,3.0,12.0,9.0,1.4,0.6,0.7999999999999999,15.0,15.0,0.0,0.39559444203554506,68.23110557214763,90.59694221747408,22.365836645326453,5.553590287432879,27.52383249072378,21.9702422032909,0.37548171777628636,0.37410532940561186,0.0013763883706744973,0.24903656444742725,0.2517893411887761,0.0027527767413488557,0.08139381944442492,0.3038053141424354,0.22241149469801047,1.0886057825075788,1.436379823509011,0.3477740410014323
35,89,MP_vent_PEEP_Jmin,compliance_dominant,resistance_dominant,62.677515284714744,62.00399548813399,0.010745796056548655,0.5051398474355722,17.527611831022035,0.16595149846650392,0.16809918107205352,0.23085981126929794,0.3890594315120748,S035,S089,3.0,12.0,9.0,1.4,1.4,0.0,15.0,15.0,0.0,0.6735197965807558,68.23110557214763,85.59033745402445,17.359231881876823,5.553590287432879,23.58634196589047,18.03275167845759,0.37548171777628636,0.5445717613040484,0.16909004352776202,0.24903656444742725,0.08914352260809677,0.15989304183933048,0.08139381944442492,0.2755724847861485,0.19417866534172357,1.0886057825075788,1.3804003561416345,0.2917945736340557
35,119,MP_vent_PEEP_Jmin,compliance_dominant,mixed,62.677515284714744,62.07434892891607,0.009623329084740624,5.6252371775920125,19.778966805018463,0.0822584030280279,0.04112920151401378,0.3222859495896807,0.6299407683279434,S035,S119,3.0,12.0,9.0,1.4,1.4,0.0,15.0,10.0,5.0,0.6031663557986704,68.23110557214763,93.03214319895945,24.80103762681182,5.553590287432879,30.957794270043358,25.40420398261048,0.37548171777628636,0.3333333333333333,0.042148384442953046,0.24903656444742725,0.3333333333333333,0.08429676888590606,0.08139381944442492,0.3327644962863719,0.25137067684194697,1.0886057825075788,1.4987212077809215,0.41011542527334277
35,120,MP_vent_PEEP_Jmin,compliance_dominant,mixed,62.677515284714744,60.66500861715883,0.03210890952543398,1.509380000666937,7.062970288099812,0.08225840302802778,0.04112920151401389,0.10565844447510474,0.11814104334343822,S035,S120,3.0,0.0,3.0,1.4,0.6,0.7999999999999999,15.0,15.0,0.0,2.012506667555911,68.23110557214763,60.66500861715883,7.566096954988794,5.553590287432879,0.0,5.553590287432879,0.37548171777628636,0.3333333333333333,0.042148384442953046,0.24903656444742725,0.3333333333333333,0.08429676888590606,0.08139381944442492,0.0,0.08139381944442492,1.0886057825075788,1.0,0.08860578250757878
35,121,MP_vent_PEEP_Jmin,compliance_dominant,mixed,62.677515284714744,60.66500861715883,0.03210890952543398,1.509380000666937,7.062970288099812,0.08225840302802778,0.04112920151401389,0.10565844447510474,0.11814104334343822,S035,S121,3.0,0.0,3.0,1.4,1.0,0.3999999999999999,15.0,15.0,0.0,2.012506667555911,68.23110557214763,60.66500861715883,7.566096954988794,5.553590287432879,0.0,5.553590287432879,0.37548171777628636,0.3333333333333333,0.042148384442953046,0.24903656444742725,0.3333333333333333,0.08429676888590606,0.08139381944442492,0.0,0.08139381944442492,1.0886057825075788,1.0,0.08860578250757878
35,122,MP_vent_PEEP_Jmin,compliance_dominant,mixed,62.677515284714744,60.66500861715883,0.03210890952543398,1.509380000666937,7.062970288099812,0.08225840302802778,0.04112920151401389,0.10565844447510474,0.11814104334343822,S035,S122,3.0,0.0,3.0,1.4,1.4,0.0,15.0,15.0,0.0,2.012506667555911,68.23110557214763,60.66500861715883,7.566096954988794,5.553590287432879,0.0,5.553590287432879,0.37548171777628636,0.3333333333333333,0.042148384442953046,0.24903656444742725,0.3333333333333333,0.08429676888590606,0.08139381944442492,0.0,0.08139381944442492,1.0886057825075788,1.0,0.08860578250757878
35,123,MP_vent_PEEP_Jmin,compliance_dominant,mixed,62.677515284714744,62.51601264910504,0.002576723644453186,0.12112697670727357,0.050038158634485796,0.08225840302802773,0.04112920151401395,0.003152872396906564,0.00395579084221831,S035,S123,3.0,3.0,0.0,1.4,0.6,0.7999999999999999,15.0,15.0,0.0,0.16150263560970046,68.23110557214763,68.24076807187969,0.009662499732058905,5.553590287432879,5.724755422774623,0.17116513534174427,0.37548171777628636,0.3333333333333333,0.042148384442953046,0.24903656444742725,0.3333333333333333,0.08429676888590606,0.08139381944442492,0.08389054790157985,0.0024967284571549286,1.0886057825075788,1.0915726256392424,0.0029668431316636212
35,126,MP_vent_PEEP_Jmin,compliance_dominant,mixed,62.677515284714744,64.36701668105152,0.026955462236531915,1.2671260472525816,8.948104988399812,0.08225840302802778,0.04112920151401389,0.10950340614835354,0.1560070097225068,S035,S126,3.0,6.0,3.0,1.4,0.6,0.7999999999999999,15.0,15.0,0.0,1.6895013963367802,68.23110557214763,77.60158590963164,9.370480337484011,5.553590287432879,13.234569228580112,7.680978941147233,0.37548171777628636,0.33333333333333337,0.04214838444295299,0.24903656444742725,0.33333333333333337,0.08429676888590612,0.08139381944442492,0.17054508710675054,0.08915126766232562,1.0886057825075788,1.2056110397994588,0.11700525729188005
35,161,MP_vent_PEEP_Jmin,compliance_dominant,severe_mixed,62.677515284714744,61.00545627302491,0.026677174487444937,6.337832281519454,11.040284782611579,0.1649475370131977,0.08247376850659877,0.25489158843472637,0.4457029655170546,S035,S161,3.0,9.0,6.0,1.4,1.4,0.0,15.0,10.0,5.0,1.6720590116898322,68.23110557214763,83.93716362458883,15.706058052441207,5.553590287432879,22.931707351563915,17.378117064131036,0.37548171777628636,0.292915602549,0.08256611522728635,0.24903656444742725,0.4141687949020001,0.16513223045457284,0.08139381944442492,0.27320088458226416,0.19180706513783924,1.0886057825075788,1.3758960059069953,0.28729022339941657
36,39,MP_vent_PEEP_Jmin,compliance_dominant,compliance_dominant,58.37509256330371,60.72410114502695,0.0402399118969431,1.7617564362924298,9.354678844828655,0.0016961156322721216,0.0008480578161359498,0.0894029689126069,0.15707638311518446,S036,S039,6.0,9.0,3.0,0.6,0.6,0.0,15.0,15.0,0.0,2.34900858172324,69.28915166524452,79.23108265550397,9.94193099025945,10.914059101940826,18.506981510477026,7.5929224085362,0.3733224419918183,0.37336972290823206,4.728091641376109e-05,0.25335511601636357,0.25326055418353594,9.45618328276332e-05,0.1575146879365724,0.2335823377669243,0.07606764983035191,1.1869643134202361,1.3047716007566241,0.11780728733638801
36,86,MP_vent_PEEP_Jmin,compliance_dominant,resistance_dominant,58.37509256330371,55.740339733464246,0.045134880548279355,1.976064622379596,2.615338183576469,0.16450251478007685,0.16802261219100428,0.07100820942132885,0.12161168695489177,S036,S086,6.0,9.0,3.0,0.6,1.4,0.7999999999999999,15.0,15.0,0.0,2.6347528298394636,69.28915166524452,71.24580164136111,1.9566499761165943,10.914059101940826,15.505461907896873,4.591402805956047,0.3733224419918183,0.5447863238430982,0.17146388185127992,0.25335511601636357,0.08957264768619635,0.1637824683301672,0.1575146879365724,0.2176333419048136,0.060118653968241204,1.1869643134202361,1.2781730786364047,0.09120876521616861
36,120,MP_vent_PEEP_Jmin,compliance_dominant,mixed,58.37509256330371,60.66500861715883,0.039227621804143076,1.7174370403913528,9.196622061549462,0.08305946375229062,0.04152973187614539,0.19954261943846457,0.2492857512269817,S036,S120,6.0,0.0,6.0,0.6,0.6,0.0,15.0,15.0,0.0,2.289916053855123,69.28915166524452,60.66500861715883,8.624143048085685,10.914059101940826,0.0,10.914059101940826,0.3733224419918183,0.3333333333333333,0.039989108658484984,0.25335511601636357,0.3333333333333333,0.07997821731696975,0.1575146879365724,0.0,0.1575146879365724,1.1869643134202361,1.0,0.18696431342023612
36,121,MP_vent_PEEP_Jmin,compliance_dominant,mixed,58.37509256330371,60.66500861715883,0.039227621804143076,1.7174370403913528,9.196622061549462,0.08305946375229062,0.04152973187614539,0.19954261943846457,0.2492857512269817,S036,S121,6.0,0.0,6.0,0.6,1.0,0.4,15.0,15.0,0.0,2.289916053855123,69.28915166524452,60.66500861715883,8.624143048085685,10.914059101940826,0.0,10.914059101940826,0.3733224419918183,0.3333333333333333,0.039989108658484984,0.25335511601636357,0.3333333333333333,0.07997821731696975,0.1575146879365724,0.0,0.1575146879365724,1.1869643134202361,1.0,0.18696431342023612
36,122,MP_vent_PEEP_Jmin,compliance_dominant,mixed,58.37509256330371,60.66500861715883,0.039227621804143076,1.7174370403913528,9.196622061549462,0.08305946375229062,0.04152973187614539,0.19954261943846457,0.2492857512269817,S036,S122,6.0,0.0,6.0,0.6,1.4,0.7999999999999999,15.0,15.0,0.0,2.289916053855123,69.28915166524452,60.66500861715883,8.624143048085685,10.914059101940826,0.0,10.914059101940826,0.3733224419918183,0.3333333333333333,0.039989108658484984,0.25335511601636357,0.3333333333333333,0.07997821731696975,0.1575146879365724,0.0,0.1575146879365724,1.1869643134202361,1.0,0.18696431342023612
36,161,MP_vent_PEEP_Jmin,compliance_dominant,severe_mixed,58.37509256330371,61.00545627302491,0.045059692314299224,3.111015240461164,8.90663300916193,0.16574859773746053,0.08287429886873027,0.16100741347136655,0.3145582576335111,S036,S161,6.0,9.0,3.0,0.6,1.4,0.7999999999999999,15.0,10.0,5.0,2.630363709721202,69.28915166524452,83.93716362458883,14.648011959344316,10.914059101940826,22.931707351563915,12.01764824962309,0.3733224419918183,0.292915602549,0.08040683944281829,0.25335511601636357,0.4141687949020001,0.16081367888563652,0.1575146879365724,0.27320088458226416,0.11568619664569177,1.1869643134202361,1.3758960059069953,0.18893169248675923
36,163,MP_vent_PEEP_Jmin,compliance_dominant,severe_mixed,58.37509256330371,57.83398311620192,0.009269526151328901,5.2253306783431555,17.690201442531645,0.17161764902279703,0.08580882451139854,0.26781001126866677,0.6281289468453635,S036,S163,6.0,12.0,6.0,0.6,1.0,0.4,15.0,10.0,5.0,0.541109447101789,69.28915166524452,91.66357433901754,22.374422673773026,10.914059101940826,33.829591222815615,22.91553212087479,0.3733224419918183,0.2892248365452657,0.08409760544655259,0.25335511601636357,0.4215503269094688,0.16819521089310524,0.1575146879365724,0.3690625362010971,0.2115478482645247,1.1869643134202361,1.5849431320482301,0.397978818627994
37,42,MP_vent_PEEP_Jmin,compliance_dominant,compliance_dominant,66.30053051737848,63.07310972675029,0.048678657100371565,2.420565592971144,12.125247809908494,0.016282140430292608,0.008141070215146373,0.16085004674711828,0.3208459941096333,S037,S042,6.0,12.0,6.0,1.0,0.6,0.4,15.0,15.0,0.0,3.2274207906281873,79.27854960522262,90.59694221747408,11.318392612251458,12.978019087844142,27.52383249072378,14.545813402879638,0.36960013583508133,0.37410532940561186,0.00450519357053053,0.26079972832983744,0.2517893411887761,0.009010387141061338,0.16370152017752343,0.3038053141424354,0.14010379396491196,1.1957453279267862,1.436379823509011,0.24063449558222483
37,124,MP_vent_PEEP_Jmin,compliance_dominant,mixed,66.30053051737848,67.31824419919273,0.015350008120183856,0.7632852613606929,6.248285108820944,0.07131776343322482,0.03565888171661241,0.10128988149496154,0.14281978888669844,S037,S124,6.0,3.0,3.0,1.0,1.0,0.0,15.0,15.0,0.0,1.0177136818142571,79.27854960522262,73.28469291685524,5.993856688367387,12.978019087844142,5.966448717662513,7.011570370181629,0.36960013583508133,0.3333333333333333,0.03626680250174802,0.26079972832983744,0.3333333333333333,0.07253360500349587,0.16370152017752343,0.08141466492097765,0.08228685525654578,1.1957453279267862,1.0886304862617622,0.10711484166502405
37,126,MP_vent_PEEP_Jmin,compliance_dominant,mixed,66.30053051737848,64.36701668105152,0.029162871265715526,1.4501353772452106,1.1935852365092572,0.07131776343322482,0.03565888171661241,0.008187179803895384,0.013154282496896652,S037,S126,6.0,6.0,0.0,1.0,0.6,0.4,15.0,15.0,0.0,1.9335138363269522,79.27854960522262,77.60158590963164,1.6769636955909846,12.978019087844142,13.234569228580112,0.2565501407359694,0.36960013583508133,0.33333333333333337,0.03626680250174796,0.26079972832983744,0.33333333333333337,0.07253360500349593,0.16370152017752343,0.17054508710675054,0.006843566929227107,1.1957453279267862,1.2056110397994588,0.0098657118726726
37,129,MP_vent_PEEP_Jmin,compliance_dominant,mixed,66.30053051737848,66.2180207129978,0.0012444818123898778,0.06188235328550462,9.489539976286757,0.07131776343322493,0.0356588817166123,0.10509789648564533,0.19264792544929166,S037,S129,6.0,9.0,3.0,1.0,0.6,0.4,15.0,15.0,0.0,0.08250980438067756,79.27854960522262,88.74746213041423,9.468912525191612,12.978019087844142,22.529441417416436,9.551422329572294,0.36960013583508133,0.33333333333333337,0.03626680250174796,0.26079972832983744,0.33333333333333337,0.07253360500349593,0.16370152017752343,0.2538601203526188,0.09015860017509536,1.1957453279267862,1.3402312720137555,0.14448594408696924
37,132,MP_vent_PEEP_Jmin,compliance_dominant,mixed,66.30053051737848,68.06902474494433,0.02667390764093963,1.326370670674379,21.957723572113885,0.07131776343322493,0.0356588817166123,0.19001232665930406,0.39734526328114494,S037,S132,6.0,12.0,6.0,1.0,0.6,0.4,15.0,15.0,0.0,1.7684942275658528,79.27854960522262,101.67839673422799,22.399847129005366,12.978019087844142,33.60937198928366,20.631352901439517,0.36960013583508133,0.3333333333333333,0.03626680250174802,0.26079972832983744,0.3333333333333333,0.07253360500349587,0.16370152017752343,0.33054584915548474,0.1668443289779613,1.1957453279267862,1.493754275387645,0.2980089474608587
37,165,MP_vent_PEEP_Jmin,compliance_dominant,severe_mixed,66.30053051737848,68.7726540780287,0.0372866331741076,1.8540926704876597,11.123926417356493,0.14991145806918693,0.07495572903459341,0.2069746708195629,0.2609937705690484,S037,S165,6.0,0.0,6.0,1.0,0.6,0.4,15.0,15.0,0.0,2.4721235606502177,79.27854960522262,68.7726540780287,10.505895527193928,12.978019087844142,0.0,12.978019087844142,0.36960013583508133,0.29403648601535226,0.07556364981972907,0.26079972832983744,0.41192702796929537,0.15112729963945792,0.16370152017752343,0.0,0.16370152017752343,1.1957453279267862,1.0,0.19574532792678623
37,166,MP_vent_PEEP_Jmin,compliance_dominant,severe_mixed,66.30053051737848,68.7726540780287,0.0372866331741076,1.8540926704876597,11.123926417356493,0.14991145806918693,0.07495572903459341,0.2069746708195629,0.2609937705690484,S037,S166,6.0,0.0,6.0,1.0,1.0,0.0,15.0,15.0,0.0,2.4721235606502177,79.27854960522262,68.7726540780287,10.505895527193928,12.978019087844142,0.0,12.978019087844142,0.36960013583508133,0.29403648601535226,0.07556364981972907,0.26079972832983744,0.41192702796929537,0.15112729963945792,0.16370152017752343,0.0,0.16370152017752343,1.1957453279267862,1.0,0.19574532792678623
37,167,MP_vent_PEEP_Jmin,compliance_dominant,severe_mixed,66.30053051737848,68.7726540780287,0.0372866331741076,1.8540926704876597,11.123926417356493,0.14991145806918693,0.07495572903459341,0.2069746708195629,0.2609937705690484,S037,S167,6.0,0.0,6.0,1.0,1.4,0.3999999999999999,15.0,15.0,0.0,2.4721235606502177,79.27854960522262,68.7726540780287,10.505895527193928,12.978019087844142,0.0,12.978019087844142,0.36960013583508133,0.29403648601535226,0.07556364981972907,0.26079972832983744,0.41192702796929537,0.15112729963945792,0.16370152017752343,0.0,0.16370152017752343,1.1957453279267862,1.0,0.19574532792678623
38,40,MP_vent_PEEP_Jmin,compliance_dominant,compliance_dominant,71.67795516957237,72.61225807613914,0.013034731590158234,0.7007271799250674,9.60293648516901,0.012006784931351488,0.0060033924656758275,0.09149473539156608,0.16030147597648403,S038,S040,6.0,9.0,3.0,1.4,1.0,0.3999999999999999,15.0,15.0,0.0,0.9343029065667707,84.89803541128545,94.73454762309612,9.836512211810671,13.220080241713056,22.122289546956985,8.902209305243929,0.37476590415002703,0.3677757017377556,0.00699020241227144,0.2504681916999459,0.2644485965244888,0.013980404824542936,0.15571715149436446,0.23351871204337296,0.0778015605490085,1.1844371844933024,1.3046632914756648,0.12022610698236247
38,125,MP_vent_PEEP_Jmin,compliance_dominant,mixed,71.67795516957237,71.24562349060422,0.006031584996326471,0.32424875922612273,7.931354313527983,0.07978237011837952,0.039891185059189815,0.10231870151173636,0.14087167085490582,S038,S125,6.0,3.0,3.0,1.4,1.4,0.0,15.0,15.0,0.0,0.43233167896815416,84.89803541128545,76.85859817801543,8.039437233270021,13.220080241713056,5.6129746874111826,7.6071055543018735,0.37476590415002703,0.33333333333333326,0.04143257081669377,0.2504681916999459,0.33333333333333326,0.08286514163338737,0.15571715149436446,0.07302988631682737,0.08268726517753709,1.1844371844933024,1.0787834313521227,0.10565375314117964
38,127,MP_vent_PEEP_Jmin,compliance_dominant,mixed,71.67795516957237,73.97147978122703,0.03199762892550083,1.7201434587409778,2.4326715444964293,0.07978237011837963,0.039891185059189704,0.0033477679747539735,0.0052185313343653394,S038,S127,6.0,6.0,0.0,1.4,1.0,0.3999999999999999,15.0,15.0,0.0,2.293524611654661,84.89803541128545,87.90408810869553,3.006052697410084,13.220080241713056,13.9326083274685,0.7125280857554444,0.37476590415002703,0.33333333333333337,0.04143257081669366,0.2504681916999459,0.33333333333333337,0.08286514163338748,0.15571715149436446,0.1584978426741711,0.0027806911798066436,1.1844371844933024,1.1883510829940758,0.003913898500773394
38,164,MP_vent_PEEP_Jmin,compliance_dominant,severe_mixed,71.67795516957237,69.8784993510284,0.025104731493621812,7.172800143160359,15.634242545447492,0.1626758761744323,0.08133793808721618,0.23871836320124182,0.5274358565492672,S038,S164,6.0,12.0,6.0,1.4,1.4,0.0,15.0,10.0,5.0,1.7994558185439757,84.89803541128545,105.9056222813493,21.007586870063847,13.220080241713056,36.0271229303209,22.807042688607844,0.37476590415002703,0.292814618635354,0.08195128551467301,0.2504681916999459,0.414370762729292,0.16390257102934613,0.15571715149436446,0.34018140070610325,0.1844642492117388,1.1844371844933024,1.5155680683602242,0.3311308838669218
38,165,MP_vent_PEEP_Jmin,compliance_dominant,severe_mixed,71.67795516957237,68.7726540780287,0.04053270053073432,2.1789758186577757,15.399056060370825,0.15837606475434163,0.07918803237717081,0.1973778307990954,0.24591624599106932,S038,S165,6.0,0.0,6.0,1.4,0.6,0.7999999999999999,15.0,15.0,0.0,2.905301091543677,84.89803541128545,68.7726540780287,16.125381333256755,13.220080241713056,0.0,13.220080241713056,0.37476590415002703,0.29403648601535226,0.08072941813467477,0.2504681916999459,0.41192702796929537,0.16145883626934948,0.15571715149436446,0.0,0.15571715149436446,1.1844371844933024,1.0,0.18443718449330238
38,166,MP_vent_PEEP_Jmin,compliance_dominant,severe_mixed,71.67795516957237,68.7726540780287,0.04053270053073432,2.1789758186577757,15.399056060370825,0.15837606475434163,0.07918803237717081,0.1973778307990954,0.24591624599106932,S038,S166,6.0,0.0,6.0,1.4,1.0,0.3999999999999999,15.0,15.0,0.0,2.905301091543677,84.89803541128545,68.7726540780287,16.125381333256755,13.220080241713056,0.0,13.220080241713056,0.37476590415002703,0.29403648601535226,0.08072941813467477,0.2504681916999459,0.41192702796929537,0.16145883626934948,0.15571715149436446,0.0,0.15571715149436446,1.1844371844933024,1.0,0.18443718449330238
38,167,MP_vent_PEEP_Jmin,compliance_dominant,severe_mixed,71.67795516957237,68.7726540780287,0.04053270053073432,2.1789758186577757,15.399056060370825,0.15837606475434163,0.07918803237717081,0.1973778307990954,0.24591624599106932,S038,S167,6.0,0.0,6.0,1.4,1.4,0.0,15.0,15.0,0.0,2.905301091543677,84.89803541128545,68.7726540780287,16.125381333256755,13.220080241713056,0.0,13.220080241713056,0.37476590415002703,0.29403648601535226,0.08072941813467477,0.2504681916999459,0.41192702796929537,0.16145883626934948,0.15571715149436446,0.0,0.15571715149436446,1.1844371844933024,1.0,0.18443718449330238
38,168,MP_vent_PEEP_Jmin,compliance_dominant,severe_mixed,71.67795516957237,71.24579502124041,0.006029191922531486,0.32412011124898044,7.184342658376721,0.15986191601834698,0.0799309580091736,0.09101538639252782,0.12689434081169693,S038,S168,6.0,3.0,3.0,1.4,0.6,0.7999999999999999,15.0,15.0,0.0,0.4321601483319597,84.89803541128545,77.6056527158257,7.29238269545975,13.220080241713056,6.359857694585306,6.8602225471277505,0.37476590415002703,0.29310909572425903,0.081656808425768,0.2504681916999459,0.41378180855148194,0.16331361685153606,0.15571715149436446,0.08195095939562112,0.07376619209874334,1.1844371844933024,1.089266428884529,0.0951707556087733
38,171,MP_vent_PEEP_Jmin,compliance_dominant,severe_mixed,71.67795516957237,73.71893596445216,0.02847431668567175,1.530735596159829,2.9792587985504326,0.16028778932704324,0.08014389466352162,0.012300036546444432,0.01939059369124263,S038,S171,6.0,6.0,0.0,1.4,0.6,0.7999999999999999,15.0,15.0,0.0,2.0409807948797862,84.89803541128545,88.38753940855582,3.4895039972703756,13.220080241713056,14.668603444103654,1.4485232023905983,0.37476590415002703,0.292656583453964,0.08210932069606303,0.2504681916999459,0.41468683309207194,0.16421864139212605,0.15571715149436446,0.1659578210034858,0.010240669509121336,1.1844371844933024,1.1989801297617344,0.014542945268432028
39,42,MP_vent_PEEP_Jmin,compliance_dominant,compliance_dominant,60.72410114502695,63.07310972675029,0.038683299339634825,1.761756436292508,10.77860741653926,0.0028443244789546906,0.0014221622394774425,0.07887912921560969,0.17547763033651553,S039,S042,9.0,12.0,3.0,0.6,0.6,0.0,15.0,15.0,0.0,2.3490085817233393,79.23108265550397,90.59694221747408,11.365859561970112,18.506981510477026,27.52383249072378,9.016850980246755,0.37336972290823206,0.37410532940561186,0.0007356064973798038,0.25326055418353594,0.2517893411887761,0.0014712129947598296,0.2335823377669243,0.3038053141424354,0.07022297637551109,1.3047716007566241,1.436379823509011,0.13160822275238693
39,89,MP_vent_PEEP_Jmin,compliance_dominant,resistance_dominant,60.72410114502695,62.00399548813399,0.021077205244261675,0.9599207573302877,6.039281212743731,0.16345432210996896,0.16685059289378606,0.047572667393331214,0.10083834051334684,S039,S089,9.0,12.0,3.0,0.6,1.4,0.7999999999999999,15.0,15.0,0.0,1.2798943431070384,79.23108265550397,85.59033745402445,6.359254798520482,18.506981510477026,23.58634196589047,5.079360455413443,0.37336972290823206,0.5445717613040484,0.17120203839581632,0.25326055418353594,0.08914352260809677,0.16411703157543917,0.2335823377669243,0.2755724847861485,0.04199014701922418,1.3047716007566241,1.3804003561416345,0.07562875538501035
39,119,MP_vent_PEEP_Jmin,compliance_dominant,mixed,60.72410114502695,62.07434892891607,0.02223578049618777,4.160176572826153,8.290636186740159,0.08475557938456285,0.04237778969228123,0.13899880571371398,0.3417196773292155,S039,S119,9.0,12.0,3.0,0.6,1.4,0.7999999999999999,15.0,10.0,5.0,1.3502477838891238,79.23108265550397,93.03214319895945,13.801060543455478,18.506981510477026,30.957794270043358,12.450812759566332,0.37336972290823206,0.3333333333333333,0.040036389574898745,0.25326055418353594,0.3333333333333333,0.08007277914979738,0.2335823377669243,0.3327644962863719,0.09918215851944759,1.3047716007566241,1.4987212077809215,0.19394960702429742
39,120,MP_vent_PEEP_Jmin,compliance_dominant,mixed,60.72410114502695,60.66500861715883,0.0009731313721216991,0.04431939590107703,18.551300906378117,0.08475557938456274,0.04237778969228134,0.2889455883510715,0.40636213434216617,S039,S120,9.0,0.0,9.0,0.6,0.6,0.0,15.0,15.0,0.0,0.05909252786811692,79.23108265550397,60.66500861715883,18.566074038345135,18.506981510477026,0.0,18.506981510477026,0.37336972290823206,0.3333333333333333,0.040036389574898745,0.25326055418353594,0.3333333333333333,0.08007277914979738,0.2335823377669243,0.0,0.2335823377669243,1.3047716007566241,1.0,0.30477160075662413
39,121,MP_vent_PEEP_Jmin,compliance_dominant,mixed,60.72410114502695,60.66500861715883,0.0009731313721216991,0.04431939590107703,18.551300906378117,0.08475557938456274,0.04237778969228134,0.2889455883510715,0.40636213434216617,S039,S121,9.0,0.0,9.0,0.6,1.0,0.4,15.0,15.0,0.0,0.05909252786811692,79.23108265550397,60.66500861715883,18.566074038345135,18.506981510477026,0.0,18.506981510477026,0.37336972290823206,0.3333333333333333,0.040036389574898745,0.25326055418353594,0.3333333333333333,0.08007277914979738,0.2335823377669243,0.0,0.2335823377669243,1.3047716007566241,1.0,0.30477160075662413
39,122,MP_vent_PEEP_Jmin,compliance_dominant,mixed,60.72410114502695,60.66500861715883,0.0009731313721216991,0.04431939590107703,18.551300906378117,0.08475557938456274,0.04237778969228134,0.2889455883510715,0.40636213434216617,S039,S122,9.0,0.0,9.0,0.6,1.4,0.7999999999999999,15.0,15.0,0.0,0.05909252786811692,79.23108265550397,60.66500861715883,18.566074038345135,18.506981510477026,0.0,18.506981510477026,0.37336972290823206,0.3333333333333333,0.040036389574898745,0.25326055418353594,0.3333333333333333,0.08007277914979738,0.2335823377669243,0.0,0.2335823377669243,1.3047716007566241,1.0,0.30477160075662413
39,123,MP_vent_PEEP_Jmin,compliance_dominant,mixed,60.72410114502695,62.51601264910504,0.029509065927521658,1.3439336280585863,11.438292459643819,0.08475557938456268,0.0423777896922814,0.1801342714790602,0.28426530015650964,S039,S123,9.0,3.0,6.0,0.6,0.6,0.0,15.0,15.0,0.0,1.7919115040780937,79.23108265550397,68.24076807187969,10.990314583624283,18.506981510477026,5.724755422774623,12.782226087702401,0.37336972290823206,0.3333333333333333,0.040036389574898745,0.25326055418353594,0.3333333333333333,0.08007277914979738,0.2335823377669243,0.08389054790157985,0.14969178986534445,1.3047716007566241,1.0915726256392424,0.21319897511738173
39,161,MP_vent_PEEP_Jmin,compliance_dominant,severe_mixed,60.72410114502695,61.00545627302491,0.00463333540872023,4.872771676753594,0.4480458356667256,0.16744471336973266,0.08372235668486622,0.07160444455875964,0.15748187451832663,S039,S161,9.0,9.0,0.0,0.6,1.4,0.7999999999999999,15.0,10.0,5.0,0.28135512799796203,79.23108265550397,83.93716362458883,4.706080969084866,18.506981510477026,22.931707351563915,4.4247258410868895,0.37336972290823206,0.292915602549,0.08045412035923205,0.25326055418353594,0.4141687949020001,0.16090824071846416,0.2335823377669243,0.27320088458226416,0.039618546815339856,1.3047716007566241,1.3758960059069953,0.07112440515037122
39,163,MP_vent_PEEP_Jmin,compliance_dominant,severe_mixed,60.72410114502695,57.83398311620192,0.047594249636113674,6.987087114635585,8.33552259770299,0.17331376465506915,0.08665688232753449,0.17840704235605986,0.471052563730179,S039,S163,9.0,12.0,3.0,0.6,1.0,0.4,15.0,10.0,5.0,2.8901180288250288,79.23108265550397,91.66357433901754,12.432491683513575,18.506981510477026,33.829591222815615,15.32260971233859,0.37336972290823206,0.2892248365452657,0.08414488636296635,0.25326055418353594,0.4215503269094688,0.16828977272593287,0.2335823377669243,0.3690625362010971,0.13548019843417278,1.3047716007566241,1.5849431320482301,0.280171531291606
40,125,MP_vent_PEEP_Jmin,compliance_dominant,mixed,72.61225807613914,71.24562349060422,0.018820990033141662,1.0249759391511901,17.534290798696993,0.06777558518702803,0.03388779259351399,0.19381343690330244,0.30117314683138985,S040,S125,9.0,3.0,6.0,1.0,1.4,0.3999999999999999,15.0,15.0,0.0,1.366634585534925,94.73454762309612,76.85859817801543,17.875949445080693,22.122289546956985,5.6129746874111826,16.509314859545803,0.3677757017377556,0.33333333333333326,0.03444236840442233,0.2644485965244888,0.33333333333333326,0.06888473680884444,0.23351871204337296,0.07302988631682737,0.1604888257265456,1.3046632914756648,1.0787834313521227,0.2258798601235421
40,127,MP_vent_PEEP_Jmin,compliance_dominant,mixed,72.61225807613914,73.97147978122703,0.018718901478902487,1.0194162788159105,7.170264940672581,0.06777558518702814,0.03388779259351388,0.0881469674168121,0.1550829446421187,S040,S127,9.0,6.0,3.0,1.0,1.0,0.0,15.0,15.0,0.0,1.35922170508789,94.73454762309612,87.90408810869553,6.830459514400587,22.122289546956985,13.9326083274685,8.189681219488484,0.3677757017377556,0.33333333333333337,0.03444236840442222,0.2644485965244888,0.33333333333333337,0.06888473680884455,0.23351871204337296,0.1584978426741711,0.07502086936920185,1.3046632914756648,1.1883510829940758,0.11631220848158907
40,164,MP_vent_PEEP_Jmin,compliance_dominant,severe_mixed,72.61225807613914,69.8784993510284,0.037648722096539196,7.873527323085426,6.031306060278482,0.1506690912430808,0.07533454562154035,0.14722362780967574,0.36713438057278314,S040,S164,9.0,12.0,3.0,1.0,1.4,0.3999999999999999,15.0,10.0,5.0,2.7337587251107465,94.73454762309612,105.9056222813493,11.171074658253175,22.122289546956985,36.0271229303209,13.904833383363915,0.3677757017377556,0.292814618635354,0.07496108310240157,0.2644485965244888,0.414370762729292,0.1499221662048032,0.23351871204337296,0.34018140070610325,0.10666268866273029,1.3046632914756648,1.5155680683602242,0.21090477688455933
40,168,MP_vent_PEEP_Jmin,compliance_dominant,severe_mixed,72.61225807613914,71.24579502124041,0.018818627751059556,1.0248472911740478,16.78727914354573,0.1478551310869955,0.07392756554349778,0.1825101217840939,0.28719581678818096,S040,S168,9.0,3.0,6.0,1.0,0.6,0.4,15.0,15.0,0.0,1.3664630548987304,94.73454762309612,77.6056527158257,17.12889490727042,22.122289546956985,6.359857694585306,15.76243185237168,0.3677757017377556,0.29310909572425903,0.07466660601349656,0.2644485965244888,0.41378180855148194,0.14933321202699312,0.23351871204337296,0.08195095939562112,0.15156775264775185,1.3046632914756648,1.089266428884529,0.21539686259113577
40,171,MP_vent_PEEP_Jmin,compliance_dominant,severe_mixed,72.61225807613914,73.71893596445216,0.015240923745307364,0.8300084162347616,6.623677686618578,0.14828100439569175,0.07414050219784579,0.07919469884512165,0.1409108822852414,S040,S171,9.0,6.0,3.0,1.0,0.6,0.4,15.0,15.0,0.0,1.1066778883130155,94.73454762309612,88.38753940855582,6.3470082145402955,22.122289546956985,14.668603444103654,7.4536861028533306,0.3677757017377556,0.292656583453964,0.07511911828379159,0.2644485965244888,0.41468683309207194,0.15023823656758312,0.23351871204337296,0.1659578210034858,0.06756089103988716,1.3046632914756648,1.1989801297617344,0.10568316171393044
40,174,MP_vent_PEEP_Jmin,compliance_dominant,severe_mixed,72.61225807613914,76.19207690766386,0.0493004752416737,2.6848641236435284,5.488811825241569,0.14801036429231984,0.07400518214615981,0.014845572875696433,0.029982265576432354,S040,S174,9.0,9.0,0.0,1.0,0.6,0.4,15.0,15.0,0.0,3.579818831524719,94.73454762309612,101.11831415621887,6.383766533122753,22.122289546956985,24.926237248555033,2.803947701598048,0.3677757017377556,0.29255320980828864,0.07522249192946695,0.2644485965244888,0.4148935803834229,0.15044498385893407,0.23351871204337296,0.24650566474087174,0.012986952697498777,1.3046632914756648,1.3271499906579889,0.022486699182324044
41,43,MP_vent_PEEP_Jmin,compliance_dominant,compliance_dominant,80.67839505443001,78.92398563489978,0.021745715421664178,1.3158070646476858,8.721457022042102,0.012759389217318284,0.006379694608659114,0.0827850229105705,0.17801777120788942,S041,S043,9.0,12.0,3.0,1.4,1.0,0.3999999999999999,15.0,15.0,0.0,1.7544094195302335,103.67786491727055,111.96071958443011,8.282854667159555,22.999469862840527,33.03673394953032,10.037264086689795,0.37436861181914777,0.36662266202491334,0.00774594979423443,0.2512627763617045,0.2667546759501734,0.01549189958846886,0.22183587481467607,0.29507432671167466,0.0732384518969986,1.2850759468792585,1.4185892752851759,0.13351332840591734
41,128,MP_vent_PEEP_Jmin,compliance_dominant,mixed,80.67839505443001,81.8262383640498,0.014227393949091206,0.8608824822148406,8.514158740261294,0.0784851295657189,0.039242564782859424,0.09374216564213714,0.1580953971865613,S041,S128,9.0,6.0,3.0,1.4,1.4,0.0,15.0,15.0,0.0,1.1478433096197875,103.67786491727055,95.4506670044142,8.227197912856354,22.999469862840527,13.624428640364396,9.375041222476131,0.37436861181914777,0.33333333333333337,0.0410352784858144,0.2512627763617045,0.33333333333333337,0.08207055697162885,0.22183587481467607,0.14273790920428375,0.07909796561039231,1.2850759468792585,1.1665043989893378,0.11857154788992075
41,130,MP_vent_PEEP_Jmin,compliance_dominant,mixed,80.67839505443001,80.62471536326107,0.0006653539790017224,0.04025976837669987,0.8587491982006554,0.07848512956571896,0.03924256478285937,0.007852549179851065,0.015120454503246172,S041,S130,9.0,9.0,0.0,1.4,1.0,0.3999999999999999,15.0,15.0,0.0,0.05367969116893789,103.67786491727055,104.52319419267899,0.8453292754084316,22.999469862840527,23.89847882941791,0.8990089665773837,0.37436861181914777,0.33333333333333337,0.0410352784858144,0.2512627763617045,0.33333333333333337,0.08207055697162885,0.22183587481467607,0.22864282912521064,0.006806954310534574,1.2850759468792585,1.2964162877566936,0.011340340877435073
41,170,MP_vent_PEEP_Jmin,compliance_dominant,severe_mixed,80.67839505443001,80.60337818203334,0.0009298260376407255,0.05626265429751953,16.359952828562342,0.15891525623685382,0.07945762811842694,0.17569921268970057,0.26934031857511376,S041,S170,9.0,3.0,6.0,1.4,1.4,0.0,15.0,15.0,0.0,0.07501687239667376,103.67786491727055,87.29915787060905,16.378707046661503,22.999469862840527,6.695779688575707,16.303690174264823,0.37436861181914777,0.2934682687773148,0.08090034304183297,0.2512627763617045,0.4130634624453703,0.16180068608366577,0.22183587481467607,0.07669924718517783,0.14513662762949825,1.2850759468792585,1.0830707079479234,0.20200523893133515
41,172,MP_vent_PEEP_Jmin,compliance_dominant,severe_mixed,80.67839505443001,84.40442479615369,0.04618373654074176,2.7945223062927482,3.962980938534969,0.16341844375131742,0.08170922187565877,0.07123033000570339,0.12352756340180582,S041,S172,9.0,6.0,3.0,1.4,1.0,0.3999999999999999,15.0,15.0,0.0,3.7260297417236785,103.67786491727055,100.64639141416649,3.031473503104067,22.999469862840527,16.24196661801279,6.757503244827738,0.37436861181914777,0.2911317762235656,0.08323683559558215,0.2512627763617045,0.4177364475528687,0.16647367119116419,0.22183587481467607,0.16137654206772337,0.0604593327469527,1.2850759468792585,1.192430274327904,0.09264567255135447
41,177,MP_vent_PEEP_Jmin,compliance_dominant,severe_mixed,80.67839505443001,78.66521785087566,0.024953114178785422,1.5098829026657725,12.623406342433157,0.15803249517559886,0.0790162475877994,0.1108542830075872,0.24927912732694835,S041,S177,9.0,12.0,3.0,1.4,0.6,0.7999999999999999,15.0,15.0,0.0,2.013177203554349,103.67786491727055,115.79797695881511,12.120112041544559,22.999469862840527,37.132759107939464,14.133289245098936,0.37436861181914777,0.2926890417391635,0.08167957007998428,0.2512627763617045,0.41462191652167313,0.1633591401599686,0.22183587481467607,0.3206684614287015,0.09883258661402541,1.2850759468792585,1.4720352923744697,0.1869593454952112
42,89,MP_vent_PEEP_Jmin,compliance_dominant,resistance_dominant,63.07310972675029,62.00399548813399,0.016950396821212587,0.8018356789622203,4.739326203795528,0.16060999763101425,0.16542843065430862,0.031306461822278475,0.0746392898231687,S042,S089,12.0,12.0,0.0,0.6,1.4,0.7999999999999999,15.0,15.0,0.0,1.0691142386163008,90.59694221747408,85.59033745402445,5.00660476344963,27.52383249072378,23.58634196589047,3.9374905248333114,0.37410532940561186,0.5445717613040484,0.17046643189843652,0.2517893411887761,0.08914352260809677,0.16264581858067934,0.3038053141424354,0.2755724847861485,0.028232829356286904,1.436379823509011,1.3804003561416345,0.05597946736737658
42,119,MP_vent_PEEP_Jmin,compliance_dominant,mixed,63.07310972675029,62.07434892891607,0.015834969960433477,5.921933009118661,2.4879712297991006,0.08759990386351754,0.043799951931758674,0.06011967649810429,0.16624204699269995,S042,S119,12.0,12.0,0.0,0.6,1.4,0.7999999999999999,15.0,10.0,5.0,0.9987607978342155,90.59694221747408,93.03214319895945,2.435200981485366,27.52383249072378,30.957794270043358,3.433961779319578,0.37410532940561186,0.3333333333333333,0.04077199607227855,0.2517893411887761,0.3333333333333333,0.08154399214455721,0.3038053141424354,0.3327644962863719,0.0289591821439365,1.436379823509011,1.4987212077809215,0.062341384271910494
42,120,MP_vent_PEEP_Jmin,compliance_dominant,mixed,63.07310972675029,60.66500861715883,0.03817952087702666,1.806075832193585,29.329908322917376,0.08759990386351743,0.043799951931758785,0.36782471756668117,0.5818397646786817,S042,S120,12.0,0.0,12.0,0.6,0.6,0.0,15.0,15.0,0.0,2.408101109591456,90.59694221747408,60.66500861715883,29.931933600315247,27.52383249072378,0.0,27.52383249072378,0.37410532940561186,0.3333333333333333,0.04077199607227855,0.2517893411887761,0.3333333333333333,0.08154399214455721,0.3038053141424354,0.0,0.3038053141424354,1.436379823509011,1.0,0.43637982350901106
42,121,MP_vent_PEEP_Jmin,compliance_dominant,mixed,63.07310972675029,60.66500861715883,0.03817952087702666,1.806075832193585,29.329908322917376,0.08759990386351743,0.043799951931758785,0.36782471756668117,0.5818397646786817,S042,S121,12.0,0.0,12.0,0.6,1.0,0.4,15.0,15.0,0.0,2.408101109591456,90.59694221747408,60.66500861715883,29.931933600315247,27.52383249072378,0.0,27.52383249072378,0.37410532940561186,0.3333333333333333,0.04077199607227855,0.2517893411887761,0.3333333333333333,0.08154399214455721,0.3038053141424354,0.0,0.3038053141424354,1.436379823509011,1.0,0.43637982350901106
42,122,MP_vent_PEEP_Jmin,compliance_dominant,mixed,63.07310972675029,60.66500861715883,0.03817952087702666,1.806075832193585,29.329908322917376,0.08759990386351743,0.043799951931758785,0.36782471756668117,0.5818397646786817,S042,S122,12.0,0.0,12.0,0.6,1.4,0.7999999999999999,15.0,15.0,0.0,2.408101109591456,90.59694221747408,60.66500861715883,29.931933600315247,27.52383249072378,0.0,27.52383249072378,0.37410532940561186,0.3333333333333333,0.04077199607227855,0.2517893411887761,0.3333333333333333,0.08154399214455721,0.3038053141424354,0.0,0.3038053141424354,1.436379823509011,1.0,0.43637982350901106
42,123,MP_vent_PEEP_Jmin,compliance_dominant,mixed,63.07310972675029,62.51601264910504,0.008832560818052894,0.4178228082339217,22.216899876183078,0.08759990386351738,0.04379995193175884,0.2590134006946699,0.45974293049302517,S042,S123,12.0,3.0,9.0,0.6,0.6,0.0,15.0,15.0,0.0,0.5570970776452455,90.59694221747408,68.24076807187969,22.356174145594395,27.52383249072378,5.724755422774623,21.799077067949156,0.37410532940561186,0.3333333333333333,0.04077199607227855,0.2517893411887761,0.3333333333333333,0.08154399214455721,0.3038053141424354,0.08389054790157985,0.21991476624085554,1.436379823509011,1.0915726256392424,0.34480719786976866
42,126,MP_vent_PEEP_Jmin,compliance_dominant,mixed,63.07310972675029,64.36701668105152,0.020514399240925154,0.9704302157259335,13.318833046417751,0.08759990386351743,0.043799951931758785,0.1526628669432229,0.3076917116127367,S042,S126,12.0,6.0,6.0,0.6,0.6,0.0,15.0,15.0,0.0,1.2939069543012351,90.59694221747408,77.60158590963164,12.995356307842442,27.52383249072378,13.234569228580112,14.289263262143669,0.37410532940561186,0.33333333333333337,0.040771996072278494,0.2517893411887761,0.33333333333333337,0.08154399214455726,0.3038053141424354,0.17054508710675054,0.13326022703568485,1.436379823509011,1.2056110397994588,0.23076878370955223
42,129,MP_vent_PEEP_Jmin,compliance_dominant,mixed,63.07310972675029,66.2180207129978,0.04986135929989994,2.3586832396856394,2.635707833621737,0.08759990386351754,0.043799951931758674,0.055752150261472955,0.12819806866034167,S042,S129,12.0,9.0,3.0,0.6,0.6,0.0,15.0,15.0,0.0,3.1449109862475098,90.59694221747408,88.74746213041423,1.8494800870598453,27.52383249072378,22.529441417416436,4.994391073307344,0.37410532940561186,0.33333333333333337,0.040771996072278494,0.2517893411887761,0.33333333333333337,0.08154399214455726,0.3038053141424354,0.2538601203526188,0.0499451937898166,1.436379823509011,1.3402312720137555,0.09614855149525559
42,161,MP_vent_PEEP_Jmin,compliance_dominant,severe_mixed,63.07310972675029,61.00545627302491,0.032781853672397145,6.634528113046102,11.226653252205985,0.17028903784868735,0.08514451892434366,0.00727468465685005,0.017995755818188908,S042,S161,12.0,9.0,3.0,0.6,1.4,0.7999999999999999,15.0,10.0,5.0,2.0676534537253772,90.59694221747408,83.93716362458883,6.659778592885246,27.52383249072378,22.931707351563915,4.592125139159865,0.37410532940561186,0.292915602549,0.08118972685661185,0.2517893411887761,0.4141687949020001,0.162379453713224,0.3038053141424354,0.27320088458226416,0.03060442956017123,1.436379823509011,1.3758960059069953,0.06048381760201571
43,128,MP_vent_PEEP_Jmin,compliance_dominant,mixed,78.92398563489978,81.8262383640498,0.036772759330424135,2.1766895468625265,17.235615762303397,0.06572574034840062,0.03286287017420031,0.17652718855270763,0.3361131683944507,S043,S128,12.0,6.0,6.0,1.0,1.4,0.3999999999999999,15.0,15.0,0.0,2.902252729150021,111.96071958443011,95.4506670044142,16.51005258001591,33.03673394953032,13.624428640364396,19.412305309165927,0.36662266202491334,0.33333333333333337,0.03328932869157997,0.2667546759501734,0.33333333333333337,0.06657865738315999,0.29507432671167466,0.14273790920428375,0.1523364175073909,1.4185892752851759,1.1665043989893378,0.2520848762958381
43,130,MP_vent_PEEP_Jmin,compliance_dominant,mixed,78.92398563489978,80.62471536326107,0.021548958972102922,1.275547296270986,7.862707823841447,0.06572574034840067,0.032862870174200254,0.07493247373071943,0.16289731670464325,S043,S130,12.0,9.0,3.0,1.0,1.0,0.0,15.0,15.0,0.0,1.7007297283612957,111.96071958443011,104.52319419267899,7.437525391751123,33.03673394953032,23.89847882941791,9.138255120112412,0.36662266202491334,0.33333333333333337,0.03328932869157997,0.2667546759501734,0.33333333333333337,0.06657865738315999,0.29507432671167466,0.22864282912521064,0.06643149758646402,1.4185892752851759,1.2964162877566936,0.12217298752848227
43,169,MP_vent_PEEP_Jmin,compliance_dominant,severe_mixed,78.92398563489978,76.58853943709114,0.02959108285043215,1.751584648356463,27.80861363876774,0.14816225561635366,0.07408112780817694,0.2498555131532662,0.4366090356482637,S043,S169,12.0,3.0,9.0,1.0,1.0,0.0,15.0,15.0,0.0,2.3354461978086363,111.96071958443011,83.5682443962102,28.392475188219905,33.03673394953032,6.979704959119031,26.05702899041129,0.36662266202491334,0.2923147560270261,0.07430790599788722,0.2667546759501734,0.4153704879459476,0.14861581199577423,0.29507432671167466,0.08352101937222889,0.21155330733944577,1.4185892752851759,1.091132498548978,0.3274567767361978
43,170,MP_vent_PEEP_Jmin,compliance_dominant,severe_mixed,78.92398563489978,80.60337818203334,0.021278607936785963,1.2595444103501663,25.081409850604445,0.14615586701953553,0.07307793350976782,0.25848423560027106,0.4473580897830032,S043,S170,12.0,3.0,9.0,1.0,1.4,0.3999999999999999,15.0,15.0,0.0,1.6793925471335598,111.96071958443011,87.29915787060905,24.661561713821058,33.03673394953032,6.695779688575707,26.340954260954618,0.36662266202491334,0.2934682687773148,0.07315439324759854,0.2667546759501734,0.4130634624453703,0.1463087864951969,0.29507432671167466,0.07669924718517783,0.21837507952649682,1.4185892752851759,1.0830707079479234,0.3355185673372525
43,174,MP_vent_PEEP_Jmin,compliance_dominant,severe_mixed,78.92398563489978,76.19207690766386,0.03461442938112191,2.048931545426946,10.159428246402229,0.14596051945369237,0.07298025972684619,0.05448237170165826,0.12191904616958182,S043,S174,12.0,9.0,3.0,1.0,0.6,0.4,15.0,15.0,0.0,2.7319087272359184,111.96071958443011,101.11831415621887,10.842405428211237,33.03673394953032,24.926237248555033,8.11049670097529,0.36662266202491334,0.29255320980828864,0.0740694522166247,0.2667546759501734,0.4148935803834229,0.1481389044332495,0.29507432671167466,0.24650566474087174,0.04856866197080292,1.4185892752851759,1.3271499906579889,0.09143928462718698
43,177,MP_vent_PEEP_Jmin,compliance_dominant,severe_mixed,78.92398563489978,78.66521785087566,0.0032786963550113695,0.1940758380180867,3.9019493203910542,0.14527310595828058,0.07263655297914029,0.028069260097016713,0.07126135611905893,S043,S177,12.0,12.0,0.0,1.0,0.6,0.4,15.0,15.0,0.0,0.2587677840241156,111.96071958443011,115.79797695881511,3.837257374385004,33.03673394953032,37.132759107939464,4.096025158409141,0.36662266202491334,0.2926890417391635,0.07393362028574985,0.2667546759501734,0.41462191652167313,0.14786724057149975,0.29507432671167466,0.3206684614287015,0.025594134717026817,1.4185892752851759,1.4720352923744697,0.05344601708929386
44,131,MP_vent_PEEP_Jmin,compliance_dominant,mixed,89.67883493928767,92.40685323749543,0.030419867743092546,2.0460137236558182,8.811383568299817,0.07787493327033085,0.03893746663516551,0.08407679330449724,0.17197570054701017,S044,S131,12.0,9.0,3.0,1.4,1.4,0.0,15.0,15.0,0.0,2.7280182982077577,124.57059409010297,116.44121509635508,8.129378993747892,34.89175915081529,24.03436185885965,10.857397291955639,0.37416599927453575,0.33333333333333337,0.040832665941202384,0.25166800145092827,0.33333333333333337,0.0816653318824051,0.28009627316682606,0.20640768682267033,0.07368858634415573,1.3890746258516509,1.260092850441393,0.1289817754102578
44,133,MP_vent_PEEP_Jmin,compliance_dominant,mixed,89.67883493928767,87.2779509452951,0.026772024810736636,1.8006629954944344,0.8283619227989902,0.0778749332703309,0.03893746663516545,0.012388610853082516,0.0291241807539111,S044,S133,12.0,12.0,0.0,1.4,1.0,0.3999999999999999,15.0,15.0,0.0,2.400883993992565,124.57059409010297,123.1420111688058,1.4285829212971777,34.89175915081529,35.86406022351072,0.97230107269543,0.37416599927453575,0.3333333333333334,0.04083266594120233,0.25166800145092827,0.3333333333333334,0.08166533188240516,0.28009627316682606,0.29124146896015424,0.011145195793328178,1.3890746258516509,1.4109177614170836,0.021843135565432714
44,173,MP_vent_PEEP_Jmin,compliance_dominant,severe_mixed,89.67883493928767,92.434102286038,0.03072371924340496,2.0664505100627366,16.707992699483285,0.15940139628844957,0.07970069814422492,0.15293818419812455,0.2862788708318811,S044,S173,12.0,6.0,6.0,1.4,1.4,0.0,15.0,15.0,0.0,2.7552673467503297,124.57059409010297,108.55141822730724,16.019175862795734,34.89175915081529,16.11731594126925,18.77444320954604,0.37416599927453575,0.29310431426005573,0.08106168501448002,0.25166800145092827,0.4137913714798886,0.16212337002896032,0.28009627316682606,0.148476327665471,0.13161994550135506,1.3890746258516509,1.1743654727277395,0.21470915312391137
44,175,MP_vent_PEEP_Jmin,compliance_dominant,severe_mixed,89.67883493928767,92.22031015521624,0.02833974390556192,1.9061064119464248,5.198867762187561,0.1644126011027417,0.08220630055137085,0.054967322086483084,0.1170211880551395,S044,S175,12.0,9.0,3.0,1.4,1.0,0.3999999999999999,15.0,15.0,0.0,2.541475215928571,124.57059409010297,120.00709513189754,4.563498958205429,34.89175915081529,27.786784976681293,7.1049741741339965,0.37416599927453575,0.29032504030365736,0.0838409589708784,0.25166800145092827,0.4193499193926853,0.16768191794175702,0.28009627316682606,0.2315428512467647,0.048553421920061346,1.3890746258516509,1.301308734810296,0.0877658910413548
45,46,MP_vent_PEEP_Jmin,resistance_dominant,resistance_dominant,6.158228744909174,6.158228744909174,0.0,0.0,0.0,0.0,0.0,0.0,0.0,S045,S046,0.0,0.0,0.0,0.6,1.0,0.4,5.0,5.0,0.0,0.0,6.158228744909174,6.158228744909174,0.0,0.0,0.0,0.0,0.5472804593845153,0.5472804593845153,0.0,0.09456091876903072,0.09456091876903072,0.0,0.0,0.0,0.0,1.0,1.0,0.0
45,47,MP_vent_PEEP_Jmin,resistance_dominant,resistance_dominant,6.158228744909174,6.158228744909174,0.0,0.0,0.0,0.0,0.0,0.0,0.0,S045,S047,0.0,0.0,0.0,0.6,1.4,0.7999999999999999,5.0,5.0,0.0,0.0,6.158228744909174,6.158228744909174,0.0,0.0,0.0,0.0,0.5472804593845153,0.5472804593845153,0.0,0.09456091876903072,0.09456091876903072,0.0,0.0,0.0,0.0,1.0,1.0,0.0
46,47,MP_vent_PEEP_Jmin,resistance_dominant,resistance_dominant,6.158228744909174,6.158228744909174,0.0,0.0,0.0,0.0,0.0,0.0,0.0,S046,S047,0.0,0.0,0.0,1.0,1.4,0.3999999999999999,5.0,5.0,0.0,0.0,6.158228744909174,6.158228744909174,0.0,0.0,0.0,0.0,0.5472804593845153,0.5472804593845153,0.0,0.09456091876903072,0.09456091876903072,0.0,0.0,0.0,0.0,1.0,1.0,0.0
49,54,MP_vent_PEEP_Jmin,resistance_dominant,resistance_dominant,8.290596933102174,8.382736189188215,0.011113705904354482,0.046069628043020394,5.739043721128946,0.039568055350953535,0.019784027675476712,0.3499297281118853,1.3538292297055317,S049,S054,3.0,9.0,6.0,1.0,0.6,0.4,5.0,5.0,0.0,0.09213925608604079,9.962177441811226,15.747290790983191,5.785113349171965,1.6715805087090518,7.364554601794977,5.692974093085924,0.5384645806984556,0.5451166196175088,0.006652038919053194,0.07692916139691124,0.0902332392350175,0.013304077838106262,0.16779268573288345,0.4676712140231689,0.2998785282902855,1.2016236613837623,1.8785382762365281,0.6769146148527658
50,57,MP_vent_PEEP_Jmin,resistance_dominant,resistance_dominant,9.29005662224404,9.12423867061458,0.017848971042052127,0.08290897581472922,10.032616091755296,0.03736112804986762,0.018680564024933788,0.45127919426345176,2.224026828008998,S050,S057,3.0,12.0,9.0,1.4,0.6,0.7999999999999999,5.0,5.0,0.0,0.16581795162945845,11.012885723121471,20.962592839062033,9.949707115940562,1.7228291008774297,11.838354168447456,10.115525067570026,0.5469843028000188,0.5491731306198628,0.002188827819844086,0.0939686056000375,0.09834626123972563,0.00437765563968813,0.15643757178560047,0.5647371133587862,0.4082995415731857,1.1854487190909366,2.2974621330954355,1.1120134140044988
52,90,MP_vent_PEEP_Jmin,resistance_dominant,mixed,10.422965121295192,10.110834769526457,0.02994640662579023,0.1560651758843674,4.717598313723307,0.26286749656622427,0.20189958505022115,0.46674775510135974,0.8752851198780771,S052,S090,6.0,0.0,6.0,1.0,0.6,0.4,5.0,5.0,0.0,0.3121303517687348,14.98449825913413,10.110834769526457,4.873663489607672,4.561533137838937,0.0,4.561533137838937,0.5355435530901154,0.3333333333333334,0.20221021975678194,0.07108710618023062,0.3333333333333334,0.2622462271531028,0.30441680855469117,0.0,0.30441680855469117,1.4376425599390386,1.0,0.43764255993903856
52,91,MP_vent_PEEP_Jmin,resistance_dominant,mixed,10.422965121295192,10.110834769526457,0.02994640662579023,0.1560651758843674,4.717598313723307,0.26286749656622427,0.20189958505022115,0.46674775510135974,0.8752851198780771,S052,S091,6.0,0.0,6.0,1.0,1.0,0.0,5.0,5.0,0.0,0.3121303517687348,14.98449825913413,10.110834769526457,4.873663489607672,4.561533137838937,0.0,4.561533137838937,0.5355435530901154,0.3333333333333334,0.20221021975678194,0.07108710618023062,0.3333333333333334,0.2622462271531028,0.30441680855469117,0.0,0.30441680855469117,1.4376425599390386,1.0,0.43764255993903856
52,92,MP_vent_PEEP_Jmin,resistance_dominant,mixed,10.422965121295192,10.110834769526457,0.02994640662579023,0.1560651758843674,4.717598313723307,0.26286749656622427,0.20189958505022115,0.46674775510135974,0.8752851198780771,S052,S092,6.0,0.0,6.0,1.0,1.4,0.3999999999999999,5.0,5.0,0.0,0.3121303517687348,14.98449825913413,10.110834769526457,4.873663489607672,4.561533137838937,0.0,4.561533137838937,0.5355435530901154,0.3333333333333334,0.20221021975678194,0.07108710618023062,0.3333333333333334,0.2622462271531028,0.30441680855469117,0.0,0.30441680855469117,1.4376425599390386,1.0,0.43764255993903856
53,55,MP_vent_PEEP_Jmin,resistance_dominant,resistance_dominant,12.421884499578917,12.555333309488212,0.010743040632346764,0.06672440495464738,3.834727712908794,0.014060059546620277,0.007030029773310242,0.1389196547637111,0.5918349427212242,S053,S055,6.0,9.0,3.0,1.4,1.0,0.3999999999999999,5.0,5.0,0.0,0.13344880990929475,17.32373907901443,21.22519119687787,3.901452117863439,4.901854579435515,8.66985788738966,3.768003307954146,0.5470508431774482,0.5348358641848732,0.012214978992575065,0.09410168635489646,0.06967172836974625,0.024429957985150214,0.282955922914673,0.40847019030221776,0.1255142673875448,1.3946144065018218,1.6905318778624336,0.29591747136061186
53,96,MP_vent_PEEP_Jmin,resistance_dominant,mixed,12.421884499578917,11.961838801472782,0.037035097059687716,0.2300228490530678,1.6597234917459236,0.24838753214458809,0.20913956726103938,0.09063538712195213,0.3463158190471245,S053,S096,6.0,6.0,0.0,1.4,0.6,0.7999999999999999,5.0,5.0,0.0,0.4600456981061356,17.32373907901443,18.753439721707288,1.4297006426928576,4.901854579435515,6.7916009202345045,1.8897463407989896,0.5470508431774482,0.33333333333333326,0.21371750984411497,0.09410168635489646,0.33333333333333326,0.2392316469784368,0.282955922914673,0.3621522782496888,0.07919635533501584,1.3946144065018218,1.567772316025384,0.17315790952356225
53,99,MP_vent_PEEP_Jmin,resistance_dominant,mixed,12.421884499578917,12.887340817446002,0.037470668631870103,0.2327281589335426,8.195862534396074,0.24838753214458809,0.20913956726103938,0.22518080643710509,1.2073023778968563,S053,S099,6.0,9.0,3.0,1.4,0.6,0.7999999999999999,5.0,5.0,0.0,0.4654563178670852,17.32373907901443,25.752329772344044,8.428590693329614,4.901854579435515,12.864988954898047,7.963134375462532,0.5470508431774482,0.33333333333333337,0.21371750984411486,0.09410168635489646,0.33333333333333337,0.2392316469784369,0.282955922914673,0.49956602251630156,0.21661009960162858,1.3946144065018218,1.99826559545025,0.6036511889484282
53,138,MP_vent_PEEP_Jmin,resistance_dominant,severe_mixed,12.421884499578917,12.69867948461064,0.022282849678815282,0.1383974925158613,1.9938751704135385,0.3286223112498797,0.2492569568136852,0.1373818517608279,0.35302882545965786,S053,S138,6.0,3.0,3.0,1.4,0.6,0.7999999999999999,5.0,5.0,0.0,0.2767949850317226,17.32373907901443,15.468261401116752,1.855477677897678,4.901854579435515,2.769581916506114,2.1322726629294007,0.5470508431774482,0.2917718137588914,0.25527902941855685,0.09410168635489646,0.41645637248221723,0.32235468612732077,0.282955922914673,0.1790493349372904,0.10390658797738259,1.3946144065018218,1.2180999937719927,0.17651441272982904
55,96,MP_vent_PEEP_Jmin,resistance_dominant,mixed,12.555333309488212,11.961838801472782,0.04727031082216827,0.2967472540077152,2.1750042211628706,0.26244759169120835,0.20210953748772914,0.04828426764175897,0.24551912367409967,S055,S096,9.0,6.0,3.0,1.0,0.6,0.4,5.0,5.0,0.0,0.5934945080154304,21.22519119687787,18.753439721707288,2.4717514751705814,8.66985788738966,6.7916009202345045,1.8782569671551563,0.5348358641848732,0.33333333333333326,0.2015025308515399,0.06967172836974625,0.33333333333333326,0.26366160496358704,0.40847019030221776,0.3621522782496888,0.04631791205252894,1.6905318778624336,1.567772316025384,0.12275956183704961
55,99,MP_vent_PEEP_Jmin,resistance_dominant,mixed,12.555333309488212,12.887340817446002,0.026443543932592253,0.16600375397889522,4.36113482148728,0.26244759169120835,0.20210953748772914,0.08626115167339399,0.6154674351756322,S055,S099,9.0,9.0,0.0,1.0,0.6,0.4,5.0,5.0,0.0,0.33200750795779044,21.22519119687787,25.752329772344044,4.527138575466175,8.66985788738966,12.864988954898047,4.195131067508386,0.5348358641848732,0.33333333333333337,0.2015025308515398,0.06967172836974625,0.33333333333333337,0.26366160496358715,0.40847019030221776,0.49956602251630156,0.0910958322140838,1.6905318778624336,1.99826559545025,0.3077337175878163
55,138,MP_vent_PEEP_Jmin,resistance_dominant,severe_mixed,12.555333309488212,12.69867948461064,0.011417154096108264,0.07167308756121393,5.828602883322333,0.34268237079649994,0.24222692704037496,0.276301506524539,0.944863768180882,S055,S138,9.0,3.0,6.0,1.0,0.6,0.4,5.0,5.0,0.0,0.14334617512242787,21.22519119687787,15.468261401116752,5.756929795761117,8.66985788738966,2.769581916506114,5.900275970883547,0.5348358641848732,0.2917718137588914,0.24306405042598178,0.06967172836974625,0.41645637248221723,0.346784644112471,0.40847019030221776,0.1790493349372904,0.22942085536492737,1.6905318778624336,1.2180999937719927,0.4724318840904409
56,95,MP_vent_PEEP_Jmin,resistance_dominant,mixed,15.553712376913786,15.401142206249233,0.009809244697813224,0.07628508533227674,6.9428768700221255,0.24758846332707035,0.20953910166979806,0.29333847741946006,0.8795503836698959,S056,S095,9.0,3.0,6.0,1.4,1.4,0.0,5.0,5.0,0.0,0.15257017066455347,25.090788812588038,18.071626857233632,7.019161955354406,9.537076435674248,2.6704846509844034,6.866591784689844,0.5471948176802606,0.33333333333333337,0.2138614843469272,0.09438963536052118,0.33333333333333337,0.23894369797281217,0.3801026945350359,0.14777223279792728,0.23233046173710864,1.6131704254625432,1.173395233627595,0.4397751918349482
56,139,MP_vent_PEEP_Jmin,resistance_dominant,severe_mixed,15.553712376913786,15.370051692536029,0.011808157430657093,0.09183034218887887,6.541486224898545,0.33412613115948137,0.2528079355860036,0.26422900620144596,0.8245958711780252,S056,S139,9.0,3.0,6.0,1.4,1.0,0.3999999999999999,5.0,5.0,0.0,0.18366068437775773,25.090788812588038,18.457472245500618,6.6333165670874195,9.537076435674248,3.0874205529645846,6.4496558827096635,0.5471948176802606,0.2906291624171965,0.2565656552630641,0.09438963536052118,0.41874167516560684,0.32435203980508565,0.3801026945350359,0.16727212220065538,0.21283057233438055,1.6131704254625432,1.2008724898735308,0.4122979355890124
56,144,MP_vent_PEEP_Jmin,resistance_dominant,severe_mixed,15.553712376913786,15.171820427822368,0.024553106026202243,0.19094597454570916,4.427387504097506,0.322182546552313,0.24683614328241954,0.10025079570149309,0.6396725232325737,S056,S144,9.0,9.0,0.0,1.4,0.6,0.7999999999999999,5.0,5.0,0.0,0.3818919490914183,25.090788812588038,29.32723034213984,4.236441529551801,9.537076435674248,14.155409914317463,4.6183334786432155,0.5471948176802606,0.2927010094021838,0.25449380827807677,0.09438963536052118,0.41459798119563224,0.32020834583511104,0.3801026945350359,0.48267121542595093,0.102568520890915,1.6131704254625432,1.9330066870788303,0.3198362616162871
58,95,MP_vent_PEEP_Jmin,resistance_dominant,mixed,14.687701497681218,15.401142206249233,0.04857402015425271,0.3567203542840076,10.969349752092796,0.26092433104298496,0.2028711678118409,0.39837707568464187,1.5590972251888418,S058,S095,12.0,3.0,9.0,1.0,1.4,0.3999999999999999,5.0,5.0,0.0,0.7134407085680152,28.684256255042424,18.071626857233632,10.612629397808792,13.996554757361208,2.6704846509844034,11.326070106376804,0.5349870561227059,0.33333333333333337,0.20165372278937255,0.06997411224541183,0.33333333333333337,0.26335922108792154,0.48795250721903394,0.14777223279792728,0.34018027442110665,1.9529438462220159,1.173395233627595,0.7795486125944209
58,139,MP_vent_PEEP_Jmin,resistance_dominant,severe_mixed,14.687701497681218,15.370051692536029,0.04645724826056243,0.3411750974274055,10.567959106969216,0.34746199887539597,0.24614000172804645,0.36926760446662776,1.504142712696971,S058,S139,12.0,3.0,9.0,1.0,1.0,0.0,5.0,5.0,0.0,0.682350194854811,28.684256255042424,18.457472245500618,10.226784009541806,13.996554757361208,3.0874205529645846,10.909134204396624,0.5349870561227059,0.2906291624171965,0.24435789370550942,0.06997411224541183,0.41874167516560684,0.348767562920195,0.48795250721903394,0.16727212220065538,0.3206803850183786,1.9529438462220159,1.2008724898735308,0.7520713563484851
58,144,MP_vent_PEEP_Jmin,resistance_dominant,severe_mixed,14.687701497681218,15.171820427822368,0.03296083667125039,0.24205946507057519,0.4009146220268356,0.3355184142682276,0.24016820942446238,0.0047878025636887145,0.03987431828637211,S058,S144,12.0,9.0,3.0,1.0,0.6,0.4,5.0,5.0,0.0,0.48411893014115037,28.684256255042424,29.32723034213984,0.6429740870974143,13.996554757361208,14.155409914317463,0.15885515695625507,0.5349870561227059,0.2927010094021838,0.24228604672052212,0.06997411224541183,0.41459798119563224,0.3446238689502204,0.48795250721903394,0.48267121542595093,0.0052812917930830094,1.9529438462220159,1.9330066870788303,0.019937159143185612
59,60,MP_vent_PEEP_Jmin,resistance_dominant,resistance_dominant,18.685540254248643,18.474686234727518,0.011284341616677759,2.973687362694026,12.654807306899585,0.007742482009965523,0.003871241004982706,0.6258591543848322,1.672790238541812,S059,S060,12.0,0.0,12.0,1.4,0.6,0.7999999999999999,5.0,10.0,5.0,0.21085401952112548,34.31403492384225,18.474686234727518,15.839348689114733,15.628494669593614,0.0,15.628494669593614,0.5473453145208274,0.5472804593845153,6.485513631204753e-05,0.0946906290416545,0.0945609187690307,0.00012971027262380364,0.4554548803217119,0.0,0.4554548803217119,1.8363951192709058,1.0,0.8363951192709058
59,61,MP_vent_PEEP_Jmin,resistance_dominant,resistance_dominant,18.685540254248643,18.474686234727518,0.011284341616677759,2.973687362694026,12.654807306899585,0.007742482009965523,0.003871241004982706,0.6258591543848322,1.672790238541812,S059,S061,12.0,0.0,12.0,1.4,1.0,0.3999999999999999,5.0,10.0,5.0,0.21085401952112548,34.31403492384225,18.474686234727518,15.839348689114733,15.628494669593614,0.0,15.628494669593614,0.5473453145208274,0.5472804593845153,6.485513631204753e-05,0.0946906290416545,0.0945609187690307,0.00012971027262380364,0.4554548803217119,0.0,0.4554548803217119,1.8363951192709058,1.0,0.8363951192709058
59,62,MP_vent_PEEP_Jmin,resistance_dominant,resistance_dominant,18.685540254248643,18.474686234727518,0.011284341616677759,2.973687362694026,12.654807306899585,0.007742482009965523,0.003871241004982706,0.6258591543848322,1.672790238541812,S059,S062,12.0,0.0,12.0,1.4,1.4,0.0,5.0,10.0,5.0,0.21085401952112548,34.31403492384225,18.474686234727518,15.839348689114733,15.628494669593614,0.0,15.628494669593614,0.5473453145208274,0.5472804593845153,6.485513631204753e-05,0.0946906290416545,0.0945609187690307,0.00012971027262380364,0.4554548803217119,0.0,0.4554548803217119,1.8363951192709058,1.0,0.8363951192709058
59,63,MP_vent_PEEP_Jmin,resistance_dominant,resistance_dominant,18.685540254248643,19.586939956867035,0.04824049454034035,3.7151898441203706,9.527286798510945,0.0036253553626757196,0.0018126776813378598,0.471364112547858,1.4900650630766847,S059,S063,12.0,3.0,9.0,1.4,0.6,0.7999999999999999,5.0,10.0,5.0,0.9013997026183915,34.31403492384225,21.972957983829335,12.341076940012915,15.628494669593614,2.3860180269622977,13.242476642631317,0.5473453145208274,0.5436192782146044,0.003726036306222924,0.0946906290416545,0.08723855642920879,0.007452072612445709,0.4554548803217119,0.10858884036997893,0.34686603995173293,1.8363951192709058,1.1218167836434183,0.7145783356274875
59,142,MP_vent_PEEP_Jmin,resistance_dominant,severe_mixed,18.685540254248643,19.277994372067308,0.03170655543041927,0.29622705890933254,6.874869804980374,0.3350730818447745,0.25435497768145243,0.15850652367770085,0.7953755404694669,S059,S142,12.0,6.0,6.0,1.4,1.0,0.3999999999999999,5.0,5.0,0.0,0.5924541178186651,34.31403492384225,27.735392177771217,6.578642746071033,15.628494669593614,8.457397805703904,7.17109686388971,0.5473453145208274,0.28933614450207523,0.2580091700187521,0.0946906290416545,0.42132771099584965,0.32663708195419516,0.4554548803217119,0.30493161053919265,0.15052326978251923,1.8363951192709058,1.438707349036173,0.3976877702347328
60,61,MP_vent_PEEP_Jmin,resistance_dominant,resistance_dominant,18.474686234727518,18.474686234727518,0.0,0.0,0.0,0.0,0.0,0.0,0.0,S060,S061,0.0,0.0,0.0,0.6,1.0,0.4,10.0,10.0,0.0,0.0,18.474686234727518,18.474686234727518,0.0,0.0,0.0,0.0,0.5472804593845153,0.5472804593845153,0.0,0.0945609187690307,0.0945609187690307,0.0,0.0,0.0,0.0,1.0,1.0,0.0
60,62,MP_vent_PEEP_Jmin,resistance_dominant,resistance_dominant,18.474686234727518,18.474686234727518,0.0,0.0,0.0,0.0,0.0,0.0,0.0,S060,S062,0.0,0.0,0.0,0.6,1.4,0.7999999999999999,10.0,10.0,0.0,0.0,18.474686234727518,18.474686234727518,0.0,0.0,0.0,0.0,0.5472804593845153,0.5472804593845153,0.0,0.0945609187690307,0.0945609187690307,0.0,0.0,0.0,0.0,1.0,1.0,0.0
60,142,MP_vent_PEEP_Jmin,resistance_dominant,severe_mixed,18.474686234727518,19.277994372067308,0.04348155779932998,2.6774603037846934,5.7799375019192105,0.327330599834809,0.25822621868643514,0.46735263070713134,0.8774146980723452,S060,S142,0.0,6.0,6.0,0.6,1.0,0.4,10.0,5.0,5.0,0.8033081373397906,18.474686234727518,27.735392177771217,9.2607059430437,0.0,8.457397805703904,8.457397805703904,0.5472804593845153,0.28933614450207523,0.2579443148824401,0.0945609187690307,0.42132771099584965,0.3267667922268189,0.0,0.30493161053919265,0.30493161053919265,1.0,1.438707349036173,0.43870734903617303
61,62,MP_vent_PEEP_Jmin,resistance_dominant,resistance_dominant,18.474686234727518,18.474686234727518,0.0,0.0,0.0,0.0,0.0,0.0,0.0,S061,S062,0.0,0.0,0.0,1.0,1.4,0.3999999999999999,10.0,10.0,0.0,0.0,18.474686234727518,18.474686234727518,0.0,0.0,0.0,0.0,0.5472804593845153,0.5472804593845153,0.0,0.0945609187690307,0.0945609187690307,0.0,0.0,0.0,0.0,1.0,1.0,0.0
61,142,MP_vent_PEEP_Jmin,resistance_dominant,severe_mixed,18.474686234727518,19.277994372067308,0.04348155779932998,2.6774603037846934,5.7799375019192105,0.327330599834809,0.25822621868643514,0.46735263070713134,0.8774146980723452,S061,S142,0.0,6.0,6.0,1.0,1.0,0.0,10.0,5.0,5.0,0.8033081373397906,18.474686234727518,27.735392177771217,9.2607059430437,0.0,8.457397805703904,8.457397805703904,0.5472804593845153,0.28933614450207523,0.2579443148824401,0.0945609187690307,0.42132771099584965,0.3267667922268189,0.0,0.30493161053919265,0.30493161053919265,1.0,1.438707349036173,0.43870734903617303
62,142,MP_vent_PEEP_Jmin,resistance_dominant,severe_mixed,18.474686234727518,19.277994372067308,0.04348155779932998,2.6774603037846934,5.7799375019192105,0.327330599834809,0.25822621868643514,0.46735263070713134,0.8774146980723452,S062,S142,0.0,6.0,6.0,1.4,1.0,0.3999999999999999,10.0,5.0,5.0,0.8033081373397906,18.474686234727518,27.735392177771217,9.2607059430437,0.0,8.457397805703904,8.457397805703904,0.5472804593845153,0.28933614450207523,0.2579443148824401,0.0945609187690307,0.42132771099584965,0.3267667922268189,0.0,0.30493161053919265,0.30493161053919265,1.0,1.438707349036173,0.43870734903617303
63,100,MP_vent_PEEP_Jmin,resistance_dominant,mixed,19.586939956867035,20.09068814257768,0.025718575071959345,3.0126158999558523,8.566658359318184,0.24288954121159245,0.2118885627275371,0.42713436932436194,1.2075002052812938,S063,S100,3.0,9.0,6.0,0.6,1.0,0.4,10.0,5.0,5.0,0.503748185710645,21.972957983829335,34.05598042881401,12.083022444984675,2.3860180269622977,13.965292286236334,11.579274259274037,0.5436192782146044,0.3333333333333334,0.210285944881271,0.08723855642920879,0.3333333333333334,0.24609477690412462,0.10858884036997893,0.4100687195139627,0.3014798791439838,1.1218167836434183,1.6951126903732106,0.5732959067297922
63,142,MP_vent_PEEP_Jmin,resistance_dominant,severe_mixed,19.586939956867035,19.277994372067308,0.01577303986636322,3.418962785211038,2.6524169935305704,0.3314477264820988,0.2561676553627903,0.31285758887015713,0.6946895226072178,S063,S142,3.0,6.0,3.0,0.6,1.0,0.4,10.0,5.0,5.0,0.30894558479972645,21.972957983829335,27.735392177771217,5.762434193941882,2.3860180269622977,8.457397805703904,6.071379778741607,0.5436192782146044,0.28933614450207523,0.2542831337125292,0.08723855642920879,0.42132771099584965,0.33408915456664084,0.10858884036997893,0.30493161053919265,0.19634277016921373,1.1218167836434183,1.438707349036173,0.31689056539275473
64,66,MP_vent_PEEP_Jmin,resistance_dominant,resistance_dominant,21.673238517017015,20.699193679006555,0.04494228387906481,0.6493632253403039,2.398171887737014,0.011517837239226836,0.005758918619613307,0.13615050287192465,0.2297485284369707,S064,S066,3.0,6.0,3.0,1.0,0.6,0.4,10.0,10.0,0.0,0.9740448380104603,24.4072134742247,26.480703749291557,2.073490275066856,2.733974957207688,5.781510070285002,3.0475351130773136,0.5412791682001729,0.542811548604958,0.0015323804047850942,0.08255833640034564,0.08562309720991573,0.0030647608095700912,0.11201503850879616,0.2183291699881532,0.10631413147935703,1.126145197685204,1.2793108833098508,0.15316568562464683
64,69,MP_vent_PEEP_Jmin,resistance_dominant,resistance_dominant,21.673238517017015,21.81144740114609,0.006376937346975537,0.09213925608605145,7.544640428846485,0.016277183226615047,0.008138591613307433,0.2528391366786963,0.5113186655388657,S064,S069,3.0,9.0,6.0,1.0,0.6,0.4,10.0,10.0,0.0,0.1382088841290745,24.4072134742247,31.997923531114203,7.5907100568895025,2.733974957207688,10.18647612996812,7.4525011727604324,0.5412791682001729,0.5437277673748941,0.0024485991747212887,0.08255833640034564,0.08745553474978818,0.004897198349442536,0.11201503850879616,0.3183480365550275,0.20633299804623137,1.126145197685204,1.4670243080444474,0.34087911035924345
64,98,MP_vent_PEEP_Jmin,resistance_dominant,mixed,21.673238517017015,20.691449642972024,0.045299592549315,4.103100856525328,0.9023727537778221,0.2524383326235307,0.20711416702156799,0.2688332564075197,0.5588640151435758,S064,S098,3.0,6.0,3.0,1.0,1.4,0.3999999999999999,10.0,5.0,5.0,0.9817888740449909,24.4072134742247,28.430898210482862,4.023684736258161,2.733974957207688,7.7394485675108395,5.005473610303151,0.5412791682001729,0.33333333333333337,0.20794583486683949,0.08255833640034564,0.33333333333333337,0.2507749969329877,0.11201503850879616,0.27221962915885645,0.1602045906500603,1.126145197685204,1.374040905835691,0.24789570815048712
65,72,MP_vent_PEEP_Jmin,resistance_dominant,resistance_dominant,23.172428050729796,22.92370112328557,0.01073374472885204,0.16581795162948154,12.717538241467619,0.014601568850276803,0.0073007844251383736,0.35555844300993633,0.8449241498427602,S065,S072,3.0,12.0,9.0,1.4,0.6,0.7999999999999999,10.0,10.0,0.0,0.2487269274442241,25.889988063644324,38.52461732929721,12.634629265652883,2.717560012914531,15.600916206011632,12.883356193097102,0.5460243940451319,0.5455552359019941,0.00046915814313786,0.09204878809026369,0.09111047180398832,0.000938316286275373,0.10496567268528907,0.404959667026918,0.29999399434162893,1.117275583161383,1.6805583497232237,0.5632827665618407
65,103,MP_vent_PEEP_Jmin,resistance_dominant,mixed,23.172428050729796,23.417305933594722,0.010567640228673167,3.739632400355834,16.16261908599829,0.24507471669845346,0.21079597498410663,0.509325681616806,1.7559750810360963,S065,S103,3.0,12.0,9.0,1.4,1.0,0.3999999999999999,10.0,5.0,5.0,0.24487788286492673,25.889988063644324,46.03711743286338,20.14712936921906,2.717560012914531,22.619811499268657,19.902251486354125,0.5460243940451319,0.33333333333333326,0.21269106071179866,0.09204878809026369,0.33333333333333326,0.24128454524306958,0.10496567268528907,0.4913385711487142,0.38637289846342515,1.117275583161383,1.965944227889086,0.848668644727703
65,143,MP_vent_PEEP_Jmin,resistance_dominant,severe_mixed,23.172428050729796,23.292833117009465,0.005196048770378103,3.8018688086484627,2.4873519110172317,0.3279682227545062,0.25224272801213304,0.2864989715172953,0.5974387277982618,S065,S143,3.0,6.0,3.0,1.4,1.4,0.0,10.0,5.0,5.0,0.12040506627966963,25.889988063644324,32.2996138495897,6.409625785945373,2.717560012914531,9.006780732580225,6.289220719665694,0.5460243940451319,0.2934080300245243,0.2526163640206076,0.09204878809026369,0.4131839399509512,0.32113515186068753,0.10496567268528907,0.27885103439695264,0.17388536171166358,1.117275583161383,1.3866760512701686,0.2694004681087856
65,145,MP_vent_PEEP_Jmin,resistance_dominant,severe_mixed,23.172428050729796,23.185937051598586,0.0005829773573669554,3.8553168413539023,9.537054903949521,0.3339285644577863,0.2552228988637731,0.4319278739167862,1.213716185828757,S065,S145,3.0,9.0,6.0,1.4,1.0,0.3999999999999999,10.0,5.0,5.0,0.013509000868790366,25.889988063644324,39.29586880981653,13.405880746172208,2.717560012914531,16.109931758217957,13.392371745303427,0.5460243940451319,0.2888851632524661,0.2571392307926658,0.09204878809026369,0.422229673495068,0.33018088540480434,0.10496567268528907,0.4099650229439264,0.30499935025863734,1.117275583161383,1.6948147802854154,0.5775391971240325
66,98,MP_vent_PEEP_Jmin,resistance_dominant,mixed,20.699193679006555,20.691449642972024,0.00037412259407885957,3.4537376311850245,1.495799133959192,0.24092049538430388,0.2128730856411813,0.13268275353559505,0.32911548670660506,S066,S098,6.0,6.0,0.0,0.6,1.4,0.7999999999999999,10.0,5.0,5.0,0.007744036034530666,26.480703749291557,28.430898210482862,1.9501944611913054,5.781510070285002,7.7394485675108395,1.9579384972258378,0.542811548604958,0.33333333333333337,0.20947821527162458,0.08562309720991573,0.33333333333333337,0.24771023612341764,0.2183291699881532,0.27221962915885645,0.05389045917070326,1.2793108833098508,1.374040905835691,0.09473002252584029
66,100,MP_vent_PEEP_Jmin,resistance_dominant,mixed,20.699193679006555,20.09068814257768,0.029397547840041297,3.754118381382197,4.42966383456913,0.24092049538430382,0.21287308564118135,0.28636777063214575,0.9712590557816445,S066,S100,6.0,9.0,3.0,0.6,1.0,0.4,10.0,5.0,5.0,0.6085055364288756,26.480703749291557,34.05598042881401,7.575276679522453,5.781510070285002,13.965292286236334,8.183782215951332,0.542811548604958,0.3333333333333334,0.20947821527162452,0.08562309720991573,0.3333333333333334,0.2477102361234177,0.2183291699881532,0.4100687195139627,0.1917395495258095,1.2793108833098508,1.6951126903732106,0.4158018070633598
67,101,MP_vent_PEEP_Jmin,resistance_dominant,mixed,24.871790799306524,25.981757079694805,0.04462751754969046,3.5903153263569454,4.9302543883861425,0.25897566298090724,0.2038455018428797,0.2519268722852329,0.7673349209917895,S067,S101,6.0,9.0,3.0,1.0,1.4,0.3999999999999999,10.0,5.0,5.0,1.1099662803882815,31.558112834142726,41.18864882927409,9.630535995131368,6.686322034836207,15.20689174957929,8.520569714743083,0.5379905963296706,0.33333333333333337,0.20465726299633724,0.07598119265934128,0.33333333333333337,0.2573521406739921,0.21187331669599313,0.36920103430951257,0.15732771761351944,1.268831548511683,1.5852911218796566,0.3164595733679736
68,70,MP_vent_PEEP_Jmin,resistance_dominant,resistance_dominant,27.87016986673212,28.070343081596064,0.007182346423474305,0.13344880990930008,5.099173639285148,0.014297385550027034,0.007148692775013621,0.11730678459522065,0.26270941862171227,S068,S070,6.0,9.0,3.0,1.4,1.0,0.3999999999999999,10.0,10.0,0.0,0.2001732148639448,34.76148627024184,39.92738431448164,5.165898044239803,6.891316403509719,11.85704123288557,4.9657248293758505,0.5454826718325426,0.5362582684276135,0.009224403404929138,0.09096534366508525,0.07251653685522706,0.018448806809858193,0.19824573523512276,0.296965139000729,0.09871940376560626,1.2472649587879154,1.4224045712023907,0.1751396124144753
68,146,MP_vent_PEEP_Jmin,resistance_dominant,severe_mixed,27.87016986673212,29.208195169011812,0.048009226663410405,3.9760156599821723,6.731473881555232,0.33047651523867794,0.25100961242030456,0.2759466609984258,0.8341620215493757,S068,S146,6.0,9.0,3.0,1.4,1.4,0.0,10.0,5.0,5.0,1.3380253022796929,34.76148627024184,46.80700111405894,12.045514843817102,6.891316403509719,17.59880594504712,10.707489541537399,0.5454826718325426,0.2933225646373279,0.2521601071952147,0.09096534366508525,0.4133548707253441,0.32238952706025886,0.19824573523512276,0.37598661580908554,0.17774088057396278,1.2472649587879154,1.6025297298656245,0.35526477107770904
68,148,MP_vent_PEEP_Jmin,resistance_dominant,severe_mixed,27.87016986673212,27.093879731129867,0.0278537999342763,5.033173378923145,14.120532628073875,0.3361910420664204,0.25386687583417566,0.3872852801185095,1.5516786320574858,S068,S148,6.0,12.0,6.0,1.4,1.0,0.3999999999999999,10.0,5.0,5.0,0.7762901356022525,34.76148627024184,53.13890214163661,18.377415871394774,6.891316403509719,26.04502241050674,19.15370600699702,0.5454826718325426,0.2887847733483835,0.25669789848415914,0.09096534366508525,0.4224304533032329,0.3314651096381477,0.19824573523512276,0.4901309842850394,0.29188524904991664,1.2472649587879154,1.96128803511968,0.7140230763317645
70,146,MP_vent_PEEP_Jmin,resistance_dominant,severe_mixed,28.070343081596064,29.208195169011812,0.040535738523330166,4.109464469891472,1.6323002422700839,0.34477390078870496,0.24386091964529094,0.15863987640320515,0.5714526029276634,S070,S146,9.0,9.0,0.0,1.0,1.4,0.3999999999999999,10.0,5.0,5.0,1.137852087415748,39.92738431448164,46.80700111405894,6.879616799577299,11.85704123288557,17.59880594504712,5.741764712161549,0.5362582684276135,0.2933225646373279,0.24293570379028556,0.07251653685522706,0.4133548707253441,0.340838333870117,0.296965139000729,0.37598661580908554,0.07902147680835653,1.4224045712023907,1.6025297298656245,0.18012515866323375
70,148,MP_vent_PEEP_Jmin,resistance_dominant,severe_mixed,28.070343081596064,27.093879731129867,0.03478629910677515,5.166622188832445,9.021358988788727,0.3504884276164475,0.24671818305916204,0.26997849552328884,1.2889692134357735,S070,S148,9.0,12.0,3.0,1.0,1.0,0.0,10.0,5.0,5.0,0.9764633504661973,39.92738431448164,53.13890214163661,13.211517827154971,11.85704123288557,26.04502241050674,14.18798117762117,0.5362582684276135,0.2887847733483835,0.24747349507923,0.07251653685522706,0.4224304533032329,0.34991391644800585,0.296965139000729,0.4901309842850394,0.19316584528431036,1.4224045712023907,1.96128803511968,0.5388834639172893
71,73,MP_vent_PEEP_Jmin,resistance_dominant,resistance_dominant,32.567911682734426,31.26889536388557,0.03988638668341507,0.8660108792325616,4.858852500337626,0.014508241048054774,0.0072541205240271855,0.10098395251334097,0.2985854548628526,S071,S073,9.0,12.0,3.0,1.4,1.0,0.3999999999999999,10.0,10.0,0.0,1.2990163188488566,45.08918085451998,49.515027915241326,4.425847060721345,12.521269171785557,18.24613255135575,5.724863379570193,0.5452861283658862,0.5354209302020131,0.009865198163873101,0.0905722567317724,0.0708418604040262,0.019730396327746202,0.2777000809170912,0.3684968648829009,0.0907967839658097,1.3844664433434826,1.5835234132520517,0.19905696990856914
71,104,MP_vent_PEEP_Jmin,resistance_dominant,mixed,32.567911682734426,31.272064516417537,0.039789077633856106,6.075908863614178,6.475636161789986,0.24835925551816934,0.2091537055742485,0.25014198645614005,1.026828249429103,S071,S104,9.0,12.0,3.0,1.4,1.4,0.0,10.0,5.0,5.0,1.2958471663168893,45.08918085451998,56.34487871360726,11.255697859087277,12.521269171785557,25.07281419718972,12.551545025404165,0.5452861283658862,0.33333333333333337,0.21195279503255282,0.0905722567317724,0.33333333333333337,0.242761076601561,0.2777000809170912,0.4449883426785095,0.1672882617614183,1.3844664433434826,1.8017639572221633,0.41729751387868075
71,108,MP_vent_PEEP_Jmin,resistance_dominant,mixed,32.567911682734426,31.720757332539172,0.026011933416178013,0.5647695667968335,8.972025392894174,0.24835925551816945,0.2091537055742484,0.20290472207149512,0.3821576509693585,S071,S108,9.0,3.0,6.0,1.4,0.6,0.7999999999999999,10.0,10.0,0.0,0.8471543501952539,45.08918085451998,35.83477067822741,9.254410176292573,12.521269171785557,4.114013345688228,8.407255826097328,0.5452861283658862,0.3333333333333332,0.211952795032553,0.0905722567317724,0.3333333333333332,0.24276107660156082,0.2777000809170912,0.11480506970811542,0.16289501120897576,1.3844664433434826,1.1296946760305775,0.2547717673129051
71,111,MP_vent_PEEP_Jmin,resistance_dominant,mixed,32.567911682734426,33.1090103564989,0.01661447252239178,0.36073244917631797,2.147451648201944,0.24835925551816934,0.2091537055742485,0.05369123528281078,0.12305796899688404,S071,S111,9.0,6.0,3.0,1.4,0.6,0.7999999999999999,10.0,10.0,0.0,0.5410986737644734,45.08918085451998,43.12209543090619,1.9670854236137885,12.521269171785557,10.013085074407302,2.5081840973782548,0.5452861283658862,0.33333333333333337,0.21195279503255282,0.0905722567317724,0.33333333333333337,0.242761076601561,0.2777000809170912,0.23220311940664154,0.04549696151044966,1.3844664433434826,1.30242779734556,0.08203864599792254
72,103,MP_vent_PEEP_Jmin,resistance_dominant,mixed,22.92370112328557,23.417305933594722,0.021532509416978658,3.5738144487263526,3.445080844530672,0.23047314784817666,0.218096759409245,0.1537672386068697,0.9110509311933361,S072,S103,12.0,12.0,0.0,0.6,1.0,0.4,10.0,5.0,5.0,0.4936048103091508,38.52461732929721,46.03711743286338,7.512500103566175,15.600916206011632,22.619811499268657,7.0188952932570245,0.5455552359019941,0.33333333333333326,0.2122219025686608,0.09111047180398832,0.33333333333333326,0.24222286152934494,0.404959667026918,0.4913385711487142,0.08637890412179622,1.6805583497232237,1.965944227889086,0.28538587816586225
72,143,MP_vent_PEEP_Jmin,resistance_dominant,severe_mixed,22.92370112328557,23.292833117009465,0.016102635073571722,3.636050857018981,10.230186330450387,0.31336665390422935,0.2595435124372714,0.06905947149264108,0.24748542204449842,S072,S143,12.0,6.0,6.0,0.6,1.4,0.7999999999999999,10.0,5.0,5.0,0.3691319937238937,38.52461732929721,32.2996138495897,6.22500347970751,15.600916206011632,9.006780732580225,6.5941354734314075,0.5455552359019941,0.2934080300245243,0.25214720587746975,0.09111047180398832,0.4131839399509512,0.3220734681469629,0.404959667026918,0.27885103439695264,0.12610863262996536,1.6805583497232237,1.3866760512701686,0.29388229845305514
72,145,MP_vent_PEEP_Jmin,resistance_dominant,severe_mixed,22.92370112328557,23.185937051598586,0.011439510875782571,3.6894988897244207,3.1804833375180976,0.31932699560750955,0.26252368328891146,0.07636943090684989,0.36879203598599686,S072,S145,12.0,9.0,3.0,0.6,1.0,0.4,10.0,5.0,5.0,0.26223592831301445,38.52461732929721,39.29586880981653,0.7712514805193251,15.600916206011632,16.109931758217957,0.5090155522063249,0.5455552359019941,0.2888851632524661,0.25667007264952796,0.09111047180398832,0.422229673495068,0.33111920169107967,0.404959667026918,0.4099650229439264,0.005005355917008403,1.6805583497232237,1.6948147802854154,0.014256430562191724
73,104,MP_vent_PEEP_Jmin,resistance_dominant,mixed,31.26889536388557,31.272064516417537,0.00010135159861219504,5.209897984381616,1.6167836614523594,0.2628674965662241,0.20189958505022132,0.14915803394279908,0.7282427945662504,S073,S104,12.0,12.0,0.0,1.0,1.4,0.3999999999999999,10.0,5.0,5.0,0.0031691525319672564,49.515027915241326,56.34487871360726,6.829850798365932,18.24613255135575,25.07281419718972,6.826681645833972,0.5354209302020131,0.33333333333333337,0.20208759686867972,0.0708418604040262,0.33333333333333337,0.2624914729293072,0.3684968648829009,0.4449883426785095,0.07649147779560861,1.5835234132520517,1.8017639572221633,0.2182405439701116
73,105,MP_vent_PEEP_Jmin,resistance_dominant,mixed,31.26889536388557,30.332504308579374,0.029946406625789953,0.6242607035374697,18.870393254893226,0.26286749656622427,0.20189958505022115,0.46674775510135974,0.8752851198780771,S073,S105,12.0,0.0,12.0,1.0,0.6,0.4,10.0,10.0,0.0,0.9363910553061956,49.515027915241326,30.332504308579374,19.182523606661952,18.24613255135575,0.0,18.24613255135575,0.5354209302020131,0.3333333333333333,0.20208759686867978,0.0708418604040262,0.3333333333333333,0.26249147292930713,0.3684968648829009,0.0,0.3684968648829009,1.5835234132520517,1.0,0.5835234132520517
73,106,MP_vent_PEEP_Jmin,resistance_dominant,mixed,31.26889536388557,30.332504308579374,0.029946406625789953,0.6242607035374697,18.870393254893226,0.26286749656622427,0.20189958505022115,0.46674775510135974,0.8752851198780771,S073,S106,12.0,0.0,12.0,1.0,1.0,0.0,10.0,10.0,0.0,0.9363910553061956,49.515027915241326,30.332504308579374,19.182523606661952,18.24613255135575,0.0,18.24613255135575,0.5354209302020131,0.3333333333333333,0.20208759686867978,0.0708418604040262,0.3333333333333333,0.26249147292930713,0.3684968648829009,0.0,0.3684968648829009,1.5835234132520517,1.0,0.5835234132520517
73,107,MP_vent_PEEP_Jmin,resistance_dominant,mixed,31.26889536388557,30.332504308579374,0.029946406625789953,0.6242607035374697,18.870393254893226,0.26286749656622427,0.20189958505022115,0.46674775510135974,0.8752851198780771,S073,S107,12.0,0.0,12.0,1.0,1.4,0.3999999999999999,10.0,10.0,0.0,0.9363910553061956,49.515027915241326,30.332504308579374,19.182523606661952,18.24613255135575,0.0,18.24613255135575,0.5354209302020131,0.3333333333333333,0.20208759686867978,0.0708418604040262,0.3333333333333333,0.26249147292930713,0.3684968648829009,0.0,0.3684968648829009,1.5835234132520517,1.0,0.5835234132520517
73,108,MP_vent_PEEP_Jmin,resistance_dominant,mixed,31.26889536388557,31.720757332539172,0.01445084526956097,0.30124131243572805,13.8308778932318,0.2628674965662242,0.2018995850502212,0.3038886745848361,0.6807431058322111,S073,S108,12.0,3.0,9.0,1.0,0.6,0.4,10.0,10.0,0.0,0.45186196865360273,49.515027915241326,35.83477067822741,13.680257237013919,18.24613255135575,4.114013345688228,14.132119205667522,0.5354209302020131,0.3333333333333332,0.2020875968686799,0.0708418604040262,0.3333333333333332,0.262491472929307,0.3684968648829009,0.11480506970811542,0.25369179517478546,1.5835234132520517,1.1296946760305775,0.4538287372214742
74,75,MP_vent_PEEP_Jmin,resistance_dominant,resistance_dominant,37.26565349873675,36.94937246945506,0.008487199326651054,2.8682603529334543,16.7391579648086,0.00961511758028627,0.004807558790143163,0.4410999908271858,0.7892288130036436,S074,S075,12.0,0.0,12.0,1.4,0.6,0.7999999999999999,10.0,15.0,5.0,0.31628102928169,56.873071816478806,36.94937246945506,19.92369934702375,19.60741831774206,0.0,19.60741831774206,0.5452618156395744,0.5472804593845157,0.0020186437449413175,0.0905236312791489,0.09456091876903151,0.004037287489882607,0.3447575045886807,0.0,0.3447575045886807,1.5261525420024293,1.0,0.5261525420024293
74,76,MP_vent_PEEP_Jmin,resistance_dominant,resistance_dominant,37.26565349873675,36.94937246945506,0.008487199326651054,2.8682603529334543,16.7391579648086,0.00961511758028627,0.004807558790143163,0.4410999908271858,0.7892288130036436,S074,S076,12.0,0.0,12.0,1.4,1.0,0.3999999999999999,10.0,15.0,5.0,0.31628102928169,56.873071816478806,36.94937246945506,19.92369934702375,19.60741831774206,0.0,19.60741831774206,0.5452618156395744,0.5472804593845157,0.0020186437449413175,0.0905236312791489,0.09456091876903151,0.004037287489882607,0.3447575045886807,0.0,0.3447575045886807,1.5261525420024293,1.0,0.5261525420024293
74,77,MP_vent_PEEP_Jmin,resistance_dominant,resistance_dominant,37.26565349873675,36.94937246945506,0.008487199326651054,2.8682603529334543,16.7391579648086,0.00961511758028627,0.004807558790143163,0.4410999908271858,0.7892288130036436,S074,S077,12.0,0.0,12.0,1.4,1.4,0.0,10.0,15.0,5.0,0.31628102928169,56.873071816478806,36.94937246945506,19.92369934702375,19.60741831774206,0.0,19.60741831774206,0.5452618156395744,0.5472804593845157,0.0020186437449413175,0.0905236312791489,0.09456091876903151,0.004037287489882607,0.3447575045886807,0.0,0.3447575045886807,1.5261525420024293,1.0,0.5261525420024293
74,78,MP_vent_PEEP_Jmin,resistance_dominant,resistance_dominant,37.26565349873675,38.4323774323077,0.031308291255660044,3.98051407507295,12.30024570631577,0.005986786869236968,0.002993393434618352,0.337629971919304,0.6738171468128058,S074,S078,12.0,3.0,9.0,1.4,0.6,0.7999999999999999,10.0,15.0,5.0,1.1667239335709567,56.873071816478806,41.75903596866105,15.114035847817753,19.60741831774206,3.3266585363533436,16.280759781388717,0.5452618156395744,0.5447185779790862,0.0005432376604882494,0.0905236312791489,0.08943715595817228,0.0010864753209766237,0.3447575045886807,0.07966320244676875,0.265094302141912,1.5261525420024293,1.0865587496431286,0.43959379235930074
74,110,MP_vent_PEEP_Jmin,resistance_dominant,mixed,37.26565349873675,38.26796546366348,0.02689640113142548,0.6682079766178219,14.797480671926447,0.24838753214458814,0.20913956726103933,0.30143011013455245,0.6268842925013525,S074,S110,12.0,3.0,9.0,1.4,1.4,0.0,10.0,10.0,0.0,1.002311964926733,56.873071816478806,42.409695132861266,14.46337668361754,19.60741831774206,4.141729669197789,15.465688648544269,0.5452618156395744,0.3333333333333333,0.21192848230624112,0.0905236312791489,0.3333333333333333,0.2428097020541844,0.3447575045886807,0.09765997270724446,0.24709753188143624,1.5261525420024293,1.1082296803348608,0.41792286166756853
74,117,MP_vent_PEEP_Jmin,resistance_dominant,mixed,37.26565349873675,35.88551640441835,0.037035097059687536,0.9200913962122712,6.638893966983694,0.24838753214458809,0.20913956726103938,0.09063538712195213,0.3463158190471245,S074,S117,12.0,12.0,0.0,1.4,0.6,0.7999999999999999,10.0,10.0,0.0,1.3801370943183997,56.873071816478806,63.051920085356365,6.178848268877559,19.60741831774206,27.166403680938018,7.5589853631959585,0.5452618156395744,0.3333333333333333,0.21192848230624112,0.0905236312791489,0.3333333333333333,0.2428097020541844,0.3447575045886807,0.4308576748203952,0.08610017023171451,1.5261525420024293,1.7570297547005118,0.23087721269808248
74,153,MP_vent_PEEP_Jmin,resistance_dominant,severe_mixed,37.26565349873675,36.241182746423135,0.02749101803214962,0.68298050154241,15.725679013738759,0.328788161111365,0.24933988174442778,0.2821917564672952,0.6002979010014866,S074,S153,12.0,3.0,9.0,1.4,0.6,0.7999999999999999,10.0,10.0,0.0,1.0244707523136114,56.873071816478806,40.80590255196884,16.067169264509964,19.60741831774206,4.564719805545712,15.042698512196347,0.5452618156395744,0.2927253856031375,0.25253643003643694,0.0905236312791489,0.41454922879372513,0.3240255975145762,0.3447575045886807,0.11186420395265756,0.23289330063602315,1.5261525420024293,1.1259539413347714,0.4001986006676579
74,156,MP_vent_PEEP_Jmin,resistance_dominant,severe_mixed,37.26565349873675,38.096038453831916,0.022282849678815334,0.5535899700634452,7.975500681654154,0.3286223112498797,0.2492569568136852,0.1373818517608279,0.35302882545965786,S074,S156,12.0,6.0,6.0,1.4,0.6,0.7999999999999999,10.0,10.0,0.0,0.8303849550951696,56.873071816478806,49.17436611985637,7.698705696622433,19.60741831774206,11.078327666024457,8.529090651717603,0.5452618156395744,0.29230741429929485,0.2529544013402796,0.0905236312791489,0.41538517140141024,0.3248615401222613,0.3447575045886807,0.2252866389578346,0.11947086563084611,1.5261525420024293,1.2907999916959905,0.23535255030643887
75,76,MP_vent_PEEP_Jmin,resistance_dominant,resistance_dominant,36.94937246945506,36.94937246945506,0.0,0.0,0.0,0.0,0.0,0.0,0.0,S075,S076,0.0,0.0,0.0,0.6,1.0,0.4,15.0,15.0,0.0,0.0,36.94937246945506,36.94937246945506,0.0,0.0,0.0,0.0,0.5472804593845157,0.5472804593845157,0.0,0.09456091876903151,0.09456091876903151,0.0,0.0,0.0,0.0,1.0,1.0,0.0
75,77,MP_vent_PEEP_Jmin,resistance_dominant,resistance_dominant,36.94937246945506,36.94937246945506,0.0,0.0,0.0,0.0,0.0,0.0,0.0,S075,S077,0.0,0.0,0.0,0.6,1.4,0.7999999999999999,15.0,15.0,0.0,0.0,36.94937246945506,36.94937246945506,0.0,0.0,0.0,0.0,0.5472804593845157,0.5472804593845157,0.0,0.09456091876903151,0.09456091876903151,0.0,0.0,0.0,0.0,1.0,1.0,0.0
75,78,MP_vent_PEEP_Jmin,resistance_dominant,resistance_dominant,36.94937246945506,38.4323774323077,0.040136133951357435,1.1122537221394957,4.438912258492831,0.003628330711049302,0.0018141653555248105,0.10347001890788184,0.11541166619083776,S075,S078,0.0,3.0,3.0,0.6,0.6,0.0,15.0,15.0,0.0,1.4830049628526467,36.94937246945506,41.75903596866105,4.809663499205996,0.0,3.3266585363533436,3.3266585363533436,0.5472804593845157,0.5447185779790862,0.002561881405429567,0.09456091876903151,0.08943715595817228,0.005123762810859231,0.0,0.07966320244676875,0.07966320244676875,1.0,1.0865587496431286,0.0865587496431286
75,109,MP_vent_PEEP_Jmin,resistance_dominant,mixed,36.94937246945506,35.32243099510493,0.044031640204311176,4.1637420220213315,0.14717560511092032,0.23877241456430182,0.21394712605118255,0.15473943473098958,0.18306714058255236,S075,S109,0.0,3.0,3.0,0.6,1.0,0.4,15.0,10.0,5.0,1.6269414743501258,36.94937246945506,39.633348622237186,2.6839761527821295,0.0,4.310917627132253,4.310917627132253,0.5472804593845157,0.33333333333333337,0.21394712605118238,0.09456091876903151,0.33333333333333337,0.23877241456430187,0.0,0.10876995704353669,0.10876995704353669,1.0,1.1220447603883683,0.12204476038836831
75,110,MP_vent_PEEP_Jmin,resistance_dominant,mixed,36.94937246945506,38.26796546366348,0.035686478716207275,2.2000523763156323,1.9416772928821544,0.23877241456430187,0.2139471260511825,0.13966988069263334,0.1623445205022911,S075,S110,0.0,3.0,3.0,0.6,1.4,0.7999999999999999,15.0,10.0,5.0,1.318592994208423,36.94937246945506,42.409695132861266,5.46032266340621,0.0,4.141729669197789,4.141729669197789,0.5472804593845157,0.3333333333333333,0.21394712605118243,0.09456091876903151,0.3333333333333333,0.23877241456430182,0.0,0.09765997270724446,0.09765997270724446,1.0,1.1082296803348608,0.1082296803348608
75,117,MP_vent_PEEP_Jmin,resistance_dominant,mixed,36.94937246945506,35.88551640441835,0.028792263411676823,3.7883517491457255,23.378051931792296,0.23877241456430182,0.21394712605118255,0.5317353779491379,1.135544632050768,S075,S117,0.0,12.0,12.0,0.6,0.6,0.0,15.0,10.0,5.0,1.0638560650367097,36.94937246945506,63.051920085356365,26.102547615901308,0.0,27.166403680938018,27.166403680938018,0.5472804593845157,0.3333333333333333,0.21394712605118243,0.09456091876903151,0.3333333333333333,0.23877241456430182,0.0,0.4308576748203952,0.4308576748203952,1.0,1.7570297547005118,0.7570297547005118
75,149,MP_vent_PEEP_Jmin,resistance_dominant,severe_mixed,36.94937246945506,35.123557221014146,0.049413971778553424,10.150250741584216,18.76633698004763,0.3215280466578924,0.25532494209797785,0.622151551433437,1.646563731553436,S075,S149,0.0,12.0,12.0,0.6,1.4,0.7999999999999999,15.0,5.0,10.0,1.825815248440911,36.94937246945506,64.040144942646,27.09077247319094,0.0,28.916587721631853,28.916587721631853,0.5472804593845157,0.29327894642789787,0.2540015129566179,0.09456091876903151,0.4134421071442042,0.3188811883751727,0.0,0.4515384490077184,0.4515384490077184,1.0,1.823281865776718,0.823281865776718
75,153,MP_vent_PEEP_Jmin,resistance_dominant,severe_mixed,36.94937246945506,36.241182746423135,0.01916648851390807,3.5512408544758642,1.0134789510698425,0.3191730435310787,0.25414744053457095,0.1589082343598906,0.18893091200215695,S075,S153,0.0,3.0,3.0,0.6,0.6,0.0,15.0,10.0,5.0,0.7081897230319214,36.94937246945506,40.80590255196884,3.8565300825137854,0.0,4.564719805545712,4.564719805545712,0.5472804593845157,0.2927253856031375,0.25455507378137826,0.09456091876903151,0.41454922879372513,0.31998831002469363,0.0,0.11186420395265756,0.11186420395265756,1.0,1.1259539413347714,0.12595394133477145
75,156,MP_vent_PEEP_Jmin,resistance_dominant,severe_mixed,36.94937246945506,38.096038453831916,0.031033435962269026,2.314670382870009,8.763657283154448,0.3190071936695934,0.25406451560382837,0.3037181390663579,0.4361999875439857,S075,S156,0.0,6.0,6.0,0.6,0.6,0.0,15.0,10.0,5.0,1.1466659843768596,36.94937246945506,49.17436611985637,12.224993650401316,0.0,11.078327666024457,11.078327666024457,0.5472804593845157,0.29230741429929485,0.2549730450852209,0.09456091876903151,0.41538517140141024,0.32082425263237874,0.0,0.2252866389578346,0.2252866389578346,1.0,1.2907999916959905,0.29079999169599047
76,77,MP_vent_PEEP_Jmin,resistance_dominant,resistance_dominant,36.94937246945506,36.94937246945506,0.0,0.0,0.0,0.0,0.0,0.0,0.0,S076,S077,0.0,0.0,0.0,1.0,1.4,0.3999999999999999,15.0,15.0,0.0,0.0,36.94937246945506,36.94937246945506,0.0,0.0,0.0,0.0,0.5472804593845157,0.5472804593845157,0.0,0.09456091876903151,0.09456091876903151,0.0,0.0,0.0,0.0,1.0,1.0,0.0
76,78,MP_vent_PEEP_Jmin,resistance_dominant,resistance_dominant,36.94937246945506,38.4323774323077,0.040136133951357435,1.1122537221394957,4.438912258492831,0.003628330711049302,0.0018141653555248105,0.10347001890788184,0.11541166619083776,S076,S078,0.0,3.0,3.0,1.0,0.6,0.4,15.0,15.0,0.0,1.4830049628526467,36.94937246945506,41.75903596866105,4.809663499205996,0.0,3.3266585363533436,3.3266585363533436,0.5472804593845157,0.5447185779790862,0.002561881405429567,0.09456091876903151,0.08943715595817228,0.005123762810859231,0.0,0.07966320244676875,0.07966320244676875,1.0,1.0865587496431286,0.0865587496431286
76,109,MP_vent_PEEP_Jmin,resistance_dominant,mixed,36.94937246945506,35.32243099510493,0.044031640204311176,4.1637420220213315,0.14717560511092032,0.23877241456430182,0.21394712605118255,0.15473943473098958,0.18306714058255236,S076,S109,0.0,3.0,3.0,1.0,1.0,0.0,15.0,10.0,5.0,1.6269414743501258,36.94937246945506,39.633348622237186,2.6839761527821295,0.0,4.310917627132253,4.310917627132253,0.5472804593845157,0.33333333333333337,0.21394712605118238,0.09456091876903151,0.33333333333333337,0.23877241456430187,0.0,0.10876995704353669,0.10876995704353669,1.0,1.1220447603883683,0.12204476038836831
76,110,MP_vent_PEEP_Jmin,resistance_dominant,mixed,36.94937246945506,38.26796546366348,0.035686478716207275,2.2000523763156323,1.9416772928821544,0.23877241456430187,0.2139471260511825,0.13966988069263334,0.1623445205022911,S076,S110,0.0,3.0,3.0,1.0,1.4,0.3999999999999999,15.0,10.0,5.0,1.318592994208423,36.94937246945506,42.409695132861266,5.46032266340621,0.0,4.141729669197789,4.141729669197789,0.5472804593845157,0.3333333333333333,0.21394712605118243,0.09456091876903151,0.3333333333333333,0.23877241456430182,0.0,0.09765997270724446,0.09765997270724446,1.0,1.1082296803348608,0.1082296803348608
76,117,MP_vent_PEEP_Jmin,resistance_dominant,mixed,36.94937246945506,35.88551640441835,0.028792263411676823,3.7883517491457255,23.378051931792296,0.23877241456430182,0.21394712605118255,0.5317353779491379,1.135544632050768,S076,S117,0.0,12.0,12.0,1.0,0.6,0.4,15.0,10.0,5.0,1.0638560650367097,36.94937246945506,63.051920085356365,26.102547615901308,0.0,27.166403680938018,27.166403680938018,0.5472804593845157,0.3333333333333333,0.21394712605118243,0.09456091876903151,0.3333333333333333,0.23877241456430182,0.0,0.4308576748203952,0.4308576748203952,1.0,1.7570297547005118,0.7570297547005118
76,149,MP_vent_PEEP_Jmin,resistance_dominant,severe_mixed,36.94937246945506,35.123557221014146,0.049413971778553424,10.150250741584216,18.76633698004763,0.3215280466578924,0.25532494209797785,0.622151551433437,1.646563731553436,S076,S149,0.0,12.0,12.0,1.0,1.4,0.3999999999999999,15.0,5.0,10.0,1.825815248440911,36.94937246945506,64.040144942646,27.09077247319094,0.0,28.916587721631853,28.916587721631853,0.5472804593845157,0.29327894642789787,0.2540015129566179,0.09456091876903151,0.4134421071442042,0.3188811883751727,0.0,0.4515384490077184,0.4515384490077184,1.0,1.823281865776718,0.823281865776718
76,153,MP_vent_PEEP_Jmin,resistance_dominant,severe_mixed,36.94937246945506,36.241182746423135,0.01916648851390807,3.5512408544758642,1.0134789510698425,0.3191730435310787,0.25414744053457095,0.1589082343598906,0.18893091200215695,S076,S153,0.0,3.0,3.0,1.0,0.6,0.4,15.0,10.0,5.0,0.7081897230319214,36.94937246945506,40.80590255196884,3.8565300825137854,0.0,4.564719805545712,4.564719805545712,0.5472804593845157,0.2927253856031375,0.25455507378137826,0.09456091876903151,0.41454922879372513,0.31998831002469363,0.0,0.11186420395265756,0.11186420395265756,1.0,1.1259539413347714,0.12595394133477145
76,156,MP_vent_PEEP_Jmin,resistance_dominant,severe_mixed,36.94937246945506,38.096038453831916,0.031033435962269026,2.314670382870009,8.763657283154448,0.3190071936695934,0.25406451560382837,0.3037181390663579,0.4361999875439857,S076,S156,0.0,6.0,6.0,1.0,0.6,0.4,15.0,10.0,5.0,1.1466659843768596,36.94937246945506,49.17436611985637,12.224993650401316,0.0,11.078327666024457,11.078327666024457,0.5472804593845157,0.29230741429929485,0.2549730450852209,0.09456091876903151,0.41538517140141024,0.32082425263237874,0.0,0.2252866389578346,0.2252866389578346,1.0,1.2907999916959905,0.29079999169599047
77,78,MP_vent_PEEP_Jmin,resistance_dominant,resistance_dominant,36.94937246945506,38.4323774323077,0.040136133951357435,1.1122537221394957,4.438912258492831,0.003628330711049302,0.0018141653555248105,0.10347001890788184,0.11541166619083776,S077,S078,0.0,3.0,3.0,1.4,0.6,0.7999999999999999,15.0,15.0,0.0,1.4830049628526467,36.94937246945506,41.75903596866105,4.809663499205996,0.0,3.3266585363533436,3.3266585363533436,0.5472804593845157,0.5447185779790862,0.002561881405429567,0.09456091876903151,0.08943715595817228,0.005123762810859231,0.0,0.07966320244676875,0.07966320244676875,1.0,1.0865587496431286,0.0865587496431286
77,109,MP_vent_PEEP_Jmin,resistance_dominant,mixed,36.94937246945506,35.32243099510493,0.044031640204311176,4.1637420220213315,0.14717560511092032,0.23877241456430182,0.21394712605118255,0.15473943473098958,0.18306714058255236,S077,S109,0.0,3.0,3.0,1.4,1.0,0.3999999999999999,15.0,10.0,5.0,1.6269414743501258,36.94937246945506,39.633348622237186,2.6839761527821295,0.0,4.310917627132253,4.310917627132253,0.5472804593845157,0.33333333333333337,0.21394712605118238,0.09456091876903151,0.33333333333333337,0.23877241456430187,0.0,0.10876995704353669,0.10876995704353669,1.0,1.1220447603883683,0.12204476038836831
77,110,MP_vent_PEEP_Jmin,resistance_dominant,mixed,36.94937246945506,38.26796546366348,0.035686478716207275,2.2000523763156323,1.9416772928821544,0.23877241456430187,0.2139471260511825,0.13966988069263334,0.1623445205022911,S077,S110,0.0,3.0,3.0,1.4,1.4,0.0,15.0,10.0,5.0,1.318592994208423,36.94937246945506,42.409695132861266,5.46032266340621,0.0,4.141729669197789,4.141729669197789,0.5472804593845157,0.3333333333333333,0.21394712605118243,0.09456091876903151,0.3333333333333333,0.23877241456430182,0.0,0.09765997270724446,0.09765997270724446,1.0,1.1082296803348608,0.1082296803348608
77,117,MP_vent_PEEP_Jmin,resistance_dominant,mixed,36.94937246945506,35.88551640441835,0.028792263411676823,3.7883517491457255,23.378051931792296,0.23877241456430182,0.21394712605118255,0.5317353779491379,1.135544632050768,S077,S117,0.0,12.0,12.0,1.4,0.6,0.7999999999999999,15.0,10.0,5.0,1.0638560650367097,36.94937246945506,63.051920085356365,26.102547615901308,0.0,27.166403680938018,27.166403680938018,0.5472804593845157,0.3333333333333333,0.21394712605118243,0.09456091876903151,0.3333333333333333,0.23877241456430182,0.0,0.4308576748203952,0.4308576748203952,1.0,1.7570297547005118,0.7570297547005118
77,149,MP_vent_PEEP_Jmin,resistance_dominant,severe_mixed,36.94937246945506,35.123557221014146,0.049413971778553424,10.150250741584216,18.76633698004763,0.3215280466578924,0.25532494209797785,0.622151551433437,1.646563731553436,S077,S149,0.0,12.0,12.0,1.4,1.4,0.0,15.0,5.0,10.0,1.825815248440911,36.94937246945506,64.040144942646,27.09077247319094,0.0,28.916587721631853,28.916587721631853,0.5472804593845157,0.29327894642789787,0.2540015129566179,0.09456091876903151,0.4134421071442042,0.3188811883751727,0.0,0.4515384490077184,0.4515384490077184,1.0,1.823281865776718,0.823281865776718
77,153,MP_vent_PEEP_Jmin,resistance_dominant,severe_mixed,36.94937246945506,36.241182746423135,0.01916648851390807,3.5512408544758642,1.0134789510698425,0.3191730435310787,0.25414744053457095,0.1589082343598906,0.18893091200215695,S077,S153,0.0,3.0,3.0,1.4,0.6,0.7999999999999999,15.0,10.0,5.0,0.7081897230319214,36.94937246945506,40.80590255196884,3.8565300825137854,0.0,4.564719805545712,4.564719805545712,0.5472804593845157,0.2927253856031375,0.25455507378137826,0.09456091876903151,0.41454922879372513,0.31998831002469363,0.0,0.11186420395265756,0.11186420395265756,1.0,1.1259539413347714,0.12595394133477145
77,156,MP_vent_PEEP_Jmin,resistance_dominant,severe_mixed,36.94937246945506,38.096038453831916,0.031033435962269026,2.314670382870009,8.763657283154448,0.3190071936695934,0.25406451560382837,0.3037181390663579,0.4361999875439857,S077,S156,0.0,6.0,6.0,1.4,0.6,0.7999999999999999,15.0,10.0,5.0,1.1466659843768596,36.94937246945506,49.17436611985637,12.224993650401316,0.0,11.078327666024457,11.078327666024457,0.5472804593845157,0.29230741429929485,0.2549730450852209,0.09456091876903151,0.41538517140141024,0.32082425263237874,0.0,0.2252866389578346,0.2252866389578346,1.0,1.2907999916959905,0.29079999169599047
78,81,MP_vent_PEEP_Jmin,resistance_dominant,resistance_dominant,38.4323774323077,39.915382395160435,0.03858738547894417,1.112253722139549,5.448386274853313,0.0003132392798163297,0.0001566196399082065,0.10033125946643102,0.14055618811341075,S078,S081,3.0,6.0,3.0,0.6,0.6,0.0,15.0,15.0,0.0,1.483004962852732,41.75903596866105,47.57817348422754,5.819137515566489,3.3266585363533436,7.662791089067098,4.336132552713755,0.5447185779790862,0.5436777708960535,0.0010408070830326688,0.08943715595817228,0.08735554179210701,0.002081614166065268,0.07966320244676875,0.16105685712393647,0.08139365467716772,1.0865587496431286,1.1919758907281865,0.10541714108505795
78,110,MP_vent_PEEP_Jmin,resistance_dominant,mixed,38.4323774323077,38.26796546366348,0.004277954673343027,3.312306098455128,2.4972349656106765,0.24240074527535116,0.21213296069565768,0.0361998617847515,0.04693285431145333,S078,S110,3.0,3.0,0.0,0.6,1.4,0.7999999999999999,15.0,10.0,5.0,0.1644119686442238,41.75903596866105,42.409695132861266,0.6506591642002135,3.3266585363533436,4.141729669197789,0.8150711328444458,0.5447185779790862,0.3333333333333333,0.21138524464575287,0.08943715595817228,0.3333333333333333,0.24389617737516103,0.07966320244676875,0.09765997270724446,0.017996770260475706,1.0865587496431286,1.1082296803348608,0.021670930691732204
78,112,MP_vent_PEEP_Jmin,resistance_dominant,mixed,38.4323774323077,40.312357681630495,0.048916574381433126,1.949377953143788,5.345509656910821,0.2424007452753511,0.21213296069565774,0.17979801812941476,0.27981005081808696,S078,S112,3.0,6.0,3.0,0.6,1.0,0.4,15.0,10.0,5.0,1.8799802493227915,41.75903596866105,50.93390382803844,9.174867859377386,3.3266585363533436,10.621546146407942,7.294887610054598,0.5447185779790862,0.33333333333333326,0.21138524464575292,0.08943715595817228,0.33333333333333326,0.24389617737516098,0.07966320244676875,0.20853587390960834,0.1288726714628396,1.0865587496431286,1.2634811446726164,0.1769223950294878
78,154,MP_vent_PEEP_Jmin,resistance_dominant,severe_mixed,38.4323774323077,40.24824105831121,0.04724827729436852,1.99212236868998,0.2852181490015049,0.32622160499861397,0.2540433905572892,0.05449164677061065,0.07218272142783766,S078,S154,3.0,3.0,0.0,0.6,1.0,0.4,15.0,10.0,5.0,1.8158636260035053,41.75903596866105,45.28180381435302,3.522767845691966,3.3266585363533436,5.033562756041808,1.706904219688464,0.5447185779790862,0.2917533113648811,0.2529652666142051,0.08943715595817228,0.4164933772702379,0.3270562213120656,0.07966320244676875,0.11116082691136775,0.031497624464599,1.0865587496431286,1.1250629250791166,0.03850417543598805
78,156,MP_vent_PEEP_Jmin,resistance_dominant,severe_mixed,38.4323774323077,38.096038453831916,0.008751448672885062,3.4269241050095047,4.324745024661617,0.3226355243806427,0.25225035024830356,0.2002481201584761,0.32078832135314794,S078,S156,3.0,6.0,3.0,0.6,0.6,0.0,15.0,10.0,5.0,0.3363389784757871,41.75903596866105,49.17436611985637,7.41533015119532,3.3266585363533436,11.078327666024457,7.751669129671113,0.5447185779790862,0.29230741429929485,0.25241116367979133,0.08943715595817228,0.41538517140141024,0.3259480154432379,0.07966320244676875,0.2252866389578346,0.14562343651106585,1.0865587496431286,1.2907999916959905,0.20424124205286187
78,159,MP_vent_PEEP_Jmin,resistance_dominant,severe_mixed,38.4323774323077,39.95089416124075,0.03951139196651731,2.190353633403621,14.02381141167929,0.32151125322604596,0.251688214671005,0.31972279323373465,0.6182699193540315,S078,S159,3.0,9.0,6.0,0.6,0.6,0.0,15.0,10.0,5.0,1.5185167289330437,41.75903596866105,59.491717742677004,17.73268177401595,3.3266585363533436,19.540823581436257,16.214165045082915,0.5447185779790862,0.29244675027637607,0.2522718277027101,0.08943715595817228,0.41510649944724787,0.3256693434890756,0.07966320244676875,0.3284629243007795,0.24879972185401075,1.0865587496431286,1.4891210570299132,0.40256230738678456
79,80,MP_vent_PEEP_Jmin,resistance_dominant,resistance_dominant,41.214108845841,43.21302822412474,0.048500851632158,1.4991895337128085,1.4151110529581246,0.005356061234853229,0.0026780306174265522,0.006612810373968783,0.00827545583863154,S079,S080,3.0,3.0,0.0,1.0,1.4,0.3999999999999999,15.0,15.0,0.0,1.9989193782837447,45.01047825154731,46.92531914907638,1.9148408975290678,3.796369405706322,3.7122909249516365,0.08407848075468571,0.5427232040451674,0.5459639527355116,0.0032407486903441862,0.08544640809033464,0.09192790547102322,0.006481497380688581,0.08434412503883616,0.0791106164490456,0.0052335085897905614,1.0921133444837159,1.0859067526047423,0.006206591878973544
79,81,MP_vent_PEEP_Jmin,resistance_dominant,resistance_dominant,41.214108845841,39.915382395160435,0.03151169555887701,0.9740448380104141,2.8923768453503627,0.006203880114064406,0.0031019400570320155,0.09441773150724705,0.13315006165929377,S079,S081,3.0,6.0,3.0,1.0,0.6,0.4,15.0,15.0,0.0,1.2987264506805616,45.01047825154731,47.57817348422754,2.5676952326802294,3.796369405706322,7.662791089067098,3.866421683360776,0.5427232040451674,0.5436777708960535,0.0009545668508861294,0.08544640809033464,0.08735554179210701,0.0019091337017723697,0.08434412503883616,0.16105685712393647,0.07671273208510031,1.0921133444837159,1.1919758907281865,0.09986254624447066
79,84,MP_vent_PEEP_Jmin,resistance_dominant,resistance_dominant,41.214108845841,41.3983873580131,0.004471248252907508,0.1382088841290816,9.350237136564019,0.00799736928492846,0.003998684642464112,0.18587809366212465,0.29614853231982163,S079,S084,3.0,9.0,6.0,1.0,0.6,0.4,15.0,15.0,0.0,0.18427851217210645,45.01047825154731,54.40678501615436,9.396306764607047,3.796369405706322,13.008397658141254,9.212028252434932,0.5427232040451674,0.5437279076133826,0.0010047035682152483,0.08544640809033464,0.08745581522676524,0.0020094071364305938,0.08434412503883616,0.2390951359151037,0.15475101087626753,1.0921133444837159,1.3142247437235821,0.22211139923986623
79,87,MP_vent_PEEP_Jmin,resistance_dominant,resistance_dominant,41.214108845841,42.88139232086587,0.040454192064694444,1.2504626062686484,16.817571444138167,0.011000027570877924,0.005500013785438851,0.266427374029953,0.4792608618504024,S079,S087,3.0,12.0,9.0,1.0,0.6,0.4,15.0,15.0,0.0,1.667283475024874,45.01047825154731,62.2448705644417,17.234392312894386,3.796369405706322,19.363478243575837,15.567108837869515,0.5427232040451674,0.5445075008441111,0.001784296798943763,0.08544640809033464,0.08901500168822228,0.003568593597887637,0.08434412503883616,0.3110855250880305,0.22674140004919435,1.0921133444837159,1.4515589908715174,0.3594456463878015
79,112,MP_vent_PEEP_Jmin,resistance_dominant,mixed,41.214108845841,40.312357681630495,0.02187967153635301,4.035676513293751,2.7895002274078706,0.24891786466923185,0.2088744009987175,0.17388449017023078,0.27240392436397,S079,S112,3.0,6.0,3.0,1.0,1.0,0.0,15.0,10.0,5.0,0.901751164210502,45.01047825154731,50.93390382803844,5.923425576491127,3.796369405706322,10.621546146407942,6.82517674070162,0.5427232040451674,0.33333333333333326,0.20938987071183413,0.08544640809033464,0.33333333333333326,0.2478869252429986,0.08434412503883616,0.20853587390960834,0.12419174887077218,1.0921133444837159,1.2634811446726164,0.17136780018890052
79,154,MP_vent_PEEP_Jmin,resistance_dominant,severe_mixed,41.214108845841,40.24824105831121,0.02343536751316306,4.078420928839943,2.841227578504455,0.33273872439249474,0.250784830860349,0.04857811881142668,0.06477659497372068,S079,S154,3.0,3.0,0.0,1.0,1.0,0.0,15.0,10.0,5.0,0.9658677875297883,45.01047825154731,45.28180381435302,0.27132556280570697,3.796369405706322,5.033562756041808,1.2371933503354855,0.5427232040451674,0.2917533113648811,0.2509698926802863,0.08544640809033464,0.4164933772702379,0.3310469691799032,0.08434412503883616,0.11116082691136775,0.026816701872531587,1.0921133444837159,1.1250629250791166,0.03294958059540076
79,155,MP_vent_PEEP_Jmin,resistance_dominant,severe_mixed,41.214108845841,43.25937011701781,0.04962526980328495,2.071001556368877,0.9492250756717624,0.3299663595385841,0.24939864843339354,0.03630594334290141,0.04771679465138301,S079,S155,3.0,3.0,0.0,1.0,1.4,0.3999999999999999,15.0,10.0,5.0,2.0452612711768126,45.01047825154731,48.17751600342125,3.1670377518739414,3.796369405706322,4.9181458864034395,1.1217764806971173,0.5427232040451674,0.2934266067865185,0.2492965972586489,0.08544640809033464,0.4131467864269628,0.32770037833662813,0.08434412503883616,0.10208384106092529,0.017739716022089125,1.0921133444837159,1.1136897248642252,0.021576380380509352
79,159,MP_vent_PEEP_Jmin,resistance_dominant,severe_mixed,41.214108845841,39.95089416124075,0.03065005455595878,4.276652193553584,11.46780198217634,0.3280283726199267,0.24842965497406477,0.31380926527455066,0.6108637928999145,S079,S159,3.0,9.0,6.0,1.0,0.6,0.4,15.0,10.0,5.0,1.2632146846002499,45.01047825154731,59.491717742677004,14.481239491129692,3.796369405706322,19.540823581436257,15.744454175729935,0.5427232040451674,0.29244675027637607,0.2502764537687913,0.08544640809033464,0.41510649944724787,0.3296600913569132,0.08434412503883616,0.3284629243007795,0.24411879926194335,1.0921133444837159,1.4891210570299132,0.39700771254619727
79,162,MP_vent_PEEP_Jmin,resistance_dominant,severe_mixed,41.214108845841,41.80574986864949,0.014355303059481277,3.040081721947754,23.115756424127007,0.32654165038233585,0.24768629385526958,0.4086172328494186,0.9518743602008375,S079,S162,3.0,12.0,9.0,1.0,0.6,0.4,15.0,10.0,5.0,0.5916410228084956,45.01047825154731,71.75795742043057,26.74747916888326,3.796369405706322,29.952207551781072,26.15583814607475,0.5427232040451674,0.2928916520293099,0.2498315520158575,0.08544640809033464,0.41421669594138033,0.3287702878510457,0.08434412503883616,0.4174060777161033,0.3330619526772671,1.0921133444837159,1.716461435230528,0.6243480907468122
80,84,MP_vent_PEEP_Jmin,resistance_dominant,resistance_dominant,43.21302822412474,41.3983873580131,0.04199291141319668,1.3609806495837269,7.935126083605894,0.0026413080500752306,0.0013206540250375598,0.19249090403609342,0.3044239881584532,S080,S084,3.0,9.0,6.0,1.4,0.6,0.7999999999999999,15.0,15.0,0.0,1.8146408661116382,46.92531914907638,54.40678501615436,7.481465867077979,3.7122909249516365,13.008397658141254,9.296106733189617,0.5459639527355116,0.5437279076133826,0.002236045122128938,0.09192790547102322,0.08745581522676524,0.004472090244257987,0.0791106164490456,0.2390951359151037,0.1599845194660581,1.0859067526047423,1.3142247437235821,0.22831799111883977
80,87,MP_vent_PEEP_Jmin,resistance_dominant,resistance_dominant,43.21302822412474,42.88139232086587,0.007674442567154476,0.24872692744416014,15.402460391180043,0.0056439663360246944,0.0028219831680122986,0.27304018440392175,0.48753631768903394,S080,S087,3.0,12.0,9.0,1.4,0.6,0.7999999999999999,15.0,15.0,0.0,0.3316359032588707,46.92531914907638,62.2448705644417,15.319551415365318,3.7122909249516365,19.363478243575837,15.651187318624201,0.5459639527355116,0.5445075008441111,0.0014564518914004232,0.09192790547102322,0.08901500168822228,0.0029129037828009435,0.0791106164490456,0.3110855250880305,0.2319749086389849,1.0859067526047423,1.4515589908715174,0.36565223826677506
80,115,MP_vent_PEEP_Jmin,resistance_dominant,mixed,43.21302822412474,45.3022843681562,0.04834783003855954,2.2082482559894245,13.011346376886074,0.2435618034343786,0.21155243161614407,0.28254520529451777,0.512309680322907,S080,S115,3.0,9.0,6.0,1.4,1.0,0.3999999999999999,15.0,10.0,5.0,2.0892561440314594,46.92531914907638,64.23416992598334,17.308850776906958,3.7122909249516365,18.931885557827137,15.2195946328755,0.5459639527355116,0.3333333333333333,0.21263061940217826,0.09192790547102322,0.3333333333333333,0.2414054278623101,0.0791106164490456,0.29473231427513175,0.21562169782608614,1.0859067526047423,1.41790134475282,0.3319945921480776
80,155,MP_vent_PEEP_Jmin,resistance_dominant,severe_mixed,43.21302822412474,43.25937011701781,0.0010724055868687394,3.5701910900816856,2.364336128629887,0.32461029830373084,0.2520766790508201,0.04291875371687019,0.05599225049001455,S080,S155,3.0,3.0,0.0,1.4,1.4,0.0,15.0,10.0,5.0,0.04634189289306789,46.92531914907638,48.17751600342125,1.2521968543448736,3.7122909249516365,4.9181458864034395,1.205854961451803,0.5459639527355116,0.2934266067865185,0.2525373459489931,0.09192790547102322,0.4131467864269628,0.32121888095593953,0.0791106164490456,0.10208384106092529,0.022973224611879686,1.0859067526047423,1.1136897248642252,0.027782972259482897
80,162,MP_vent_PEEP_Jmin,resistance_dominant,severe_mixed,43.21302822412474,41.80574986864949,0.032566066607884726,4.539271255660562,21.700645371168882,0.32118558914748263,0.25036432447269613,0.41523004322338736,0.960149816039469,S080,S162,3.0,12.0,9.0,1.4,0.6,0.7999999999999999,15.0,10.0,5.0,1.407278355475249,46.92531914907638,71.75795742043057,24.83263827135419,3.7122909249516365,29.952207551781072,26.239916626829434,0.5459639527355116,0.2928916520293099,0.2530723007062017,0.09192790547102322,0.41421669594138033,0.3222887904703571,0.0791106164490456,0.4174060777161033,0.3382954612670577,1.0859067526047423,1.716461435230528,0.6305546826257857
81,84,MP_vent_PEEP_Jmin,resistance_dominant,resistance_dominant,39.915382395160435,41.3983873580131,0.0371537205423961,1.1122537221394957,6.457860291213656,0.0017934891708640543,0.0008967445854320966,0.0914603621548776,0.16299847066052786,S081,S084,6.0,9.0,3.0,0.6,0.6,0.0,15.0,15.0,0.0,1.483004962852668,47.57817348422754,54.40678501615436,6.828611531926818,7.662791089067098,13.008397658141254,5.345606569074156,0.5436777708960535,0.5437279076133826,5.013671732911895e-05,0.08735554179210701,0.08745581522676524,0.00010027343465822403,0.16105685712393647,0.2390951359151037,0.07803827879116723,1.1919758907281865,1.3142247437235821,0.12224885299539556
81,110,MP_vent_PEEP_Jmin,resistance_dominant,mixed,39.915382395160435,38.26796546366348,0.0412727332833143,4.424559820594677,7.945621240463989,0.24271398455516752,0.21197634105574947,0.06413139768167953,0.09362333380195742,S081,S110,6.0,3.0,3.0,0.6,1.4,0.7999999999999999,15.0,10.0,5.0,1.6474169314969558,47.57817348422754,42.409695132861266,5.168478351366275,7.662791089067098,4.141729669197789,3.5210614198693087,0.5436777708960535,0.3333333333333333,0.2103444375627202,0.08735554179210701,0.3333333333333333,0.2459777915412263,0.16105685712393647,0.09765997270724446,0.06339688441669201,1.1919758907281865,1.1082296803348608,0.08374621039332575
81,112,MP_vent_PEEP_Jmin,resistance_dominant,mixed,39.915382395160435,40.312357681630495,0.009945421104576241,3.061631675283337,0.10287661794249203,0.24271398455516746,0.21197634105574953,0.07946675866298372,0.1392538627046762,S081,S112,6.0,6.0,0.0,0.6,1.0,0.4,15.0,10.0,5.0,0.39697528647005953,47.57817348422754,50.93390382803844,3.3557303438108974,7.662791089067098,10.621546146407942,2.958755057340844,0.5436777708960535,0.33333333333333326,0.21034443756272025,0.08735554179210701,0.33333333333333326,0.24597779154122623,0.16105685712393647,0.20853587390960834,0.047479016785671874,1.1919758907281865,1.2634811446726164,0.07150525394442986
81,154,MP_vent_PEEP_Jmin,resistance_dominant,severe_mixed,39.915382395160435,40.24824105831121,0.008339107461266135,3.104376090829529,5.733604423854818,0.3265348442784303,0.253886770917381,0.045839612695820375,0.06837346668557309,S081,S154,6.0,3.0,3.0,0.6,1.0,0.4,15.0,10.0,5.0,0.3328586631507733,47.57817348422754,45.28180381435302,2.2963696698745224,7.662791089067098,5.033562756041808,2.6292283330252904,0.5436777708960535,0.2917533113648811,0.25192445953117243,0.08735554179210701,0.4164933772702379,0.32913783547813086,0.16105685712393647,0.11116082691136775,0.04989603021256872,1.1919758907281865,1.1250629250791166,0.0669129656490699
81,156,MP_vent_PEEP_Jmin,resistance_dominant,severe_mixed,39.915382395160435,38.096038453831916,0.04558002033694926,4.539177827149054,1.123641250191696,0.32294876366045905,0.25209373060839535,0.09991686069204506,0.1802321332397372,S081,S156,6.0,6.0,0.0,0.6,0.6,0.0,15.0,10.0,5.0,1.819343941328519,47.57817348422754,49.17436611985637,1.5961926356288316,7.662791089067098,11.078327666024457,3.4155365769573587,0.5436777708960535,0.29230741429929485,0.25137035659675866,0.08735554179210701,0.41538517140141024,0.3280296296093032,0.16105685712393647,0.2252866389578346,0.06422978183389813,1.1919758907281865,1.2907999916959905,0.09882410096780392
81,159,MP_vent_PEEP_Jmin,resistance_dominant,severe_mixed,39.915382395160435,39.95089416124075,0.0008896762087544813,3.30260735554317,8.575425136825977,0.3218244925058623,0.2515315950310968,0.2193915337673036,0.4777137312406208,S081,S159,6.0,9.0,3.0,0.6,0.6,0.0,15.0,10.0,5.0,0.0355117660803117,47.57817348422754,59.491717742677004,11.913544258449463,7.662791089067098,19.540823581436257,11.878032492369158,0.5436777708960535,0.29244675027637607,0.25123102061967745,0.08735554179210701,0.41510649944724787,0.32775095765514084,0.16105685712393647,0.3284629243007795,0.16740606717684303,1.1919758907281865,1.4891210570299132,0.2971451663017266
81,162,MP_vent_PEEP_Jmin,resistance_dominant,severe_mixed,39.915382395160435,41.80574986864949,0.047359372754456085,2.0660368839373398,20.223379578776644,0.3203377702682715,0.2507882339123016,0.31419950134217156,0.8187242985415437,S081,S162,6.0,12.0,6.0,0.6,0.6,0.0,15.0,10.0,5.0,1.8903674734890572,47.57817348422754,71.75795742043057,24.17978393620303,7.662791089067098,29.952207551781072,22.289416462713973,0.5436777708960535,0.2928916520293099,0.2507861188667436,0.08735554179210701,0.41421669594138033,0.3268611541492733,0.16105685712393647,0.4174060777161033,0.2563492205921668,1.1919758907281865,1.716461435230528,0.5244855445023415
82,113,MP_vent_PEEP_Jmin,resistance_dominant,mixed,45.47884522222708,46.2034266187477,0.01593227341151775,3.3068495041718435,1.4360218320677163,0.25519070843467073,0.205737979115998,0.05220367890482827,0.08846931042490258,S082,S113,6.0,6.0,0.0,1.0,1.4,0.3999999999999999,15.0,10.0,5.0,0.7245813965206196,54.28995615406056,56.88536522268531,2.595409068624747,8.811110931833488,10.681938603937613,1.8708276721041255,0.5397197709968485,0.33333333333333326,0.20638643766351528,0.0794395419936969,0.33333333333333326,0.25389379133963635,0.16229725636229805,0.1877800830164621,0.025482826654164042,1.193740867622716,1.2311936448367935,0.03745277721407758
82,115,MP_vent_PEEP_Jmin,resistance_dominant,mixed,45.47884522222708,45.3022843681562,0.003882263351413921,3.907611004566178,6.213163621427476,0.2551907084346706,0.20573797911599806,0.1800256187026885,0.36853086029894233,S082,S115,6.0,9.0,3.0,1.0,1.0,0.0,15.0,10.0,5.0,0.1765608540708783,54.28995615406056,64.23416992598334,9.944213771922776,8.811110931833488,18.931885557827137,10.120774625993649,0.5397197709968485,0.3333333333333333,0.20638643766351522,0.0794395419936969,0.3333333333333333,0.2538937913396364,0.16229725636229805,0.29473231427513175,0.1324350579128337,1.193740867622716,1.41790134475282,0.224160477130104
82,155,MP_vent_PEEP_Jmin,resistance_dominant,severe_mixed,45.47884522222708,43.25937011701781,0.048802362820868986,5.269553838658439,9.162518884088485,0.3362392033040229,0.2462622265506741,0.0596008328749591,0.08778656953395014,S082,S155,6.0,3.0,3.0,1.0,1.4,0.3999999999999999,15.0,10.0,5.0,2.21947510520927,54.28995615406056,48.17751600342125,6.1124401506393085,8.811110931833488,4.9181458864034395,3.8929650454300484,0.5397197709968485,0.2934266067865185,0.24629316421033004,0.0794395419936969,0.4131467864269628,0.3337072444332659,0.16229725636229805,0.10208384106092529,0.060213415301372766,1.193740867622716,1.1136897248642252,0.08005114275849068
82,157,MP_vent_PEEP_Jmin,resistance_dominant,severe_mixed,45.47884522222708,46.11015507760809,0.01388139589508463,3.369030531598252,0.1695407484266056,0.34172837626708175,0.24900681303220357,0.08131315012284238,0.14342382291677325,S082,S157,6.0,6.0,0.0,1.0,1.0,0.0,15.0,10.0,5.0,0.6313098553810121,54.28995615406056,58.45983728946642,4.169881135405859,8.811110931833488,12.349682211858338,3.5385712800248506,0.5397197709968485,0.2904210605071022,0.24929871048974633,0.0794395419936969,0.4191578789857956,0.3397183369920987,0.16229725636229805,0.211250711333806,0.04895345497150794,1.193740867622716,1.2678299864980405,0.07408911887532454
83,85,MP_vent_PEEP_Jmin,resistance_dominant,resistance_dominant,49.47668397879449,49.74358159861309,0.005394412041295885,0.2001732148639448,6.3636195656615016,0.0127901729715897,0.00639508648579501,0.09425769882974008,0.16392171149871815,S083,S085,6.0,9.0,3.0,1.4,1.0,0.3999999999999999,15.0,15.0,0.0,0.26689761981860016,58.357462206378415,64.78780617699456,6.43034397061615,8.880778227583928,15.044224578381478,6.16344635079755,0.5452068647014237,0.5377719479451163,0.007434916756307364,0.09041372940284723,0.07554389589023253,0.0148698335126147,0.15217896549677698,0.2322076555159467,0.08002869001916971,1.179494208451605,1.3024354920756434,0.12294128362403844
83,118,MP_vent_PEEP_Jmin,resistance_dominant,mixed,49.47668397879449,50.29221105468176,0.016483058489465446,3.579372280974688,16.7817853528311,0.24618549000931703,0.21024058832867493,0.2727483468366214,0.6328353630099592,S083,S118,6.0,12.0,6.0,1.4,1.0,0.3999999999999999,15.0,10.0,5.0,0.8155270758872675,58.357462206378415,79.53414691607149,21.176684709693077,8.880778227583928,29.241935861389717,20.36115763380579,0.5452068647014237,0.33333333333333326,0.2118735313680904,0.09041372940284723,0.33333333333333326,0.24291960393048603,0.15217896549677698,0.36766517269931,0.215486207202533,1.179494208451605,1.5814406495191777,0.4019464410675728
84,87,MP_vent_PEEP_Jmin,resistance_dominant,resistance_dominant,41.3983873580131,42.88139232086587,0.035822771308161014,1.1122537221395667,7.4673343075741485,0.003002658285949464,0.0015013291429747389,0.08054928036782832,0.18311232953058076,S084,S087,9.0,12.0,3.0,0.6,0.6,0.0,15.0,15.0,0.0,1.4830049628527675,54.40678501615436,62.2448705644417,7.838085548287339,13.008397658141254,19.363478243575837,6.3550805854345835,0.5437279076133826,0.5445075008441111,0.0007795932307285147,0.08745581522676524,0.08901500168822228,0.0015591864614570433,0.2390951359151037,0.3110855250880305,0.0719903891729268,1.3142247437235821,1.4515589908715174,0.1373342471479353
84,112,MP_vent_PEEP_Jmin,resistance_dominant,mixed,41.3983873580131,40.312357681630495,0.026233622749374942,4.173885397422833,6.560736909156148,0.24092049538430338,0.21287308564118163,0.011993603491893878,0.02374460795585165,S084,S112,9.0,6.0,3.0,0.6,1.0,0.4,15.0,10.0,5.0,1.0860296763826085,54.40678501615436,50.93390382803844,3.4728811881159203,13.008397658141254,10.621546146407942,2.386851511733312,0.5437279076133826,0.33333333333333326,0.21039457428004937,0.08745581522676524,0.33333333333333326,0.24587751810656802,0.2390951359151037,0.20853587390960834,0.030559262005495358,1.3142247437235821,1.2634811446726164,0.050743599050965704
84,154,MP_vent_PEEP_Jmin,resistance_dominant,severe_mixed,41.3983873580131,40.24824105831121,0.027782393786391576,4.216629812969025,12.191464715068474,0.32474135510756624,0.2547835155028131,0.13729997485069798,0.23137193734610095,S084,S154,9.0,3.0,6.0,0.6,1.0,0.4,15.0,10.0,5.0,1.1501462997018947,54.40678501615436,45.28180381435302,9.12498120180134,13.008397658141254,5.033562756041808,7.974834902099446,0.5437279076133826,0.2917533113648811,0.25197459624850155,0.08745581522676524,0.4164933772702379,0.3290375620434727,0.2390951359151037,0.11116082691136775,0.12793430900373595,1.3142247437235821,1.1250629250791166,0.18916181864446546
84,155,MP_vent_PEEP_Jmin,resistance_dominant,severe_mixed,41.3983873580131,43.25937011701781,0.044953025414032045,2.2092104404979587,10.299462212235781,0.3219689902536556,0.25339733307585766,0.14957215031922325,0.24843173766843862,S084,S155,9.0,3.0,6.0,0.6,1.4,0.7999999999999999,15.0,10.0,5.0,1.860982759004706,54.40678501615436,48.17751600342125,6.229269012733106,13.008397658141254,4.9181458864034395,8.090251771737815,0.5437279076133826,0.2934266067865185,0.25030130082686414,0.08745581522676524,0.4131467864269628,0.3256909712001975,0.2390951359151037,0.10208384106092529,0.1370112948541784,1.3142247437235821,1.1136897248642252,0.20053501885935687
84,159,MP_vent_PEEP_Jmin,resistance_dominant,severe_mixed,41.3983873580131,39.95089416124075,0.034964965766768656,4.414861077682666,2.1175648456123213,0.32003100333499823,0.2524283396165289,0.127931171612426,0.3147152605800929,S084,S159,9.0,9.0,0.0,0.6,0.6,0.0,15.0,10.0,5.0,1.4474931967723563,54.40678501615436,59.491717742677004,5.084932726522645,13.008397658141254,19.540823581436257,6.532425923295003,0.5437279076133826,0.29244675027637607,0.25128115733700657,0.08745581522676524,0.41510649944724787,0.3276506842204826,0.2390951359151037,0.3284629243007795,0.0893677883856758,1.3142247437235821,1.4891210570299132,0.17489631330633104
84,162,MP_vent_PEEP_Jmin,resistance_dominant,severe_mixed,41.3983873580131,41.80574986864949,0.009840057466816755,3.1782906060768354,13.765519287562988,0.3185442810974074,0.2516849784977337,0.22273913918729393,0.6557258278810159,S084,S162,9.0,12.0,3.0,0.6,0.6,0.0,15.0,10.0,5.0,0.4073625106363892,54.40678501615436,71.75795742043057,17.351172404276213,13.008397658141254,29.952207551781072,16.943809893639816,0.5437279076133826,0.2928916520293099,0.25083625558407274,0.08745581522676524,0.41421669594138033,0.32676088071461507,0.2390951359151037,0.4174060777161033,0.17831094180099957,1.3142247437235821,1.716461435230528,0.40223669150694596
85,118,MP_vent_PEEP_Jmin,resistance_dominant,mixed,49.74358159861309,50.29221105468176,0.011029150665016927,3.779545495838633,10.418165787169599,0.25897566298090674,0.20384550184287992,0.17849064800688136,0.4689136515112411,S085,S118,9.0,12.0,3.0,1.0,1.0,0.0,15.0,10.0,5.0,0.5486294560686673,64.78780617699456,79.53414691607149,14.746340739076928,15.044224578381478,29.241935861389717,14.197711283008239,0.5377719479451163,0.33333333333333326,0.20443861461178303,0.07554389589023253,0.33333333333333326,0.25778943744310073,0.2322076555159467,0.36766517269931,0.1354575171833633,1.3024354920756434,1.5814406495191777,0.2790051574435344
85,158,MP_vent_PEEP_Jmin,resistance_dominant,severe_mixed,49.74358159861309,52.13241319502141,0.04802291108999919,2.552744068945536,5.034920310402271,0.341155691661843,0.24493551618334797,0.02188019637045846,0.041800933648775684,S085,S158,9.0,6.0,3.0,1.0,1.4,0.3999999999999999,15.0,10.0,5.0,2.388831596408316,64.78780617699456,64.69446153194616,0.09334464504840412,15.044224578381478,12.56204833692476,2.482176241456717,0.5377719479451163,0.29309755361667894,0.24467439432843735,0.07554389589023253,0.41380489276664206,0.33826099687640954,0.2322076555159467,0.1941750196146484,0.038032635901298295,1.3024354920756434,1.2409642594124997,0.06147123266314369
85,160,MP_vent_PEEP_Jmin,resistance_dominant,severe_mixed,49.74358159861309,51.97206909690503,0.04479949828047913,2.659640134356458,4.244493654711668,0.346884615702234,0.2477999782035436,0.10043756986487656,0.23021865469410696,S085,S160,9.0,9.0,0.0,1.0,1.0,0.0,15.0,10.0,5.0,2.2284874982919405,64.78780617699456,73.92042746435463,9.132621287360067,15.044224578381478,21.948358367449615,6.904133789068137,0.5377719479451163,0.2896545746526239,0.2481173732924924,0.07554389589023253,0.4206908506947524,0.3451469548045199,0.2322076555159467,0.2969187154394283,0.06471105992348164,1.3024354920756434,1.4223106516410877,0.11987515956544437
86,88,MP_vent_PEEP_Jmin,resistance_dominant,resistance_dominant,55.740339733464246,54.00831797499907,0.031073039144491204,1.299016318848878,5.691232118604539,0.013608505665909473,0.006804252832954827,0.08651289320482519,0.18446665359287295,S086,S088,9.0,12.0,3.0,1.4,1.0,0.3999999999999999,15.0,15.0,0.0,1.732021758465173,71.24580164136111,76.50402832034933,5.258226678988223,15.505461907896873,22.495710345350282,6.99024843745341,0.5447863238430982,0.5365382445534624,0.008248079289635779,0.08957264768619635,0.07307648910692466,0.016496158579271697,0.2176333419048136,0.2940460893268628,0.07641274742204923,1.2781730786364047,1.4165230688310593,0.13834999019465455
86,116,MP_vent_PEEP_Jmin,resistance_dominant,mixed,55.740339733464246,54.13888777383187,0.02873057407418224,5.71266295087694,1.5974980545543502,0.24756197853236742,0.20955234406714973,0.08162101255306559,0.17272178667694815,S086,S116,9.0,9.0,0.0,1.4,1.4,0.0,15.0,10.0,5.0,1.601451959632378,71.24580164136111,73.75951457805132,2.5137129366902116,15.505461907896873,19.62062680421946,4.115164896322586,0.5447863238430982,0.33333333333333337,0.21145299050976485,0.08957264768619635,0.33333333333333337,0.24376068564713702,0.2176333419048136,0.2660080793164274,0.0483747374116138,1.2781730786364047,1.3624128165725473,0.08423973793614259
86,163,MP_vent_PEEP_Jmin,resistance_dominant,severe_mixed,55.740339733464246,57.83398311620192,0.03756064984083216,3.2492660559635596,15.074863258955176,0.3361201638028739,0.2538314367024028,0.19680180184733792,0.5065172598904717,S086,S163,9.0,12.0,3.0,1.4,1.0,0.3999999999999999,15.0,10.0,5.0,2.0936433827376746,71.24580164136111,91.66357433901754,20.41777269765643,15.505461907896873,33.829591222815615,18.324129314918743,0.5447863238430982,0.2892248365452657,0.2555614872978325,0.08957264768619635,0.4215503269094688,0.3319776792232725,0.2176333419048136,0.3690625362010971,0.1514291942962835,1.2781730786364047,1.5849431320482301,0.3067700534118254
87,155,MP_vent_PEEP_Jmin,resistance_dominant,severe_mixed,42.88139232086587,43.25937011701781,0.008814494485712315,3.3214641626375254,17.76679651980993,0.3189663319677062,0.2548986622188324,0.23012143068705157,0.4315440671990194,S087,S155,12.0,3.0,9.0,0.6,1.4,0.7999999999999999,15.0,10.0,5.0,0.3779777961519386,62.2448705644417,48.17751600342125,14.067354561020444,19.363478243575837,4.9181458864034395,14.445332357172397,0.5445075008441111,0.2934266067865185,0.25108089405759265,0.08901500168822228,0.4131467864269628,0.3241317847387405,0.3110855250880305,0.10208384106092529,0.20900168402710523,1.4515589908715174,1.1136897248642252,0.33786926600729217
87,162,MP_vent_PEEP_Jmin,resistance_dominant,severe_mixed,42.88139232086587,41.80574986864949,0.0250841307616072,4.290544328216402,6.298184979988839,0.3155416228114579,0.25318630764070843,0.1421898588194656,0.4726134983504351,S087,S162,12.0,12.0,0.0,0.6,0.6,0.0,15.0,10.0,5.0,1.0756424522163783,62.2448705644417,71.75795742043057,9.513086855988874,19.363478243575837,29.952207551781072,10.588729308205235,0.5445075008441111,0.2928916520293099,0.25161584881480126,0.08901500168822228,0.41421669594138033,0.32520169425315804,0.3110855250880305,0.4174060777161033,0.10632055262807277,1.4515589908715174,1.716461435230528,0.26490244435901067
88,116,MP_vent_PEEP_Jmin,resistance_dominant,mixed,54.00831797499907,54.13888777383187,0.0024175868408499016,4.413646632028062,7.288730173158889,0.2611704841982769,0.2027480912341949,0.004891880651759606,0.011744866915924801,S088,S116,12.0,9.0,3.0,1.0,1.4,0.3999999999999999,15.0,10.0,5.0,0.13056979883279496,76.50402832034933,73.75951457805132,2.744513742298011,22.495710345350282,19.62062680421946,2.8750835411308238,0.5365382445534624,0.33333333333333337,0.20320491122012907,0.07307648910692466,0.33333333333333337,0.2602568442264087,0.2940460893268628,0.2660080793164274,0.028038010010435432,1.4165230688310593,1.3624128165725473,0.05411025225851196
88,158,MP_vent_PEEP_Jmin,resistance_dominant,severe_mixed,54.00831797499907,52.13241319502141,0.03473362715806183,5.751296351235027,15.68495835966057,0.3433505128792132,0.2438381055746629,0.09157666946557341,0.19391770265599706,S088,S158,12.0,6.0,6.0,1.0,1.4,0.3999999999999999,15.0,10.0,5.0,1.8759047799776667,76.50402832034933,64.69446153194616,11.809566788403174,22.495710345350282,12.56204833692476,9.933662008425522,0.5365382445534624,0.29309755361667894,0.2434406909367835,0.07307648910692466,0.41380489276664206,0.3407284036597174,0.2940460893268628,0.1941750196146484,0.09987106971221443,1.4165230688310593,1.2409642594124997,0.1755588094185596
88,160,MP_vent_PEEP_Jmin,resistance_dominant,severe_mixed,54.00831797499907,51.97206909690503,0.03770250499259466,5.858192416645949,6.405544394546631,0.3490794369196042,0.24670256759485854,0.03074109676976161,0.07810188568688559,S088,S160,12.0,9.0,3.0,1.0,1.0,0.0,15.0,10.0,5.0,2.0362488780940424,76.50402832034933,73.92042746435463,2.5836008559947032,22.495710345350282,21.948358367449615,0.5473519779006679,0.5365382445534624,0.2896545746526239,0.24688366990083854,0.07307648910692466,0.4206908506947524,0.34761436158782777,0.2940460893268628,0.2969187154394283,0.0028726261125655017,1.4165230688310593,1.4223106516410877,0.0057875828100284465
89,119,MP_vent_PEEP_Jmin,resistance_dominant,mixed,62.00399548813399,62.07434892891607,0.001134659794553873,5.12009733015644,2.2513549739964276,0.24820990149453181,0.2092283825860673,0.09142613832038277,0.24088133681586865,S089,S119,12.0,12.0,0.0,1.4,1.4,0.0,15.0,10.0,5.0,0.07035344078208539,85.59033745402445,93.03214319895945,7.441805744934996,23.58634196589047,30.957794270043358,7.371452304152889,0.5445717613040484,0.3333333333333333,0.21123842797071507,0.08914352260809677,0.3333333333333333,0.24418981072523654,0.2755724847861485,0.3327644962863719,0.057192011500223405,1.3804003561416345,1.4987212077809215,0.11832085163928707
89,120,MP_vent_PEEP_Jmin,resistance_dominant,mixed,62.00399548813399,60.66500861715883,0.02159517076978376,1.0042401532313647,24.590582119121848,0.2482099014945317,0.2092283825860674,0.3365182557444027,0.507200474855513,S089,S120,12.0,0.0,12.0,1.4,0.6,0.7999999999999999,15.0,15.0,0.0,1.3389868709751553,85.59033745402445,60.66500861715883,24.925328836865617,23.58634196589047,0.0,23.58634196589047,0.5445717613040484,0.3333333333333333,0.21123842797071507,0.08914352260809677,0.3333333333333333,0.24418981072523654,0.2755724847861485,0.0,0.2755724847861485,1.3804003561416345,1.0,0.3804003561416345
89,121,MP_vent_PEEP_Jmin,resistance_dominant,mixed,62.00399548813399,60.66500861715883,0.02159517076978376,1.0042401532313647,24.590582119121848,0.2482099014945317,0.2092283825860674,0.3365182557444027,0.507200474855513,S089,S121,12.0,0.0,12.0,1.4,1.0,0.3999999999999999,15.0,15.0,0.0,1.3389868709751553,85.59033745402445,60.66500861715883,24.925328836865617,23.58634196589047,0.0,23.58634196589047,0.5445717613040484,0.3333333333333333,0.21123842797071507,0.08914352260809677,0.3333333333333333,0.24418981072523654,0.2755724847861485,0.0,0.2755724847861485,1.3804003561416345,1.0,0.3804003561416345
89,122,MP_vent_PEEP_Jmin,resistance_dominant,mixed,62.00399548813399,60.66500861715883,0.02159517076978376,1.0042401532313647,24.590582119121848,0.2482099014945317,0.2092283825860674,0.3365182557444027,0.507200474855513,S089,S122,12.0,0.0,12.0,1.4,1.4,0.0,15.0,15.0,0.0,1.3389868709751553,85.59033745402445,60.66500861715883,24.925328836865617,23.58634196589047,0.0,23.58634196589047,0.5445717613040484,0.3333333333333333,0.21123842797071507,0.08914352260809677,0.3333333333333333,0.24418981072523654,0.2755724847861485,0.0,0.2755724847861485,1.3804003561416345,1.0,0.3804003561416345
89,123,MP_vent_PEEP_Jmin,resistance_dominant,mixed,62.00399548813399,62.51601264910504,0.008257809145041994,0.3840128707282986,17.47757367238755,0.24820990149453165,0.20922838258606746,0.2277069388723914,0.3851036406698565,S089,S123,12.0,3.0,9.0,1.4,0.6,0.7999999999999999,15.0,15.0,0.0,0.5120171609710553,85.59033745402445,68.24076807187969,17.349569382144765,23.58634196589047,5.724755422774623,17.861586543115845,0.5445717613040484,0.3333333333333333,0.21123842797071507,0.08914352260809677,0.3333333333333333,0.24418981072523654,0.2755724847861485,0.08389054790157985,0.19168193688456864,1.3804003561416345,1.0915726256392424,0.2888277305023921
89,126,MP_vent_PEEP_Jmin,resistance_dominant,mixed,62.00399548813399,64.36701668105152,0.0381107890598721,1.7722658946881538,8.579506842622223,0.2482099014945317,0.2092283825860674,0.12135640512094442,0.23305242178956798,S089,S126,12.0,6.0,6.0,1.4,0.6,0.7999999999999999,15.0,15.0,0.0,2.363021192917536,85.59033745402445,77.60158590963164,7.988751544392812,23.58634196589047,13.234569228580112,10.351772737310357,0.5445717613040484,0.33333333333333337,0.21123842797071501,0.08914352260809677,0.33333333333333337,0.2441898107252366,0.2755724847861485,0.17054508710675054,0.10502739767939795,1.3804003561416345,1.2056110397994588,0.17478931634217565
89,161,MP_vent_PEEP_Jmin,resistance_dominant,severe_mixed,62.00399548813399,61.00545627302491,0.016104433387686634,5.8326924340838815,6.487327048410457,0.3308990354797016,0.2505729495786523,0.024031777165428425,0.05664353400497979,S089,S161,12.0,9.0,3.0,1.4,1.4,0.0,15.0,10.0,5.0,0.9985392151090764,85.59033745402445,83.93716362458883,1.653173829435616,23.58634196589047,22.931707351563915,0.6546346143265538,0.5445717613040484,0.292915602549,0.2516561587550484,0.08914352260809677,0.4141687949020001,0.3250252722939033,0.2755724847861485,0.27320088458226416,0.0023716002038843276,1.3804003561416345,1.3758960059069953,0.004504350234639132
90,91,MP_vent_PEEP_Jmin,mixed,mixed,10.110834769526457,10.110834769526457,0.0,0.0,0.0,0.0,0.0,0.0,0.0,S090,S091,0.0,0.0,0.0,0.6,1.0,0.4,5.0,5.0,0.0,0.0,10.110834769526457,10.110834769526457,0.0,0.0,0.0,0.0,0.3333333333333334,0.3333333333333334,0.0,0.3333333333333334,0.3333333333333334,0.0,0.0,0.0,0.0,1.0,1.0,0.0
90,92,MP_vent_PEEP_Jmin,mixed,mixed,10.110834769526457,10.110834769526457,0.0,0.0,0.0,0.0,0.0,0.0,0.0,S090,S092,0.0,0.0,0.0,0.6,1.4,0.7999999999999999,5.0,5.0,0.0,0.0,10.110834769526457,10.110834769526457,0.0,0.0,0.0,0.0,0.3333333333333334,0.3333333333333334,0.0,0.3333333333333334,0.3333333333333334,0.0,0.0,0.0,0.0,1.0,1.0,0.0
91,92,MP_vent_PEEP_Jmin,mixed,mixed,10.110834769526457,10.110834769526457,0.0,0.0,0.0,0.0,0.0,0.0,0.0,S091,S092,0.0,0.0,0.0,1.0,1.4,0.3999999999999999,5.0,5.0,0.0,0.0,10.110834769526457,10.110834769526457,0.0,0.0,0.0,0.0,0.3333333333333334,0.3333333333333334,0.0,0.3333333333333334,0.3333333333333334,0.0,0.0,0.0,0.0,1.0,1.0,0.0
93,135,MP_vent_PEEP_Jmin,mixed,severe_mixed,11.036336785499632,11.46210901300477,0.03857912600715031,0.21288611375256927,2.2903851548492575,0.07859369463596239,0.039296847317981054,0.312072567305208,0.4536416960183405,S093,S135,3.0,0.0,3.0,0.6,0.6,0.0,5.0,5.0,0.0,0.42577222750513855,13.539608054101459,11.46210901300477,2.0774990410966883,2.5032712686018255,0.0,2.5032712686018255,0.33333333333333326,0.2940364860153522,0.039296847317981054,0.33333333333333326,0.41192702796929564,0.07859369463596239,0.1848850615615514,0.0,0.1848850615615514,1.2268208480091705,1.0,0.22682084800917046
93,136,MP_vent_PEEP_Jmin,mixed,severe_mixed,11.036336785499632,11.46210901300477,0.03857912600715031,0.21288611375256927,2.2903851548492575,0.07859369463596239,0.039296847317981054,0.312072567305208,0.4536416960183405,S093,S136,3.0,0.0,3.0,0.6,1.0,0.4,5.0,5.0,0.0,0.42577222750513855,13.539608054101459,11.46210901300477,2.0774990410966883,2.5032712686018255,0.0,2.5032712686018255,0.33333333333333326,0.2940364860153522,0.039296847317981054,0.33333333333333326,0.41192702796929564,0.07859369463596239,0.1848850615615514,0.0,0.1848850615615514,1.2268208480091705,1.0,0.22682084800917046
93,137,MP_vent_PEEP_Jmin,mixed,severe_mixed,11.036336785499632,11.46210901300477,0.03857912600715031,0.21288611375256927,2.2903851548492575,0.07859369463596239,0.039296847317981054,0.312072567305208,0.4536416960183405,S093,S137,3.0,0.0,3.0,0.6,1.4,0.7999999999999999,5.0,5.0,0.0,0.42577222750513855,13.539608054101459,11.46210901300477,2.0774990410966883,2.5032712686018255,0.0,2.5032712686018255,0.33333333333333326,0.2940364860153522,0.039296847317981054,0.33333333333333326,0.41192702796929564,0.07859369463596239,0.1848850615615514,0.0,0.1848850615615514,1.2268208480091705,1.0,0.22682084800917046
94,99,MP_vent_PEEP_Jmin,mixed,mixed,13.437452560543498,12.887340817446002,0.04093869285260165,0.2750558715487479,9.934546546747312,0.0,0.0,0.3830127602269943,1.6013094738915752,S094,S099,3.0,9.0,6.0,1.0,0.6,0.4,5.0,5.0,0.0,0.5501117430974958,16.09283909714548,25.752329772344044,9.659490675198565,2.6553865366019855,12.864988954898047,10.209602418296061,0.3333333333333334,0.33333333333333337,5.551115123125783e-17,0.3333333333333334,0.33333333333333337,5.551115123125783e-17,0.16500423079933693,0.49956602251630156,0.33456179171696465,1.197610858504462,1.99826559545025,0.8006547369457879
94,102,MP_vent_PEEP_Jmin,mixed,mixed,13.437452560543498,13.812842833419198,0.027936118932092954,0.18769513643785007,18.255743972428313,1.6653345369377348e-16,1.6653345369377348e-16,0.46676970404199564,2.6053822314344126,S094,S102,3.0,12.0,9.0,1.0,0.6,0.4,5.0,5.0,0.0,0.37539027287570015,16.09283909714548,34.536278206011644,18.443439108866166,2.6553865366019855,20.72343537259245,18.068048835990467,0.3333333333333334,0.3333333333333333,1.1102230246251565e-16,0.3333333333333334,0.3333333333333333,1.1102230246251565e-16,0.16500423079933693,0.6000483100401124,0.4350440792407755,1.197610858504462,2.5003019742216686,1.3026911157172065
94,141,MP_vent_PEEP_Jmin,mixed,severe_mixed,13.437452560543498,13.935249956216497,0.037045518369656256,0.24889869783649932,5.081564049179784,0.07762378571310402,0.038811892856552066,0.2347327426791878,0.6794704358368675,S094,S141,3.0,6.0,3.0,1.0,0.6,0.4,5.0,5.0,0.0,0.49779739567299863,16.09283909714548,21.423301844161767,5.330462747016288,2.6553865366019855,7.488051887945268,4.832665351343282,0.3333333333333334,0.2917919291514803,0.04154140418185315,0.3333333333333334,0.41641614169703944,0.08308280836370602,0.16500423079933693,0.34952837533705833,0.1845241445377214,1.197610858504462,1.5373460764228963,0.3397352179184343
95,139,MP_vent_PEEP_Jmin,mixed,severe_mixed,15.401142206249233,15.370051692536029,0.002018714800295061,0.01554525685660213,0.40139064512358047,0.08653766783241101,0.04326883391620556,0.029109471218014105,0.054954512491870666,S095,S139,3.0,3.0,0.0,1.4,1.0,0.3999999999999999,5.0,5.0,0.0,0.03109051371320426,18.071626857233632,18.457472245500618,0.38584538826698633,2.6704846509844034,3.0874205529645846,0.41693590198018127,0.33333333333333337,0.2906291624171965,0.042704170916136874,0.33333333333333337,0.41874167516560684,0.08540834183227347,0.14777223279792728,0.16727212220065538,0.019499889402728093,1.173395233627595,1.2008724898735308,0.027477256245935777
95,144,MP_vent_PEEP_Jmin,mixed,severe_mixed,15.401142206249233,15.171820427822368,0.014889920199153429,0.11466088921343243,11.370264374119632,0.07459408322524264,0.037297041612621484,0.39358927312095315,1.5192229069024696,S095,S144,3.0,9.0,6.0,1.4,0.6,0.7999999999999999,5.0,5.0,0.0,0.22932177842686485,18.071626857233632,29.32723034213984,11.255603484906207,2.6704846509844034,14.155409914317463,11.48492526333306,0.33333333333333337,0.2927010094021838,0.04063232393114957,0.33333333333333337,0.41459798119563224,0.08126464786229887,0.14777223279792728,0.48267121542595093,0.33489898262802364,1.173395233627595,1.9330066870788303,0.7596114534512353
96,135,MP_vent_PEEP_Jmin,mixed,severe_mixed,11.961838801472782,11.46210901300477,0.041777004084562884,0.2498648942340056,7.041465814468511,0.07859369463596233,0.03929684731798111,0.5317353779491379,1.135544632050768,S096,S135,6.0,0.0,6.0,0.6,0.6,0.0,5.0,5.0,0.0,0.4997297884680112,18.753439721707288,11.46210901300477,7.291330708702517,6.7916009202345045,0.0,6.7916009202345045,0.33333333333333326,0.2940364860153522,0.039296847317981054,0.33333333333333326,0.41192702796929564,0.07859369463596239,0.3621522782496888,0.0,0.3621522782496888,1.567772316025384,1.0,0.567772316025384
96,136,MP_vent_PEEP_Jmin,mixed,severe_mixed,11.961838801472782,11.46210901300477,0.041777004084562884,0.2498648942340056,7.041465814468511,0.07859369463596233,0.03929684731798111,0.5317353779491379,1.135544632050768,S096,S136,6.0,0.0,6.0,0.6,1.0,0.4,5.0,5.0,0.0,0.4997297884680112,18.753439721707288,11.46210901300477,7.291330708702517,6.7916009202345045,0.0,6.7916009202345045,0.33333333333333326,0.2940364860153522,0.039296847317981054,0.33333333333333326,0.41192702796929564,0.07859369463596239,0.3621522782496888,0.0,0.3621522782496888,1.567772316025384,1.0,0.567772316025384
96,137,MP_vent_PEEP_Jmin,mixed,severe_mixed,11.961838801472782,11.46210901300477,0.041777004084562884,0.2498648942340056,7.041465814468511,0.07859369463596233,0.03929684731798111,0.5317353779491379,1.135544632050768,S096,S137,6.0,0.0,6.0,0.6,1.4,0.7999999999999999,5.0,5.0,0.0,0.4997297884680112,18.753439721707288,11.46210901300477,7.291330708702517,6.7916009202345045,0.0,6.7916009202345045,0.33333333333333326,0.2940364860153522,0.039296847317981054,0.33333333333333326,0.41192702796929564,0.07859369463596239,0.3621522782496888,0.0,0.3621522782496888,1.567772316025384,1.0,0.567772316025384
97,140,MP_vent_PEEP_Jmin,mixed,severe_mixed,16.764070351560587,17.377471065007136,0.03659020157890511,0.3067003567232742,3.8632715243929674,0.08218002868093627,0.04109001434046805,0.20037084437733982,0.5107145851600168,S097,S140,6.0,3.0,3.0,1.0,1.4,0.3999999999999999,5.0,5.0,0.0,0.6134007134465485,24.07455431690801,20.517983149238322,3.556571167669688,7.310483965347429,3.14051208423119,4.169971881116239,0.3333333333333334,0.2935900461201762,0.03974328721315723,0.3333333333333334,0.4128199077596478,0.07948657442631435,0.30366019944191197,0.15306144182830045,0.15059875761361152,1.4360804871393826,1.1807231945593746,0.25535729258000806
97,147,MP_vent_PEEP_Jmin,mixed,severe_mixed,16.764070351560587,16.408390899428223,0.02121677162367988,0.17783972606618192,15.283332304209091,0.07201297139352675,0.03600648569676329,0.269284316492966,1.9034501304537788,S097,S147,6.0,12.0,6.0,1.0,0.6,0.4,5.0,5.0,0.0,0.35567945213236385,24.07455431690801,39.180046895050936,15.105492578142925,7.310483965347429,22.7716559956227,15.461172030275272,0.3333333333333334,0.29382539449669154,0.03950793883664189,0.3333333333333334,0.4123492110066167,0.07901587767328327,0.30366019944191197,0.5812054298102212,0.2775452303683092,1.4360804871393826,2.387805552366273,0.9517250652268903
98,100,MP_vent_PEEP_Jmin,mixed,mixed,20.691449642972024,20.09068814257768,0.02903428762896742,0.3003807501971725,5.925462968528322,5.551115123125783e-17,5.551115123125783e-17,0.1536850170965507,0.6421435690750394,S098,S100,6.0,9.0,3.0,1.4,1.0,0.3999999999999999,5.0,5.0,0.0,0.600761500394345,28.430898210482862,34.05598042881401,5.625082218331148,7.7394485675108395,13.965292286236334,6.2258437187254945,0.33333333333333337,0.3333333333333334,5.551115123125783e-17,0.33333333333333337,0.3333333333333334,5.551115123125783e-17,0.27221962915885645,0.4100687195139627,0.13784909035510623,1.374040905835691,1.6951126903732106,0.3210717845375195
99,138,MP_vent_PEEP_Jmin,mixed,severe_mixed,12.887340817446002,12.69867948461064,0.01463927551135807,0.09433066641768129,10.189737704809612,0.08023477910529159,0.04011738955264582,0.362562658197933,1.5603312033565142,S099,S138,9.0,3.0,6.0,0.6,0.6,0.0,5.0,5.0,0.0,0.18866133283536257,25.752329772344044,15.468261401116752,10.284068371227292,12.864988954898047,2.769581916506114,10.095407038391933,0.33333333333333337,0.2917718137588914,0.041561519574441985,0.33333333333333337,0.41645637248221723,0.08312303914888386,0.49956602251630156,0.1790493349372904,0.3205166875790112,1.99826559545025,1.2180999937719927,0.7801656016782572
100,142,MP_vent_PEEP_Jmin,mixed,severe_mixed,20.09068814257768,19.277994372067308,0.040451266016520875,0.4063468852551857,5.914241365787614,0.08855818527050635,0.0442790926352532,0.11427678045420481,0.5128106826740759,S100,S142,9.0,6.0,3.0,1.0,1.0,0.0,5.0,5.0,0.0,0.8126937705103714,34.05598042881401,27.735392177771217,6.320588251042793,13.965292286236334,8.457397805703904,5.50789448053243,0.3333333333333334,0.28933614450207523,0.043997188831258194,0.3333333333333334,0.42132771099584965,0.08799437766251622,0.4100687195139627,0.30493161053919265,0.10513710897477002,1.6951126903732106,1.438707349036173,0.2564053413370375
101,148,MP_vent_PEEP_Jmin,mixed,severe_mixed,25.981757079694805,27.093879731129867,0.042803981579221405,0.5560613257175309,11.39419198664498,0.08862906353405259,0.04431453176702621,0.11854198772356617,0.751993826480045,S101,S148,9.0,12.0,3.0,1.4,1.0,0.3999999999999999,5.0,5.0,0.0,1.1121226514350617,41.18864882927409,53.13890214163661,11.95025331236252,15.20689174957929,26.04502241050674,10.83813066092745,0.33333333333333337,0.2887847733483835,0.04454855998494989,0.33333333333333337,0.4224304533032329,0.08909711996989955,0.36920103430951257,0.4901309842850394,0.12092994997552681,1.5852911218796566,1.96128803511968,0.3759969132400234
102,141,MP_vent_PEEP_Jmin,mixed,severe_mixed,13.812842833419198,13.935249956216497,0.008861834183846869,0.06120356139864924,13.174179923248527,0.07762378571310385,0.03881189285655223,0.23203696136280783,1.9259117955975449,S102,S141,12.0,6.0,6.0,0.6,0.6,0.0,5.0,5.0,0.0,0.12240712279729848,34.536278206011644,21.423301844161767,13.112976361849878,20.72343537259245,7.488051887945268,13.235383484647183,0.3333333333333333,0.2917919291514803,0.04154140418185304,0.3333333333333333,0.41641614169703944,0.08308280836370613,0.6000483100401124,0.34952837533705833,0.25051993470305406,2.5003019742216686,1.5373460764228963,0.9629558977987722
103,143,MP_vent_PEEP_Jmin,mixed,severe_mixed,23.417305933594722,23.292833117009465,0.005315420011944545,0.06223640829262855,13.675267174981059,0.08289350605605272,0.04144675302802642,0.22282671009951077,1.1585363532378345,S103,S143,12.0,6.0,6.0,1.0,1.4,0.3999999999999999,5.0,5.0,0.0,0.1244728165852571,46.03711743286338,32.2996138495897,13.737503583273686,22.619811499268657,9.006780732580225,13.613030766688432,0.33333333333333326,0.2934080300245243,0.039925303308808946,0.33333333333333326,0.4131839399509512,0.07985060661761795,0.4913385711487142,0.27885103439695264,0.21248753675176157,1.965944227889086,1.3866760512701686,0.5792681766189174
103,145,MP_vent_PEEP_Jmin,mixed,severe_mixed,23.417305933594722,23.185937051598586,0.009880251923608857,0.11568444099806818,6.62556418204877,0.08885384775933286,0.04442692387966646,0.0773978077000198,0.5422588952073393,S103,S145,12.0,9.0,3.0,1.0,1.0,0.0,5.0,5.0,0.0,0.23136888199613637,46.03711743286338,39.29586880981653,6.74124862304685,22.619811499268657,16.109931758217957,6.5098797410507,0.33333333333333326,0.2888851632524661,0.044448170080867155,0.33333333333333326,0.422229673495068,0.08889634016173475,0.4913385711487142,0.4099650229439264,0.08137354820478782,1.965944227889086,1.6948147802854154,0.2711294476036705
104,105,MP_vent_PEEP_Jmin,mixed,mixed,31.272064516417537,30.332504308579374,0.03004471314469509,4.585637280844146,20.487176916345586,1.6653345369377348e-16,1.6653345369377348e-16,0.6159057890441588,1.6035279144443275,S104,S105,12.0,0.0,12.0,1.4,0.6,0.7999999999999999,5.0,10.0,5.0,0.9395602078381629,56.34487871360726,30.332504308579374,26.012374405027884,25.07281419718972,0.0,25.07281419718972,0.33333333333333337,0.3333333333333333,5.551115123125783e-17,0.33333333333333337,0.3333333333333333,5.551115123125783e-17,0.4449883426785095,0.0,0.4449883426785095,1.8017639572221633,1.0,0.8017639572221633
104,106,MP_vent_PEEP_Jmin,mixed,mixed,31.272064516417537,30.332504308579374,0.03004471314469509,4.585637280844146,20.487176916345586,1.6653345369377348e-16,1.6653345369377348e-16,0.6159057890441588,1.6035279144443275,S104,S106,12.0,0.0,12.0,1.4,1.0,0.3999999999999999,5.0,10.0,5.0,0.9395602078381629,56.34487871360726,30.332504308579374,26.012374405027884,25.07281419718972,0.0,25.07281419718972,0.33333333333333337,0.3333333333333333,5.551115123125783e-17,0.33333333333333337,0.3333333333333333,5.551115123125783e-17,0.4449883426785095,0.0,0.4449883426785095,1.8017639572221633,1.0,0.8017639572221633
104,107,MP_vent_PEEP_Jmin,mixed,mixed,31.272064516417537,30.332504308579374,0.03004471314469509,4.585637280844146,20.487176916345586,1.6653345369377348e-16,1.6653345369377348e-16,0.6159057890441588,1.6035279144443275,S104,S107,12.0,0.0,12.0,1.4,1.4,0.0,5.0,10.0,5.0,0.9395602078381629,56.34487871360726,30.332504308579374,26.012374405027884,25.07281419718972,0.0,25.07281419718972,0.33333333333333337,0.3333333333333333,5.551115123125783e-17,0.33333333333333337,0.3333333333333333,5.551115123125783e-17,0.4449883426785095,0.0,0.4449883426785095,1.8017639572221633,1.0,0.8017639572221633
104,108,MP_vent_PEEP_Jmin,mixed,mixed,31.272064516417537,31.720757332539172,0.014348039474211113,5.511139296817344,15.44766155468416,1.1102230246251565e-16,1.1102230246251565e-16,0.4530467085276352,1.4089859003984615,S104,S108,12.0,3.0,9.0,1.4,0.6,0.7999999999999999,5.0,10.0,5.0,0.4486928161216355,56.34487871360726,35.83477067822741,20.51010803537985,25.07281419718972,4.114013345688228,20.958800851501493,0.33333333333333337,0.3333333333333332,1.6653345369377348e-16,0.33333333333333337,0.3333333333333332,1.6653345369377348e-16,0.4449883426785095,0.11480506970811542,0.33018327297039407,1.8017639572221633,1.1296946760305775,0.6720692811915858
105,106,MP_vent_PEEP_Jmin,mixed,mixed,30.332504308579374,30.332504308579374,0.0,0.0,0.0,0.0,0.0,0.0,0.0,S105,S106,0.0,0.0,0.0,0.6,1.0,0.4,10.0,10.0,0.0,0.0,30.332504308579374,30.332504308579374,0.0,0.0,0.0,0.0,0.3333333333333333,0.3333333333333333,0.0,0.3333333333333333,0.3333333333333333,0.0,0.0,0.0,0.0,1.0,1.0,0.0
105,107,MP_vent_PEEP_Jmin,mixed,mixed,30.332504308579374,30.332504308579374,0.0,0.0,0.0,0.0,0.0,0.0,0.0,S105,S107,0.0,0.0,0.0,0.6,1.4,0.7999999999999999,10.0,10.0,0.0,0.0,30.332504308579374,30.332504308579374,0.0,0.0,0.0,0.0,0.3333333333333333,0.3333333333333333,0.0,0.3333333333333333,0.3333333333333333,0.0,0.0,0.0,0.0,1.0,1.0,0.0
105,108,MP_vent_PEEP_Jmin,mixed,mixed,30.332504308579374,31.720757332539172,0.04576783406463208,0.9255020159731977,5.039515361661426,5.551115123125783e-17,5.551115123125783e-17,0.16285908051652365,0.19454201404586602,S105,S108,0.0,3.0,3.0,0.6,0.6,0.0,10.0,10.0,0.0,1.3882530239597983,30.332504308579374,35.83477067822741,5.502266369648034,0.0,4.114013345688228,4.114013345688228,0.3333333333333333,0.3333333333333332,1.1102230246251565e-16,0.3333333333333333,0.3333333333333332,1.1102230246251565e-16,0.0,0.11480506970811542,0.11480506970811542,1.0,1.1296946760305775,0.1296946760305775
105,146,MP_vent_PEEP_Jmin,mixed,severe_mixed,30.332504308579374,29.208195169011812,0.037066149505155,5.617571954547008,11.981233990500119,0.08291453670631,0.04145726835315522,0.5464974898582191,1.205059459731249,S105,S146,0.0,9.0,9.0,0.6,1.4,0.7999999999999999,10.0,5.0,5.0,1.1243091395675613,30.332504308579374,46.80700111405894,16.474496805479568,0.0,17.59880594504712,17.59880594504712,0.3333333333333333,0.2933225646373279,0.040010768696005394,0.3333333333333333,0.4133548707253441,0.08002153739201079,0.0,0.37598661580908554,0.37598661580908554,1.0,1.6025297298656245,0.6025297298656245
106,107,MP_vent_PEEP_Jmin,mixed,mixed,30.332504308579374,30.332504308579374,0.0,0.0,0.0,0.0,0.0,0.0,0.0,S106,S107,0.0,0.0,0.0,1.0,1.4,0.3999999999999999,10.0,10.0,0.0,0.0,30.332504308579374,30.332504308579374,0.0,0.0,0.0,0.0,0.3333333333333333,0.3333333333333333,0.0,0.3333333333333333,0.3333333333333333,0.0,0.0,0.0,0.0,1.0,1.0,0.0
106,108,MP_vent_PEEP_Jmin,mixed,mixed,30.332504308579374,31.720757332539172,0.04576783406463208,0.9255020159731977,5.039515361661426,5.551115123125783e-17,5.551115123125783e-17,0.16285908051652365,0.19454201404586602,S106,S108,0.0,3.0,3.0,1.0,0.6,0.4,10.0,10.0,0.0,1.3882530239597983,30.332504308579374,35.83477067822741,5.502266369648034,0.0,4.114013345688228,4.114013345688228,0.3333333333333333,0.3333333333333332,1.1102230246251565e-16,0.3333333333333333,0.3333333333333332,1.1102230246251565e-16,0.0,0.11480506970811542,0.11480506970811542,1.0,1.1296946760305775,0.1296946760305775
106,146,MP_vent_PEEP_Jmin,mixed,severe_mixed,30.332504308579374,29.208195169011812,0.037066149505155,5.617571954547008,11.981233990500119,0.08291453670631,0.04145726835315522,0.5464974898582191,1.205059459731249,S106,S146,0.0,9.0,9.0,1.0,1.4,0.3999999999999999,10.0,5.0,5.0,1.1243091395675613,30.332504308579374,46.80700111405894,16.474496805479568,0.0,17.59880594504712,17.59880594504712,0.3333333333333333,0.2933225646373279,0.040010768696005394,0.3333333333333333,0.4133548707253441,0.08002153739201079,0.0,0.37598661580908554,0.37598661580908554,1.0,1.6025297298656245,0.6025297298656245
107,108,MP_vent_PEEP_Jmin,mixed,mixed,30.332504308579374,31.720757332539172,0.04576783406463208,0.9255020159731977,5.039515361661426,5.551115123125783e-17,5.551115123125783e-17,0.16285908051652365,0.19454201404586602,S107,S108,0.0,3.0,3.0,1.4,0.6,0.7999999999999999,10.0,10.0,0.0,1.3882530239597983,30.332504308579374,35.83477067822741,5.502266369648034,0.0,4.114013345688228,4.114013345688228,0.3333333333333333,0.3333333333333332,1.1102230246251565e-16,0.3333333333333333,0.3333333333333332,1.1102230246251565e-16,0.0,0.11480506970811542,0.11480506970811542,1.0,1.1296946760305775,0.1296946760305775
107,146,MP_vent_PEEP_Jmin,mixed,severe_mixed,30.332504308579374,29.208195169011812,0.037066149505155,5.617571954547008,11.981233990500119,0.08291453670631,0.04145726835315522,0.5464974898582191,1.205059459731249,S107,S146,0.0,9.0,9.0,1.4,1.4,0.0,10.0,5.0,5.0,1.1243091395675613,30.332504308579374,46.80700111405894,16.474496805479568,0.0,17.59880594504712,17.59880594504712,0.3333333333333333,0.2933225646373279,0.040010768696005394,0.3333333333333333,0.4133548707253441,0.08002153739201079,0.0,0.37598661580908554,0.37598661580908554,1.0,1.6025297298656245,0.6025297298656245
108,111,MP_vent_PEEP_Jmin,mixed,mixed,31.720757332539172,33.1090103564989,0.043764813349385465,0.9255020159731515,6.8245737446922305,1.1102230246251565e-16,1.1102230246251565e-16,0.14921348678868435,0.25909968197247446,S108,S111,3.0,6.0,3.0,0.6,0.6,0.0,10.0,10.0,0.0,1.3882530239597273,35.83477067822741,43.12209543090619,7.287324752678785,4.114013345688228,10.013085074407302,5.899071728719074,0.3333333333333332,0.33333333333333337,1.6653345369377348e-16,0.3333333333333332,0.33333333333333337,1.6653345369377348e-16,0.11480506970811542,0.23220311940664154,0.11739804969852612,1.1296946760305775,1.30242779734556,0.17273312131498253
109,114,MP_vent_PEEP_Jmin,mixed,mixed,35.32243099510493,34.497263380458705,0.023361008611230062,0.5501117430974958,12.8361858159275,1.1102230246251565e-16,1.1102230246251565e-16,0.28013082575665105,0.5864380368708282,S109,S114,3.0,9.0,6.0,1.0,0.6,0.4,10.0,10.0,0.0,0.8251676146462259,39.633348622237186,52.194478566615956,12.56112994437877,4.310917627132253,17.697215186157244,13.386297559024992,0.33333333333333337,0.3333333333333332,1.6653345369377348e-16,0.33333333333333337,0.3333333333333332,1.6653345369377348e-16,0.10876995704353669,0.33906297509170896,0.23029301804817226,1.1220447603883683,1.513003451635587,0.3909586912472187
109,117,MP_vent_PEEP_Jmin,mixed,mixed,35.32243099510493,35.88551640441835,0.015941298303943176,0.375390272875606,23.230876326681376,0.0,0.0,0.37699594321814833,0.9524774914682157,S109,S117,3.0,12.0,9.0,1.0,0.6,0.4,10.0,10.0,0.0,0.5630854093134161,39.633348622237186,63.051920085356365,23.41857146311918,4.310917627132253,27.166403680938018,22.855486053805766,0.33333333333333337,0.3333333333333333,5.551115123125783e-17,0.33333333333333337,0.3333333333333333,5.551115123125783e-17,0.10876995704353669,0.4308576748203952,0.3220877177768585,1.1220447603883683,1.7570297547005118,0.6349849943121435
109,149,MP_vent_PEEP_Jmin,mixed,severe_mixed,35.32243099510493,35.123557221014146,0.005630240288907225,5.9865087195628846,18.61916137493671,0.0827556320935906,0.0413778160467953,0.4674121167024474,1.4634965909708837,S109,S149,3.0,12.0,9.0,1.0,1.4,0.3999999999999999,10.0,5.0,5.0,0.1988737740907851,39.633348622237186,64.040144942646,24.40679632040881,4.310917627132253,28.916587721631853,24.6056700944996,0.33333333333333337,0.29327894642789787,0.0400543869054355,0.33333333333333337,0.4134421071442042,0.08010877381087084,0.10876995704353669,0.4515384490077184,0.3427684919641817,1.1220447603883683,1.823281865776718,0.7012371053883497
109,150,MP_vent_PEEP_Jmin,mixed,severe_mixed,35.32243099510493,34.38632703901432,0.026501685464976624,0.6240693040604164,4.934986931192668,0.07859369463596233,0.03929684731798111,0.15473943473098958,0.18306714058255236,S109,S150,3.0,0.0,3.0,1.0,0.6,0.4,10.0,10.0,0.0,0.9361039560906121,39.633348622237186,34.38632703901432,5.2470215832228675,4.310917627132253,0.0,4.310917627132253,0.33333333333333337,0.2940364860153521,0.039296847317981276,0.33333333333333337,0.41192702796929587,0.0785936946359625,0.10876995704353669,0.0,0.10876995704353669,1.1220447603883683,1.0,0.12204476038836831
109,151,MP_vent_PEEP_Jmin,mixed,severe_mixed,35.32243099510493,34.38632703901432,0.026501685464976624,0.6240693040604164,4.934986931192668,0.07859369463596233,0.03929684731798111,0.15473943473098958,0.18306714058255236,S109,S151,3.0,0.0,3.0,1.0,1.0,0.0,10.0,10.0,0.0,0.9361039560906121,39.633348622237186,34.38632703901432,5.2470215832228675,4.310917627132253,0.0,4.310917627132253,0.33333333333333337,0.2940364860153521,0.039296847317981276,0.33333333333333337,0.41192702796929587,0.0785936946359625,0.10876995704353669,0.0,0.10876995704353669,1.1220447603883683,1.0,0.12204476038836831
109,152,MP_vent_PEEP_Jmin,mixed,severe_mixed,35.32243099510493,34.38632703901432,0.026501685464976624,0.6240693040604164,4.934986931192668,0.07859369463596233,0.03929684731798111,0.15473943473098958,0.18306714058255236,S109,S152,3.0,0.0,3.0,1.0,1.4,0.3999999999999999,10.0,10.0,0.0,0.9361039560906121,39.633348622237186,34.38632703901432,5.2470215832228675,4.310917627132253,0.0,4.310917627132253,0.33333333333333337,0.2940364860153521,0.039296847317981276,0.33333333333333337,0.41192702796929587,0.0785936946359625,0.10876995704353669,0.0,0.10876995704353669,1.1220447603883683,1.0,0.12204476038836831
109,153,MP_vent_PEEP_Jmin,mixed,severe_mixed,35.32243099510493,36.241182746423135,0.026010433750879924,0.6125011675454672,0.8663033459589222,0.08040062896677691,0.0402003144833884,0.004168799628901015,0.005863771419604591,S109,S153,3.0,3.0,0.0,1.0,0.6,0.4,10.0,10.0,0.0,0.9187517513182044,39.633348622237186,40.80590255196884,1.1725539297316558,4.310917627132253,4.564719805545712,0.2538021784134594,0.33333333333333337,0.2927253856031375,0.04060794773019588,0.33333333333333337,0.41454922879372513,0.08121589546039176,0.10876995704353669,0.11186420395265756,0.0030942469091208707,1.1220447603883683,1.1259539413347714,0.003909180946403135
110,156,MP_vent_PEEP_Jmin,mixed,severe_mixed,38.26796546366348,38.096038453831916,0.004492713624789195,0.1146180065543767,6.821979990272293,0.08023477910529153,0.04011738955264588,0.16404825837372458,0.2738554670416946,S110,S156,3.0,6.0,3.0,1.4,0.6,0.7999999999999999,10.0,10.0,0.0,0.17192700983156328,42.409695132861266,49.17436611985637,6.764670986995107,4.141729669197789,11.078327666024457,6.936597996826667,0.3333333333333333,0.29230741429929485,0.04102591903403846,0.3333333333333333,0.41538517140141024,0.08205183806807692,0.09765997270724446,0.2252866389578346,0.12762666625059016,1.1082296803348608,1.2907999916959905,0.18257031136112967
110,159,MP_vent_PEEP_Jmin,mixed,severe_mixed,38.26796546366348,39.95089416124075,0.04397748030726264,1.121952465051507,16.521046377289967,0.0791105079506948,0.039555253975347315,0.2835229314489831,0.5713370650425782,S110,S159,3.0,9.0,6.0,1.4,0.6,0.7999999999999999,10.0,10.0,0.0,1.6829286975772675,42.409695132861266,59.491717742677004,17.082022609815738,4.141729669197789,19.540823581436257,15.399093912238467,0.3333333333333333,0.29244675027637607,0.04088658305695725,0.3333333333333333,0.41510649944724787,0.08177316611391455,0.09765997270724446,0.3284629243007795,0.23080295159353503,1.1082296803348608,1.4891210570299132,0.38089137669505235
111,114,MP_vent_PEEP_Jmin,mixed,mixed,33.1090103564989,34.497263380458705,0.04192976500994413,0.9255020159731977,8.609632127723138,1.6653345369377348e-16,1.6653345369377348e-16,0.12279769318243267,0.31586348143504006,S111,S114,6.0,9.0,3.0,0.6,0.6,0.0,10.0,10.0,0.0,1.3882530239598054,43.12209543090619,52.194478566615956,9.072383135709764,10.013085074407302,17.697215186157244,7.684130111749942,0.33333333333333337,0.3333333333333332,1.6653345369377348e-16,0.33333333333333337,0.3333333333333332,1.6653345369377348e-16,0.23220311940664154,0.33906297509170896,0.10685985568506742,1.30242779734556,1.513003451635587,0.210575654290027
111,150,MP_vent_PEEP_Jmin,mixed,severe_mixed,33.1090103564989,34.38632703901432,0.03857912600715042,0.8515444550102771,9.16154061939703,0.07859369463596239,0.039296847317981054,0.312072567305208,0.4536416960183405,S111,S150,6.0,0.0,6.0,0.6,0.6,0.0,10.0,10.0,0.0,1.2773166825154192,43.12209543090619,34.38632703901432,8.735768391891874,10.013085074407302,0.0,10.013085074407302,0.33333333333333337,0.2940364860153521,0.039296847317981276,0.33333333333333337,0.41192702796929587,0.0785936946359625,0.23220311940664154,0.0,0.23220311940664154,1.30242779734556,1.0,0.30242779734556
111,151,MP_vent_PEEP_Jmin,mixed,severe_mixed,33.1090103564989,34.38632703901432,0.03857912600715042,0.8515444550102771,9.16154061939703,0.07859369463596239,0.039296847317981054,0.312072567305208,0.4536416960183405,S111,S151,6.0,0.0,6.0,0.6,1.0,0.4,10.0,10.0,0.0,1.2773166825154192,43.12209543090619,34.38632703901432,8.735768391891874,10.013085074407302,0.0,10.013085074407302,0.33333333333333337,0.2940364860153521,0.039296847317981276,0.33333333333333337,0.41192702796929587,0.0785936946359625,0.23220311940664154,0.0,0.23220311940664154,1.30242779734556,1.0,0.30242779734556
111,152,MP_vent_PEEP_Jmin,mixed,severe_mixed,33.1090103564989,34.38632703901432,0.03857912600715042,0.8515444550102771,9.16154061939703,0.07859369463596239,0.039296847317981054,0.312072567305208,0.4536416960183405,S111,S152,6.0,0.0,6.0,0.6,1.4,0.7999999999999999,10.0,10.0,0.0,1.2773166825154192,43.12209543090619,34.38632703901432,8.735768391891874,10.013085074407302,0.0,10.013085074407302,0.33333333333333337,0.2940364860153521,0.039296847317981276,0.33333333333333337,0.41192702796929587,0.0785936946359625,0.23220311940664154,0.0,0.23220311940664154,1.30242779734556,1.0,0.30242779734556
112,154,MP_vent_PEEP_Jmin,mixed,severe_mixed,40.312357681630495,40.24824105831121,0.0015904954958390555,0.042744415546192016,5.630727805912326,0.08382085972326286,0.04191042986163146,0.1253063713588041,0.2076273293902493,S112,S154,6.0,3.0,3.0,1.0,1.0,0.0,10.0,10.0,0.0,0.06411662331928625,50.93390382803844,45.28180381435302,5.65210001368542,10.621546146407942,5.033562756041808,5.5879833903661345,0.33333333333333326,0.2917533113648811,0.041580021968452174,0.33333333333333326,0.4164933772702379,0.08316004393690463,0.20853587390960834,0.11116082691136775,0.0973750469982406,1.2634811446726164,1.1250629250791166,0.13841821959349976
112,159,MP_vent_PEEP_Jmin,mixed,severe_mixed,40.312357681630495,39.95089416124075,0.008966568595278645,0.24097568025983307,8.67830175476847,0.07911050795069485,0.03955525397534726,0.1399247751043199,0.33845986853594456,S112,S159,6.0,9.0,3.0,1.0,0.6,0.4,10.0,10.0,0.0,0.3614635203897478,50.93390382803844,59.491717742677004,8.557813914638565,10.621546146407942,19.540823581436257,8.919277435028315,0.33333333333333326,0.29244675027637607,0.04088658305695719,0.33333333333333326,0.41510649944724787,0.08177316611391461,0.20853587390960834,0.3284629243007795,0.11992705039117116,1.2634811446726164,1.4891210570299132,0.22563991235729675
112,162,MP_vent_PEEP_Jmin,mixed,severe_mixed,40.312357681630495,41.80574986864949,0.0370455183696563,0.9955947913459973,20.326256196719136,0.07762378571310402,0.038811892856552066,0.2347327426791878,0.6794704358368675,S112,S162,6.0,12.0,6.0,1.0,0.6,0.4,10.0,10.0,0.0,1.4933921870189977,50.93390382803844,71.75795742043057,20.824053592392133,10.621546146407942,29.952207551781072,19.330661405373128,0.33333333333333326,0.2928916520293099,0.04044168130402337,0.33333333333333326,0.41421669594138033,0.08088336260804707,0.20853587390960834,0.4174060777161033,0.20887020380649493,1.2634811446726164,1.716461435230528,0.45298029055791167
113,115,MP_vent_PEEP_Jmin,mixed,mixed,46.2034266187477,45.3022843681562,0.01950379693755975,0.6007615003943343,7.649185453495193,5.551115123125783e-17,5.551115123125783e-17,0.12782193979786022,0.28006154987403975,S113,S115,6.0,9.0,3.0,1.4,1.0,0.3999999999999999,10.0,10.0,0.0,0.9011422505914979,56.88536522268531,64.23416992598334,7.348804703298029,10.681938603937613,18.931885557827137,8.249946953889523,0.33333333333333326,0.3333333333333333,5.551115123125783e-17,0.33333333333333326,0.3333333333333333,5.551115123125783e-17,0.1877800830164621,0.29473231427513175,0.10695223125866965,1.2311936448367935,1.41790134475282,0.18670769991602643
113,157,MP_vent_PEEP_Jmin,mixed,severe_mixed,46.2034266187477,46.11015507760809,0.0020187148002949458,0.06218102742640852,1.6055625804943219,0.08653766783241101,0.04326883391620556,0.029109471218014105,0.054954512491870666,S113,S157,6.0,6.0,0.0,1.4,1.0,0.3999999999999999,10.0,10.0,0.0,0.09327154113960745,56.88536522268531,58.45983728946642,1.5744720667811123,10.681938603937613,12.349682211858338,1.667743607920725,0.33333333333333326,0.2904210605071022,0.04291227282623106,0.33333333333333326,0.4191578789857956,0.08582454565246234,0.1877800830164621,0.211250711333806,0.023470628317343895,1.2311936448367935,1.2678299864980405,0.03663634166124696
114,117,MP_vent_PEEP_Jmin,mixed,mixed,34.497263380458705,35.88551640441835,0.04024241020654499,0.9255020159731018,10.394690510753875,1.1102230246251565e-16,1.1102230246251565e-16,0.09686511746149729,0.3660394545973875,S114,S117,9.0,12.0,3.0,0.6,0.6,0.0,10.0,10.0,0.0,1.388253023959642,52.194478566615956,63.051920085356365,10.857441518740409,17.697215186157244,27.166403680938018,9.469188494780774,0.3333333333333332,0.3333333333333333,1.1102230246251565e-16,0.3333333333333332,0.3333333333333333,1.1102230246251565e-16,0.33906297509170896,0.4308576748203952,0.09179469972868626,1.513003451635587,1.7570297547005118,0.2440263030649248
114,149,MP_vent_PEEP_Jmin,mixed,severe_mixed,34.497263380458705,35.123557221014146,0.018154884741095455,5.436396976465389,5.782975559009209,0.08275563209359049,0.04137781604679541,0.18728129094579637,0.8770585541000555,S114,S149,9.0,12.0,3.0,0.6,1.4,0.7999999999999999,10.0,5.0,5.0,0.6262938405554408,52.194478566615956,64.040144942646,11.845666376030039,17.697215186157244,28.916587721631853,11.219372535474609,0.3333333333333332,0.29327894642789787,0.040054386905435335,0.3333333333333332,0.4134421071442042,0.080108773810871,0.33906297509170896,0.4515384490077184,0.11247547391600943,1.513003451635587,1.823281865776718,0.310278414141131
114,150,MP_vent_PEEP_Jmin,mixed,severe_mixed,34.497263380458705,34.38632703901432,0.003215801213589225,0.07395756096292061,17.77117274712017,0.07859369463596222,0.03929684731798122,0.43487026048764066,0.7695051774533805,S114,S150,9.0,0.0,9.0,0.6,0.6,0.0,10.0,10.0,0.0,0.11093634144438624,52.194478566615956,34.38632703901432,17.808151527601638,17.697215186157244,0.0,17.697215186157244,0.3333333333333332,0.2940364860153521,0.03929684731798111,0.3333333333333332,0.41192702796929587,0.07859369463596266,0.33906297509170896,0.0,0.33906297509170896,1.513003451635587,1.0,0.513003451635587
114,151,MP_vent_PEEP_Jmin,mixed,severe_mixed,34.497263380458705,34.38632703901432,0.003215801213589225,0.07395756096292061,17.77117274712017,0.07859369463596222,0.03929684731798122,0.43487026048764066,0.7695051774533805,S114,S151,9.0,0.0,9.0,0.6,1.0,0.4,10.0,10.0,0.0,0.11093634144438624,52.194478566615956,34.38632703901432,17.808151527601638,17.697215186157244,0.0,17.697215186157244,0.3333333333333332,0.2940364860153521,0.03929684731798111,0.3333333333333332,0.41192702796929587,0.07859369463596266,0.33906297509170896,0.0,0.33906297509170896,1.513003451635587,1.0,0.513003451635587
114,152,MP_vent_PEEP_Jmin,mixed,severe_mixed,34.497263380458705,34.38632703901432,0.003215801213589225,0.07395756096292061,17.77117274712017,0.07859369463596222,0.03929684731798122,0.43487026048764066,0.7695051774533805,S114,S152,9.0,0.0,9.0,0.6,1.4,0.7999999999999999,10.0,10.0,0.0,0.11093634144438624,52.194478566615956,34.38632703901432,17.808151527601638,17.697215186157244,0.0,17.697215186157244,0.3333333333333332,0.2940364860153521,0.03929684731798111,0.3333333333333332,0.41192702796929587,0.07859369463596266,0.33906297509170896,0.0,0.33906297509170896,1.513003451635587,1.0,0.513003451635587
115,155,MP_vent_PEEP_Jmin,mixed,severe_mixed,45.3022843681562,43.25937011701781,0.04509517079837133,1.361942834092261,15.375682505515961,0.08104849486935223,0.04052424743467603,0.2396264515776476,0.4563174298328925,S115,S155,9.0,3.0,6.0,1.0,1.4,0.3999999999999999,10.0,10.0,0.0,2.0429142511383915,64.23416992598334,48.17751600342125,16.056653922562084,18.931885557827137,4.9181458864034395,14.013739671423696,0.3333333333333333,0.2934266067865185,0.03990672654681482,0.3333333333333333,0.4131467864269628,0.07981345309362947,0.29473231427513175,0.10208384106092529,0.19264847321420647,1.41790134475282,1.1136897248642252,0.3042116198885947
115,157,MP_vent_PEEP_Jmin,mixed,severe_mixed,45.3022843681562,46.11015507760809,0.017832891226557162,0.5385804729679258,6.043622873000871,0.08653766783241107,0.04326883391620551,0.09871246857984611,0.22510703738216908,S115,S157,9.0,6.0,3.0,1.0,1.0,0.0,10.0,10.0,0.0,0.8078707094518904,64.23416992598334,58.45983728946642,5.774332636516917,18.931885557827137,12.349682211858338,6.582203345968798,0.3333333333333333,0.2904210605071022,0.04291227282623111,0.3333333333333333,0.4191578789857956,0.08582454565246228,0.29473231427513175,0.211250711333806,0.08348160294132576,1.41790134475282,1.2678299864980405,0.15007135825477946
116,158,MP_vent_PEEP_Jmin,mixed,severe_mixed,54.13888777383187,52.13241319502141,0.03706161432781216,1.337649719206965,8.39622818650168,0.08218002868093632,0.041090014340467995,0.0866847888138138,0.18217283574007226,S116,S158,9.0,6.0,3.0,1.4,1.4,0.0,10.0,10.0,0.0,2.0064745788104617,73.75951457805132,64.69446153194616,9.065053046105163,19.62062680421946,12.56204833692476,7.058578467294698,0.33333333333333337,0.29309755361667894,0.04023577971665443,0.33333333333333337,0.41380489276664206,0.08047155943330869,0.2660080793164274,0.1941750196146484,0.071833059701779,1.3624128165725473,1.2409642594124997,0.12144855716004765
116,160,MP_vent_PEEP_Jmin,mixed,severe_mixed,54.13888777383187,51.97206909690503,0.04002333195278853,1.4445457846178869,0.8831857786122583,0.08790895272132732,0.04395447636066363,0.03563297742152122,0.08984675260281039,S116,S160,9.0,9.0,0.0,1.4,1.0,0.3999999999999999,10.0,10.0,0.0,2.1668186769268374,73.75951457805132,73.92042746435463,0.1609128863033078,19.62062680421946,21.948358367449615,2.327731563230156,0.33333333333333337,0.2896545746526239,0.04367875868070947,0.33333333333333337,0.4206908506947524,0.08735751736141906,0.2660080793164274,0.2969187154394283,0.030910636123000934,1.3624128165725473,1.4223106516410877,0.059897835068540406
117,149,MP_vent_PEEP_Jmin,mixed,severe_mixed,35.88551640441835,35.123557221014146,0.021233056111473046,6.3618989924384906,4.611714951744666,0.0827556320935906,0.0413778160467953,0.09041617348429909,0.511019099502668,S117,S149,12.0,12.0,0.0,0.6,1.4,0.7999999999999999,10.0,5.0,5.0,0.7619591834042012,63.051920085356365,64.040144942646,0.9882248572896302,27.166403680938018,28.916587721631853,1.750184040693835,0.3333333333333333,0.29327894642789787,0.040054386905435446,0.3333333333333333,0.4134421071442042,0.08010877381087089,0.4308576748203952,0.4515384490077184,0.02068077418732317,1.7570297547005118,1.823281865776718,0.06625211107620621
117,150,MP_vent_PEEP_Jmin,mixed,severe_mixed,35.88551640441835,34.38632703901432,0.04177700408456273,0.9994595769360224,28.165863257874044,0.07859369463596233,0.03929684731798111,0.5317353779491379,1.135544632050768,S117,S150,12.0,0.0,12.0,0.6,0.6,0.0,10.0,10.0,0.0,1.4991893654040283,63.051920085356365,34.38632703901432,28.665593046342046,27.166403680938018,0.0,27.166403680938018,0.3333333333333333,0.2940364860153521,0.03929684731798122,0.3333333333333333,0.41192702796929587,0.07859369463596255,0.4308576748203952,0.0,0.4308576748203952,1.7570297547005118,1.0,0.7570297547005118
117,151,MP_vent_PEEP_Jmin,mixed,severe_mixed,35.88551640441835,34.38632703901432,0.04177700408456273,0.9994595769360224,28.165863257874044,0.07859369463596233,0.03929684731798111,0.5317353779491379,1.135544632050768,S117,S151,12.0,0.0,12.0,0.6,1.0,0.4,10.0,10.0,0.0,1.4991893654040283,63.051920085356365,34.38632703901432,28.665593046342046,27.166403680938018,0.0,27.166403680938018,0.3333333333333333,0.2940364860153521,0.03929684731798122,0.3333333333333333,0.41192702796929587,0.07859369463596255,0.4308576748203952,0.0,0.4308576748203952,1.7570297547005118,1.0,0.7570297547005118
117,152,MP_vent_PEEP_Jmin,mixed,severe_mixed,35.88551640441835,34.38632703901432,0.04177700408456273,0.9994595769360224,28.165863257874044,0.07859369463596233,0.03929684731798111,0.5317353779491379,1.135544632050768,S117,S152,12.0,0.0,12.0,0.6,1.4,0.7999999999999999,10.0,10.0,0.0,1.4991893654040283,63.051920085356365,34.38632703901432,28.665593046342046,27.166403680938018,0.0,27.166403680938018,0.3333333333333333,0.2940364860153521,0.03929684731798122,0.3333333333333333,0.41192702796929587,0.07859369463596255,0.4308576748203952,0.0,0.4308576748203952,1.7570297547005118,1.0,0.7570297547005118
117,153,MP_vent_PEEP_Jmin,mixed,severe_mixed,35.88551640441835,36.241182746423135,0.009911139023235498,0.23711089466986124,22.364572980722453,0.08040062896677691,0.0402003144833884,0.37282714358924735,0.9466137200486111,S117,S153,12.0,3.0,9.0,0.6,0.6,0.0,10.0,10.0,0.0,0.3556663420047883,63.051920085356365,40.80590255196884,22.246017533387523,27.166403680938018,4.564719805545712,22.601683875392304,0.3333333333333333,0.2927253856031375,0.040607947730195826,0.3333333333333333,0.41454922879372513,0.08121589546039182,0.4308576748203952,0.11186420395265756,0.31899347086773766,1.7570297547005118,1.1259539413347714,0.6310758133657404
118,158,MP_vent_PEEP_Jmin,mixed,severe_mixed,50.29221105468176,52.13241319502141,0.03659020157890518,1.226801426893097,15.45308609757187,0.08218002868093627,0.04109001434046805,0.20037084437733982,0.5107145851600168,S118,S158,12.0,6.0,6.0,1.0,1.4,0.3999999999999999,10.0,10.0,0.0,1.840202140339649,79.53414691607149,64.69446153194616,14.839685384125332,29.241935861389717,12.56204833692476,16.679887524464956,0.33333333333333326,0.29309755361667894,0.04023577971665432,0.33333333333333326,0.41380489276664206,0.0804715594333088,0.36766517269931,0.1941750196146484,0.1734901530846616,1.5814406495191777,1.2409642594124997,0.3404763901066781
118,160,MP_vent_PEEP_Jmin,mixed,severe_mixed,50.29221105468176,51.97206909690503,0.033401952449392126,1.119905361482175,6.173672132457931,0.08790895272132726,0.043954476360663686,0.0780530781420048,0.23869499681713413,S118,S160,12.0,9.0,3.0,1.0,1.0,0.0,10.0,10.0,0.0,1.6798580422232732,79.53414691607149,73.92042746435463,5.613719451716861,29.241935861389717,21.948358367449615,7.293577493940102,0.33333333333333326,0.2896545746526239,0.04367875868070936,0.33333333333333326,0.4206908506947524,0.08735751736141917,0.36766517269931,0.2969187154394283,0.07074645725988166,1.5814406495191777,1.4223106516410877,0.15912999787809
119,120,MP_vent_PEEP_Jmin,mixed,mixed,62.07434892891607,60.66500861715883,0.022704069169877803,4.115857176925076,26.841937093118275,1.1102230246251565e-16,1.1102230246251565e-16,0.42794439406478546,0.7480818116713817,S119,S120,12.0,0.0,12.0,1.4,0.6,0.7999999999999999,10.0,15.0,5.0,1.4093403117572407,93.03214319895945,60.66500861715883,32.36713458180061,30.957794270043358,0.0,30.957794270043358,0.3333333333333333,0.3333333333333333,0.0,0.3333333333333333,0.3333333333333333,0.0,0.3327644962863719,0.0,0.3327644962863719,1.4987212077809215,1.0,0.49872120778092155
119,121,MP_vent_PEEP_Jmin,mixed,mixed,62.07434892891607,60.66500861715883,0.022704069169877803,4.115857176925076,26.841937093118275,1.1102230246251565e-16,1.1102230246251565e-16,0.42794439406478546,0.7480818116713817,S119,S121,12.0,0.0,12.0,1.4,1.0,0.3999999999999999,10.0,15.0,5.0,1.4093403117572407,93.03214319895945,60.66500861715883,32.36713458180061,30.957794270043358,0.0,30.957794270043358,0.3333333333333333,0.3333333333333333,0.0,0.3333333333333333,0.3333333333333333,0.0,0.3327644962863719,0.0,0.3327644962863719,1.4987212077809215,1.0,0.49872120778092155
119,122,MP_vent_PEEP_Jmin,mixed,mixed,62.07434892891607,60.66500861715883,0.022704069169877803,4.115857176925076,26.841937093118275,1.1102230246251565e-16,1.1102230246251565e-16,0.42794439406478546,0.7480818116713817,S119,S122,12.0,0.0,12.0,1.4,1.4,0.0,10.0,15.0,5.0,1.4093403117572407,93.03214319895945,60.66500861715883,32.36713458180061,30.957794270043358,0.0,30.957794270043358,0.3333333333333333,0.3333333333333333,0.0,0.3333333333333333,0.3333333333333333,0.0,0.3327644962863719,0.0,0.3327644962863719,1.4987212077809215,1.0,0.49872120778092155
119,123,MP_vent_PEEP_Jmin,mixed,mixed,62.07434892891607,62.51601264910504,0.007115076159634593,5.504110200884739,19.728928646383977,1.6653345369377348e-16,1.6653345369377348e-16,0.3191330771927742,0.6259849774857251,S119,S123,12.0,3.0,9.0,1.4,0.6,0.7999999999999999,10.0,15.0,5.0,0.44166372018896993,93.03214319895945,68.24076807187969,24.79137512707976,30.957794270043358,5.724755422774623,25.233038847268734,0.3333333333333333,0.3333333333333333,0.0,0.3333333333333333,0.3333333333333333,0.0,0.3327644962863719,0.08389054790157985,0.24887394838479204,1.4987212077809215,1.0915726256392424,0.40714858214167915
119,126,MP_vent_PEEP_Jmin,mixed,mixed,62.07434892891607,64.36701668105152,0.03693422148915134,6.892363224844594,10.83086181661865,1.1102230246251565e-16,1.1102230246251565e-16,0.2127825434413272,0.47393375860543663,S119,S126,12.0,6.0,6.0,1.4,0.6,0.7999999999999999,10.0,15.0,5.0,2.2926677521354506,93.03214319895945,77.60158590963164,15.430557289327808,30.957794270043358,13.234569228580112,17.723225041463245,0.3333333333333333,0.33333333333333337,5.551115123125783e-17,0.3333333333333333,0.33333333333333337,5.551115123125783e-17,0.3327644962863719,0.17054508710675054,0.16221940917962135,1.4987212077809215,1.2056110397994588,0.2931101679814627
119,161,MP_vent_PEEP_Jmin,mixed,severe_mixed,62.07434892891607,61.00545627302491,0.017219554845677002,0.7125951039274412,8.738682022406884,0.0826891339851698,0.041344566992584986,0.06739436115495434,0.18423780281088886,S119,S161,12.0,9.0,3.0,1.4,1.4,0.0,10.0,10.0,0.0,1.0688926558911618,93.03214319895945,83.93716362458883,9.094979574370612,30.957794270043358,22.931707351563915,8.026086918479443,0.3333333333333333,0.292915602549,0.040417730784333306,0.3333333333333333,0.4141687949020001,0.08083546156866678,0.3327644962863719,0.27320088458226416,0.05956361170410773,1.4987212077809215,1.3758960059069953,0.1228252018739262
120,121,MP_vent_PEEP_Jmin,mixed,mixed,60.66500861715883,60.66500861715883,0.0,0.0,0.0,0.0,0.0,0.0,0.0,S120,S121,0.0,0.0,0.0,0.6,1.0,0.4,15.0,15.0,0.0,0.0,60.66500861715883,60.66500861715883,0.0,0.0,0.0,0.0,0.3333333333333333,0.3333333333333333,0.0,0.3333333333333333,0.3333333333333333,0.0,0.0,0.0,0.0,1.0,1.0,0.0
120,122,MP_vent_PEEP_Jmin,mixed,mixed,60.66500861715883,60.66500861715883,0.0,0.0,0.0,0.0,0.0,0.0,0.0,S120,S122,0.0,0.0,0.0,0.6,1.4,0.7999999999999999,15.0,15.0,0.0,0.0,60.66500861715883,60.66500861715883,0.0,0.0,0.0,0.0,0.3333333333333333,0.3333333333333333,0.0,0.3333333333333333,0.3333333333333333,0.0,0.0,0.0,0.0,1.0,1.0,0.0
120,123,MP_vent_PEEP_Jmin,mixed,mixed,60.66500861715883,62.51601264910504,0.030511889376418258,1.3882530239596633,7.113008446734298,5.551115123125783e-17,5.551115123125783e-17,0.1088113168720113,0.12209683418565653,S120,S123,0.0,3.0,3.0,0.6,0.6,0.0,15.0,15.0,0.0,1.8510040319462107,60.66500861715883,68.24076807187969,7.575759454720853,0.0,5.724755422774623,5.724755422774623,0.3333333333333333,0.3333333333333333,0.0,0.3333333333333333,0.3333333333333333,0.0,0.0,0.08389054790157985,0.08389054790157985,1.0,1.0915726256392424,0.0915726256392424
120,161,MP_vent_PEEP_Jmin,mixed,severe_mixed,60.66500861715883,61.00545627302491,0.005611927923962823,4.828452280852517,18.10325507071139,0.08268913398516992,0.041344566992584875,0.3605500329098311,0.5638440088604928,S120,S161,0.0,9.0,9.0,0.6,1.4,0.7999999999999999,15.0,10.0,5.0,0.34044765586607895,60.66500861715883,83.93716362458883,23.27215500743,0.0,22.931707351563915,22.931707351563915,0.3333333333333333,0.292915602549,0.040417730784333306,0.3333333333333333,0.4141687949020001,0.08083546156866678,0.0,0.27320088458226416,0.27320088458226416,1.0,1.3758960059069953,0.37589600590699535
120,163,MP_vent_PEEP_Jmin,mixed,severe_mixed,60.66500861715883,57.83398311620192,0.046666530929267334,6.942767718734508,26.886823504081107,0.0885581852705064,0.04427909263525315,0.46735263070713134,0.8774146980723452,S120,S163,0.0,12.0,12.0,0.6,1.0,0.4,15.0,10.0,5.0,2.831025500956912,60.66500861715883,91.66357433901754,30.99856572185871,0.0,33.829591222815615,33.829591222815615,0.3333333333333333,0.2892248365452657,0.04410849678806761,0.3333333333333333,0.4215503269094688,0.0882169935761355,0.0,0.3690625362010971,0.3690625362010971,1.0,1.5849431320482301,0.5849431320482301
121,122,MP_vent_PEEP_Jmin,mixed,mixed,60.66500861715883,60.66500861715883,0.0,0.0,0.0,0.0,0.0,0.0,0.0,S121,S122,0.0,0.0,0.0,1.0,1.4,0.3999999999999999,15.0,15.0,0.0,0.0,60.66500861715883,60.66500861715883,0.0,0.0,0.0,0.0,0.3333333333333333,0.3333333333333333,0.0,0.3333333333333333,0.3333333333333333,0.0,0.0,0.0,0.0,1.0,1.0,0.0
121,123,MP_vent_PEEP_Jmin,mixed,mixed,60.66500861715883,62.51601264910504,0.030511889376418258,1.3882530239596633,7.113008446734298,5.551115123125783e-17,5.551115123125783e-17,0.1088113168720113,0.12209683418565653,S121,S123,0.0,3.0,3.0,1.0,0.6,0.4,15.0,15.0,0.0,1.8510040319462107,60.66500861715883,68.24076807187969,7.575759454720853,0.0,5.724755422774623,5.724755422774623,0.3333333333333333,0.3333333333333333,0.0,0.3333333333333333,0.3333333333333333,0.0,0.0,0.08389054790157985,0.08389054790157985,1.0,1.0915726256392424,0.0915726256392424
121,161,MP_vent_PEEP_Jmin,mixed,severe_mixed,60.66500861715883,61.00545627302491,0.005611927923962823,4.828452280852517,18.10325507071139,0.08268913398516992,0.041344566992584875,0.3605500329098311,0.5638440088604928,S121,S161,0.0,9.0,9.0,1.0,1.4,0.3999999999999999,15.0,10.0,5.0,0.34044765586607895,60.66500861715883,83.93716362458883,23.27215500743,0.0,22.931707351563915,22.931707351563915,0.3333333333333333,0.292915602549,0.040417730784333306,0.3333333333333333,0.4141687949020001,0.08083546156866678,0.0,0.27320088458226416,0.27320088458226416,1.0,1.3758960059069953,0.37589600590699535
121,163,MP_vent_PEEP_Jmin,mixed,severe_mixed,60.66500861715883,57.83398311620192,0.046666530929267334,6.942767718734508,26.886823504081107,0.0885581852705064,0.04427909263525315,0.46735263070713134,0.8774146980723452,S121,S163,0.0,12.0,12.0,1.0,1.0,0.0,15.0,10.0,5.0,2.831025500956912,60.66500861715883,91.66357433901754,30.99856572185871,0.0,33.829591222815615,33.829591222815615,0.3333333333333333,0.2892248365452657,0.04410849678806761,0.3333333333333333,0.4215503269094688,0.0882169935761355,0.0,0.3690625362010971,0.3690625362010971,1.0,1.5849431320482301,0.5849431320482301
122,123,MP_vent_PEEP_Jmin,mixed,mixed,60.66500861715883,62.51601264910504,0.030511889376418258,1.3882530239596633,7.113008446734298,5.551115123125783e-17,5.551115123125783e-17,0.1088113168720113,0.12209683418565653,S122,S123,0.0,3.0,3.0,1.4,0.6,0.7999999999999999,15.0,15.0,0.0,1.8510040319462107,60.66500861715883,68.24076807187969,7.575759454720853,0.0,5.724755422774623,5.724755422774623,0.3333333333333333,0.3333333333333333,0.0,0.3333333333333333,0.3333333333333333,0.0,0.0,0.08389054790157985,0.08389054790157985,1.0,1.0915726256392424,0.0915726256392424
122,161,MP_vent_PEEP_Jmin,mixed,severe_mixed,60.66500861715883,61.00545627302491,0.005611927923962823,4.828452280852517,18.10325507071139,0.08268913398516992,0.041344566992584875,0.3605500329098311,0.5638440088604928,S122,S161,0.0,9.0,9.0,1.4,1.4,0.0,15.0,10.0,5.0,0.34044765586607895,60.66500861715883,83.93716362458883,23.27215500743,0.0,22.931707351563915,22.931707351563915,0.3333333333333333,0.292915602549,0.040417730784333306,0.3333333333333333,0.4141687949020001,0.08083546156866678,0.0,0.27320088458226416,0.27320088458226416,1.0,1.3758960059069953,0.37589600590699535
122,163,MP_vent_PEEP_Jmin,mixed,severe_mixed,60.66500861715883,57.83398311620192,0.046666530929267334,6.942767718734508,26.886823504081107,0.0885581852705064,0.04427909263525315,0.46735263070713134,0.8774146980723452,S122,S163,0.0,12.0,12.0,1.4,1.0,0.3999999999999999,15.0,10.0,5.0,2.831025500956912,60.66500861715883,91.66357433901754,30.99856572185871,0.0,33.829591222815615,33.829591222815615,0.3333333333333333,0.2892248365452657,0.04410849678806761,0.3333333333333333,0.4215503269094688,0.0882169935761355,0.0,0.3690625362010971,0.3690625362010971,1.0,1.5849431320482301,0.5849431320482301
123,126,MP_vent_PEEP_Jmin,mixed,mixed,62.51601264910504,64.36701668105152,0.029608478748252013,1.3882530239598552,8.898066829765327,5.551115123125783e-17,5.551115123125783e-17,0.10635053375144697,0.1520512188802885,S123,S126,3.0,6.0,3.0,0.6,0.6,0.0,15.0,15.0,0.0,1.8510040319464807,68.24076807187969,77.60158590963164,9.360817837751952,5.724755422774623,13.234569228580112,7.509813805805488,0.3333333333333333,0.33333333333333337,5.551115123125783e-17,0.3333333333333333,0.33333333333333337,5.551115123125783e-17,0.08389054790157985,0.17054508710675054,0.08665453920517069,1.0915726256392424,1.2056110397994588,0.11403841416021643
123,161,MP_vent_PEEP_Jmin,mixed,severe_mixed,62.51601264910504,61.00545627302491,0.02416271147295822,6.21670530481218,10.990246623977093,0.08268913398516997,0.04134456699258482,0.25173871603781983,0.44174717467483626,S123,S161,3.0,9.0,6.0,0.6,1.4,0.7999999999999999,15.0,10.0,5.0,1.5105563760801317,68.24076807187969,83.93716362458883,15.696395552709149,5.724755422774623,22.931707351563915,17.20695192878929,0.3333333333333333,0.292915602549,0.040417730784333306,0.3333333333333333,0.4141687949020001,0.08083546156866678,0.08389054790157985,0.27320088458226416,0.1893103366806843,1.0915726256392424,1.3758960059069953,0.28432338026775295
124,126,MP_vent_PEEP_Jmin,mixed,mixed,67.31824419919273,64.36701668105152,0.04383993601212492,2.2134206386059034,5.054699872311687,0.0,0.0,0.10947706129885693,0.1559740713835951,S124,S126,3.0,6.0,3.0,1.0,0.6,0.4,15.0,15.0,0.0,2.9512275181412093,73.28469291685524,77.60158590963164,4.316892992776403,5.966448717662513,13.234569228580112,7.268120510917599,0.3333333333333333,0.33333333333333337,5.551115123125783e-17,0.3333333333333333,0.33333333333333337,5.551115123125783e-17,0.08141466492097765,0.17054508710675054,0.08913042218577288,1.0886304862617622,1.2056110397994588,0.11698055353769665
124,129,MP_vent_PEEP_Jmin,mixed,mixed,67.31824419919273,66.2180207129978,0.0163436153049299,0.8251676146461975,15.737825085107701,1.1102230246251565e-16,1.1102230246251565e-16,0.20638777798060687,0.3354677143359901,S124,S129,3.0,9.0,6.0,1.0,0.6,0.4,15.0,15.0,0.0,1.1002234861949347,73.28469291685524,88.74746213041423,15.462769213559,5.966448717662513,22.529441417416436,16.562992699753924,0.3333333333333333,0.33333333333333337,5.551115123125783e-17,0.3333333333333333,0.33333333333333337,5.551115123125783e-17,0.08141466492097765,0.2538601203526188,0.17244545543164114,1.0886304862617622,1.3402312720137555,0.2516007857519933
124,132,MP_vent_PEEP_Jmin,mixed,mixed,67.31824419919273,68.06902474494433,0.011152705402268927,0.5630854093136861,28.20600868093483,1.1102230246251565e-16,1.1102230246251565e-16,0.2913022081542656,0.5401650521678434,S124,S132,3.0,12.0,9.0,1.0,0.6,0.4,15.0,15.0,0.0,0.7507805457515957,73.28469291685524,101.67839673422799,28.393703817372753,5.966448717662513,33.60937198928366,27.642923271621147,0.3333333333333333,0.3333333333333333,0.0,0.3333333333333333,0.3333333333333333,0.0,0.08141466492097765,0.33054584915548474,0.24913118423450709,1.0886304862617622,1.493754275387645,0.40512378912588276
124,164,MP_vent_PEEP_Jmin,mixed,severe_mixed,67.31824419919273,69.8784993510284,0.038032114210524284,3.9030169153756162,26.157657297282768,0.08289350605605278,0.04144675302802636,0.3304114046757359,0.6551781208579865,S124,S164,3.0,12.0,9.0,1.0,1.4,0.3999999999999999,15.0,10.0,5.0,2.560255151835662,73.28469291685524,105.9056222813493,32.62092936449406,5.966448717662513,36.0271229303209,30.060674212658387,0.3333333333333333,0.292814618635354,0.0405187146979793,0.3333333333333333,0.414370762729292,0.0810374293959587,0.08141466492097765,0.34018140070610325,0.2587667357851256,1.0886304862617622,1.5155680683602242,0.426937582098462
124,165,MP_vent_PEEP_Jmin,mixed,severe_mixed,67.31824419919273,68.7726540780287,0.02160498830796008,1.0908074091269668,4.875641308535549,0.07859369463596211,0.039296847317981,0.10568478932460135,0.11817398168234994,S124,S165,3.0,0.0,3.0,1.0,0.6,0.4,15.0,15.0,0.0,1.4544098788359605,73.28469291685524,68.7726540780287,4.512038838826541,5.966448717662513,0.0,5.966448717662513,0.3333333333333333,0.29403648601535226,0.039296847317981054,0.3333333333333333,0.41192702796929537,0.07859369463596205,0.08141466492097765,0.0,0.08141466492097765,1.0886304862617622,1.0,0.08863048626176218
124,166,MP_vent_PEEP_Jmin,mixed,severe_mixed,67.31824419919273,68.7726540780287,0.02160498830796008,1.0908074091269668,4.875641308535549,0.07859369463596211,0.039296847317981,0.10568478932460135,0.11817398168234994,S124,S166,3.0,0.0,3.0,1.0,1.0,0.0,15.0,15.0,0.0,1.4544098788359605,73.28469291685524,68.7726540780287,4.512038838826541,5.966448717662513,0.0,5.966448717662513,0.3333333333333333,0.29403648601535226,0.039296847317981054,0.3333333333333333,0.41192702796929537,0.07859369463596205,0.08141466492097765,0.0,0.08141466492097765,1.0886304862617622,1.0,0.08863048626176218
124,167,MP_vent_PEEP_Jmin,mixed,severe_mixed,67.31824419919273,68.7726540780287,0.02160498830796008,1.0908074091269668,4.875641308535549,0.07859369463596211,0.039296847317981,0.10568478932460135,0.11817398168234994,S124,S167,3.0,0.0,3.0,1.0,1.4,0.3999999999999999,15.0,15.0,0.0,1.4544098788359605,73.28469291685524,68.7726540780287,4.512038838826541,5.966448717662513,0.0,5.966448717662513,0.3333333333333333,0.29403648601535226,0.039296847317981054,0.3333333333333333,0.41192702796929537,0.07859369463596205,0.08141466492097765,0.0,0.08141466492097765,1.0886304862617622,1.0,0.08863048626176218
125,127,MP_vent_PEEP_Jmin,mixed,mixed,71.24562349060422,73.97147978122703,0.03825998225676694,2.0443922179671006,10.364025858024412,1.1102230246251565e-16,1.1102230246251565e-16,0.10566646948649033,0.14609020218927116,S125,S127,3.0,6.0,3.0,1.4,1.0,0.3999999999999999,15.0,15.0,0.0,2.725856290622815,76.85859817801543,87.90408810869553,11.045489930680105,5.6129746874111826,13.9326083274685,8.319633640057319,0.33333333333333326,0.33333333333333337,1.1102230246251565e-16,0.33333333333333326,0.33333333333333337,1.1102230246251565e-16,0.07302988631682737,0.1584978426741711,0.08546795635734374,1.0787834313521227,1.1883510829940758,0.10956765164195303
125,132,MP_vent_PEEP_Jmin,mixed,mixed,71.24562349060422,68.06902474494433,0.04458658076139672,2.3824490592449337,25.613948242627536,1.1102230246251565e-16,1.1102230246251565e-16,0.3019278681915079,0.5532944587140298,S125,S132,3.0,12.0,9.0,1.4,0.6,0.7999999999999999,15.0,15.0,0.0,3.176598745659888,76.85859817801543,101.67839673422799,24.81979855621256,5.6129746874111826,33.60937198928366,27.996397301872477,0.33333333333333326,0.3333333333333333,5.551115123125783e-17,0.33333333333333326,0.3333333333333333,5.551115123125783e-17,0.07302988631682737,0.33054584915548474,0.25751596283865735,1.0787834313521227,1.493754275387645,0.4149708440355222
125,164,MP_vent_PEEP_Jmin,mixed,severe_mixed,71.24562349060422,69.8784993510284,0.01918888589354708,6.848551383934236,23.565596858975475,0.08289350605605278,0.04144675302802636,0.3410370647129782,0.668307527404173,S125,S164,3.0,12.0,9.0,1.4,1.4,0.0,15.0,10.0,5.0,1.3671241395758216,76.85859817801543,105.9056222813493,29.047024103333868,5.6129746874111826,36.0271229303209,30.414148242909718,0.33333333333333326,0.292814618635354,0.04051871469797924,0.33333333333333326,0.414370762729292,0.08103742939595876,0.07302988631682737,0.34018140070610325,0.26715151438927587,1.0787834313521227,1.5155680683602242,0.43678463700810144
125,165,MP_vent_PEEP_Jmin,mixed,severe_mixed,71.24562349060422,68.7726540780287,0.03471047471290156,1.854727059431653,7.467701746842842,0.07859369463596211,0.039296847317981,0.09505912928735905,0.1050445751361635,S125,S165,3.0,0.0,3.0,1.4,0.6,0.7999999999999999,15.0,15.0,0.0,2.472969412575523,76.85859817801543,68.7726540780287,8.085944099986733,5.6129746874111826,0.0,5.6129746874111826,0.33333333333333326,0.29403648601535226,0.039296847317981,0.33333333333333326,0.41192702796929537,0.07859369463596211,0.07302988631682737,0.0,0.07302988631682737,1.0787834313521227,1.0,0.07878343135212273
125,166,MP_vent_PEEP_Jmin,mixed,severe_mixed,71.24562349060422,68.7726540780287,0.03471047471290156,1.854727059431653,7.467701746842842,0.07859369463596211,0.039296847317981,0.09505912928735905,0.1050445751361635,S125,S166,3.0,0.0,3.0,1.4,1.0,0.3999999999999999,15.0,15.0,0.0,2.472969412575523,76.85859817801543,68.7726540780287,8.085944099986733,5.6129746874111826,0.0,5.6129746874111826,0.33333333333333326,0.29403648601535226,0.039296847317981,0.33333333333333326,0.41192702796929537,0.07859369463596211,0.07302988631682737,0.0,0.07302988631682737,1.0787834313521227,1.0,0.07878343135212273
125,167,MP_vent_PEEP_Jmin,mixed,severe_mixed,71.24562349060422,68.7726540780287,0.03471047471290156,1.854727059431653,7.467701746842842,0.07859369463596211,0.039296847317981,0.09505912928735905,0.1050445751361635,S125,S167,3.0,0.0,3.0,1.4,1.4,0.0,15.0,15.0,0.0,2.472969412575523,76.85859817801543,68.7726540780287,8.085944099986733,5.6129746874111826,0.0,5.6129746874111826,0.33333333333333326,0.29403648601535226,0.039296847317981,0.33333333333333326,0.41192702796929537,0.07859369463596211,0.07302988631682737,0.0,0.07302988631682737,1.0787834313521227,1.0,0.07878343135212273
125,168,MP_vent_PEEP_Jmin,mixed,severe_mixed,71.24562349060422,71.24579502124041,2.407595411345969e-06,0.00012864797714229326,0.7470116551512618,0.08007954589996746,0.04003977294998379,0.01130331511920854,0.013977330043208891,S125,S168,3.0,3.0,0.0,1.4,0.6,0.7999999999999999,15.0,15.0,0.0,0.0001715306361944613,76.85859817801543,77.6056527158257,0.7470545378102713,5.6129746874111826,6.359857694585306,0.746883007174123,0.33333333333333326,0.29310909572425903,0.04022423760907423,0.33333333333333326,0.41378180855148194,0.08044847521814869,0.07302988631682737,0.08195095939562112,0.008921073078793751,1.0787834313521227,1.089266428884529,0.010482997532406335
125,171,MP_vent_PEEP_Jmin,mixed,severe_mixed,71.24562349060422,73.71893596445216,0.034715289903724654,1.8549843553859517,10.910613112078416,0.08050541920866372,0.040252709604331804,0.11461873805818079,0.16026226454614845,S125,S171,3.0,6.0,3.0,1.4,0.6,0.7999999999999999,15.0,15.0,0.0,2.4733124738479404,76.85859817801543,88.38753940855582,11.528941230540397,5.6129746874111826,14.668603444103654,9.055628756692471,0.33333333333333326,0.292656583453964,0.040676749879369256,0.33333333333333326,0.41468683309207194,0.08135349975873868,0.07302988631682737,0.1659578210034858,0.09292793468665843,1.0787834313521227,1.1989801297617344,0.12019669840961167
126,129,MP_vent_PEEP_Jmin,mixed,mixed,64.36701668105152,66.2180207129978,0.028757026927599964,1.388253023959706,10.683125212796014,1.1102230246251565e-16,1.1102230246251565e-16,0.09691071668174994,0.179493642952395,S126,S129,6.0,9.0,3.0,0.6,0.6,0.0,15.0,15.0,0.0,1.8510040319462746,77.60158590963164,88.74746213041423,11.145876220782597,13.234569228580112,22.529441417416436,9.294872188836324,0.33333333333333337,0.33333333333333337,0.0,0.33333333333333337,0.33333333333333337,0.0,0.17054508710675054,0.2538601203526188,0.08331503324586825,1.2056110397994588,1.3402312720137555,0.13462023221429664
127,168,MP_vent_PEEP_Jmin,mixed,severe_mixed,73.97147978122703,71.24579502124041,0.03684777927990515,2.0442635699899583,9.61701420287315,0.08007954589996735,0.0400397729499839,0.09436315436728179,0.13211287214606227,S127,S168,6.0,3.0,3.0,1.0,0.6,0.4,15.0,15.0,0.0,2.7256847599866205,87.90408810869553,77.6056527158257,10.298435392869834,13.9326083274685,6.359857694585306,7.572750632883195,0.33333333333333337,0.29310909572425903,0.04022423760907434,0.33333333333333337,0.41378180855148194,0.08044847521814857,0.1584978426741711,0.08195095939562112,0.07654688327854998,1.1883510829940758,1.089266428884529,0.0990846541095467
127,169,MP_vent_PEEP_Jmin,mixed,severe_mixed,73.97147978122703,76.58853943709114,0.03537930650575258,1.9627947418981009,4.990108626451359,0.08243651526795298,0.041218257633976685,0.0923806011590994,0.12962477926013083,S127,S169,6.0,3.0,3.0,1.0,1.0,0.0,15.0,15.0,0.0,2.617059655864111,87.90408810869553,83.5682443962102,4.335843712485328,13.9326083274685,6.979704959119031,6.952903368349469,0.33333333333333337,0.2923147560270261,0.04101857730630726,0.33333333333333337,0.4153704879459476,0.08203715461261424,0.1584978426741711,0.08352101937222889,0.07497682330194222,1.1883510829940758,1.091132498548978,0.09721858444509768
127,171,MP_vent_PEEP_Jmin,mixed,severe_mixed,73.97147978122703,73.71893596445216,0.0034140700919027284,0.18940786258114883,0.5465872540540033,0.08050541920866361,0.040252709604331915,0.008952268571690458,0.01417206235687729,S127,S171,6.0,6.0,0.0,1.0,0.6,0.4,15.0,15.0,0.0,0.2525438167748746,87.90408810869553,88.38753940855582,0.4834512998602918,13.9326083274685,14.668603444103654,0.7359951166351539,0.33333333333333337,0.292656583453964,0.04067674987936937,0.33333333333333337,0.41468683309207194,0.08135349975873857,0.1584978426741711,0.1659578210034858,0.007459978329314693,1.1883510829940758,1.1989801297617344,0.010629046767658634
127,174,MP_vent_PEEP_Jmin,mixed,severe_mixed,73.97147978122703,76.19207690766386,0.030019639096099122,1.665447844827618,12.65907676591415,0.0802347791052917,0.04011738955264593,0.10299254029250854,0.18506521021855105,S127,S174,6.0,9.0,3.0,1.0,0.6,0.4,15.0,15.0,0.0,2.2205971264368287,87.90408810869553,101.11831415621887,13.21422604752334,13.9326083274685,24.926237248555033,10.993628921086533,0.33333333333333337,0.29255320980828864,0.04078012352504473,0.33333333333333337,0.4148935803834229,0.08156024705008952,0.1584978426741711,0.24650566474087174,0.08800782206670063,1.1883510829940758,1.3271499906579889,0.13879890766391312
128,130,MP_vent_PEEP_Jmin,mixed,mixed,81.8262383640498,80.62471536326107,0.014683835219738175,0.9011422505915405,9.37290793846195,5.551115123125783e-17,5.551115123125783e-17,0.1015947148219882,0.17321585168980747,S128,S130,6.0,9.0,3.0,1.4,1.0,0.3999999999999999,15.0,15.0,0.0,1.2015230007887254,95.4506670044142,104.52319419267899,9.072527188264786,13.624428640364396,23.89847882941791,10.274050189053515,0.33333333333333337,0.33333333333333337,0.0,0.33333333333333337,0.33333333333333337,0.0,0.14273790920428375,0.22864282912521064,0.08590491992092689,1.1665043989893378,1.2964162877566936,0.12991188876735582
128,170,MP_vent_PEEP_Jmin,mixed,severe_mixed,81.8262383640498,80.60337818203334,0.014944597313344452,0.9171451365123602,7.845794088301048,0.08043012667113492,0.040215063335567514,0.08195704704756344,0.11124492138855246,S128,S170,6.0,3.0,3.0,1.4,1.4,0.0,15.0,15.0,0.0,1.2228601820164613,95.4506670044142,87.29915787060905,8.151509133805149,13.624428640364396,6.695779688575707,6.92864895178869,0.33333333333333337,0.2934682687773148,0.03986506455601857,0.33333333333333337,0.4130634624453703,0.07973012911203692,0.14273790920428375,0.07669924718517783,0.06603866201910592,1.1665043989893378,1.0830707079479234,0.0834336910414144
128,172,MP_vent_PEEP_Jmin,mixed,severe_mixed,81.8262383640498,84.40442479615369,0.03150806493918719,1.9336398240779076,4.551177801726325,0.08493331418559852,0.04246665709279934,0.022511835636433747,0.034567833784755475,S128,S172,6.0,6.0,0.0,1.4,1.0,0.3999999999999999,15.0,15.0,0.0,2.578186432103891,95.4506670044142,100.64639141416649,5.195724409752287,13.624428640364396,16.24196661801279,2.617537977648393,0.33333333333333337,0.2911317762235656,0.04220155710976775,0.33333333333333337,0.4177364475528687,0.08440311421953534,0.14273790920428375,0.16137654206772337,0.018638632863439614,1.1665043989893378,1.192430274327904,0.025925875338566273
128,177,MP_vent_PEEP_Jmin,mixed,severe_mixed,81.8262383640498,78.66521785087566,0.03863089121988681,2.370765384880613,21.13756508269445,0.07954736560987996,0.03977368280493998,0.20459644864972434,0.40737452451350964,S128,S177,6.0,12.0,6.0,1.4,0.6,0.7999999999999999,15.0,15.0,0.0,3.1610205131741367,95.4506670044142,115.79797695881511,20.347309954400913,13.624428640364396,37.132759107939464,23.508330467575068,0.33333333333333337,0.2926890417391635,0.04064429159416988,0.33333333333333337,0.41462191652167313,0.08128858318833976,0.14273790920428375,0.3206684614287015,0.17793055222441773,1.1665043989893378,1.4720352923744697,0.30553089338513195
129,132,MP_vent_PEEP_Jmin,mixed,mixed,66.2180207129978,68.06902474494433,0.02795317667329795,1.3882530239598836,12.468183595827128,0.0,0.0,0.08491443017365874,0.2046973378318533,S129,S132,9.0,12.0,3.0,0.6,0.6,0.0,15.0,15.0,0.0,1.8510040319465304,88.74746213041423,101.67839673422799,12.930934603813753,22.529441417416436,33.60937198928366,11.079930571867223,0.33333333333333337,0.3333333333333333,5.551115123125783e-17,0.33333333333333337,0.3333333333333333,5.551115123125783e-17,0.2538601203526188,0.33054584915548474,0.07668572880286595,1.3402312720137555,1.493754275387645,0.15352300337388947
129,165,MP_vent_PEEP_Jmin,mixed,severe_mixed,66.2180207129978,68.7726540780287,0.03857912600715128,1.9159750237731643,20.61346639364325,0.078593694635962,0.03929684731798111,0.3120725673052082,0.45364169601834003,S129,S165,9.0,0.0,9.0,0.6,0.6,0.0,15.0,15.0,0.0,2.554633365030895,88.74746213041423,68.7726540780287,19.97480805238554,22.529441417416436,0.0,22.529441417416436,0.33333333333333337,0.29403648601535226,0.03929684731798111,0.33333333333333337,0.41192702796929537,0.078593694635962,0.2538601203526188,0.0,0.2538601203526188,1.3402312720137555,1.0,0.34023127201375547
129,166,MP_vent_PEEP_Jmin,mixed,severe_mixed,66.2180207129978,68.7726540780287,0.03857912600715128,1.9159750237731643,20.61346639364325,0.078593694635962,0.03929684731798111,0.3120725673052082,0.45364169601834003,S129,S166,9.0,0.0,9.0,0.6,1.0,0.4,15.0,15.0,0.0,2.554633365030895,88.74746213041423,68.7726540780287,19.97480805238554,22.529441417416436,0.0,22.529441417416436,0.33333333333333337,0.29403648601535226,0.03929684731798111,0.33333333333333337,0.41192702796929537,0.078593694635962,0.2538601203526188,0.0,0.2538601203526188,1.3402312720137555,1.0,0.34023127201375547
129,167,MP_vent_PEEP_Jmin,mixed,severe_mixed,66.2180207129978,68.7726540780287,0.03857912600715128,1.9159750237731643,20.61346639364325,0.078593694635962,0.03929684731798111,0.3120725673052082,0.45364169601834003,S129,S167,9.0,0.0,9.0,0.6,1.4,0.7999999999999999,15.0,15.0,0.0,2.554633365030895,88.74746213041423,68.7726540780287,19.97480805238554,22.529441417416436,0.0,22.529441417416436,0.33333333333333337,0.29403648601535226,0.03929684731798111,0.33333333333333337,0.41192702796929537,0.078593694635962,0.2538601203526188,0.0,0.2538601203526188,1.3402312720137555,1.0,0.34023127201375547
130,170,MP_vent_PEEP_Jmin,mixed,severe_mixed,80.62471536326107,80.60337818203334,0.00026464814333420586,0.016002885920819665,17.218702026762998,0.08043012667113486,0.04021506333556757,0.18355176186955163,0.28446077307835993,S130,S170,9.0,3.0,6.0,1.0,1.4,0.3999999999999999,15.0,15.0,0.0,0.02133718122773587,104.52319419267899,87.29915787060905,17.224036322069935,23.89847882941791,6.695779688575707,17.202699140842206,0.33333333333333337,0.2934682687773148,0.03986506455601857,0.33333333333333337,0.4130634624453703,0.07973012911203692,0.22864282912521064,0.07669924718517783,0.15194358194003282,1.2964162877566936,1.0830707079479234,0.21334557980877022
130,172,MP_vent_PEEP_Jmin,mixed,severe_mixed,80.62471536326107,84.40442479615369,0.046880282502243076,2.834782074669448,4.821730136735624,0.08493331418559846,0.0424666570927994,0.07908287918555446,0.138648017905052,S130,S172,9.0,6.0,3.0,1.0,1.0,0.0,15.0,15.0,0.0,3.7797094328926164,104.52319419267899,100.64639141416649,3.8768027785124985,23.89847882941791,16.24196661801279,7.656512211405122,0.33333333333333337,0.2911317762235656,0.04220155710976775,0.33333333333333337,0.4177364475528687,0.08440311421953534,0.22864282912521064,0.16137654206772337,0.06726628705748727,1.2964162877566936,1.192430274327904,0.10398601342878955
130,177,MP_vent_PEEP_Jmin,mixed,severe_mixed,80.62471536326107,78.66521785087566,0.02430393091692466,1.4696231342890727,11.764657144232501,0.0795473656098799,0.039773682804940036,0.10300173382773614,0.23415867282370217,S130,S177,9.0,12.0,3.0,1.0,0.6,0.4,15.0,15.0,0.0,1.9594975123854113,104.52319419267899,115.79797695881511,11.274782766136127,23.89847882941791,37.132759107939464,13.234280278521553,0.33333333333333337,0.2926890417391635,0.04064429159416988,0.33333333333333337,0.41462191652167313,0.08128858318833976,0.22864282912521064,0.3206684614287015,0.09202563230349084,1.2964162877566936,1.4720352923744697,0.17561900461777613
131,173,MP_vent_PEEP_Jmin,mixed,severe_mixed,92.40685323749543,92.434102286038,0.00029488125163767986,0.020436786406918372,7.896609131183467,0.08152646301811872,0.04076323150905942,0.0688613908936273,0.11430317028487091,S131,S173,9.0,6.0,3.0,1.4,1.4,0.0,15.0,15.0,0.0,0.02724904854257204,116.44121509635508,108.55141822730724,7.889796869047842,24.03436185885965,16.11731594126925,7.9170459175904,0.33333333333333337,0.29310431426005573,0.04022901907327764,0.33333333333333337,0.4137913714798886,0.08045803814655522,0.20640768682267033,0.148476327665471,0.057931359157199325,1.260092850441393,1.1743654727277395,0.08572737771365357
131,175,MP_vent_PEEP_Jmin,mixed,severe_mixed,92.40685323749543,92.22031015521624,0.002018714800294638,0.1399073117093934,3.612515806112256,0.08653766783241085,0.04326883391620534,0.02910947121801416,0.054954512491870666,S131,S175,9.0,9.0,0.0,1.4,1.0,0.3999999999999999,15.0,15.0,0.0,0.18654308227918648,116.44121509635508,120.00709513189754,3.565880035542463,24.03436185885965,27.786784976681293,3.7524231178216425,0.33333333333333337,0.29032504030365736,0.043008293029676015,0.33333333333333337,0.4193499193926853,0.08601658605935192,0.20640768682267033,0.2315428512467647,0.025135164424094386,1.260092850441393,1.301308734810296,0.041215884368903
132,164,MP_vent_PEEP_Jmin,mixed,severe_mixed,68.06902474494433,69.8784993510284,0.02658293714158819,4.466102324689302,2.0483513836520615,0.08289350605605267,0.04144675302802647,0.03910919652147027,0.11501306869014316,S132,S164,12.0,12.0,0.0,0.6,1.4,0.7999999999999999,15.0,10.0,5.0,1.8094746060840663,101.67839673422799,105.9056222813493,4.227225547121307,33.60937198928366,36.0271229303209,2.417750941037241,0.3333333333333333,0.292814618635354,0.0405187146979793,0.3333333333333333,0.414370762729292,0.0810374293959587,0.33054584915548474,0.34018140070610325,0.009635551550618515,1.493754275387645,1.5155680683602242,0.021813792972579238
132,165,MP_vent_PEEP_Jmin,mixed,severe_mixed,68.06902474494433,68.7726540780287,0.010336997418735977,0.5277219998132807,33.08164998947038,0.078593694635962,0.03929684731798111,0.39698699747886695,0.6583390338501933,S132,S165,12.0,0.0,12.0,0.6,0.6,0.0,15.0,15.0,0.0,0.7036293330843648,101.67839673422799,68.7726540780287,32.905742656199294,33.60937198928366,0.0,33.60937198928366,0.3333333333333333,0.29403648601535226,0.039296847317981054,0.3333333333333333,0.41192702796929537,0.07859369463596205,0.33054584915548474,0.0,0.33054584915548474,1.493754275387645,1.0,0.49375427538764494
132,166,MP_vent_PEEP_Jmin,mixed,severe_mixed,68.06902474494433,68.7726540780287,0.010336997418735977,0.5277219998132807,33.08164998947038,0.078593694635962,0.03929684731798111,0.39698699747886695,0.6583390338501933,S132,S166,12.0,0.0,12.0,0.6,1.0,0.4,15.0,15.0,0.0,0.7036293330843648,101.67839673422799,68.7726540780287,32.905742656199294,33.60937198928366,0.0,33.60937198928366,0.3333333333333333,0.29403648601535226,0.039296847317981054,0.3333333333333333,0.41192702796929537,0.07859369463596205,0.33054584915548474,0.0,0.33054584915548474,1.493754275387645,1.0,0.49375427538764494
132,167,MP_vent_PEEP_Jmin,mixed,severe_mixed,68.06902474494433,68.7726540780287,0.010336997418735977,0.5277219998132807,33.08164998947038,0.078593694635962,0.03929684731798111,0.39698699747886695,0.6583390338501933,S132,S167,12.0,0.0,12.0,0.6,1.4,0.7999999999999999,15.0,15.0,0.0,0.7036293330843648,101.67839673422799,68.7726540780287,32.905742656199294,33.60937198928366,0.0,33.60937198928366,0.3333333333333333,0.29403648601535226,0.039296847317981054,0.3333333333333333,0.41192702796929537,0.07859369463596205,0.33054584915548474,0.0,0.33054584915548474,1.493754275387645,1.0,0.49375427538764494
132,168,MP_vent_PEEP_Jmin,mixed,severe_mixed,68.06902474494433,71.24579502124041,0.046669836804618385,2.382577707222076,24.866936587476275,0.08007954589996735,0.0400397729499839,0.2906245530722994,0.5393171286708209,S132,S168,12.0,3.0,9.0,0.6,0.6,0.0,15.0,15.0,0.0,3.1767702762960823,101.67839673422799,77.6056527158257,24.07274401840229,33.60937198928366,6.359857694585306,27.249514294698354,0.3333333333333333,0.29310909572425903,0.04022423760907429,0.3333333333333333,0.41378180855148194,0.08044847521814863,0.33054584915548474,0.08195095939562112,0.2485948897598636,1.493754275387645,1.089266428884529,0.40448784650311587
133,172,MP_vent_PEEP_Jmin,mixed,severe_mixed,87.2779509452951,84.40442479615369,0.03292384981565972,2.155144611856059,21.77723821735397,0.08493331418559852,0.04246665709279934,0.1497742482955921,0.29131664945223945,S133,S172,12.0,6.0,6.0,1.0,1.0,0.0,15.0,15.0,0.0,2.873526149141412,123.1420111688058,100.64639141416649,22.495619754639307,35.86406022351072,16.24196661801279,19.62209360549793,0.3333333333333334,0.2911317762235656,0.04220155710976781,0.3333333333333334,0.4177364475528687,0.08440311421953528,0.29124146896015424,0.16137654206772337,0.12986492689243087,1.4109177614170836,1.192430274327904,0.21848748708917953
134,176,MP_vent_PEEP_Jmin,mixed,severe_mixed,102.98746811094095,104.26482639004277,0.012403045754322389,0.9580187093263532,7.620146875489866,0.08218002868093577,0.041090014340467884,0.05745898756928569,0.11554076305538818,S134,S176,12.0,9.0,3.0,1.4,1.4,0.0,15.0,15.0,0.0,1.2773582791018185,139.83024245383788,132.52943514812347,7.3008073057144145,36.84277434289691,28.264608758080698,8.578165584816212,0.3333333333333333,0.2928688130457279,0.04046452028760539,0.3333333333333333,0.4142623739085443,0.080929040575211,0.26348216019907,0.21327042348358569,0.05021173671548432,1.3577403641306034,1.2710847918390622,0.0866555722915412
134,178,MP_vent_PEEP_Jmin,mixed,severe_mixed,102.98746811094095,100.03619551427872,0.028656618623569257,2.213454447496659,2.5579312447309093,0.08755493615757526,0.043777468078787685,0.03382431180107337,0.07766755483718124,S134,S178,12.0,12.0,0.0,1.4,1.0,0.3999999999999999,15.0,15.0,0.0,2.9512725966622355,139.83024245383788,141.65035554940323,1.8201130955653468,36.84277434289691,41.6141600351245,4.7713856922275895,0.3333333333333333,0.28977927303509365,0.04355406029823966,0.3333333333333333,0.42044145392981264,0.08710812059647932,0.26348216019907,0.2937808371445335,0.03029867694546351,1.3577403641306034,1.4159910302584897,0.05825066612788632
135,136,MP_vent_PEEP_Jmin,severe_mixed,severe_mixed,11.46210901300477,11.46210901300477,0.0,0.0,0.0,0.0,0.0,0.0,0.0,S135,S136,0.0,0.0,0.0,0.6,1.0,0.4,5.0,5.0,0.0,0.0,11.46210901300477,11.46210901300477,0.0,0.0,0.0,0.0,0.2940364860153522,0.2940364860153522,0.0,0.41192702796929564,0.41192702796929564,0.0,0.0,0.0,0.0,1.0,1.0,0.0
135,137,MP_vent_PEEP_Jmin,severe_mixed,severe_mixed,11.46210901300477,11.46210901300477,0.0,0.0,0.0,0.0,0.0,0.0,0.0,S135,S137,0.0,0.0,0.0,0.6,1.4,0.7999999999999999,5.0,5.0,0.0,0.0,11.46210901300477,11.46210901300477,0.0,0.0,0.0,0.0,0.2940364860153522,0.2940364860153522,0.0,0.41192702796929564,0.41192702796929564,0.0,0.0,0.0,0.0,1.0,1.0,0.0
136,137,MP_vent_PEEP_Jmin,severe_mixed,severe_mixed,11.46210901300477,11.46210901300477,0.0,0.0,0.0,0.0,0.0,0.0,0.0,S136,S137,0.0,0.0,0.0,1.0,1.4,0.3999999999999999,5.0,5.0,0.0,0.0,11.46210901300477,11.46210901300477,0.0,0.0,0.0,0.0,0.2940364860153522,0.2940364860153522,0.0,0.41192702796929564,0.41192702796929564,0.0,0.0,0.0,0.0,1.0,1.0,0.0
139,144,MP_vent_PEEP_Jmin,severe_mixed,severe_mixed,15.370051692536029,15.171820427822368,0.01289724125065404,0.0991156323568303,10.968873728996051,0.011943584607168378,0.005971792303584078,0.36447980190293905,1.464268394410599,S139,S144,3.0,9.0,6.0,1.0,0.6,0.4,5.0,5.0,0.0,0.1982312647136606,18.457472245500618,29.32723034213984,10.86975809663922,3.0874205529645846,14.155409914317463,11.067989361352879,0.2906291624171965,0.2927010094021838,0.0020718469849873022,0.41874167516560684,0.41459798119563224,0.0041436939699746045,0.16727212220065538,0.48267121542595093,0.3153990932252956,1.2008724898735308,1.9330066870788303,0.7321341972052995
143,145,MP_vent_PEEP_Jmin,severe_mixed,severe_mixed,23.292833117009465,23.185937051598586,0.004589225573114976,0.05344803270543963,7.049702992932289,0.0059603417032801365,0.0029801708516400405,0.14542890239949097,0.6162774580304953,S143,S145,6.0,9.0,3.0,1.4,1.0,0.3999999999999999,5.0,5.0,0.0,0.10689606541087926,32.2996138495897,39.29586880981653,6.996254960226835,9.006780732580225,16.109931758217957,7.103151025637732,0.2934080300245243,0.2888851632524661,0.004522866772058209,0.4131839399509512,0.422229673495068,0.009045733544116807,0.27885103439695264,0.4099650229439264,0.13111398854697376,1.3866760512701686,1.6948147802854154,0.30813872901524686
149,150,MP_vent_PEEP_Jmin,severe_mixed,severe_mixed,35.123557221014146,34.38632703901432,0.020989621790322197,5.362439415502468,23.554148306129377,0.004161937457628273,0.002080968728814192,0.622151551433437,1.646563731553436,S149,S150,12.0,0.0,12.0,1.4,0.6,0.7999999999999999,5.0,10.0,5.0,0.737230181999827,64.040144942646,34.38632703901432,29.653817903631676,28.916587721631853,0.0,28.916587721631853,0.29327894642789787,0.2940364860153521,0.0007575395874542257,0.4134421071442042,0.41192702796929587,0.0015150791749083403,0.4515384490077184,0.0,0.4515384490077184,1.823281865776718,1.0,0.823281865776718
149,151,MP_vent_PEEP_Jmin,severe_mixed,severe_mixed,35.123557221014146,34.38632703901432,0.020989621790322197,5.362439415502468,23.554148306129377,0.004161937457628273,0.002080968728814192,0.622151551433437,1.646563731553436,S149,S151,12.0,0.0,12.0,1.4,1.0,0.3999999999999999,5.0,10.0,5.0,0.737230181999827,64.040144942646,34.38632703901432,29.653817903631676,28.916587721631853,0.0,28.916587721631853,0.29327894642789787,0.2940364860153521,0.0007575395874542257,0.4134421071442042,0.41192702796929587,0.0015150791749083403,0.4515384490077184,0.0,0.4515384490077184,1.823281865776718,1.0,0.823281865776718
149,152,MP_vent_PEEP_Jmin,severe_mixed,severe_mixed,35.123557221014146,34.38632703901432,0.020989621790322197,5.362439415502468,23.554148306129377,0.004161937457628273,0.002080968728814192,0.622151551433437,1.646563731553436,S149,S152,12.0,0.0,12.0,1.4,1.4,0.0,5.0,10.0,5.0,0.737230181999827,64.040144942646,34.38632703901432,29.653817903631676,28.916587721631853,0.0,28.916587721631853,0.29327894642789787,0.2940364860153521,0.0007575395874542257,0.4134421071442042,0.41192702796929587,0.0015150791749083403,0.4515384490077184,0.0,0.4515384490077184,1.823281865776718,1.0,0.823281865776718
149,153,MP_vent_PEEP_Jmin,severe_mixed,severe_mixed,35.123557221014146,36.241182746423135,0.031819827313513765,6.599009887108352,17.752858028977787,0.002355003126813693,0.001177501563406902,0.46324331707354643,1.457632819551279,S149,S153,12.0,3.0,9.0,1.4,0.6,0.7999999999999999,5.0,10.0,5.0,1.1176255254089895,64.040144942646,40.80590255196884,23.234242390677153,28.916587721631853,4.564719805545712,24.351867916086142,0.29327894642789787,0.2927253856031375,0.0005535608247603796,0.4134421071442042,0.41454922879372513,0.0011071216495209257,0.4515384490077184,0.11186420395265756,0.33967424505506083,1.823281865776718,1.1259539413347714,0.6973279244419466
150,151,MP_vent_PEEP_Jmin,severe_mixed,severe_mixed,34.38632703901432,34.38632703901432,0.0,0.0,0.0,0.0,0.0,0.0,0.0,S150,S151,0.0,0.0,0.0,0.6,1.0,0.4,10.0,10.0,0.0,0.0,34.38632703901432,34.38632703901432,0.0,0.0,0.0,0.0,0.2940364860153521,0.2940364860153521,0.0,0.41192702796929587,0.41192702796929587,0.0,0.0,0.0,0.0,1.0,1.0,0.0
150,152,MP_vent_PEEP_Jmin,severe_mixed,severe_mixed,34.38632703901432,34.38632703901432,0.0,0.0,0.0,0.0,0.0,0.0,0.0,S150,S152,0.0,0.0,0.0,0.6,1.4,0.7999999999999999,10.0,10.0,0.0,0.0,34.38632703901432,34.38632703901432,0.0,0.0,0.0,0.0,0.2940364860153521,0.2940364860153521,0.0,0.41192702796929587,0.41192702796929587,0.0,0.0,0.0,0.0,1.0,1.0,0.0
151,152,MP_vent_PEEP_Jmin,severe_mixed,severe_mixed,34.38632703901432,34.38632703901432,0.0,0.0,0.0,0.0,0.0,0.0,0.0,S151,S152,0.0,0.0,0.0,1.0,1.4,0.3999999999999999,10.0,10.0,0.0,0.0,34.38632703901432,34.38632703901432,0.0,0.0,0.0,0.0,0.2940364860153521,0.2940364860153521,0.0,0.41192702796929587,0.41192702796929587,0.0,0.0,0.0,0.0,1.0,1.0,0.0
154,159,MP_vent_PEEP_Jmin,severe_mixed,severe_mixed,40.24824105831121,39.95089416124075,0.007387823399280199,0.19823126471364105,14.309029560680795,0.004710351772568011,0.0023551758862842,0.26523114646312396,0.5460871979261939,S154,S159,3.0,9.0,6.0,1.0,0.6,0.4,10.0,10.0,0.0,0.2973468970704616,45.28180381435302,59.491717742677004,14.209913928323985,5.033562756041808,19.540823581436257,14.50726082539445,0.2917533113648811,0.29244675027637607,0.0006934389114949813,0.4164933772702379,0.41510649944724787,0.001386877822990018,0.11116082691136775,0.3284629243007795,0.21730209738941175,1.1250629250791166,1.4891210570299132,0.3640581319507965
154,162,MP_vent_PEEP_Jmin,severe_mixed,severe_mixed,40.24824105831121,41.80574986864949,0.038697562163816854,1.0383392068921893,25.95698400263146,0.006197074010158843,0.0030985370050793937,0.36003911403799194,0.8870977652271168,S154,S162,3.0,12.0,9.0,1.0,0.6,0.4,10.0,10.0,0.0,1.557508810338284,45.28180381435302,71.75795742043057,26.476153606077553,5.033562756041808,29.952207551781072,24.918644795739265,0.2917533113648811,0.2928916520293099,0.0011383406644288052,0.4164933772702379,0.41421669594138033,0.002276681328857555,0.11116082691136775,0.4174060777161033,0.3062452508047355,1.1250629250791166,1.716461435230528,0.5913985101514114
155,162,MP_vent_PEEP_Jmin,severe_mixed,severe_mixed,43.25937011701781,41.80574986864949,0.03360243675384624,0.9690801655788768,24.06498149979877,0.003424709156248207,0.0017123545781239646,0.37231128950651715,0.9041575655494545,S155,S162,3.0,12.0,9.0,1.4,0.6,0.7999999999999999,10.0,10.0,0.0,1.453620248368317,48.17751600342125,71.75795742043057,23.580441417009318,4.9181458864034395,29.952207551781072,25.03406166537763,0.2934266067865185,0.2928916520293099,0.0005349547572086055,0.4131467864269628,0.41421669594138033,0.0010699095144175441,0.10208384106092529,0.4174060777161033,0.315322236655178,1.1136897248642252,1.716461435230528,0.6027717103663028
156,159,MP_vent_PEEP_Jmin,severe_mixed,severe_mixed,38.096038453831916,39.95089416124075,0.04868893939344129,1.2365704716058836,9.699066387017673,0.0011242711545967343,0.0005621355772985615,0.11947467307525855,0.2974815980008836,S156,S159,6.0,9.0,3.0,0.6,0.6,0.0,10.0,10.0,0.0,1.8548557074088308,49.17436611985637,59.491717742677004,10.317351622820631,11.078327666024457,19.540823581436257,8.4624959154118,0.29230741429929485,0.29244675027637607,0.00013933597708121193,0.41538517140141024,0.41510649944724787,0.00027867195416236834,0.2252866389578346,0.3284629243007795,0.1031762853429449,1.2907999916959905,1.4891210570299132,0.19832106533392269
158,160,MP_vent_PEEP_Jmin,severe_mixed,severe_mixed,52.13241319502141,51.97206909690503,0.0030757083413067176,0.10689606541092189,9.279413965113939,0.0057289240403909925,0.002864462020195635,0.12231776623533502,0.27201958834288265,S158,S160,6.0,9.0,3.0,1.4,1.0,0.3999999999999999,10.0,10.0,0.0,0.16034409811637573,64.69446153194616,73.92042746435463,9.22596593240847,12.56204833692476,21.948358367449615,9.386310030524854,0.29309755361667894,0.2896545746526239,0.0034429789640550434,0.41380489276664206,0.4206908506947524,0.0068859579281103644,0.1941750196146484,0.2969187154394283,0.10274369582477993,1.2409642594124997,1.4223106516410877,0.18134639222858806
159,162,MP_vent_PEEP_Jmin,severe_mixed,severe_mixed,39.95089416124075,41.80574986864949,0.046428390311430756,1.2365704716058303,11.647954441950667,0.0014867222375908318,0.0007433611187951938,0.09480796757486792,0.34101056730092294,S159,S162,9.0,12.0,3.0,0.6,0.6,0.0,10.0,10.0,0.0,1.8548557074087455,59.491717742677004,71.75795742043057,12.266239677753568,19.540823581436257,29.952207551781072,10.411383970344815,0.29244675027637607,0.2928916520293099,0.00044490175293382395,0.41510649944724787,0.41421669594138033,0.0008898035058675369,0.3284629243007795,0.4174060777161033,0.08894315341532377,1.4891210570299132,1.716461435230528,0.22734037820061492
164,165,MP_vent_PEEP_Jmin,severe_mixed,severe_mixed,69.8784993510284,68.7726540780287,0.015825257887187683,4.993824324502583,31.033298605818317,0.004299811420090671,0.0021499057100453633,0.4360961940003372,0.7733521025403365,S164,S165,12.0,0.0,12.0,1.4,0.6,0.7999999999999999,10.0,15.0,5.0,1.1058452729997015,105.9056222813493,68.7726540780287,37.1329682033206,36.0271229303209,0.0,36.0271229303209,0.292814618635354,0.29403648601535226,0.0012218673799982427,0.414370762729292,0.41192702796929537,0.002443734759996652,0.34018140070610325,0.0,0.34018140070610325,1.5155680683602242,1.0,0.5155680683602242
164,166,MP_vent_PEEP_Jmin,severe_mixed,severe_mixed,69.8784993510284,68.7726540780287,0.015825257887187683,4.993824324502583,31.033298605818317,0.004299811420090671,0.0021499057100453633,0.4360961940003372,0.7733521025403365,S164,S166,12.0,0.0,12.0,1.4,1.0,0.3999999999999999,10.0,15.0,5.0,1.1058452729997015,105.9056222813493,68.7726540780287,37.1329682033206,36.0271229303209,0.0,36.0271229303209,0.292814618635354,0.29403648601535226,0.0012218673799982427,0.414370762729292,0.41192702796929537,0.002443734759996652,0.34018140070610325,0.0,0.34018140070610325,1.5155680683602242,1.0,0.5155680683602242
164,167,MP_vent_PEEP_Jmin,severe_mixed,severe_mixed,69.8784993510284,68.7726540780287,0.015825257887187683,4.993824324502583,31.033298605818317,0.004299811420090671,0.0021499057100453633,0.4360961940003372,0.7733521025403365,S164,S167,12.0,0.0,12.0,1.4,1.4,0.0,10.0,15.0,5.0,1.1058452729997015,105.9056222813493,68.7726540780287,37.1329682033206,36.0271229303209,0.0,36.0271229303209,0.292814618635354,0.29403648601535226,0.0012218673799982427,0.414370762729292,0.41192702796929537,0.002443734759996652,0.34018140070610325,0.0,0.34018140070610325,1.5155680683602242,1.0,0.5155680683602242
164,168,MP_vent_PEEP_Jmin,severe_mixed,severe_mixed,69.8784993510284,71.24579502124041,0.019566757771135417,6.848680031911378,22.818585203824213,0.0028139601560853156,0.0014069800780425745,0.32973374959376966,0.6543301973609641,S164,S168,12.0,3.0,9.0,1.4,0.6,0.7999999999999999,10.0,15.0,5.0,1.367295670212016,105.9056222813493,77.6056527158257,28.299969565523597,36.0271229303209,6.359857694585306,29.667265235735595,0.292814618635354,0.29310909572425903,0.0002944770889050097,0.414370762729292,0.41378180855148194,0.0005889541778100749,0.34018140070610325,0.08195095939562112,0.2582304413104821,1.5155680683602242,1.089266428884529,0.4263016394756951
165,166,MP_vent_PEEP_Jmin,severe_mixed,severe_mixed,68.7726540780287,68.7726540780287,0.0,0.0,0.0,0.0,0.0,0.0,0.0,S165,S166,0.0,0.0,0.0,0.6,1.0,0.4,15.0,15.0,0.0,0.0,68.7726540780287,68.7726540780287,0.0,0.0,0.0,0.0,0.29403648601535226,0.29403648601535226,0.0,0.41192702796929537,0.41192702796929537,0.0,0.0,0.0,0.0,1.0,1.0,0.0
165,167,MP_vent_PEEP_Jmin,severe_mixed,severe_mixed,68.7726540780287,68.7726540780287,0.0,0.0,0.0,0.0,0.0,0.0,0.0,S165,S167,0.0,0.0,0.0,0.6,1.4,0.7999999999999999,15.0,15.0,0.0,0.0,68.7726540780287,68.7726540780287,0.0,0.0,0.0,0.0,0.29403648601535226,0.29403648601535226,0.0,0.41192702796929537,0.41192702796929537,0.0,0.0,0.0,0.0,1.0,1.0,0.0
165,168,MP_vent_PEEP_Jmin,severe_mixed,severe_mixed,68.7726540780287,71.24579502124041,0.035961109489910326,1.8548557074087952,8.214713401994103,0.0014858512640053556,0.0007429256320027888,0.10636244440656759,0.11902190517937239,S165,S168,0.0,3.0,3.0,0.6,0.6,0.0,15.0,15.0,0.0,2.4731409432117175,68.7726540780287,77.6056527158257,8.832998637797004,0.0,6.359857694585306,6.359857694585306,0.29403648601535226,0.29310909572425903,0.000927390291093233,0.41192702796929537,0.41378180855148194,0.001854780582186577,0.0,0.08195095939562112,0.08195095939562112,1.0,1.089266428884529,0.08926642888452907
166,167,MP_vent_PEEP_Jmin,severe_mixed,severe_mixed,68.7726540780287,68.7726540780287,0.0,0.0,0.0,0.0,0.0,0.0,0.0,S166,S167,0.0,0.0,0.0,1.0,1.4,0.3999999999999999,15.0,15.0,0.0,0.0,68.7726540780287,68.7726540780287,0.0,0.0,0.0,0.0,0.29403648601535226,0.29403648601535226,0.0,0.41192702796929537,0.41192702796929537,0.0,0.0,0.0,0.0,1.0,1.0,0.0
166,168,MP_vent_PEEP_Jmin,severe_mixed,severe_mixed,68.7726540780287,71.24579502124041,0.035961109489910326,1.8548557074087952,8.214713401994103,0.0014858512640053556,0.0007429256320027888,0.10636244440656759,0.11902190517937239,S166,S168,0.0,3.0,3.0,1.0,0.6,0.4,15.0,15.0,0.0,2.4731409432117175,68.7726540780287,77.6056527158257,8.832998637797004,0.0,6.359857694585306,6.359857694585306,0.29403648601535226,0.29310909572425903,0.000927390291093233,0.41192702796929537,0.41378180855148194,0.001854780582186577,0.0,0.08195095939562112,0.08195095939562112,1.0,1.089266428884529,0.08926642888452907
167,168,MP_vent_PEEP_Jmin,severe_mixed,severe_mixed,68.7726540780287,71.24579502124041,0.035961109489910326,1.8548557074087952,8.214713401994103,0.0014858512640053556,0.0007429256320027888,0.10636244440656759,0.11902190517937239,S167,S168,0.0,3.0,3.0,1.4,0.6,0.7999999999999999,15.0,15.0,0.0,2.4731409432117175,68.7726540780287,77.6056527158257,8.832998637797004,0.0,6.359857694585306,6.359857694585306,0.29403648601535226,0.29310909572425903,0.000927390291093233,0.41192702796929537,0.41378180855148194,0.001854780582186577,0.0,0.08195095939562112,0.08195095939562112,1.0,1.089266428884529,0.08926642888452907
168,171,MP_vent_PEEP_Jmin,severe_mixed,severe_mixed,71.24579502124041,73.71893596445216,0.03471279873393836,1.8548557074088095,10.163601456927154,0.0004258733086962563,0.00021293665434801712,0.10331542293897225,0.14628493450293956,S168,S171,3.0,6.0,3.0,0.6,0.6,0.0,15.0,15.0,0.0,2.473140943211746,77.6056527158257,88.38753940855582,10.781886692730126,6.359857694585306,14.668603444103654,8.308745749518348,0.29310909572425903,0.292656583453964,0.0004525122702950246,0.41378180855148194,0.41468683309207194,0.0009050245405899937,0.08195095939562112,0.1659578210034858,0.08400686160786468,1.089266428884529,1.1989801297617344,0.10971370087720533
169,171,MP_vent_PEEP_Jmin,severe_mixed,severe_mixed,76.58853943709114,73.71893596445216,0.037467792096963035,2.1522026044792497,5.536695880505363,0.0019310960592893722,0.0009655480296447694,0.10133286973078985,0.14379684161700812,S169,S171,3.0,6.0,3.0,1.0,0.6,0.4,15.0,15.0,0.0,2.8696034726389854,83.5682443962102,88.38753940855582,4.81929501234562,6.979704959119031,14.668603444103654,7.688898484984623,0.2923147560270261,0.292656583453964,0.0003418274269378907,0.4153704879459476,0.41468683309207194,0.0006836548538756704,0.08352101937222889,0.1659578210034858,0.08243680163125691,1.091132498548978,1.1989801297617344,0.10784763121275631
169,174,MP_vent_PEEP_Jmin,severe_mixed,severe_mixed,76.58853943709114,76.19207690766386,0.005176525526419412,0.2973468970704829,17.64918539236551,0.002201736162661283,0.0011008680813307525,0.19537314145160795,0.3146899894786819,S169,S174,3.0,9.0,6.0,1.0,0.6,0.4,15.0,15.0,0.0,0.3964625294272821,83.5682443962102,101.11831415621887,17.550069760008668,6.979704959119031,24.926237248555033,17.946532289436,0.2923147560270261,0.29255320980828864,0.00023845378126252648,0.4153704879459476,0.4148935803834229,0.0004769075625247199,0.08352101937222889,0.24650566474087174,0.16298464536864285,1.091132498548978,1.3271499906579889,0.2360174921090108
169,177,MP_vent_PEEP_Jmin,severe_mixed,severe_mixed,76.58853943709114,78.66521785087566,0.027114741044125514,1.5575088103383763,31.710562959158793,0.0028891496580730758,0.001444574829036649,0.2779247732502829,0.5078703917673226,S169,S177,3.0,12.0,9.0,1.0,0.6,0.4,15.0,15.0,0.0,2.0766784137845207,83.5682443962102,115.79797695881511,32.22973256260491,6.979704959119031,37.132759107939464,30.15305414882043,0.2923147560270261,0.2926890417391635,0.0003742857121373788,0.4153704879459476,0.41462191652167313,0.0007485714242744801,0.08352101937222889,0.3206684614287015,0.2371474420564726,1.091132498548978,1.4720352923744697,0.38090279382549164
170,172,MP_vent_PEEP_Jmin,severe_mixed,severe_mixed,80.60337818203334,84.40442479615369,0.047157410766781156,2.8507849605902678,12.396971890027373,0.0045031875144636024,0.002251593757231829,0.10446888268399719,0.14581275517330794,S170,S172,3.0,6.0,3.0,1.4,1.0,0.3999999999999999,15.0,15.0,0.0,3.8010466141203523,87.29915787060905,100.64639141416649,13.347233543557437,6.695779688575707,16.24196661801279,9.546186929437082,0.2934682687773148,0.2911317762235656,0.002336492553749181,0.4130634624453703,0.4177364475528687,0.0046729851074984174,0.07669924718517783,0.16137654206772337,0.08467729488254554,1.0830707079479234,1.192430274327904,0.10935956637998068
170,177,MP_vent_PEEP_Jmin,severe_mixed,severe_mixed,80.60337818203334,78.66521785087566,0.024045646409267936,1.453620248368253,28.9833591709955,0.0008827610612549552,0.00044138053062753313,0.2865534956972878,0.5186194459020621,S170,S177,3.0,12.0,9.0,1.4,0.6,0.7999999999999999,15.0,15.0,0.0,1.9381603311576754,87.29915787060905,115.79797695881511,28.498819088206062,6.695779688575707,37.132759107939464,30.43697941936376,0.2934682687773148,0.2926890417391635,0.0007792270381513089,0.4130634624453703,0.41462191652167313,0.0015584540763028398,0.07669924718517783,0.3206684614287015,0.24396921424352364,1.0830707079479234,1.4720352923744697,0.38896458442654636
171,174,MP_vent_PEEP_Jmin,severe_mixed,severe_mixed,73.71893596445216,76.19207690766386,0.03354824524874139,1.8548557074087668,12.112489511860147,0.0002706401033719108,0.00013532005168598316,0.09404027172081808,0.17089314786167376,S171,S174,6.0,9.0,3.0,0.6,0.6,0.0,15.0,15.0,0.0,2.4731409432117033,88.38753940855582,101.11831415621887,12.730774747663048,14.668603444103654,24.926237248555033,10.257633804451379,0.292656583453964,0.29255320980828864,0.00010337364567536422,0.41468683309207194,0.4148935803834229,0.0002067472913509505,0.1659578210034858,0.24650566474087174,0.08054784373738594,1.1989801297617344,1.3271499906579889,0.12816986089625448
173,175,MP_vent_PEEP_Jmin,severe_mixed,severe_mixed,92.434102286038,92.22031015521624,0.0023129140169520683,0.16034409811631178,11.509124937295724,0.005011204814292125,0.0025056024071459237,0.09797086211164147,0.16925768277674158,S173,S175,6.0,9.0,3.0,1.4,1.0,0.3999999999999999,15.0,15.0,0.0,0.21379213082175852,108.55141822730724,120.00709513189754,11.455676904590305,16.11731594126925,27.786784976681293,11.669469035412043,0.29310431426005573,0.29032504030365736,0.002779273956398376,0.4137913714798886,0.4193499193926853,0.005558547912796696,0.148476327665471,0.2315428512467647,0.08306652358129371,1.1743654727277395,1.301308734810296,0.12694326208255657
174,177,MP_vent_PEEP_Jmin,severe_mixed,severe_mixed,76.19207690766386,78.66521785087566,0.032459292928961214,1.8548557074088592,14.061377566793283,0.0006874134954117928,0.0003437067477058964,0.08255163179867497,0.19318040228864075,S174,S177,9.0,12.0,3.0,0.6,0.6,0.0,15.0,15.0,0.0,2.473140943211803,101.11831415621887,115.79797695881511,14.67966280259624,24.926237248555033,37.132759107939464,12.20652185938443,0.29255320980828864,0.2926890417391635,0.00013583193087485235,0.4148935803834229,0.41462191652167313,0.0002716638617497602,0.24650566474087174,0.3206684614287015,0.07416279668782974,1.3271499906579889,1.4720352923744697,0.14488530171648084
176,178,MP_vent_PEEP_Jmin,severe_mixed,severe_mixed,104.26482639004277,100.03619551427872,0.040556638534506646,3.171473156823012,10.178078120220775,0.00537490747663949,0.0026874537383198005,0.09128329937035906,0.19320831789256943,S176,S178,9.0,12.0,3.0,1.4,1.0,0.3999999999999999,15.0,15.0,0.0,4.228630875764054,132.52943514812347,141.65035554940323,9.120920401279761,28.264608758080698,41.6141600351245,13.349551277043801,0.2928688130457279,0.28977927303509365,0.003089540010634273,0.4142623739085443,0.42044145392981264,0.006179080021268324,0.21327042348358569,0.2937808371445335,0.08051041366094783,1.2710847918390622,1.4159910302584897,0.1449062384194275
