idx_i,idx_j,match_variable,phenotype_i,phenotype_j,MP_vent_PEEP_Jmin_i,MP_vent_PEEP_Jmin_j,relative_difference,delta_MP_vent,delta_MP_tot,delta_EII,delta_REF1,delta_ECF,delta_HBR,scenario_id_i,scenario_id_j,Pmus_peak_cmH2O_i,Pmus_peak_cmH2O_j,abs_delta_Pmus_peak_cmH2O,Tmus_s_i,Tmus_s_j,abs_delta_Tmus_s,PS_cmH2O_i,PS_cmH2O_j,abs_delta_PS_cmH2O,abs_delta_MP_vent_PEEP_Jmin,MP_tot_PEEP_Jmin_i,MP_tot_PEEP_Jmin_j,abs_delta_MP_tot_PEEP_Jmin,MP_mus_Jmin_i,MP_mus_Jmin_j,abs_delta_MP_mus_Jmin,EF1_PEEP_i,EF1_PEEP_j,abs_delta_EF1_PEEP,EII_PEEP_i,EII_PEEP_j,abs_delta_EII_PEEP,ECF_PEEP_i,ECF_PEEP_j,abs_delta_ECF_PEEP,ratio_PEEP_i,ratio_PEEP_j,abs_delta_ratio_PEEP
0,1,MP_vent_PEEP_Jmin,compliance_dominant,compliance_dominant,8.951112354889899,8.951112354889899,0.0,0.0,0.0,0.0,0.0,0.0,0.0,S000,S001,0.0,0.0,0.0,0.6,1.0,0.4,5.0,5.0,0.0,0.0,8.951112354889899,8.951112354889899,0.0,0.0,0.0,0.0,0.3767999565234181,0.3767999565234181,0.0,0.246400086953164,0.246400086953164,0.0,0.0,0.0,0.0,1.0,1.0,0.0
0,2,MP_vent_PEEP_Jmin,compliance_dominant,compliance_dominant,8.951112354889899,8.951112354889899,0.0,0.0,0.0,0.0,0.0,0.0,0.0,S000,S002,0.0,0.0,0.0,0.6,1.4,0.7999999999999999,5.0,5.0,0.0,0.0,8.951112354889899,8.951112354889899,0.0,0.0,0.0,0.0,0.3767999565234181,0.3767999565234181,0.0,0.246400086953164,0.246400086953164,0.0,0.0,0.0,0.0,1.0,1.0,0.0
0,50,MP_vent_PEEP_Jmin,compliance_dominant,resistance_dominant,8.951112354889899,9.293260089816114,0.038224046505158996,0.17107386746310738,1.8946764946347479,0.16056234598429103,0.16611891396101847,0.27057137720040847,0.3709360569947733,S000,S050,0.0,3.0,3.0,0.6,1.4,0.7999999999999999,5.0,5.0,0.0,0.34214773492621475,8.951112354889899,11.016862716987754,2.0657503620978552,0.0,1.7236026271716418,1.7236026271716418,0.3767999565234181,0.5470152189911576,0.1702152624677395,0.246400086953164,0.09403043798231503,0.15236964897084898,0.0,0.15645131208850277,0.15645131208850277,1.0,1.1854680284973866,0.18546802849738664
0,57,MP_vent_PEEP_Jmin,compliance_dominant,resistance_dominant,8.951112354889899,9.125700717098079,0.019504655431210632,0.08729418110408993,11.925000741338355,0.12318666029560586,0.1848067568053609,0.721786864851932,2.5943665976366996,S000,S057,0.0,12.0,12.0,0.6,0.6,0.0,5.0,5.0,0.0,0.17458836220817986,8.951112354889899,20.963407277332347,12.012294922442448,0.0,11.837706560234263,11.837706560234263,0.3767999565234181,0.5492229331264358,0.1724229766030177,0.246400086953164,0.09844586625287159,0.1479542207002924,0.0,0.5646842807387676,0.5646842807387676,1.0,2.29718329881835,1.29718329881835
1,2,MP_vent_PEEP_Jmin,compliance_dominant,compliance_dominant,8.951112354889899,8.951112354889899,0.0,0.0,0.0,0.0,0.0,0.0,0.0,S001,S002,0.0,0.0,0.0,1.0,1.4,0.3999999999999999,5.0,5.0,0.0,0.0,8.951112354889899,8.951112354889899,0.0,0.0,0.0,0.0,0.3767999565234181,0.3767999565234181,0.0,0.246400086953164,0.246400086953164,0.0,0.0,0.0,0.0,1.0,1.0,0.0
1,50,MP_vent_PEEP_Jmin,compliance_dominant,resistance_dominant,8.951112354889899,9.293260089816114,0.038224046505158996,0.17107386746310738,1.8946764946347479,0.16056234598429103,0.16611891396101847,0.27057137720040847,0.3709360569947733,S001,S050,0.0,3.0,3.0,1.0,1.4,0.3999999999999999,5.0,5.0,0.0,0.34214773492621475,8.951112354889899,11.016862716987754,2.0657503620978552,0.0,1.7236026271716418,1.7236026271716418,0.3767999565234181,0.5470152189911576,0.1702152624677395,0.246400086953164,0.09403043798231503,0.15236964897084898,0.0,0.15645131208850277,0.15645131208850277,1.0,1.1854680284973866,0.18546802849738664
1,57,MP_vent_PEEP_Jmin,compliance_dominant,resistance_dominant,8.951112354889899,9.125700717098079,0.019504655431210632,0.08729418110408993,11.925000741338355,0.12318666029560586,0.1848067568053609,0.721786864851932,2.5943665976366996,S001,S057,0.0,12.0,12.0,1.0,0.6,0.4,5.0,5.0,0.0,0.17458836220817986,8.951112354889899,20.963407277332347,12.012294922442448,0.0,11.837706560234263,11.837706560234263,0.3767999565234181,0.5492229331264358,0.1724229766030177,0.246400086953164,0.09844586625287159,0.1479542207002924,0.0,0.5646842807387676,0.5646842807387676,1.0,2.29718329881835,1.29718329881835
2,50,MP_vent_PEEP_Jmin,compliance_dominant,resistance_dominant,8.951112354889899,9.293260089816114,0.038224046505158996,0.17107386746310738,1.8946764946347479,0.16056234598429103,0.16611891396101847,0.27057137720040847,0.3709360569947733,S002,S050,0.0,3.0,3.0,1.4,1.4,0.0,5.0,5.0,0.0,0.34214773492621475,8.951112354889899,11.016862716987754,2.0657503620978552,0.0,1.7236026271716418,1.7236026271716418,0.3767999565234181,0.5470152189911576,0.1702152624677395,0.246400086953164,0.09403043798231503,0.15236964897084898,0.0,0.15645131208850277,0.15645131208850277,1.0,1.1854680284973866,0.18546802849738664
2,57,MP_vent_PEEP_Jmin,compliance_dominant,resistance_dominant,8.951112354889899,9.125700717098079,0.019504655431210632,0.08729418110408993,11.925000741338355,0.12318666029560586,0.1848067568053609,0.721786864851932,2.5943665976366996,S002,S057,0.0,12.0,12.0,1.4,0.6,0.7999999999999999,5.0,5.0,0.0,0.17458836220817986,8.951112354889899,20.963407277332347,12.012294922442448,0.0,11.837706560234263,11.837706560234263,0.3767999565234181,0.5492229331264358,0.1724229766030177,0.246400086953164,0.09844586625287159,0.1479542207002924,0.0,0.5646842807387676,0.5646842807387676,1.0,2.29718329881835,1.29718329881835
3,52,MP_vent_PEEP_Jmin,compliance_dominant,resistance_dominant,10.124724042085923,10.42158976665232,0.02932087070545337,0.1484328622831983,2.6543301847787744,0.17788967517289628,0.159488808827898,0.17794266134357578,0.4693326068666053,S003,S052,3.0,6.0,3.0,0.6,1.0,0.4,5.0,5.0,0.0,0.2968657245663966,12.181326544198033,14.984089591260005,2.8027630470619727,2.0566025021121104,4.562499824607685,2.5058973224955747,0.37070752587798206,0.5355691066817989,0.16486158080381685,0.2585849482440359,0.07113821336359803,0.18744673488043784,0.16883239232197336,0.30448962526685125,0.1356572329448779,1.2031267710174949,1.4377930744507972,0.2346663034333023
3,90,MP_vent_PEEP_Jmin,compliance_dominant,mixed,10.124724042085923,10.11833623847623,0.0006309113792277421,0.0031939018048463552,2.0597964039169554,0.08489968691898711,0.04244984345949354,0.2888906800171326,0.4062535420349891,S003,S090,3.0,0.0,3.0,0.6,0.6,0.0,5.0,5.0,0.0,0.0063878036096927104,12.181326544198033,10.11833623847623,2.0629903057218026,2.0566025021121104,0.0,2.0566025021121104,0.37070752587798206,0.3333333333333334,0.03737419254464863,0.2585849482440359,0.3333333333333334,0.07474838508929754,0.16883239232197336,0.0,0.16883239232197336,1.2031267710174949,1.0,0.20312677101749488
3,91,MP_vent_PEEP_Jmin,compliance_dominant,mixed,10.124724042085923,10.11833623847623,0.0006309113792277421,0.0031939018048463552,2.0597964039169554,0.08489968691898711,0.04244984345949354,0.2888906800171326,0.4062535420349891,S003,S091,3.0,0.0,3.0,0.6,1.0,0.4,5.0,5.0,0.0,0.0063878036096927104,12.181326544198033,10.11833623847623,2.0629903057218026,2.0566025021121104,0.0,2.0566025021121104,0.37070752587798206,0.3333333333333334,0.03737419254464863,0.2585849482440359,0.3333333333333334,0.07474838508929754,0.16883239232197336,0.0,0.16883239232197336,1.2031267710174949,1.0,0.20312677101749488
3,92,MP_vent_PEEP_Jmin,compliance_dominant,mixed,10.124724042085923,10.11833623847623,0.0006309113792277421,0.0031939018048463552,2.0597964039169554,0.08489968691898711,0.04244984345949354,0.2888906800171326,0.4062535420349891,S003,S092,3.0,0.0,3.0,0.6,1.4,0.7999999999999999,5.0,5.0,0.0,0.0063878036096927104,12.181326544198033,10.11833623847623,2.0629903057218026,2.0566025021121104,0.0,2.0566025021121104,0.37070752587798206,0.3333333333333334,0.03737419254464863,0.2585849482440359,0.3333333333333334,0.07474838508929754,0.16883239232197336,0.0,0.16883239232197336,1.2031267710174949,1.0,0.20312677101749488
4,9,MP_vent_PEEP_Jmin,compliance_dominant,compliance_dominant,12.103501331638366,12.471947416477974,0.030441280976810856,0.18422304241980392,8.165992221233568,0.03748920136332354,0.018744600681661838,0.3371591939126009,1.2679534125566987,S004,S009,3.0,9.0,6.0,1.0,0.6,0.4,5.0,5.0,0.0,0.36844608483960783,14.562170363841787,22.912385627495162,8.350215263653375,2.4586690322034204,10.440438211017186,7.9817691788137655,0.36846371329605376,0.3747367126327906,0.006272999336736862,0.2630725734078924,0.25052657473441853,0.01254599867347389,0.16883946353960763,0.4556678811519532,0.28682841761234557,1.203137006791291,1.8371137130696407,0.6339767062783497
4,53,MP_vent_PEEP_Jmin,compliance_dominant,resistance_dominant,12.103501331638366,12.424574629107918,0.02652730715452319,0.1605366487347757,2.6051158176787066,0.18049408236713527,0.17521471415900358,0.15221565517446883,0.38300825120581106,S004,S053,3.0,6.0,3.0,1.0,1.4,0.3999999999999999,5.0,5.0,0.0,0.3210732974695514,14.562170363841787,17.32782283025527,2.7656524664134814,2.4586690322034204,4.90324820114735,2.4445791689439296,0.36846371329605376,0.5470596716225854,0.17859595832653163,0.2630725734078924,0.09411934324517085,0.16895323016272157,0.16883946353960763,0.282969663827935,0.11413020028832735,1.203137006791291,1.3946411323941963,0.1915041256029053
4,55,MP_vent_PEEP_Jmin,compliance_dominant,resistance_dominant,12.103501331638366,12.551411874716315,0.03700669176671364,0.22395527153897454,6.436386094294514,0.1945093447767121,0.16820708295421527,0.2912295977639889,0.9754191284337532,S004,S055,3.0,9.0,6.0,1.0,1.0,0.0,5.0,5.0,0.0,0.4479105430779491,14.562170363841787,21.222511729675276,6.660341365833489,2.4586690322034204,8.671099854958962,6.212430822755541,0.36846371329605376,0.5348533304400352,0.16638961714398148,0.2630725734078924,0.06970666088007026,0.19336591252782215,0.16883946353960763,0.4085802833052145,0.23974081976560688,1.203137006791291,1.6908465710081675,0.4877095642168765
4,96,MP_vent_PEEP_Jmin,compliance_dominant,mixed,12.103501331638366,11.967931615021358,0.011200867658239574,0.06778485830850389,4.266076092264656,0.0678715779907621,0.03393578899538102,0.24274161057063476,0.7288477770952737,S004,S096,3.0,6.0,3.0,1.0,0.6,0.4,5.0,5.0,0.0,0.13556971661700778,14.562170363841787,18.76046159779794,4.198291233956152,2.4586690322034204,6.792529982776581,4.333860950573161,0.36846371329605376,0.33333333333333326,0.035130379962720504,0.2630725734078924,0.33333333333333326,0.07026075992544084,0.16883946353960763,0.36206625020217376,0.19322678666256612,1.203137006791291,1.5675608953389277,0.36442388854763674
4,138,MP_vent_PEEP_Jmin,compliance_dominant,severe_mixed,12.103501331638366,12.704996447244138,0.049695959799126305,0.300747557802886,0.6122102174843302,0.1480435323290733,0.07402176616453654,0.014753913881194791,0.029795638760491405,S004,S138,3.0,3.0,0.0,1.0,0.6,0.4,5.0,5.0,0.0,0.601495115605772,14.562170363841787,15.475128139129005,0.912957775287218,2.4586690322034204,2.7701316918848637,0.3114626596814434,0.36846371329605376,0.291804331732377,0.07665938156367674,0.2630725734078924,0.41639133653524596,0.15331876312735354,0.16883946353960763,0.17900541223180957,0.010165948692201943,1.203137006791291,1.2180348261715366,0.014897819380245592
5,12,MP_vent_PEEP_Jmin,compliance_dominant,compliance_dominant,13.4507760902722,13.645559103674001,0.014481172840478071,0.0973915067009008,14.308505152536316,0.035666277429510784,0.017833138714755337,0.4353487614820216,2.077465874893536,S005,S012,3.0,12.0,9.0,1.4,0.6,0.7999999999999999,5.0,5.0,0.0,0.1947830134018016,16.007333862246934,30.413230521484156,14.405896659237222,2.5565577719747328,16.76767141781015,14.211113645835416,0.37647690887123514,0.37857155704150697,0.002094648170271829,0.24704618225752975,0.24285688591698584,0.004189296340543908,0.15971165429393194,0.551328192707622,0.39161653841369004,1.1900676774943622,2.2288006149411306,1.0387329374467684
5,94,MP_vent_PEEP_Jmin,compliance_dominant,mixed,13.4507760902722,13.440101956614761,0.0007935700948258619,0.005337066828719372,0.0948973023144557,0.0785476655852938,0.039273832792646846,0.007902071393345922,0.01521761922146414,S005,S094,3.0,3.0,0.0,1.4,1.0,0.3999999999999999,5.0,5.0,0.0,0.010674133657438745,16.007333862246934,16.096894097732676,0.08956023548574166,2.5565577719747328,2.65679214111791,0.1002343691431773,0.37647690887123514,0.33333333333333326,0.04314357553790188,0.24704618225752975,0.33333333333333326,0.08628715107580351,0.15971165429393194,0.165049985729367,0.005338331435435051,1.1900676774943622,1.1976764871050947,0.007608809610732514
5,99,MP_vent_PEEP_Jmin,compliance_dominant,mixed,13.4507760902722,12.892729303293898,0.04148807349353543,0.27902339348915106,10.030025737109227,0.07854766558529375,0.0392738327926469,0.39076513506228616,1.6156572502723114,S005,S099,3.0,9.0,6.0,1.4,0.6,0.7999999999999999,5.0,5.0,0.0,0.5580467869783021,16.007333862246934,25.75833620586701,9.751002343620076,2.5565577719747328,12.865606902573118,10.309049130598385,0.37647690887123514,0.3333333333333333,0.043143575537901824,0.24704618225752975,0.3333333333333333,0.08628715107580356,0.15971165429393194,0.49947352188231403,0.3397618675883821,1.1900676774943622,1.9978963026305179,0.8078286251361557
5,102,MP_vent_PEEP_Jmin,compliance_dominant,mixed,13.4507760902722,13.817526991566478,0.02726615169510685,0.183375450647139,18.350042786647542,0.07854766558529375,0.0392738327926469,0.4745388792830476,2.6194209506546153,S005,S102,3.0,12.0,9.0,1.4,0.6,0.7999999999999999,5.0,5.0,0.0,0.366750901294278,16.007333862246934,34.54075209954161,18.53341823729468,2.5565577719747328,20.723225107975146,18.166667336000415,0.37647690887123514,0.33333333333333337,0.04314357553790177,0.24704618225752975,0.33333333333333337,0.08628715107580362,0.15971165429393194,0.599964501301353,0.44025284700742107,1.1900676774943622,2.4997781528216696,1.3097104753273074
5,141,MP_vent_PEEP_Jmin,compliance_dominant,severe_mixed,13.4507760902722,13.940546954084521,0.03641208957203078,0.24488543190616063,5.176901989975741,0.15611733269596384,0.07805866634798181,0.24248992429493343,0.6942233993283287,S005,S141,3.0,6.0,3.0,1.4,0.6,0.7999999999999999,5.0,5.0,0.0,0.48977086381232127,16.007333862246934,21.429121284128843,5.421787421881909,2.5565577719747328,7.488574330044317,4.932016558069584,0.37647690887123514,0.29182191450367734,0.0846549943675578,0.24704618225752975,0.4163561709926453,0.16930998873511557,0.15971165429393194,0.349457835006544,0.18974618071261204,1.1900676774943622,1.537179377158527,0.3471116996641648
6,93,MP_vent_PEEP_Jmin,compliance_dominant,mixed,11.298335729281964,11.043133926748784,0.02258755702149767,0.1276009012665904,3.1603551251322237,0.09479654540840246,0.047398272704201105,0.18297256805539097,0.5266064178989363,S006,S093,6.0,3.0,3.0,0.6,0.6,0.0,5.0,5.0,0.0,0.2552018025331808,16.835084301733144,13.547128275334327,3.287956026398817,5.536748572451176,2.503994348585543,3.0327542238656324,0.3714556510193533,0.3333333333333333,0.03812231768601998,0.25708869796129324,0.3333333333333333,0.07624463537204007,0.328881547203252,0.18483580414194814,0.14404574306130388,1.4900499246186811,1.2267467156692127,0.26330320894946846
6,135,MP_vent_PEEP_Jmin,compliance_dominant,severe_mixed,11.298335729281964,11.469445940403753,0.015144727083859057,0.08555510556089452,5.451193466890282,0.17333040013559117,0.08666520006779554,0.49497496281051107,0.9800998492373618,S006,S135,6.0,0.0,6.0,0.6,0.6,0.0,5.0,5.0,0.0,0.17111021112178904,16.835084301733144,11.469445940403753,5.36563836132939,5.536748572451176,0.0,5.536748572451176,0.3714556510193533,0.29406640596973893,0.07738924504961436,0.25708869796129324,0.4118671880605221,0.15477849009922884,0.328881547203252,0.0,0.328881547203252,1.4900499246186811,1.0,0.49004992461868113
6,136,MP_vent_PEEP_Jmin,compliance_dominant,severe_mixed,11.298335729281964,11.469445940403753,0.015144727083859057,0.08555510556089452,5.451193466890282,0.17333040013559117,0.08666520006779554,0.49497496281051107,0.9800998492373618,S006,S136,6.0,0.0,6.0,0.6,1.0,0.4,5.0,5.0,0.0,0.17111021112178904,16.835084301733144,11.469445940403753,5.36563836132939,5.536748572451176,0.0,5.536748572451176,0.3714556510193533,0.29406640596973893,0.07738924504961436,0.25708869796129324,0.4118671880605221,0.15477849009922884,0.328881547203252,0.0,0.328881547203252,1.4900499246186811,1.0,0.49004992461868113
6,137,MP_vent_PEEP_Jmin,compliance_dominant,severe_mixed,11.298335729281964,11.469445940403753,0.015144727083859057,0.08555510556089452,5.451193466890282,0.17333040013559117,0.08666520006779554,0.49497496281051107,0.9800998492373618,S006,S137,6.0,0.0,6.0,0.6,1.4,0.7999999999999999,5.0,5.0,0.0,0.17111021112178904,16.835084301733144,11.469445940403753,5.36563836132939,5.536748572451176,0.0,5.536748572451176,0.3714556510193533,0.29406640596973893,0.07738924504961436,0.25708869796129324,0.4118671880605221,0.15477849009922884,0.328881547203252,0.0,0.328881547203252,1.4900499246186811,1.0,0.49004992461868113
7,56,MP_vent_PEEP_Jmin,compliance_dominant,resistance_dominant,15.255890308386853,15.555889168399721,0.019664461001528407,0.14999943000643423,3.001662754631573,0.18337635782540312,0.17742939053917572,0.083701765741645,0.3497275749718094,S007,S056,6.0,9.0,3.0,1.0,1.4,0.3999999999999999,5.0,5.0,0.0,0.29999886001286846,21.943163705688846,25.094825890326852,3.151662184638006,6.687273397301988,9.538936721927126,2.8516633246251377,0.3657182521383937,0.5471910143288715,0.1814727621904778,0.2685634957232124,0.0943820286577433,0.1741814670654691,0.3047542955516614,0.38011567657873413,0.07536138102707274,1.438340422100813,1.6132042095867174,0.17486378748590448
7,58,MP_vent_PEEP_Jmin,compliance_dominant,resistance_dominant,15.255890308386853,14.681233982780322,0.03766783281671975,0.28732816280326556,7.0233317372366155,0.19664749388354041,0.1707938225101071,0.18884835847194026,1.0302342439660457,S007,S058,6.0,12.0,6.0,1.0,1.0,0.0,5.0,5.0,0.0,0.5746563256065311,21.943163705688846,28.679167280122197,6.736003574433351,6.687273397301988,13.997933297341868,7.31065990003988,0.3657182521383937,0.5350008255926821,0.16928257345428843,0.2685634957232124,0.07000165118536444,0.19856184453784798,0.3047542955516614,0.48808715959629584,0.18333286404463445,1.438340422100813,1.9534575440838358,0.5151171219830228
7,95,MP_vent_PEEP_Jmin,compliance_dominant,mixed,15.255890308386853,15.40723226808007,0.009920231244060414,0.07567097984660887,3.939659970349723,0.06421576388145595,0.032107881940728056,0.20962158864438202,0.5298382185288424,S007,S095,6.0,3.0,3.0,1.0,1.4,0.3999999999999999,5.0,5.0,0.0,0.15134195969321773,21.943163705688846,18.079174715185726,3.8639889905031204,6.687273397301988,2.6719424471056543,4.015330950196334,0.3657182521383937,0.3333333333333333,0.03238491880506039,0.2685634957232124,0.3333333333333333,0.0647698376101209,0.3047542955516614,0.14779117350203702,0.15696312204962437,1.438340422100813,1.173421312836391,0.26491910926442186
7,139,MP_vent_PEEP_Jmin,compliance_dominant,severe_mixed,15.255890308386853,15.372224366782323,0.007625517491530197,0.058167029197734976,3.5404800297994274,0.1507079108884512,0.07535395544422563,0.18048993297624089,0.4748357677039119,S007,S139,6.0,3.0,3.0,1.0,1.0,0.0,5.0,5.0,0.0,0.11633405839546995,21.943163705688846,18.46085070508715,3.482313000601696,6.687273397301988,3.0886263383048265,3.5986470589971615,0.3657182521383937,0.29064919334580364,0.07506905879259007,0.2685634957232124,0.4187016133083925,0.1501381175851801,0.3047542955516614,0.167306826085415,0.1374474694662464,1.438340422100813,1.2009225382488566,0.23741788385195628
7,144,MP_vent_PEEP_Jmin,compliance_dominant,severe_mixed,15.255890308386853,15.176097460924892,0.005230297665295589,0.03989642373098068,7.428158093445395,0.1387642920892087,0.06938214604460446,0.18387357830895923,0.9887958306715059,S007,S144,6.0,9.0,3.0,1.0,0.6,0.4,5.0,5.0,0.0,0.07979284746196136,21.943163705688846,29.331425375403256,7.38826166971441,6.687273397301988,14.155327914478361,7.468054517176373,0.3657182521383937,0.29272740614312176,0.07299084599527195,0.2685634957232124,0.4145451877137564,0.145981691990544,0.3047542955516614,0.48259938728885415,0.17784509173719276,1.438340422100813,1.9327383374365654,0.4943979153357525
8,10,MP_vent_PEEP_Jmin,compliance_dominant,compliance_dominant,17.950439825654527,18.40827928513533,0.025505751609855472,0.22891972974040087,5.68888005763387,0.013131714053109256,0.006565857026554656,0.13351598492874805,0.5731833421604822,S008,S010,6.0,9.0,3.0,1.4,1.0,0.3999999999999999,5.0,5.0,0.0,0.45783945948080174,25.176292593056747,31.094092380431018,5.917799787374271,7.225852767402225,12.685813095295693,5.459960327893468,0.3765190221084439,0.36505105021374445,0.011467971894699447,0.2469619557831123,0.26989789957251126,0.02293594378939895,0.28701019980181713,0.4079814564158005,0.12097125661398339,1.4025446082426978,1.6891362793229387,0.286591671080241
8,59,MP_vent_PEEP_Jmin,compliance_dominant,resistance_dominant,17.950439825654527,18.68720370769152,0.04104433591560356,0.3683819410184963,8.773197363127235,0.16880635697859603,0.17120187060949832,0.17986011103951838,0.8677847387631885,S008,S059,6.0,12.0,6.0,1.4,1.4,0.0,5.0,5.0,0.0,0.7367638820369926,25.176292593056747,34.31787189720249,9.14157930414574,7.225852767402225,15.630668189510962,8.404815422108737,0.3765190221084439,0.5473335329659968,0.17081451085755295,0.2469619557831123,0.09466706593199381,0.1522948898511185,0.28701019980181713,0.45546729227068233,0.1684570924688652,1.4025446082426978,1.8364369776242926,0.4338923693815948
8,60,MP_vent_PEEP_Jmin,compliance_dominant,resistance_dominant,17.950439825654527,18.485836651572967,0.029826390390348984,3.3486711882213793,3.877181579180844,0.16089276431667804,0.17515866694045734,0.44601076175777465,0.8050892164853958,S008,S060,6.0,0.0,6.0,1.4,0.6,0.7999999999999999,5.0,10.0,5.0,0.5353968259184398,25.176292593056747,18.485836651572967,6.69045594148378,7.225852767402225,0.0,7.225852767402225,0.3765190221084439,0.547356142391059,0.1708371202826151,0.2469619557831123,0.09471228478211814,0.15224967100099418,0.28701019980181713,0.0,0.28701019980181713,1.4025446082426978,1.0,0.4025446082426978
8,61,MP_vent_PEEP_Jmin,compliance_dominant,resistance_dominant,17.950439825654527,18.485836651572967,0.029826390390348984,3.3486711882213793,3.877181579180844,0.16089276431667804,0.17515866694045734,0.44601076175777465,0.8050892164853958,S008,S061,6.0,0.0,6.0,1.4,1.0,0.3999999999999999,5.0,10.0,5.0,0.5353968259184398,25.176292593056747,18.485836651572967,6.69045594148378,7.225852767402225,0.0,7.225852767402225,0.3765190221084439,0.547356142391059,0.1708371202826151,0.2469619557831123,0.09471228478211814,0.15224967100099418,0.28701019980181713,0.0,0.28701019980181713,1.4025446082426978,1.0,0.4025446082426978
8,62,MP_vent_PEEP_Jmin,compliance_dominant,resistance_dominant,17.950439825654527,18.485836651572967,0.029826390390348984,3.3486711882213793,3.877181579180844,0.16089276431667804,0.17515866694045734,0.44601076175777465,0.8050892164853958,S008,S062,6.0,0.0,6.0,1.4,1.4,0.0,5.0,10.0,5.0,0.5353968259184398,25.176292593056747,18.485836651572967,6.69045594148378,7.225852767402225,0.0,7.225852767402225,0.3765190221084439,0.547356142391059,0.1708371202826151,0.2469619557831123,0.09471228478211814,0.15224967100099418,0.28701019980181713,0.0,0.28701019980181713,1.4025446082426978,1.0,0.4025446082426978
8,140,MP_vent_PEEP_Jmin,compliance_dominant,severe_mixed,17.950439825654527,17.383513355663382,0.03158287348374057,0.2834632349955726,4.3673305507448426,0.1598766321470021,0.07993831607350121,0.1805000368092851,0.44359894839418446,S008,S140,6.0,3.0,3.0,1.4,1.4,0.0,5.0,5.0,0.0,0.5669264699911452,25.176292593056747,20.525498807316335,4.650793785740412,7.225852767402225,3.1419854516529506,4.083867315749274,0.3765190221084439,0.29360512152720314,0.08291390058124076,0.2469619557831123,0.41278975694559367,0.16582780116248136,0.28701019980181713,0.15307717883732924,0.1339330209644879,1.4025446082426978,1.1807451340456054,0.22179947419709234
9,53,MP_vent_PEEP_Jmin,compliance_dominant,resistance_dominant,12.471947416477974,12.424574629107918,0.0037983472659183434,0.02368639368502823,5.560876403554861,0.14300488100381176,0.15647011347734174,0.18494353873813207,0.8849451613508876,S009,S053,9.0,6.0,3.0,0.6,1.4,0.7999999999999999,5.0,5.0,0.0,0.04737278737005646,22.912385627495162,17.32782283025527,5.584562797239894,10.440438211017186,4.90324820114735,5.537190009869836,0.3747367126327906,0.5470596716225854,0.17232295898979477,0.25052657473441853,0.09411934324517085,0.15640723148924768,0.4556678811519532,0.282969663827935,0.17269821732401824,1.8371137130696407,1.3946411323941963,0.44247258067544437
9,55,MP_vent_PEEP_Jmin,compliance_dominant,resistance_dominant,12.471947416477974,12.551411874716315,0.006371455522122598,0.039732229119170626,1.7296061269390535,0.1570201434133886,0.14946248227255343,0.04592959614861203,0.29253428412294546,S009,S055,9.0,9.0,0.0,0.6,1.0,0.4,5.0,5.0,0.0,0.07946445823834125,22.912385627495162,21.222511729675276,1.6898738978198864,10.440438211017186,8.671099854958962,1.769338356058224,0.3747367126327906,0.5348533304400352,0.16011661780724462,0.25052657473441853,0.06970666088007026,0.18081991385434826,0.4556678811519532,0.4085802833052145,0.047087597846738716,1.8371137130696407,1.6908465710081675,0.14626714206147318
9,96,MP_vent_PEEP_Jmin,compliance_dominant,mixed,12.471947416477974,11.967931615021358,0.04041195690022782,0.2520079007283078,3.8999161289689113,0.10536077935408564,0.05268038967704286,0.09441758334196615,0.539105635461425,S009,S096,9.0,6.0,3.0,0.6,0.6,0.0,5.0,5.0,0.0,0.5040158014566156,22.912385627495162,18.76046159779794,4.1519240296972235,10.440438211017186,6.792529982776581,3.6479082282406052,0.3747367126327906,0.33333333333333326,0.041403379299457366,0.25052657473441853,0.33333333333333326,0.08280675859891473,0.4556678811519532,0.36206625020217376,0.09360163094977947,1.8371137130696407,1.5675608953389277,0.26955281773071293
9,99,MP_vent_PEEP_Jmin,compliance_dominant,mixed,12.471947416477974,12.892729303293898,0.03373826658858306,0.21039094340796183,2.63555963496389,0.10536077935408564,0.05268038967704286,0.04013829604674024,0.3215651791217553,S009,S099,9.0,9.0,0.0,0.6,0.6,0.0,5.0,5.0,0.0,0.42078188681592366,22.912385627495162,25.75833620586701,2.8459505783718484,10.440438211017186,12.865606902573118,2.425168691555932,0.3747367126327906,0.3333333333333333,0.04140337929945731,0.25052657473441853,0.3333333333333333,0.08280675859891479,0.4556678811519532,0.49947352188231403,0.043805640730360806,1.8371137130696407,1.9978963026305179,0.1607825895608772
9,138,MP_vent_PEEP_Jmin,compliance_dominant,severe_mixed,12.471947416477974,12.704996447244138,0.018685857387296154,0.11652451538308206,7.553782003749237,0.18553273369239684,0.09276636684619838,0.3224052800314061,1.2381577737962073,S009,S138,9.0,3.0,6.0,0.6,0.6,0.0,5.0,5.0,0.0,0.23304903076616412,22.912385627495162,15.475128139129005,7.437257488366157,10.440438211017186,2.7701316918848637,7.670306519132323,0.3747367126327906,0.291804331732377,0.0829323809004136,0.25052657473441853,0.41639133653524596,0.16586476180082743,0.4556678811519532,0.17900541223180957,0.2766624689201437,1.8371137130696407,1.2180348261715366,0.6190788868981041
10,59,MP_vent_PEEP_Jmin,compliance_dominant,resistance_dominant,18.40827928513533,18.68720370769152,0.015152118144003938,0.13946221127809544,3.0843173054933644,0.18193807103170528,0.17776772763605297,0.04634412611077032,0.29460139660270634,S010,S059,9.0,12.0,3.0,1.0,1.4,0.3999999999999999,5.0,5.0,0.0,0.2789244225561909,31.094092380431018,34.31787189720249,3.2237795167714687,12.685813095295693,15.630668189510962,2.944855094215269,0.36505105021374445,0.5473335329659968,0.1822824827522524,0.26989789957251126,0.09466706593199381,0.17523083364051745,0.4079814564158005,0.45546729227068233,0.04748583585488181,1.6891362793229387,1.8364369776242926,0.14730069830135384
10,60,MP_vent_PEEP_Jmin,compliance_dominant,resistance_dominant,18.40827928513533,18.485836651572967,0.004213178496279423,3.1197514584809785,9.566061636814714,0.1740244783697873,0.181724523967012,0.5795267466865227,1.378272558645878,S010,S060,9.0,0.0,9.0,1.0,0.6,0.4,5.0,10.0,5.0,0.07755736643763811,31.094092380431018,18.485836651572967,12.608255728858051,12.685813095295693,0.0,12.685813095295693,0.36505105021374445,0.547356142391059,0.18230509217731455,0.26989789957251126,0.09471228478211814,0.17518561479039313,0.4079814564158005,0.0,0.4079814564158005,1.6891362793229387,1.0,0.6891362793229387
10,61,MP_vent_PEEP_Jmin,compliance_dominant,resistance_dominant,18.40827928513533,18.485836651572967,0.004213178496279423,3.1197514584809785,9.566061636814714,0.1740244783697873,0.181724523967012,0.5795267466865227,1.378272558645878,S010,S061,9.0,0.0,9.0,1.0,1.0,0.0,5.0,10.0,5.0,0.07755736643763811,31.094092380431018,18.485836651572967,12.608255728858051,12.685813095295693,0.0,12.685813095295693,0.36505105021374445,0.547356142391059,0.18230509217731455,0.26989789957251126,0.09471228478211814,0.17518561479039313,0.4079814564158005,0.0,0.4079814564158005,1.6891362793229387,1.0,0.6891362793229387
10,62,MP_vent_PEEP_Jmin,compliance_dominant,resistance_dominant,18.40827928513533,18.485836651572967,0.004213178496279423,3.1197514584809785,9.566061636814714,0.1740244783697873,0.181724523967012,0.5795267466865227,1.378272558645878,S010,S062,9.0,0.0,9.0,1.0,1.4,0.3999999999999999,5.0,10.0,5.0,0.07755736643763811,31.094092380431018,18.485836651572967,12.608255728858051,12.685813095295693,0.0,12.685813095295693,0.36505105021374445,0.547356142391059,0.18230509217731455,0.26989789957251126,0.09471228478211814,0.17518561479039313,0.4079814564158005,0.0,0.4079814564158005,1.6891362793229387,1.0,0.6891362793229387
10,142,MP_vent_PEEP_Jmin,compliance_dominant,severe_mixed,18.40827928513533,19.27500279316089,0.047083352800141406,0.43336175401278076,3.7928967004084093,0.1531171722566984,0.0765585861283491,0.1120720057957385,0.5004978852355995,S010,S142,9.0,6.0,3.0,1.0,1.0,0.0,5.0,5.0,0.0,0.8667235080255615,31.094092380431018,27.73455743403539,3.3595349463956268,12.685813095295693,8.459554640874504,4.226258454421188,0.36505105021374445,0.2893507673925597,0.07570028282118474,0.26989789957251126,0.4212984652148805,0.15140056564236926,0.4079814564158005,0.3050185553165914,0.10296290109920914,1.6891362793229387,1.4388873367051391,0.2502489426177996
11,13,MP_vent_PEEP_Jmin,compliance_dominant,compliance_dominant,22.45010356103684,21.56066826188382,0.039618316090829796,0.4447176495765106,6.001685490325574,0.01244424723477533,0.00622212361738772,0.09971659635220032,0.6494577876725685,S011,S013,9.0,12.0,3.0,1.4,1.0,0.3999999999999999,5.0,5.0,0.0,0.8894352991530212,36.45798854731932,42.01495638806837,5.556967840749053,14.007884986282475,20.45428812618455,6.446403139902076,0.3766434677412843,0.3651884826550315,0.011454985086252811,0.2467130645174313,0.26962303468993704,0.022909970172505734,0.38421990747244467,0.4868334965591745,0.10261358908672985,1.623956363862561,1.9486852576988447,0.3247288938362838
11,64,MP_vent_PEEP_Jmin,compliance_dominant,resistance_dominant,22.45010356103684,21.680569813668942,0.03427751436761559,3.228661428594206,8.044073851128019,0.17385782508119219,0.16794768527010395,0.3960195070867454,1.0586776386522443,S011,S064,9.0,3.0,6.0,1.4,1.0,0.3999999999999999,5.0,10.0,5.0,0.7695337473678983,36.45798854731932,24.415719520229185,12.042269027090132,14.007884986282475,2.7351497065602457,11.27273527972223,0.3766434677412843,0.541337645272174,0.16469417753088966,0.2467130645174313,0.08267529054434782,0.1640377739730835,0.38421990747244467,0.11202412872961162,0.27219577874283307,1.623956363862561,1.1261567260485845,0.4977996378139764
11,65,MP_vent_PEEP_Jmin,compliance_dominant,resistance_dominant,22.45010356103684,23.18280846051065,0.03263703873266097,4.230153859822012,7.058547345519209,0.16651613233095114,0.17161853164522456,0.40552663359425023,1.0719730576735131,S011,S065,9.0,3.0,6.0,1.4,1.4,0.0,5.0,10.0,5.0,0.7327048994738092,36.45798854731932,25.9019922414519,10.555996305867417,14.007884986282475,2.719183780941253,11.288701205341223,0.3766434677412843,0.5460740143494351,0.16943054660815082,0.2467130645174313,0.09214802869887022,0.15456503581856107,0.38421990747244467,0.10497971567567858,0.27924019179676607,1.623956363862561,1.1172931133677388,0.5066632504948221
11,69,MP_vent_PEEP_Jmin,compliance_dominant,resistance_dominant,22.45010356103684,21.820061213968483,0.028064117626692125,3.321655695460569,0.4986344383284411,0.15756531404408058,0.17609394078865992,0.14326164257833346,0.5475759079109976,S011,S069,9.0,9.0,0.0,1.4,0.6,0.7999999999999999,5.0,10.0,5.0,0.6300423470683576,36.45798854731932,32.007656066461955,4.450332480857362,14.007884986282475,10.187594852493465,3.82029013378901,0.3766434677412843,0.5438008979700626,0.16715743022877827,0.2467130645174313,0.08760179594012525,0.15911126857730606,0.38421990747244467,0.31828618850876,0.06593371896368466,1.623956363862561,1.466891213209416,0.15706515065314486
11,72,MP_vent_PEEP_Jmin,compliance_dominant,resistance_dominant,22.45010356103684,22.931469401433624,0.0214415866317969,4.062594487103999,5.656559967574928,0.15189147203330258,0.17893086179404882,0.05005693291127744,0.22735991052680404,S011,S072,9.0,12.0,3.0,1.4,0.6,0.7999999999999999,5.0,10.0,5.0,0.48136584039678354,36.45798854731932,38.533319868187036,2.0753313208677184,14.007884986282475,15.601850466753405,1.5939654804709296,0.3766434677412843,0.5456222908029612,0.16897882306167689,0.2467130645174313,0.0912445816059224,0.1554684829115089,0.38421990747244467,0.4048924546372718,0.020672547164827138,1.623956363862561,1.6803685447988788,0.056412180936317835
11,103,MP_vent_PEEP_Jmin,compliance_dominant,mixed,22.45010356103684,23.405399111030473,0.04255194402094388,0.4776477749968162,9.094498194211905,0.07845673552263321,0.03922836776131661,0.1039432330475567,0.6853792702596513,S011,S103,9.0,12.0,3.0,1.4,1.0,0.3999999999999999,5.0,5.0,0.0,0.9552955499936324,36.45798854731932,46.03013451652804,9.57214596920872,14.007884986282475,22.624735405497564,8.616850419215089,0.3766434677412843,0.3333333333333333,0.043310134407951006,0.2467130645174313,0.3333333333333333,0.08662026881590201,0.38421990747244467,0.4915200801199853,0.10730017264754066,1.623956363862561,1.9666459989923863,0.3426896351298254
11,143,MP_vent_PEEP_Jmin,compliance_dominant,severe_mixed,22.45010356103684,23.297580770923027,0.037749367506572255,0.4237386049430931,4.574836172080797,0.16133320100165466,0.08066660050082719,0.11902774285314816,0.4745010762885209,S011,S143,9.0,6.0,3.0,1.4,1.4,0.0,5.0,5.0,0.0,0.8474772098861862,36.45798854731932,32.30689098018161,4.151097567137704,14.007884986282475,9.009310209258583,4.998574777023892,0.3766434677412843,0.2934158249170065,0.0832276428242778,0.2467130645174313,0.41316835016598685,0.16645528564855555,0.38421990747244467,0.2788665184398359,0.10535338903260877,1.623956363862561,1.3867058257183005,0.23725053814426045
11,145,MP_vent_PEEP_Jmin,compliance_dominant,severe_mixed,22.45010356103684,23.17778121953947,0.03241310921013057,0.36383882925131417,2.4687387506778826,0.16727684978701962,0.08363842489350976,0.026510930742755234,0.14245201470549107,S011,S145,9.0,9.0,0.0,1.4,1.0,0.3999999999999999,5.0,5.0,0.0,0.7276776585026283,36.45798854731932,39.29056612724852,2.8325775799292003,14.007884986282475,16.11278490770904,2.1048999214265667,0.3766434677412843,0.2888971118959652,0.08774635584531915,0.2467130645174313,0.4222057762080695,0.17549271169063818,0.38421990747244467,0.41009296876826157,0.0258730612958169,1.623956363862561,1.6951823712153065,0.07122600735274554
12,94,MP_vent_PEEP_Jmin,compliance_dominant,mixed,13.645559103674001,13.440101956614761,0.015056704199384692,0.10272857352962017,14.21360785022186,0.11421394301480459,0.05710697150740218,0.4274466900886757,2.062248255672072,S012,S094,12.0,3.0,9.0,0.6,1.0,0.4,5.0,5.0,0.0,0.20545714705924034,30.413230521484156,16.096894097732676,14.31633642375148,16.76767141781015,2.65679214111791,14.11087927669224,0.37857155704150697,0.33333333333333326,0.04523822370817371,0.24285688591698584,0.33333333333333326,0.09047644741634742,0.551328192707622,0.165049985729367,0.386278206978255,2.2288006149411306,1.1976764871050947,1.031124127836036
12,102,MP_vent_PEEP_Jmin,compliance_dominant,mixed,13.645559103674001,13.817526991566478,0.012602480161195804,0.0859839439462382,4.041537634111226,0.11421394301480453,0.05710697150740224,0.03919011780102599,0.5419550757610794,S012,S102,12.0,12.0,0.0,0.6,0.6,0.0,5.0,5.0,0.0,0.1719678878924764,30.413230521484156,34.54075209954161,4.127521578057458,16.76767141781015,20.723225107975146,3.9555536901649972,0.37857155704150697,0.33333333333333337,0.0452382237081736,0.24285688591698584,0.33333333333333337,0.09047644741634753,0.551328192707622,0.599964501301353,0.048636308593731026,2.2288006149411306,2.4997781528216696,0.270977537880539
12,141,MP_vent_PEEP_Jmin,compliance_dominant,severe_mixed,13.645559103674001,13.940546954084521,0.021617864696441468,0.14749392520525983,9.131603162560575,0.19178361012547462,0.09589180506273715,0.19285883718708818,1.3832424755652073,S012,S141,12.0,6.0,6.0,0.6,0.6,0.0,5.0,5.0,0.0,0.29498785041051967,30.413230521484156,21.429121284128843,8.984109237355312,16.76767141781015,7.488574330044317,9.279097087765832,0.37857155704150697,0.29182191450367734,0.08674964253782963,0.24285688591698584,0.4163561709926453,0.17349928507565948,0.551328192707622,0.349457835006544,0.20187035770107803,2.2288006149411306,1.537179377158527,0.6916212377826036
13,64,MP_vent_PEEP_Jmin,compliance_dominant,resistance_dominant,21.56066826188382,21.680569813668942,0.005561124095447996,3.6733790781707167,14.045759341453593,0.18630207231596752,0.17416980888749167,0.4957361034389457,1.7081354263248127,S013,S064,12.0,3.0,9.0,1.0,1.0,0.0,5.0,10.0,5.0,0.11990155178512296,42.01495638806837,24.415719520229185,17.599236867839185,20.45428812618455,2.7351497065602457,17.719138419624304,0.3651884826550315,0.541337645272174,0.17614916261714247,0.26962303468993704,0.08267529054434782,0.18694774414558923,0.4868334965591745,0.11202412872961162,0.37480936782956287,1.9486852576988447,1.1261567260485845,0.8225285316502602
13,66,MP_vent_PEEP_Jmin,compliance_dominant,resistance_dominant,21.56066826188382,20.708653026503274,0.039517107031732696,3.025434553393609,11.646319002843036,0.17475572829840705,0.17994298089627203,0.35965602502977434,1.4785213587760113,S013,S066,12.0,6.0,6.0,1.0,0.6,0.4,5.0,10.0,5.0,0.852015235380545,42.01495638806837,26.491187596451198,15.523768791617172,20.45428812618455,5.782534569947916,14.671753556236634,0.3651884826550315,0.5428897064668698,0.17770122381183834,0.26962303468993704,0.08577941293373996,0.18384362175619706,0.4868334965591745,0.2182814397766959,0.2685520567824786,1.9486852576988447,1.2792327710811195,0.6694524866177252
13,69,MP_vent_PEEP_Jmin,compliance_dominant,resistance_dominant,21.56066826188382,21.820061213968483,0.01203084008964756,3.7663733450370795,6.500319928654015,0.17000956127885591,0.18231606440604764,0.24297823893053377,1.197033695583566,S013,S069,12.0,9.0,3.0,1.0,0.6,0.4,5.0,10.0,5.0,0.2593929520846636,42.01495638806837,32.007656066461955,10.007300321606415,20.45428812618455,10.187594852493465,10.266693273691086,0.3651884826550315,0.5438008979700626,0.17861241531503108,0.26962303468993704,0.08760179594012525,0.1820212387498118,0.4868334965591745,0.31828618850876,0.1685473080504145,1.9486852576988447,1.466891213209416,0.48179404448942864
13,98,MP_vent_PEEP_Jmin,compliance_dominant,mixed,21.56066826188382,20.696128297683924,0.0400980133685503,0.4322699820999478,13.144627203607076,0.06601248828785794,0.03300624414392883,0.2268919160468003,1.1492179340722428,S013,S098,12.0,6.0,6.0,1.0,1.4,0.3999999999999999,5.0,5.0,0.0,0.8645399641998956,42.01495638806837,28.43805920236135,13.576897185707018,20.45428812618455,7.74193090467743,12.712357221507121,0.3651884826550315,0.33333333333333337,0.03185514932169814,0.26962303468993704,0.33333333333333337,0.06371029864339633,0.4868334965591745,0.2722383707547307,0.21459512580444384,1.9486852576988447,1.3740762906627235,0.5746089670361212
14,15,MP_vent_PEEP_Jmin,compliance_dominant,compliance_dominant,26.94976729641916,26.8533370646697,0.0035781471019334125,4.427341061570218,18.475313367045256,0.007480041975404861,0.003740020987702597,0.6295823092878847,1.6996550787775129,S014,S015,12.0,0.0,12.0,1.4,0.6,0.7999999999999999,5.0,10.0,5.0,0.09643023174946208,49.852421725034624,26.8533370646697,22.999084660364925,22.902654428615474,0.0,22.902654428615474,0.37677852789121025,0.3767999565234179,2.142863220766511e-05,0.24644294421757965,0.2464000869531641,4.2857264415552265e-05,0.4594090645172076,0.0,0.4594090645172076,1.8498275393887562,1.0,0.8498275393887562
14,16,MP_vent_PEEP_Jmin,compliance_dominant,compliance_dominant,26.94976729641916,26.8533370646697,0.0035781471019334125,4.427341061570218,18.475313367045256,0.007480041975404861,0.003740020987702597,0.6295823092878847,1.6996550787775129,S014,S016,12.0,0.0,12.0,1.4,1.0,0.3999999999999999,5.0,10.0,5.0,0.09643023174946208,49.852421725034624,26.8533370646697,22.999084660364925,22.902654428615474,0.0,22.902654428615474,0.37677852789121025,0.3767999565234179,2.142863220766511e-05,0.24644294421757965,0.2464000869531641,4.2857264415552265e-05,0.4594090645172076,0.0,0.4594090645172076,1.8498275393887562,1.0,0.8498275393887562
14,17,MP_vent_PEEP_Jmin,compliance_dominant,compliance_dominant,26.94976729641916,26.8533370646697,0.0035781471019334125,4.427341061570218,18.475313367045256,0.007480041975404861,0.003740020987702597,0.6295823092878847,1.6996550787775129,S014,S017,12.0,0.0,12.0,1.4,1.4,0.0,5.0,10.0,5.0,0.09643023174946208,49.852421725034624,26.8533370646697,22.999084660364925,22.902654428615474,0.0,22.902654428615474,0.37677852789121025,0.3767999565234179,2.142863220766511e-05,0.24644294421757965,0.2464000869531641,4.2857264415552265e-05,0.4594090645172076,0.0,0.4594090645172076,1.8498275393887562,1.0,0.8498275393887562
14,68,MP_vent_PEEP_Jmin,compliance_dominant,resistance_dominant,26.94976729641916,27.87978026944834,0.03450912814199884,5.111636531422647,10.896607388506265,0.1680423879596959,0.16985893494872106,0.35901093208747625,1.3287190217827396,S014,S068,12.0,6.0,6.0,1.4,1.4,0.0,5.0,10.0,5.0,0.9300129730291786,49.852421725034624,34.77419077813491,15.078230946899716,22.902654428615474,6.894410508686567,16.00824391992891,0.37677852789121025,0.5455144109200091,0.16873588302879883,0.24644294421757965,0.09102882184001833,0.1554141223775613,0.4594090645172076,0.19826228459704634,0.2611467799201612,1.8498275393887562,1.2472907046631823,0.602536834725574
14,70,MP_vent_PEEP_Jmin,compliance_dominant,resistance_dominant,26.94976729641916,28.070036137860953,0.041568776053611534,5.23847377703105,5.804031295808816,0.18231808360799975,0.16272108712456912,0.2416598690940161,1.0658752023893985,S014,S070,12.0,9.0,3.0,1.4,1.0,0.3999999999999999,5.0,10.0,5.0,1.120268841441792,49.852421725034624,39.930185493636564,9.92223623139806,22.902654428615474,11.860149355775608,11.042505072839866,0.37677852789121025,0.5362951879621178,0.1595166600709076,0.24644294421757965,0.07259037592423558,0.17385256829334406,0.4594090645172076,0.29702214525564097,0.16238691926156662,1.8498275393887562,1.4225199175920762,0.42730762179668
14,101,MP_vent_PEEP_Jmin,compliance_dominant,mixed,26.94976729641916,25.985024327287796,0.03579782187060112,0.48237148456568235,8.175060540465818,0.07945320440476439,0.03972660220238222,0.09026921691483603,0.5289834502931927,S014,S101,12.0,9.0,3.0,1.4,1.4,0.0,5.0,5.0,0.0,0.9647429691313647,49.852421725034624,41.194989700003134,8.65743202503149,22.902654428615474,15.209965372715338,7.692689055900136,0.37677852789121025,0.3333333333333333,0.04344519455787693,0.24644294421757965,0.3333333333333333,0.08689038911575367,0.4594090645172076,0.3692188172270421,0.0901902472901655,1.8498275393887562,1.5853358142421599,0.26449172514659636
14,148,MP_vent_PEEP_Jmin,compliance_dominant,severe_mixed,26.94976729641916,27.08055964591808,0.004853190309969644,0.06539617474945914,3.211058884942446,0.16805046732933243,0.08402523366466619,0.028392944646082663,0.22410997478073513,S014,S148,12.0,12.0,0.0,1.4,1.0,0.3999999999999999,5.0,5.0,0.0,0.13079234949891827,49.852421725034624,53.12887678472654,3.2764550596919193,22.902654428615474,26.04831713880846,3.145662710192987,0.37677852789121025,0.28879545551745817,0.08798307237375208,0.24644294421757965,0.42240908896508356,0.1759661447475039,0.4594090645172076,0.4902854853181616,0.030876420800953985,1.8498275393887562,1.961882526779124,0.11205498739036779
15,16,MP_vent_PEEP_Jmin,compliance_dominant,compliance_dominant,26.8533370646697,26.8533370646697,0.0,0.0,0.0,0.0,0.0,0.0,0.0,S015,S016,0.0,0.0,0.0,0.6,1.0,0.4,10.0,10.0,0.0,0.0,26.8533370646697,26.8533370646697,0.0,0.0,0.0,0.0,0.3767999565234179,0.3767999565234179,0.0,0.2464000869531641,0.2464000869531641,0.0,0.0,0.0,0.0,1.0,1.0,0.0
15,17,MP_vent_PEEP_Jmin,compliance_dominant,compliance_dominant,26.8533370646697,26.8533370646697,0.0,0.0,0.0,0.0,0.0,0.0,0.0,S015,S017,0.0,0.0,0.0,0.6,1.4,0.7999999999999999,10.0,10.0,0.0,0.0,26.8533370646697,26.8533370646697,0.0,0.0,0.0,0.0,0.3767999565234179,0.3767999565234179,0.0,0.2464000869531641,0.2464000869531641,0.0,0.0,0.0,0.0,1.0,1.0,0.0
15,68,MP_vent_PEEP_Jmin,compliance_dominant,resistance_dominant,26.8533370646697,27.87978026944834,0.038224046505158864,0.6842954698524295,7.578705978538991,0.16056234598429103,0.16611891396101847,0.27057137720040847,0.3709360569947733,S015,S068,0.0,6.0,6.0,0.6,1.4,0.7999999999999999,10.0,10.0,0.0,1.0264432047786407,26.8533370646697,34.77419077813491,7.92085371346521,0.0,6.894410508686567,6.894410508686567,0.3767999565234179,0.5455144109200091,0.16871445439659116,0.2464000869531641,0.09102882184001833,0.15537126511314575,0.0,0.19826228459704634,0.19826228459704634,1.0,1.2472907046631823,0.24729070466318226
15,70,MP_vent_PEEP_Jmin,compliance_dominant,resistance_dominant,26.8533370646697,28.070036137860953,0.04530904558569878,0.8111327154608325,12.67128207123644,0.1748380416325949,0.15898106613686652,0.3879224401938686,0.6337798763881144,S015,S070,0.0,9.0,9.0,0.6,1.0,0.4,10.0,10.0,0.0,1.2166990731912541,26.8533370646697,39.930185493636564,13.076848428966866,0.0,11.860149355775608,11.860149355775608,0.3767999565234179,0.5362951879621178,0.15949523143869992,0.2464000869531641,0.07259037592423558,0.1738097110289285,0.0,0.29702214525564097,0.29702214525564097,1.0,1.4225199175920762,0.4225199175920762
15,101,MP_vent_PEEP_Jmin,compliance_dominant,mixed,26.8533370646697,25.985024327287796,0.03233537549879866,4.9097125461359,10.300252826579438,0.08693324638016925,0.04346662319008482,0.5393130923730487,1.1706716284843202,S015,S101,0.0,9.0,9.0,0.6,1.4,0.7999999999999999,10.0,5.0,5.0,0.8683127373819026,26.8533370646697,41.194989700003134,14.341652635333435,0.0,15.209965372715338,15.209965372715338,0.3767999565234179,0.3333333333333333,0.0434666231900846,0.2464000869531641,0.3333333333333333,0.08693324638016922,0.0,0.3692188172270421,0.3692188172270421,1.0,1.5853358142421599,0.5853358142421599
15,148,MP_vent_PEEP_Jmin,compliance_dominant,severe_mixed,26.8533370646697,27.08055964591808,0.008461614312633484,4.361944886820758,21.686372251987702,0.1755305093047373,0.08776525465236878,0.6579752539339674,1.923765053558248,S015,S148,0.0,12.0,12.0,0.6,1.0,0.4,10.0,5.0,5.0,0.22722258124838035,26.8533370646697,53.12887678472654,26.275539720056845,0.0,26.04831713880846,26.04831713880846,0.3767999565234179,0.28879545551745817,0.08800450100595975,0.2464000869531641,0.42240908896508356,0.17600900201191946,0.0,0.4902854853181616,0.4902854853181616,1.0,1.961882526779124,0.961882526779124
16,17,MP_vent_PEEP_Jmin,compliance_dominant,compliance_dominant,26.8533370646697,26.8533370646697,0.0,0.0,0.0,0.0,0.0,0.0,0.0,S016,S017,0.0,0.0,0.0,1.0,1.4,0.3999999999999999,10.0,10.0,0.0,0.0,26.8533370646697,26.8533370646697,0.0,0.0,0.0,0.0,0.3767999565234179,0.3767999565234179,0.0,0.2464000869531641,0.2464000869531641,0.0,0.0,0.0,0.0,1.0,1.0,0.0
16,68,MP_vent_PEEP_Jmin,compliance_dominant,resistance_dominant,26.8533370646697,27.87978026944834,0.038224046505158864,0.6842954698524295,7.578705978538991,0.16056234598429103,0.16611891396101847,0.27057137720040847,0.3709360569947733,S016,S068,0.0,6.0,6.0,1.0,1.4,0.3999999999999999,10.0,10.0,0.0,1.0264432047786407,26.8533370646697,34.77419077813491,7.92085371346521,0.0,6.894410508686567,6.894410508686567,0.3767999565234179,0.5455144109200091,0.16871445439659116,0.2464000869531641,0.09102882184001833,0.15537126511314575,0.0,0.19826228459704634,0.19826228459704634,1.0,1.2472907046631823,0.24729070466318226
16,70,MP_vent_PEEP_Jmin,compliance_dominant,resistance_dominant,26.8533370646697,28.070036137860953,0.04530904558569878,0.8111327154608325,12.67128207123644,0.1748380416325949,0.15898106613686652,0.3879224401938686,0.6337798763881144,S016,S070,0.0,9.0,9.0,1.0,1.0,0.0,10.0,10.0,0.0,1.2166990731912541,26.8533370646697,39.930185493636564,13.076848428966866,0.0,11.860149355775608,11.860149355775608,0.3767999565234179,0.5362951879621178,0.15949523143869992,0.2464000869531641,0.07259037592423558,0.1738097110289285,0.0,0.29702214525564097,0.29702214525564097,1.0,1.4225199175920762,0.4225199175920762
16,101,MP_vent_PEEP_Jmin,compliance_dominant,mixed,26.8533370646697,25.985024327287796,0.03233537549879866,4.9097125461359,10.300252826579438,0.08693324638016925,0.04346662319008482,0.5393130923730487,1.1706716284843202,S016,S101,0.0,9.0,9.0,1.0,1.4,0.3999999999999999,10.0,5.0,5.0,0.8683127373819026,26.8533370646697,41.194989700003134,14.341652635333435,0.0,15.209965372715338,15.209965372715338,0.3767999565234179,0.3333333333333333,0.0434666231900846,0.2464000869531641,0.3333333333333333,0.08693324638016922,0.0,0.3692188172270421,0.3692188172270421,1.0,1.5853358142421599,0.5853358142421599
16,148,MP_vent_PEEP_Jmin,compliance_dominant,severe_mixed,26.8533370646697,27.08055964591808,0.008461614312633484,4.361944886820758,21.686372251987702,0.1755305093047373,0.08776525465236878,0.6579752539339674,1.923765053558248,S016,S148,0.0,12.0,12.0,1.0,1.0,0.0,10.0,5.0,5.0,0.22722258124838035,26.8533370646697,53.12887678472654,26.275539720056845,0.0,26.04831713880846,26.04831713880846,0.3767999565234179,0.28879545551745817,0.08800450100595975,0.2464000869531641,0.42240908896508356,0.17600900201191946,0.0,0.4902854853181616,0.4902854853181616,1.0,1.961882526779124,0.961882526779124
17,68,MP_vent_PEEP_Jmin,compliance_dominant,resistance_dominant,26.8533370646697,27.87978026944834,0.038224046505158864,0.6842954698524295,7.578705978538991,0.16056234598429103,0.16611891396101847,0.27057137720040847,0.3709360569947733,S017,S068,0.0,6.0,6.0,1.4,1.4,0.0,10.0,10.0,0.0,1.0264432047786407,26.8533370646697,34.77419077813491,7.92085371346521,0.0,6.894410508686567,6.894410508686567,0.3767999565234179,0.5455144109200091,0.16871445439659116,0.2464000869531641,0.09102882184001833,0.15537126511314575,0.0,0.19826228459704634,0.19826228459704634,1.0,1.2472907046631823,0.24729070466318226
17,70,MP_vent_PEEP_Jmin,compliance_dominant,resistance_dominant,26.8533370646697,28.070036137860953,0.04530904558569878,0.8111327154608325,12.67128207123644,0.1748380416325949,0.15898106613686652,0.3879224401938686,0.6337798763881144,S017,S070,0.0,9.0,9.0,1.4,1.0,0.3999999999999999,10.0,10.0,0.0,1.2166990731912541,26.8533370646697,39.930185493636564,13.076848428966866,0.0,11.860149355775608,11.860149355775608,0.3767999565234179,0.5362951879621178,0.15949523143869992,0.2464000869531641,0.07259037592423558,0.1738097110289285,0.0,0.29702214525564097,0.29702214525564097,1.0,1.4225199175920762,0.4225199175920762
17,101,MP_vent_PEEP_Jmin,compliance_dominant,mixed,26.8533370646697,25.985024327287796,0.03233537549879866,4.9097125461359,10.300252826579438,0.08693324638016925,0.04346662319008482,0.5393130923730487,1.1706716284843202,S017,S101,0.0,9.0,9.0,1.4,1.4,0.0,10.0,5.0,5.0,0.8683127373819026,26.8533370646697,41.194989700003134,14.341652635333435,0.0,15.209965372715338,15.209965372715338,0.3767999565234179,0.3333333333333333,0.0434666231900846,0.2464000869531641,0.3333333333333333,0.08693324638016922,0.0,0.3692188172270421,0.3692188172270421,1.0,1.5853358142421599,0.5853358142421599
17,148,MP_vent_PEEP_Jmin,compliance_dominant,severe_mixed,26.8533370646697,27.08055964591808,0.008461614312633484,4.361944886820758,21.686372251987702,0.1755305093047373,0.08776525465236878,0.6579752539339674,1.923765053558248,S017,S148,0.0,12.0,12.0,1.4,1.0,0.3999999999999999,10.0,5.0,5.0,0.22722258124838035,26.8533370646697,53.12887678472654,26.275539720056845,0.0,26.04831713880846,26.04831713880846,0.3767999565234179,0.28879545551745817,0.08800450100595975,0.2464000869531641,0.42240908896508356,0.17600900201191946,0.0,0.4902854853181616,0.4902854853181616,1.0,1.961882526779124,0.961882526779124
18,68,MP_vent_PEEP_Jmin,compliance_dominant,resistance_dominant,28.613754595463693,27.87978026944834,0.02565110159055165,0.4893162173435712,3.0036610712322513,0.16445114642106895,0.1680633141794075,0.1192436902501626,0.19262496492386472,S018,S068,3.0,6.0,3.0,0.6,1.4,0.7999999999999999,10.0,10.0,0.0,0.7339743260153533,32.01518781557444,34.77419077813491,2.7590029625604657,3.4014332201107447,6.894410508686567,3.4929772885758226,0.373342838704843,0.5455144109200091,0.17217157221516605,0.2533143225903138,0.09102882184001833,0.16228550075029546,0.10624436251022235,0.19826228459704634,0.092017922086824,1.118874061380606,1.2472907046631823,0.12841664328257618
18,70,MP_vent_PEEP_Jmin,compliance_dominant,resistance_dominant,28.613754595463693,28.070036137860953,0.01900199625284194,0.3624789717351682,8.0962371639297,0.1787268420693728,0.16092546635525556,0.23659475324362275,0.45546878431720583,S018,S070,3.0,9.0,6.0,0.6,1.0,0.4,10.0,10.0,0.0,0.5437184576027398,32.01518781557444,39.930185493636564,7.914997678062122,3.4014332201107447,11.860149355775608,8.458716135664863,0.373342838704843,0.5362951879621178,0.1629523492572748,0.2533143225903138,0.07259037592423558,0.18072394666607822,0.10624436251022235,0.29702214525564097,0.19077778274541862,1.118874061380606,1.4225199175920762,0.3036458562114701
18,146,MP_vent_PEEP_Jmin,compliance_dominant,severe_mixed,28.613754595463693,29.211648186182643,0.020895321119925234,4.470012303884477,9.730528748821659,0.16595026446690736,0.0829751322334536,0.39518511944661994,1.0268228435858107,S018,S146,3.0,9.0,6.0,0.6,1.4,0.7999999999999999,10.0,5.0,5.0,0.5978935907189502,32.01518781557444,46.81362245899952,14.798434643425075,3.4014332201107447,17.60197427281688,14.200541052706134,0.373342838704843,0.29332622668457015,0.08001661202027288,0.2533143225903138,0.4133475466308596,0.16003322404054582,0.10624436251022235,0.3760011156631407,0.26975675315291836,1.118874061380606,1.6025669678283596,0.48369290644775353
19,21,MP_vent_PEEP_Jmin,compliance_dominant,compliance_dominant,31.581920529792388,30.374172126257765,0.03824176564548409,0.8051656023564107,3.388874008132756,0.010884116488598466,0.00544205824429933,0.12815512151479844,0.21473397971980068,S019,S021,3.0,6.0,3.0,1.0,0.6,0.4,10.0,10.0,0.0,1.207748403534623,35.614290927751654,38.600582134706215,2.9862912069545615,4.03237039795927,8.226410008448442,4.194039610489171,0.37111922681598436,0.3725796934359014,0.0014604666199170557,0.25776154636803134,0.254840613128197,0.0029209332398343335,0.11322338007906635,0.2131162162202726,0.09989283614120625,1.1276797082101255,1.2708356946899932,0.14315598647986771
19,24,MP_vent_PEEP_Jmin,compliance_dominant,compliance_dominant,31.581920529792388,32.13458965705187,0.01749954144612985,0.368446084839654,10.811006051893486,0.015383184337816963,0.007691592168908523,0.24248841894099918,0.4841509777240529,S019,S024,3.0,9.0,6.0,1.0,0.6,0.4,10.0,10.0,0.0,0.552669127259481,35.614290927751654,46.60952002206497,10.995229094313316,4.03237039795927,14.4749303650131,10.442559967053828,0.37111922681598436,0.3734385615346183,0.0023193347186339364,0.25776154636803134,0.25312287693076346,0.004638669437267873,0.11322338007906635,0.3105573787964489,0.19733399871738255,1.1276797082101255,1.4504470266928275,0.322767318482702
19,71,MP_vent_PEEP_Jmin,compliance_dominant,resistance_dominant,31.581920529792388,32.57675207838605,0.03150003330719553,0.663221032395775,9.156530817672461,0.17430289369663515,0.17216631605462712,0.20504699095335469,0.3852267084500822,S019,S071,3.0,9.0,6.0,1.0,1.4,0.3999999999999999,10.0,10.0,0.0,0.9948315485936625,35.614290927751654,45.102432261622,9.488141333870345,4.03237039795927,12.525680183235952,8.493309785276683,0.37111922681598436,0.5453051409658479,0.17418591414986356,0.25776154636803134,0.09061028193169572,0.1671512644363356,0.11322338007906635,0.27771629056675395,0.1644929104876876,1.1276797082101255,1.3844975138435134,0.25681780563338785
19,73,MP_vent_PEEP_Jmin,compliance_dominant,resistance_dominant,31.581920529792388,31.26476929995695,0.010042176806070367,0.21143415322361747,14.006194747247854,0.18877379166149472,0.16493086707219734,0.3060977828583742,0.684066586586406,S019,S073,3.0,12.0,9.0,1.0,1.0,0.0,10.0,10.0,0.0,0.31715122983543864,35.614290927751654,49.5147685983877,13.900477670636043,4.03237039795927,18.24999929843074,14.217628900471471,0.37111922681598436,0.5354518143354543,0.16433258751946994,0.25776154636803134,0.07090362867090866,0.18685791769712268,0.11322338007906635,0.36857688756370355,0.2553535074846372,1.1276797082101255,1.58372409926773,0.4560443910576044
19,104,MP_vent_PEEP_Jmin,compliance_dominant,mixed,31.581920529792388,31.27392035689165,0.00975242061704858,5.417653508082431,15.626021945177648,0.07401557043038859,0.03700778521519427,0.4551866810136551,1.4121198640858885,S019,S104,3.0,12.0,9.0,1.0,1.4,0.3999999999999999,10.0,5.0,5.0,0.3080001729007371,35.614290927751654,56.349966208111,20.735675280359345,4.03237039795927,25.076045851219348,21.04367545326008,0.37111922681598436,0.33333333333333337,0.03778589348265099,0.25776154636803134,0.33333333333333337,0.07557178696530203,0.11322338007906635,0.4450055171037513,0.33178213702468495,1.1276797082101255,1.8018197132005387,0.6741400049904132
19,105,MP_vent_PEEP_Jmin,compliance_dominant,mixed,31.581920529792388,30.355008715428696,0.03884854985960405,0.8179412095757961,4.850311607535065,0.07401557043038864,0.03700778521519421,0.16073555850233415,0.1915195623151884,S019,S105,3.0,0.0,3.0,1.0,0.6,0.4,10.0,10.0,0.0,1.2269118143636923,35.614290927751654,30.355008715428696,5.259282212322958,4.03237039795927,0.0,4.03237039795927,0.37111922681598436,0.33333333333333326,0.0377858934826511,0.25776154636803134,0.33333333333333326,0.07557178696530192,0.11322338007906635,0.0,0.11322338007906635,1.1276797082101255,1.0,0.12767970821012553
19,106,MP_vent_PEEP_Jmin,compliance_dominant,mixed,31.581920529792388,30.355008715428696,0.03884854985960405,0.8179412095757961,4.850311607535065,0.07401557043038864,0.03700778521519421,0.16073555850233415,0.1915195623151884,S019,S106,3.0,0.0,3.0,1.0,1.0,0.0,10.0,10.0,0.0,1.2269118143636923,35.614290927751654,30.355008715428696,5.259282212322958,4.03237039795927,0.0,4.03237039795927,0.37111922681598436,0.33333333333333326,0.0377858934826511,0.25776154636803134,0.33333333333333326,0.07557178696530192,0.11322338007906635,0.0,0.11322338007906635,1.1276797082101255,1.0,0.12767970821012553
19,107,MP_vent_PEEP_Jmin,compliance_dominant,mixed,31.581920529792388,30.355008715428696,0.03884854985960405,0.8179412095757961,4.850311607535065,0.07401557043038864,0.03700778521519421,0.16073555850233415,0.1915195623151884,S019,S107,3.0,0.0,3.0,1.0,1.4,0.3999999999999999,10.0,10.0,0.0,1.2269118143636923,35.614290927751654,30.355008715428696,5.259282212322958,4.03237039795927,0.0,4.03237039795927,0.37111922681598436,0.33333333333333326,0.0377858934826511,0.25776154636803134,0.33333333333333326,0.07557178696530192,0.11322338007906635,0.0,0.11322338007906635,1.1276797082101255,1.0,0.12767970821012553
19,108,MP_vent_PEEP_Jmin,compliance_dominant,mixed,31.581920529792388,31.74220524783746,0.005075204906993246,0.10685647869671655,0.19020413510578038,0.07401557043038853,0.03700778521519432,0.002087854395231903,0.00297155868129928,S019,S108,3.0,3.0,0.0,1.0,0.6,0.4,10.0,10.0,0.0,0.16028471804507305,35.614290927751654,35.85792330220579,0.24363237445413688,4.03237039795927,4.115718054368333,0.08334765640906294,0.37111922681598436,0.33333333333333337,0.03778589348265099,0.25776154636803134,0.33333333333333337,0.07557178696530203,0.11322338007906635,0.11477848339630856,0.0015551033172422069,1.1276797082101255,1.1296607473309916,0.0019810391208661127
19,111,MP_vent_PEEP_Jmin,compliance_dominant,mixed,31.581920529792388,33.129401780246354,0.04899895967359459,1.031654166969311,7.015261163352214,0.07401557043038859,0.03700778521519427,0.15126683625278595,0.26197386902323716,S019,S111,3.0,6.0,3.0,1.0,0.6,0.4,10.0,10.0,0.0,1.5474812504539663,35.614290927751654,43.14537917458853,7.531088246836873,4.03237039795927,10.015977394342173,5.983606996382902,0.37111922681598436,0.3333333333333333,0.037785893482651045,0.25776154636803134,0.3333333333333333,0.07557178696530198,0.11322338007906635,0.23214484577392044,0.1189214656948541,1.1276797082101255,1.302328954225617,0.17464924601549137
20,24,MP_vent_PEEP_Jmin,compliance_dominant,compliance_dominant,33.60283266774315,32.13458965705187,0.043694025001074194,0.9788286737941903,9.439354758995822,0.008472560041006466,0.004236280020503191,0.2498998594621586,0.49458103313656854,S020,S024,3.0,9.0,6.0,1.4,0.6,0.7999999999999999,10.0,10.0,0.0,1.4682430106912818,37.65957959996624,46.60952002206497,8.949940422098727,4.05674693222309,14.4749303650131,10.41818343279001,0.3755858411905969,0.3734385615346183,0.0021472796559786067,0.24882831761880625,0.25312287693076346,0.004294559311957213,0.10772151402950676,0.3105573787964489,0.20283586476694215,1.1207263379351153,1.4504470266928275,0.3297206887577122
20,27,MP_vent_PEEP_Jmin,compliance_dominant,compliance_dominant,33.60283266774315,33.89500718784589,0.008694937209362468,0.19478301340182824,18.285030370983446,0.013870350681203375,0.006935175340601507,0.34165084482933633,0.799010342334689,S020,S027,3.0,12.0,9.0,1.4,0.6,0.7999999999999999,10.0,10.0,0.0,0.2921745201027406,37.65957959996624,56.04200147765059,18.382421877684344,4.05674693222309,22.146994289804702,18.09024735758161,0.3755858411905969,0.3751585900640619,0.00042725112653502206,0.24882831761880625,0.24968281987187638,0.0008545022530701274,0.10772151402950676,0.39518564123083416,0.2874641272013274,1.1207263379351153,1.6533998994915744,0.5326735615564591
20,71,MP_vent_PEEP_Jmin,compliance_dominant,resistance_dominant,33.60283266774315,32.57675207838605,0.0305355384619726,0.6840537262380693,7.784879524774798,0.16739226939982466,0.1687110039062218,0.2124584314745141,0.39565676386259785,S020,S071,3.0,9.0,6.0,1.4,1.4,0.0,10.0,10.0,0.0,1.0260805893571003,37.65957959996624,45.102432261622,7.442852661655756,4.05674693222309,12.525680183235952,8.468933251012862,0.3755858411905969,0.5453051409658479,0.16971929977525102,0.24882831761880625,0.09061028193169572,0.15821803568711051,0.10772151402950676,0.27771629056675395,0.1699947765372472,1.1207263379351153,1.3844975138435134,0.26377117590839805
20,111,MP_vent_PEEP_Jmin,compliance_dominant,mixed,33.60283266774315,33.129401780246354,0.01408901720214986,0.3156205916645334,5.643609870454551,0.08092619472719909,0.0404630973635996,0.15867827677394536,0.2724039244357528,S020,S111,3.0,6.0,3.0,1.4,0.6,0.7999999999999999,10.0,10.0,0.0,0.4734308874967965,37.65957959996624,43.14537917458853,5.485799574622284,4.05674693222309,10.015977394342173,5.959230462119082,0.3755858411905969,0.3333333333333333,0.04225250785726359,0.24882831761880625,0.3333333333333333,0.08450501571452707,0.10772151402950676,0.23214484577392044,0.12442333174441368,1.1207263379351153,1.302328954225617,0.18160261629050156
20,114,MP_vent_PEEP_Jmin,compliance_dominant,mixed,33.60283266774315,34.51659831265528,0.027193113567157583,0.6091770966080894,14.253208184306505,0.08092619472719909,0.0404630973635996,0.281457912783388,0.5881394533030451,S020,S114,3.0,9.0,6.0,1.4,0.6,0.7999999999999999,10.0,10.0,0.0,0.9137656449121323,37.65957959996624,52.2173763325768,14.557796732610555,4.05674693222309,17.700778019921504,13.644031087698414,0.3755858411905969,0.3333333333333333,0.04225250785726359,0.24882831761880625,0.3333333333333333,0.08450501571452707,0.10772151402950676,0.33898252388599115,0.2312610098564844,1.1207263379351153,1.512819306803812,0.3920929688686967
20,149,MP_vent_PEEP_Jmin,compliance_dominant,severe_mixed,33.60283266774315,35.125715601442245,0.045320076100637104,4.839030644440978,20.02420006566376,0.16367830968732588,0.08183915484366311,0.4688405448815449,1.4655660642163046,S020,S149,3.0,12.0,9.0,1.4,1.4,0.0,10.0,5.0,5.0,1.522882933699094,37.65957959996624,64.04569324377006,26.386113643803817,4.05674693222309,28.919977642327822,24.86323071010473,0.3755858411905969,0.2932800180314615,0.08230582315913543,0.24882831761880625,0.4134399639370771,0.16461164631827085,0.10772151402950676,0.4515522617930436,0.34383074776353684,1.1207263379351153,1.8233277855594887,0.7026014476243734
20,150,MP_vent_PEEP_Jmin,compliance_dominant,severe_mixed,33.60283266774315,34.40833782121126,0.023971346744268717,0.5370034356454063,3.519743496577682,0.1594600494543878,0.07973002472719404,0.15332411798117473,0.18108950690267278,S020,S150,3.0,0.0,3.0,1.4,0.6,0.7999999999999999,10.0,10.0,0.0,0.8055051534681112,37.65957959996624,34.40833782121126,3.2512417787549808,4.05674693222309,0.0,4.05674693222309,0.3755858411905969,0.2940664059697388,0.08151943522085808,0.24882831761880625,0.4118671880605223,0.16303887044171606,0.10772151402950676,0.0,0.10772151402950676,1.1207263379351153,1.0,0.12072633793511534
20,151,MP_vent_PEEP_Jmin,compliance_dominant,severe_mixed,33.60283266774315,34.40833782121126,0.023971346744268717,0.5370034356454063,3.519743496577682,0.1594600494543878,0.07973002472719404,0.15332411798117473,0.18108950690267278,S020,S151,3.0,0.0,3.0,1.4,1.0,0.3999999999999999,10.0,10.0,0.0,0.8055051534681112,37.65957959996624,34.40833782121126,3.2512417787549808,4.05674693222309,0.0,4.05674693222309,0.3755858411905969,0.2940664059697388,0.08151943522085808,0.24882831761880625,0.4118671880605223,0.16303887044171606,0.10772151402950676,0.0,0.10772151402950676,1.1207263379351153,1.0,0.12072633793511534
20,152,MP_vent_PEEP_Jmin,compliance_dominant,severe_mixed,33.60283266774315,34.40833782121126,0.023971346744268717,0.5370034356454063,3.519743496577682,0.1594600494543878,0.07973002472719404,0.15332411798117473,0.18108950690267278,S020,S152,3.0,0.0,3.0,1.4,1.4,0.0,10.0,10.0,0.0,0.8055051534681112,37.65957959996624,34.40833782121126,3.2512417787549808,4.05674693222309,0.0,4.05674693222309,0.3755858411905969,0.2940664059697388,0.08151943522085808,0.24882831761880625,0.4118671880605223,0.16303887044171606,0.10772151402950676,0.0,0.10772151402950676,1.1207263379351153,1.0,0.12072633793511534
21,73,MP_vent_PEEP_Jmin,compliance_dominant,resistance_dominant,30.374172126257765,31.26476929995695,0.0293208707054532,0.5937314491327932,10.617320739115097,0.17788967517289628,0.159488808827898,0.17794266134357578,0.4693326068666053,S021,S073,6.0,12.0,6.0,0.6,1.0,0.4,10.0,10.0,0.0,0.8905971736991845,38.600582134706215,49.5147685983877,10.914186463681482,8.226410008448442,18.24999929843074,10.023589289982299,0.3725796934359014,0.5354518143354543,0.16287212089955289,0.254840613128197,0.07090362867090866,0.18393698445728834,0.2131162162202726,0.36857688756370355,0.15546067134343095,1.2708356946899932,1.58372409926773,0.3128884045777367
21,104,MP_vent_PEEP_Jmin,compliance_dominant,mixed,30.374172126257765,31.27392035689165,0.029622148280909838,4.61248790572602,12.237147937044892,0.08489968691898706,0.0424498434594936,0.32703155949885665,1.1973858843660878,S021,S104,6.0,12.0,6.0,0.6,1.4,0.7999999999999999,10.0,5.0,5.0,0.899748230633886,38.600582134706215,56.349966208111,17.749384073404784,8.226410008448442,25.076045851219348,16.84963584277091,0.3725796934359014,0.33333333333333337,0.039246360102568045,0.254840613128197,0.33333333333333337,0.07849272020513637,0.2131162162202726,0.4450055171037513,0.2318893008834787,1.2708356946899932,1.8018197132005387,0.5309840185105454
21,105,MP_vent_PEEP_Jmin,compliance_dominant,mixed,30.374172126257765,30.355008715428696,0.0006309113792274498,0.012775607219385421,8.239185615667822,0.08489968691898711,0.04244984345949354,0.2888906800171326,0.4062535420349891,S021,S105,6.0,0.0,6.0,0.6,0.6,0.0,10.0,10.0,0.0,0.01916341082906925,38.600582134706215,30.355008715428696,8.24557341927752,8.226410008448442,0.0,8.226410008448442,0.3725796934359014,0.33333333333333326,0.039246360102568156,0.254840613128197,0.33333333333333326,0.07849272020513626,0.2131162162202726,0.0,0.2131162162202726,1.2708356946899932,1.0,0.27083569468999324
21,106,MP_vent_PEEP_Jmin,compliance_dominant,mixed,30.374172126257765,30.355008715428696,0.0006309113792274498,0.012775607219385421,8.239185615667822,0.08489968691898711,0.04244984345949354,0.2888906800171326,0.4062535420349891,S021,S106,6.0,0.0,6.0,0.6,1.0,0.4,10.0,10.0,0.0,0.01916341082906925,38.600582134706215,30.355008715428696,8.24557341927752,8.226410008448442,0.0,8.226410008448442,0.3725796934359014,0.33333333333333326,0.039246360102568156,0.254840613128197,0.33333333333333326,0.07849272020513626,0.2131162162202726,0.0,0.2131162162202726,1.2708356946899932,1.0,0.27083569468999324
21,107,MP_vent_PEEP_Jmin,compliance_dominant,mixed,30.374172126257765,30.355008715428696,0.0006309113792274498,0.012775607219385421,8.239185615667822,0.08489968691898711,0.04244984345949354,0.2888906800171326,0.4062535420349891,S021,S107,6.0,0.0,6.0,0.6,1.4,0.7999999999999999,10.0,10.0,0.0,0.01916341082906925,38.600582134706215,30.355008715428696,8.24557341927752,8.226410008448442,0.0,8.226410008448442,0.3725796934359014,0.33333333333333326,0.039246360102568156,0.254840613128197,0.33333333333333326,0.07849272020513626,0.2131162162202726,0.0,0.2131162162202726,1.2708356946899932,1.0,0.27083569468999324
21,108,MP_vent_PEEP_Jmin,compliance_dominant,mixed,30.374172126257765,31.74220524783746,0.04503935501165687,0.9120220810531272,3.198669873026976,0.084899686918987,0.04244984345949365,0.12606726711956653,0.2117624210385014,S021,S108,6.0,3.0,3.0,0.6,0.6,0.0,10.0,10.0,0.0,1.3680331215796961,38.600582134706215,35.85792330220579,2.7426588325004246,8.226410008448442,4.115718054368333,4.110691954080108,0.3725796934359014,0.33333333333333337,0.039246360102568045,0.254840613128197,0.33333333333333337,0.07849272020513637,0.2131162162202726,0.11477848339630856,0.09833773282396405,1.2708356946899932,1.1296607473309916,0.1411749473590016
21,146,MP_vent_PEEP_Jmin,compliance_dominant,severe_mixed,30.374172126257765,29.211648186182643,0.03827343623532531,5.643623991080524,3.7319402732879148,0.16780550544250297,0.08390275272125153,0.25762212637973325,0.7988803936217301,S021,S146,6.0,9.0,3.0,0.6,1.4,0.7999999999999999,10.0,5.0,5.0,1.162523940075122,38.600582134706215,46.81362245899952,8.213040324293303,8.226410008448442,17.60197427281688,9.375564264368437,0.3725796934359014,0.29332622668457015,0.07925346675133127,0.254840613128197,0.4133475466308596,0.1585069335026626,0.2131162162202726,0.3760011156631407,0.1628848994428681,1.2708356946899932,1.6025669678283596,0.33173127313836637
22,74,MP_vent_PEEP_Jmin,compliance_dominant,resistance_dominant,36.310503994915095,37.273723887323754,0.02652730715452334,0.6421465949391028,10.420463270714826,0.18049408236713527,0.17521471415900358,0.15221565517446883,0.38300825120581106,S022,S074,6.0,12.0,6.0,1.0,1.4,0.3999999999999999,10.0,10.0,0.0,0.9632198924086595,46.145180123728785,56.886716691913165,10.74153656818438,9.834676128813681,19.6129928045894,9.778316675775718,0.3680230835066687,0.5452714559928777,0.17724837248620906,0.2639538329866624,0.09054291198575565,0.17341092100090677,0.21312466659451812,0.3447728036548385,0.13164813706032036,1.2708493423883878,1.5261881765255951,0.25533883413720737
22,75,MP_vent_PEEP_Jmin,compliance_dominant,resistance_dominant,36.310503994915095,36.971673303145884,0.018208761528712994,3.5217523140826863,6.312923814730997,0.1707494705604538,0.18008702006234434,0.28890103184625454,0.40627401358258175,S022,S075,6.0,0.0,6.0,1.0,0.6,0.4,10.0,15.0,5.0,0.6611693082307895,46.145180123728785,36.971673303145884,9.173506820582901,9.834676128813681,0.0,9.834676128813681,0.3680230835066687,0.5473561423910588,0.1793330588843901,0.2639538329866624,0.09471228478211735,0.16924154820454507,0.21312466659451812,0.0,0.21312466659451812,1.2708493423883878,1.0,0.27084934238838776
22,76,MP_vent_PEEP_Jmin,compliance_dominant,resistance_dominant,36.310503994915095,36.971673303145884,0.018208761528712994,3.5217523140826863,6.312923814730997,0.1707494705604538,0.18008702006234434,0.28890103184625454,0.40627401358258175,S022,S076,6.0,0.0,6.0,1.0,1.0,0.0,10.0,15.0,5.0,0.6611693082307895,46.145180123728785,36.971673303145884,9.173506820582901,9.834676128813681,0.0,9.834676128813681,0.3680230835066687,0.5473561423910588,0.1793330588843901,0.2639538329866624,0.09471228478211735,0.16924154820454507,0.21312466659451812,0.0,0.21312466659451812,1.2708493423883878,1.0,0.27084934238838776
22,77,MP_vent_PEEP_Jmin,compliance_dominant,resistance_dominant,36.310503994915095,36.971673303145884,0.018208761528712994,3.5217523140826863,6.312923814730997,0.1707494705604538,0.18008702006234434,0.28890103184625454,0.40627401358258175,S022,S077,6.0,0.0,6.0,1.0,1.4,0.3999999999999999,10.0,15.0,5.0,0.6611693082307895,46.145180123728785,36.971673303145884,9.173506820582901,9.834676128813681,0.0,9.834676128813681,0.3680230835066687,0.5473561423910588,0.1793330588843901,0.2639538329866624,0.09471228478211735,0.16924154820454507,0.21312466659451812,0.0,0.21312466659451812,1.2708493423883878,1.0,0.27084934238838776
22,109,MP_vent_PEEP_Jmin,compliance_dominant,mixed,36.310503994915095,35.33765729263649,0.026792431810223262,0.6485644681857394,6.169453551515758,0.06787157799076216,0.03393578899538097,0.13413093336111742,0.22316395298516256,S022,S109,6.0,3.0,3.0,1.0,1.0,0.0,10.0,10.0,0.0,0.972846702278602,46.145180123728785,39.65144433812015,6.493735785608635,9.834676128813681,4.313787045483664,5.520889083330017,0.3680230835066687,0.3333333333333334,0.034689750173335254,0.2639538329866624,0.3333333333333334,0.06937950034667101,0.21312466659451812,0.10879268378469813,0.10433198280981999,1.2708493423883878,1.1220733737316124,0.14877596865677534
22,114,MP_vent_PEEP_Jmin,compliance_dominant,mixed,36.310503994915095,34.51659831265528,0.04940459329650256,1.1959371215065424,6.6701647696012785,0.06787157799076216,0.03393578899538097,0.1458809989183082,0.3629549466231361,S022,S114,6.0,9.0,3.0,1.0,0.6,0.4,10.0,10.0,0.0,1.7939056822598118,46.145180123728785,52.2173763325768,6.072196208848013,9.834676128813681,17.700778019921504,7.866101891107823,0.3680230835066687,0.3333333333333333,0.034689750173335365,0.2639538329866624,0.3333333333333333,0.0693795003466709,0.21312466659451812,0.33898252388599115,0.12585785729147303,1.2708493423883878,1.512819306803812,0.2419699644154243
22,117,MP_vent_PEEP_Jmin,compliance_dominant,mixed,36.310503994915095,35.90379484506408,0.011200867658239428,0.27113943323401557,17.064304369058625,0.0678715779907621,0.03393578899538102,0.24274161057063476,0.7288477770952737,S022,S117,6.0,12.0,6.0,1.0,0.6,0.4,10.0,10.0,0.0,0.406709149851018,46.145180123728785,63.07391477617039,16.928734652441605,9.834676128813681,27.170119931106324,17.335443802292644,0.3680230835066687,0.3333333333333334,0.034689750173335254,0.2639538329866624,0.3333333333333334,0.06937950034667101,0.21312466659451812,0.4307663481412972,0.2176416815467791,1.2708493423883878,1.7567478604519033,0.4858985180635156
22,149,MP_vent_PEEP_Jmin,compliance_dominant,severe_mixed,36.310503994915095,35.125715601442245,0.032629356883582976,6.64414486255561,12.441156650958533,0.15062369295088895,0.07531184647544448,0.3332636310164651,1.2403815575363957,S022,S149,6.0,12.0,6.0,1.0,1.4,0.3999999999999999,10.0,5.0,5.0,1.18478839347285,46.145180123728785,64.04569324377006,17.900513120041275,9.834676128813681,28.919977642327822,19.08530151351414,0.3680230835066687,0.2932800180314615,0.0747430654752072,0.2639538329866624,0.4134399639370771,0.1494861309504147,0.21312466659451812,0.4515522617930436,0.23842759519852547,1.2708493423883878,1.8233277855594887,0.552478443171101
22,153,MP_vent_PEEP_Jmin,compliance_dominant,severe_mixed,36.310503994915095,36.261663581471836,0.0013450767152694465,0.03256027562884256,5.301128493810101,0.1482078286364626,0.07410391431823121,0.13002766779290015,0.2173923906928843,S022,S153,6.0,3.0,3.0,1.0,0.6,0.4,10.0,10.0,0.0,0.04884041344325851,46.145180123728785,40.82777149210426,5.317408631624524,9.834676128813681,4.566107910632431,5.26856821818125,0.3680230835066687,0.29275761727643645,0.07526546623023223,0.2639538329866624,0.41448476544712703,0.15053093246046462,0.21312466659451812,0.11183828418152769,0.10128638241299043,1.2708493423883878,1.1259210819264651,0.14492826046192264
22,156,MP_vent_PEEP_Jmin,compliance_dominant,severe_mixed,36.310503994915095,38.114989341732425,0.0496959597991267,1.202990231211544,2.448840869937321,0.1480435323290733,0.07402176616453654,0.014753913881194791,0.029795638760491405,S022,S156,6.0,6.0,0.0,1.0,0.6,0.4,10.0,10.0,0.0,1.80448534681733,46.145180123728785,49.19551610927187,3.050335985543086,9.834676128813681,11.080526767539455,1.2458506387257735,0.3680230835066687,0.29233950968725864,0.07568357381941004,0.2639538329866624,0.41532098062548284,0.15136714763882042,0.21312466659451812,0.22523448565775103,0.012109819063232913,1.2708493423883878,1.2907131015620483,0.019863759173660567
23,25,MP_vent_PEEP_Jmin,compliance_dominant,compliance_dominant,40.3523282708166,41.039087460037834,0.017019072223346997,0.45783945948082305,7.638525564145127,0.013382507979712577,0.006691253989856316,0.11340629306275818,0.25609652551471207,S023,S025,6.0,9.0,3.0,1.4,1.0,0.3999999999999999,10.0,10.0,0.0,0.6867591892212346,50.578559358715545,58.44600465260107,7.867445293885524,10.226231087898931,17.406917192563238,7.180686104664307,0.375056593902085,0.3663957264822041,0.008660867419880924,0.2498868121958297,0.2672085470355919,0.017321734839762182,0.20218510012062607,0.2978290354666453,0.09564393534601923,1.253423569992483,1.4241545870022907,0.17073101700980775
23,78,MP_vent_PEEP_Jmin,compliance_dominant,resistance_dominant,40.3523282708166,38.45355088643275,0.04705496475049922,1.9386109842801638,4.95991450787222,0.16369377192778778,0.17293878178414557,0.17198526524931151,0.2647509316507437,S023,S078,6.0,3.0,3.0,1.4,0.6,0.7999999999999999,10.0,15.0,5.0,1.8987773843838482,50.578559358715545,41.781256482179295,8.79730287653625,10.226231087898931,3.327705595746544,6.8985254921523875,0.375056593902085,0.5447981568535765,0.16974156295149145,0.2498868121958297,0.08959631370715286,0.16029049848867682,0.20218510012062607,0.07964589569406295,0.12253920442656312,1.253423569992483,1.086538317503485,0.16688525248899788
23,79,MP_vent_PEEP_Jmin,compliance_dominant,resistance_dominant,40.3523282708166,41.23131751927381,0.021782863247891134,4.021935958910966,2.4061289221555313,0.17023781303175803,0.16966676123216062,0.1660444109487697,0.2573107179457139,S023,S079,6.0,3.0,3.0,1.4,1.0,0.3999999999999999,10.0,15.0,5.0,0.8789892484572093,50.578559358715545,45.029483726106264,5.549075632609281,10.226231087898931,3.798166206832455,6.428064881066476,0.375056593902085,0.542787560131209,0.16773096622912398,0.2498868121958297,0.08557512026241788,0.16431169193341183,0.20218510012062607,0.08434842890793422,0.11783667121269185,1.253423569992483,1.0921184777822581,0.16130509221022482
23,81,MP_vent_PEEP_Jmin,compliance_dominant,resistance_dominant,40.3523282708166,39.93542846971964,0.010331493099952509,3.050019171745337,0.48839460705387694,0.16400798608891012,0.17278167470358452,0.07167513813612902,0.12423537454841482,S023,S081,6.0,6.0,0.0,1.4,0.6,0.7999999999999999,10.0,15.0,5.0,0.41689980109696023,50.578559358715545,47.60003499292712,2.9785243657884237,10.226231087898931,7.6646065232074845,2.5616245646914466,0.375056593902085,0.5437575343617088,0.1687009404596238,0.2498868121958297,0.08751506872341747,0.16237174347241223,0.20218510012062607,0.16102102707164745,0.04116407304897862,1.253423569992483,1.1919249853302323,0.061498584662250666
23,84,MP_vent_PEEP_Jmin,compliance_dominant,resistance_dominant,40.3523282708166,41.41730605300653,0.026391978550594202,4.161427359210496,6.945899053694376,0.16222055100097055,0.17367539224755435,0.019770056601556618,0.0387138016329549,S023,S084,6.0,9.0,3.0,1.4,0.6,0.7999999999999999,10.0,15.0,5.0,1.0649777821899278,50.578559358715545,54.42800883538935,3.8494494766738043,10.226231087898931,13.01070278238281,2.7844716944838783,0.375056593902085,0.5438055062563539,0.16874891235426892,0.2498868121958297,0.08761101251270786,0.16227579968312184,0.20218510012062607,0.23904425425027104,0.036859154129644967,1.253423569992483,1.3141368674662595,0.06071329747377652
23,112,MP_vent_PEEP_Jmin,compliance_dominant,mixed,40.3523282708166,40.32030586984429,0.0007935700948256858,0.02134826731487749,0.3795892092578228,0.0785476655852938,0.039273832792646846,0.007902071393345922,0.01521761922146414,S023,S112,6.0,6.0,0.0,1.4,1.0,0.3999999999999999,10.0,10.0,0.0,0.03202240097230913,50.578559358715545,50.94747443431593,0.36891507560038406,10.226231087898931,10.62716856447164,0.4009374765727092,0.375056593902085,0.33333333333333326,0.04172326056875175,0.2498868121958297,0.33333333333333326,0.08344652113750356,0.20218510012062607,0.20859068447392276,0.006405584353296689,1.253423569992483,1.263568649473459,0.010145079480976094
23,154,MP_vent_PEEP_Jmin,compliance_dominant,severe_mixed,40.3523282708166,40.262505460779096,0.002225963504129817,0.059881873358335724,5.250011266780049,0.16231652205534713,0.0811582610276736,0.11745177829794967,0.1925128398157785,S023,S154,6.0,3.0,3.0,1.4,1.0,0.3999999999999999,10.0,10.0,0.0,0.08982281003750359,50.578559358715545,45.29860715525632,5.279952203459224,10.226231087898931,5.0361016944772246,5.1901293934217065,0.375056593902085,0.2917782453532468,0.0832783485488382,0.2498868121958297,0.4164435092935063,0.16655669709767662,0.20218510012062607,0.11117564116743156,0.09100945895319451,1.253423569992483,1.1250816767819638,0.12834189321051914
23,159,MP_vent_PEEP_Jmin,compliance_dominant,severe_mixed,40.3523282708166,39.968315101992985,0.0095165058691629,0.25600877921573684,9.061016703606391,0.15759938972148124,0.07879969486074068,0.14768339876632258,0.35331775108478713,S023,S159,6.0,9.0,3.0,1.4,0.6,0.7999999999999999,10.0,10.0,0.0,0.38401316882361414,50.578559358715545,59.511571672714055,8.93301231399851,10.226231087898931,19.543256570721066,9.317025482822135,0.375056593902085,0.2924774396243925,0.08257915427769252,0.2498868121958297,0.41504512075121525,0.16515830855538555,0.20218510012062607,0.3283942268942229,0.1262091267735968,1.253423569992483,1.488968737382341,0.2355451673898581
23,162,MP_vent_PEEP_Jmin,compliance_dominant,severe_mixed,40.3523282708166,41.82164086225356,0.03641208957203069,0.9795417276246425,20.707607959902965,0.15611733269596384,0.07805866634798181,0.24248992429493343,0.6942233993283287,S023,S162,6.0,12.0,6.0,1.4,0.6,0.7999999999999999,10.0,10.0,0.0,1.4693125914369602,50.578559358715545,71.77593818243083,21.19737882371529,10.226231087898931,29.954297320177268,19.728066232278337,0.375056593902085,0.2929204241856895,0.08213616971639554,0.2498868121958297,0.414159151628621,0.1642723394327913,0.20218510012062607,0.4173306274874916,0.21514552736686554,1.253423569992483,1.7162391695447023,0.4628155995522194
24,71,MP_vent_PEEP_Jmin,compliance_dominant,resistance_dominant,32.13458965705187,32.57675207838605,0.01375970336179942,0.294774947556121,1.6544752342210245,0.15891970935881822,0.1644747238857186,0.03744142798764449,0.09892426927397069,S024,S071,9.0,9.0,0.0,0.6,1.4,0.7999999999999999,10.0,10.0,0.0,0.4421624213341815,46.60952002206497,45.102432261622,1.507087760442971,14.4749303650131,12.525680183235952,1.9492501817771473,0.3734385615346183,0.5453051409658479,0.17186657943122963,0.25312287693076346,0.09061028193169572,0.16251259499906773,0.3105573787964489,0.27771629056675395,0.03284108822969495,1.4504470266928275,1.3844975138435134,0.06594951284931416
24,73,MP_vent_PEEP_Jmin,compliance_dominant,resistance_dominant,32.13458965705187,31.26476929995695,0.02706803996496776,0.5798802380632715,3.195188695354368,0.17339060732367778,0.15723927490328882,0.06360936391737504,0.19991560886235304,S024,S073,9.0,12.0,3.0,0.6,1.0,0.4,10.0,10.0,0.0,0.8698203570949197,46.60952002206497,49.5147685983877,2.9052485763227267,14.4749303650131,18.24999929843074,3.775068933417641,0.3734385615346183,0.5354518143354543,0.162013252800836,0.25312287693076346,0.07090362867090866,0.1822192482598548,0.3105573787964489,0.36857688756370355,0.058019508767254646,1.4504470266928275,1.58372409926773,0.1332770725749024
24,104,MP_vent_PEEP_Jmin,compliance_dominant,mixed,32.13458965705187,31.27392035689165,0.026783267169286726,5.786099592922085,4.815015893284162,0.08939875476820555,0.04469937738410279,0.2126982620726559,0.9279688863618356,S024,S104,9.0,12.0,3.0,0.6,1.4,0.7999999999999999,10.0,5.0,5.0,0.8606693001602181,46.60952002206497,56.349966208111,9.740446186046029,14.4749303650131,25.076045851219348,10.601115486206249,0.3734385615346183,0.33333333333333337,0.040105228201284926,0.25312287693076346,0.33333333333333337,0.08021045640256991,0.3105573787964489,0.4450055171037513,0.1344481383073024,1.4504470266928275,1.8018197132005387,0.35137268650771114
24,108,MP_vent_PEEP_Jmin,compliance_dominant,mixed,32.13458965705187,31.74220524783746,0.012210655664255542,0.26158960614293747,10.620801916787705,0.0893987547682055,0.044699377384102845,0.24040056454576728,0.48117941904275363,S024,S108,9.0,3.0,6.0,0.6,0.6,0.0,10.0,10.0,0.0,0.392384409214408,46.60952002206497,35.85792330220579,10.75159671985918,14.4749303650131,4.115718054368333,10.359212310644766,0.3734385615346183,0.33333333333333337,0.040105228201284926,0.25312287693076346,0.33333333333333337,0.08021045640256991,0.3105573787964489,0.11477848339630856,0.19577889540014035,1.4504470266928275,1.1296607473309916,0.3207862793618359
24,111,MP_vent_PEEP_Jmin,compliance_dominant,mixed,32.13458965705187,33.129401780246354,0.030957673143219237,0.6632080821296569,3.7957448885412717,0.08939875476820555,0.04469937738410279,0.09122158268821323,0.22217710870081575,S024,S111,9.0,6.0,3.0,0.6,0.6,0.0,10.0,10.0,0.0,0.9948121231944853,46.60952002206497,43.14537917458853,3.4641408474764432,14.4749303650131,10.015977394342173,4.458952970670927,0.3734385615346183,0.3333333333333333,0.04010522820128498,0.25312287693076346,0.3333333333333333,0.08021045640256985,0.3105573787964489,0.23214484577392044,0.07841253302252846,1.4504470266928275,1.302328954225617,0.14811807246721065
25,79,MP_vent_PEEP_Jmin,compliance_dominant,resistance_dominant,41.039087460037834,41.23131751927381,0.004684072457097404,3.5640964994301427,10.044654486300658,0.1836203210114706,0.17635801522201694,0.2794507040115279,0.513407243460426,S025,S079,9.0,3.0,6.0,1.0,1.0,0.0,10.0,15.0,5.0,0.1922300592359747,58.44600465260107,45.029483726106264,13.416520926494805,17.406917192563238,3.798166206832455,13.608750985730783,0.3663957264822041,0.542787560131209,0.1763918336490049,0.2672085470355919,0.08557512026241788,0.181633426773174,0.2978290354666453,0.08434842890793422,0.2134806065587111,1.4241545870022907,1.0921184777822581,0.33203610922003257
25,81,MP_vent_PEEP_Jmin,compliance_dominant,resistance_dominant,41.039087460037834,39.93542846971964,0.026892873565789985,2.592179712264514,7.15013095709125,0.1773904940686227,0.17947292869344084,0.1850814311988872,0.3803319000631269,S025,S081,9.0,6.0,3.0,1.0,0.6,0.4,10.0,15.0,5.0,1.1036589903181948,58.44600465260107,47.60003499292712,10.845969659673948,17.406917192563238,7.6646065232074845,9.742310669355753,0.3663957264822041,0.5437575343617088,0.17736180787950473,0.2672085470355919,0.08751506872341747,0.17969347831217442,0.2978290354666453,0.16102102707164745,0.13680800839499785,1.4241545870022907,1.1919249853302323,0.23222960167205842
25,84,MP_vent_PEEP_Jmin,compliance_dominant,resistance_dominant,41.039087460037834,41.41730605300653,0.009216057577717507,3.7035878997296727,0.6926265104507507,0.17560305898068312,0.18036664623741067,0.09363623646120156,0.21738272388175717,S025,S084,9.0,9.0,0.0,1.0,0.6,0.4,10.0,15.0,5.0,0.3782185929686932,58.44600465260107,54.42800883538935,4.01799581721172,17.406917192563238,13.01070278238281,4.396214410180429,0.3663957264822041,0.5438055062563539,0.17740977977414985,0.2672085470355919,0.08761101251270786,0.17959753452288402,0.2978290354666453,0.23904425425027104,0.05878478121637426,1.4241545870022907,1.3141368674662595,0.11001771953603123
25,87,MP_vent_PEEP_Jmin,compliance_dominant,resistance_dominant,41.039087460037834,42.899183636293344,0.04532498872122327,4.8149960871947854,6.7740732679040505,0.1726089203090606,0.18186371557322184,0.013095581993345817,0.034324719519962965,S025,S087,9.0,12.0,3.0,1.0,0.6,0.4,10.0,15.0,5.0,1.8600961762555102,58.44600465260107,62.265178009565844,3.8191733569647752,17.406917192563238,19.36599437327252,1.9590771807092828,0.3663957264822041,0.5445816155093243,0.17818588902712018,0.2672085470355919,0.08916323101864845,0.17804531601694343,0.2978290354666453,0.3110244761574007,0.0131954406907554,1.4241545870022907,1.451430370737605,0.027275783735314363
25,112,MP_vent_PEEP_Jmin,compliance_dominant,mixed,41.039087460037834,40.32030586984429,0.01751456074391185,0.47918772679570054,7.258936354887304,0.06516515760558123,0.03258257880279053,0.10550422166941226,0.24087890629324793,S025,S112,9.0,6.0,3.0,1.0,1.0,0.0,10.0,10.0,0.0,0.7187815901935437,58.44600465260107,50.94747443431593,7.49853021828514,17.406917192563238,10.62716856447164,6.779748628091598,0.3663957264822041,0.33333333333333326,0.03306239314887083,0.2672085470355919,0.33333333333333326,0.06612478629774138,0.2978290354666453,0.20859068447392276,0.08923835099272254,1.4241545870022907,1.263568649473459,0.16058593752883166
25,154,MP_vent_PEEP_Jmin,compliance_dominant,severe_mixed,41.039087460037834,40.262505460779096,0.01892298409449142,0.5177213328391588,12.888536830925176,0.14893401407563456,0.07446700703781728,0.23085807136070785,0.44860936533049056,S025,S154,9.0,3.0,6.0,1.0,1.0,0.0,10.0,10.0,0.0,0.7765819992587382,58.44600465260107,45.29860715525632,13.147397497344748,17.406917192563238,5.0361016944772246,12.370815498086014,0.3663957264822041,0.2917782453532468,0.07461748112895727,0.2672085470355919,0.4164435092935063,0.14923496225791444,0.2978290354666453,0.11117564116743156,0.18665339429921374,1.4241545870022907,1.1250816767819638,0.2990729102203269
25,159,MP_vent_PEEP_Jmin,compliance_dominant,severe_mixed,41.039087460037834,39.968315101992985,0.02609152455174649,0.7138482386965599,1.4224911394612647,0.14421688174176867,0.07210844087088436,0.0342771057035644,0.09722122557007506,S025,S159,9.0,9.0,0.0,1.0,0.6,0.4,10.0,10.0,0.0,1.0707723580448487,58.44600465260107,59.511571672714055,1.0655670201129865,17.406917192563238,19.543256570721066,2.136339378157828,0.3663957264822041,0.2924774396243925,0.0739182868578116,0.2672085470355919,0.41504512075121525,0.14783657371562337,0.2978290354666453,0.3283942268942229,0.030565191427577576,1.4241545870022907,1.488968737382341,0.06481415038005034
25,162,MP_vent_PEEP_Jmin,compliance_dominant,severe_mixed,41.039087460037834,41.82164086225356,0.019068489351225067,0.5217022681438195,13.069082395757839,0.14273482471625126,0.07136741235812549,0.12908363123217526,0.4381268738136166,S025,S162,9.0,12.0,3.0,1.0,0.6,0.4,10.0,10.0,0.0,0.7825534022157257,58.44600465260107,71.77593818243083,13.329933529829766,17.406917192563238,29.954297320177268,12.54738012761403,0.3663957264822041,0.2929204241856895,0.07347530229651461,0.2672085470355919,0.414159151628621,0.1469506045930291,0.2978290354666453,0.4173306274874916,0.11950159202084631,1.4241545870022907,1.7162391695447023,0.29208458254241165
26,28,MP_vent_PEEP_Jmin,compliance_dominant,compliance_dominant,47.10182387389009,45.76767092516056,0.028324868104928982,0.8894352991530106,7.351205823027406,0.01355695457552114,0.006778477287760543,0.0963053261409772,0.2872625071352557,S026,S028,9.0,12.0,3.0,1.4,1.0,0.3999999999999999,10.0,10.0,0.0,1.3341529487295318,65.61027634091761,72.51676451436852,6.90648817345091,18.50845246702753,26.749093589207952,8.24064112218042,0.37485878057471406,0.3656088748575319,0.00924990571718215,0.2502824388505719,0.2687822502849361,0.01849981143436419,0.28209685279872543,0.3688677200140096,0.08677086721528415,1.3929455580442458,1.5844538961344168,0.19150833809017098
26,82,MP_vent_PEEP_Jmin,compliance_dominant,resistance_dominant,47.10182387389009,45.490961735401875,0.03419957033513438,2.7170053856246916,6.976881255706303,0.177302043015299,0.16690959336870675,0.16552819687630602,0.3310647216246485,S026,S082,9.0,6.0,3.0,1.4,1.0,0.3999999999999999,10.0,15.0,5.0,1.6108621384882156,65.61027634091761,54.305527561098415,11.304748779819192,18.50845246702753,8.814565825696546,9.693886641330986,0.37485878057471406,0.5397746333015333,0.16491585272681925,0.2502824388505719,0.07954926660306644,0.17073317224750545,0.28209685279872543,0.16231433928672173,0.1197825135120037,1.3929455580442458,1.1937652115812907,0.19918034646295513
26,113,MP_vent_PEEP_Jmin,compliance_dominant,mixed,47.10182387389009,46.22169680424022,0.01868562610242686,0.5867513797665751,8.407434058371486,0.07777271845697709,0.0388863592284886,0.11331626250340482,0.2425757113935867,S026,S113,9.0,6.0,3.0,1.4,1.4,0.0,10.0,10.0,0.0,0.8801270696498733,65.61027634091761,56.909466592662845,8.700809748254763,18.50845246702753,10.687769788422617,7.820682678604914,0.37485878057471406,0.33333333333333326,0.0415254472413808,0.2502824388505719,0.33333333333333326,0.08305089448276137,0.28209685279872543,0.18780302168217047,0.09429383111655495,1.3929455580442458,1.2312284171151884,0.16171714092905742
26,115,MP_vent_PEEP_Jmin,compliance_dominant,mixed,47.10182387389009,45.30295444705219,0.03819107794326982,1.1992462845585834,0.7675541946221784,0.07777271845697714,0.03888635922848854,0.014576726020279374,0.03769786721232382,S026,S115,9.0,9.0,0.0,1.4,1.0,0.3999999999999999,10.0,10.0,0.0,1.7988694268379035,65.61027634091761,64.24309900401613,1.3671773369014772,18.50845246702753,18.940144556963947,0.4316920899364156,0.37485878057471406,0.3333333333333334,0.04152544724138063,0.2502824388505719,0.3333333333333334,0.08305089448276154,0.28209685279872543,0.2948199082952071,0.012723055496481672,1.3929455580442458,1.4180774695191287,0.025131911474882918
26,157,MP_vent_PEEP_Jmin,compliance_dominant,severe_mixed,47.10182387389009,46.11667310034697,0.02091534239057813,0.6567671823620707,6.810714296170303,0.16426486546397234,0.08213243273198617,0.08418460683526369,0.1875732605686562,S026,S157,9.0,6.0,3.0,1.4,1.0,0.3999999999999999,10.0,10.0,0.0,0.9851507735431184,65.61027634091761,58.47117845356627,7.13909788735134,18.50845246702753,12.354505353219306,6.153947113808226,0.37485878057471406,0.2904420934767309,0.08441668709798317,0.2502824388505719,0.4191158130465382,0.16883337419596633,0.28209685279872543,0.21129222430552502,0.0708046284932004,1.3929455580442458,1.2678967176651421,0.1250488403791037
27,71,MP_vent_PEEP_Jmin,compliance_dominant,resistance_dominant,33.89500718784589,32.57675207838605,0.038892309482458004,0.8788367396398975,10.500150846208648,0.1535219187186213,0.16177582856562028,0.12919241335482223,0.4033535784720912,S027,S071,12.0,9.0,3.0,0.6,1.4,0.7999999999999999,10.0,10.0,0.0,1.318255109459841,56.04200147765059,45.102432261622,10.939569216028588,22.146994289804702,12.525680183235952,9.62131410656875,0.3751585900640619,0.5453051409658479,0.17014655090178604,0.24968281987187638,0.09061028193169572,0.15907253794018067,0.39518564123083416,0.27771629056675395,0.11746935066408021,1.6533998994915744,1.3844975138435134,0.268902385648061
27,109,MP_vent_PEEP_Jmin,compliance_dominant,mixed,33.89500718784589,35.33765729263649,0.042562318892438784,0.9617667365270641,16.871440507793977,0.09479654540840246,0.047398272704201105,0.34020486432537395,0.7969897886399426,S027,S109,12.0,3.0,9.0,0.6,1.0,0.4,10.0,10.0,0.0,1.4426501047906015,56.04200147765059,39.65144433812015,16.390557139530436,22.146994289804702,4.313787045483664,17.833207244321038,0.3751585900640619,0.3333333333333334,0.041825256730728455,0.24968281987187638,0.3333333333333334,0.08365051346145705,0.39518564123083416,0.10879268378469813,0.286392957446136,1.6533998994915744,1.1220733737316124,0.531326525759962
27,111,MP_vent_PEEP_Jmin,compliance_dominant,mixed,33.89500718784589,33.129401780246354,0.022587557021497513,0.5104036050663616,12.641420500528895,0.09479654540840246,0.047398272704201105,0.18297256805539097,0.5266064178989363,S027,S111,12.0,6.0,6.0,0.6,0.6,0.0,10.0,10.0,0.0,0.7656054075995371,56.04200147765059,43.14537917458853,12.89662230306206,22.146994289804702,10.015977394342173,12.13101689546253,0.3751585900640619,0.3333333333333333,0.041825256730728566,0.24968281987187638,0.3333333333333333,0.08365051346145694,0.39518564123083416,0.23214484577392044,0.16304079545691372,1.6533998994915744,1.302328954225617,0.3510709452659575
27,114,MP_vent_PEEP_Jmin,compliance_dominant,mixed,33.89500718784589,34.51659831265528,0.01833872231873379,0.41439408320626114,4.031822186676941,0.09479654540840246,0.047398272704201105,0.06019293204594833,0.21087088903164397,S027,S114,12.0,9.0,3.0,0.6,0.6,0.0,10.0,10.0,0.0,0.6215911248093917,56.04200147765059,52.2173763325768,3.8246251450737887,22.146994289804702,17.700778019921504,4.446216269883198,0.3751585900640619,0.3333333333333333,0.041825256730728566,0.24968281987187638,0.3333333333333333,0.08365051346145694,0.39518564123083416,0.33898252388599115,0.05620311734484301,1.6533998994915744,1.512819306803812,0.14058059268776235
27,149,MP_vent_PEEP_Jmin,compliance_dominant,severe_mixed,33.89500718784589,35.125715601442245,0.03630943067147843,5.033813657842806,1.7391696946803137,0.17754866036852926,0.08877433018426462,0.1271897000522086,0.6665557218816156,S027,S149,12.0,12.0,0.0,0.6,1.4,0.7999999999999999,10.0,5.0,5.0,1.2307084135963535,56.04200147765059,64.04569324377006,8.003691766119474,22.146994289804702,28.919977642327822,6.77298335252312,0.3751585900640619,0.2932800180314615,0.0818785720326004,0.24968281987187638,0.4134399639370771,0.16375714406520073,0.39518564123083416,0.4515522617930436,0.056366620562209424,1.6533998994915744,1.8233277855594887,0.1699278860679143
27,150,MP_vent_PEEP_Jmin,compliance_dominant,severe_mixed,33.89500718784589,34.40833782121126,0.015144727083859163,0.34222042224357807,21.804773867561128,0.17333040013559117,0.08666520006779554,0.49497496281051107,0.9800998492373618,S027,S150,12.0,0.0,12.0,0.6,0.6,0.0,10.0,10.0,0.0,0.5133306333653707,56.04200147765059,34.40833782121126,21.633663656439325,22.146994289804702,0.0,22.146994289804702,0.3751585900640619,0.2940664059697388,0.08109218409432306,0.24968281987187638,0.4118671880605223,0.16218436818864593,0.39518564123083416,0.0,0.39518564123083416,1.6533998994915744,1.0,0.6533998994915744
27,151,MP_vent_PEEP_Jmin,compliance_dominant,severe_mixed,33.89500718784589,34.40833782121126,0.015144727083859163,0.34222042224357807,21.804773867561128,0.17333040013559117,0.08666520006779554,0.49497496281051107,0.9800998492373618,S027,S151,12.0,0.0,12.0,0.6,1.0,0.4,10.0,10.0,0.0,0.5133306333653707,56.04200147765059,34.40833782121126,21.633663656439325,22.146994289804702,0.0,22.146994289804702,0.3751585900640619,0.2940664059697388,0.08109218409432306,0.24968281987187638,0.4118671880605223,0.16218436818864593,0.39518564123083416,0.0,0.39518564123083416,1.6533998994915744,1.0,0.6533998994915744
27,152,MP_vent_PEEP_Jmin,compliance_dominant,severe_mixed,33.89500718784589,34.40833782121126,0.015144727083859163,0.34222042224357807,21.804773867561128,0.17333040013559117,0.08666520006779554,0.49497496281051107,0.9800998492373618,S027,S152,12.0,0.0,12.0,0.6,1.4,0.7999999999999999,10.0,10.0,0.0,0.5133306333653707,56.04200147765059,34.40833782121126,21.633663656439325,22.146994289804702,0.0,22.146994289804702,0.3751585900640619,0.2940664059697388,0.08109218409432306,0.24968281987187638,0.4118671880605223,0.16218436818864593,0.39518564123083416,0.0,0.39518564123083416,1.6533998994915744,1.0,0.6533998994915744
28,82,MP_vent_PEEP_Jmin,compliance_dominant,resistance_dominant,45.76767092516056,45.490961735401875,0.006045953053000217,3.606440684777702,14.32808707873371,0.19085899759082015,0.1736880706564673,0.26183352301728324,0.6183272287599042,S028,S082,12.0,6.0,6.0,1.0,1.0,0.0,10.0,15.0,5.0,0.27670918975868375,72.51676451436852,54.305527561098415,18.211236953270102,26.749093589207952,8.814565825696546,17.934527763511404,0.3656088748575319,0.5397746333015333,0.1741657584440014,0.2687822502849361,0.07954926660306644,0.18923298368186964,0.3688677200140096,0.16231433928672173,0.20655338072728785,1.5844538961344168,1.1937652115812907,0.3906886845531261
28,113,MP_vent_PEEP_Jmin,compliance_dominant,mixed,45.76767092516056,46.22169680424022,0.00992023124406053,0.30268391938643546,15.758639881398892,0.06421576388145595,0.032107881940728056,0.20962158864438202,0.5298382185288424,S028,S113,12.0,6.0,6.0,1.0,1.4,0.3999999999999999,10.0,10.0,0.0,0.4540258790796585,72.51676451436852,56.909466592662845,15.607297921705673,26.749093589207952,10.687769788422617,16.061323800785335,0.3656088748575319,0.33333333333333326,0.03227554152419865,0.2687822502849361,0.33333333333333326,0.06455108304839718,0.3688677200140096,0.18780302168217047,0.1810646983318391,1.5844538961344168,1.2312284171151884,0.3532254790192284
28,115,MP_vent_PEEP_Jmin,compliance_dominant,mixed,45.76767092516056,45.30295444705219,0.010153815317984555,0.30981098540557284,8.118760017649585,0.064215763881456,0.032107881940728,0.08172860012069783,0.24956463992293187,S028,S115,12.0,9.0,3.0,1.0,1.0,0.0,10.0,10.0,0.0,0.4647164781083717,72.51676451436852,64.24309900401613,8.273665510352387,26.749093589207952,18.940144556963947,7.808949032244005,0.3656088748575319,0.3333333333333334,0.03227554152419848,0.2687822502849361,0.3333333333333334,0.06455108304839735,0.3688677200140096,0.2948199082952071,0.07404781171880248,1.5844538961344168,1.4180774695191287,0.16637642661528806
28,157,MP_vent_PEEP_Jmin,compliance_dominant,severe_mixed,45.76767092516056,46.11667310034697,0.007625517491530274,0.2326681167909399,14.16192011919771,0.1507079108884512,0.07535395544422563,0.18048993297624089,0.4748357677039119,S028,S157,12.0,6.0,6.0,1.0,1.0,0.0,10.0,10.0,0.0,0.3490021751864134,72.51676451436852,58.47117845356627,14.04558606080225,26.749093589207952,12.354505353219306,14.394588235988646,0.3656088748575319,0.2904420934767309,0.07516678138080102,0.2687822502849361,0.4191158130465382,0.15033356276160215,0.3688677200140096,0.21129222430552502,0.15757549570848456,1.5844538961344168,1.2678967176651421,0.31655717846927467
29,30,MP_vent_PEEP_Jmin,compliance_dominant,compliance_dominant,53.85131947696358,53.70667412933936,0.0026860130639156554,4.379125945695456,24.524285123913437,0.009204962145631518,0.004602481072815745,0.44601076175777465,0.8050892164853958,S029,S030,12.0,0.0,12.0,1.4,0.6,0.7999999999999999,10.0,15.0,5.0,0.14464534762421977,82.75473054657247,53.70667412933936,29.048056417233113,28.9034110696089,0.0,28.9034110696089,0.3748269450263899,0.3767999565234175,0.0019730114970276103,0.2503461099472201,0.24640008695316487,0.003946022994055248,0.3492659679840625,0.0,0.3492659679840625,1.5367261443235973,1.0,0.5367261443235973
29,31,MP_vent_PEEP_Jmin,compliance_dominant,compliance_dominant,53.85131947696358,53.70667412933936,0.0026860130639156554,4.379125945695456,24.524285123913437,0.009204962145631518,0.004602481072815745,0.44601076175777465,0.8050892164853958,S029,S031,12.0,0.0,12.0,1.4,1.0,0.3999999999999999,10.0,15.0,5.0,0.14464534762421977,82.75473054657247,53.70667412933936,29.048056417233113,28.9034110696089,0.0,28.9034110696089,0.3748269450263899,0.3767999565234175,0.0019730114970276103,0.2503461099472201,0.24640008695316487,0.003946022994055248,0.3492659679840625,0.0,0.3492659679840625,1.5367261443235973,1.0,0.5367261443235973
29,32,MP_vent_PEEP_Jmin,compliance_dominant,compliance_dominant,53.85131947696358,53.70667412933936,0.0026860130639156554,4.379125945695456,24.524285123913437,0.009204962145631518,0.004602481072815745,0.44601076175777465,0.8050892164853958,S029,S032,12.0,0.0,12.0,1.4,1.4,0.0,10.0,15.0,5.0,0.14464534762421977,82.75473054657247,53.70667412933936,29.048056417233113,28.9034110696089,0.0,28.9034110696089,0.3748269450263899,0.3767999565234175,0.0019730114970276103,0.2503461099472201,0.24640008695316487,0.003946022994055248,0.3492659679840625,0.0,0.3492659679840625,1.5367261443235973,1.0,0.5367261443235973
29,33,MP_vent_PEEP_Jmin,compliance_dominant,compliance_dominant,53.85131947696358,56.05389750373139,0.040901096726330445,6.139543476489493,18.017603655010014,0.005777867726160429,0.0028889338630800343,0.344566008223006,0.692191591176506,S029,S033,12.0,3.0,9.0,1.4,0.6,0.7999999999999999,10.0,15.0,5.0,2.20257802676781,82.75473054657247,60.80016144184077,21.954569104731704,28.9034110696089,4.74626393810938,24.15714713149952,0.3748269450263899,0.3743797875321674,0.0004471574942225276,0.2503461099472201,0.25124042493566523,0.0008943149884451107,0.3492659679840625,0.0780633443325555,0.271202623651507,1.5367261443235973,1.0846732189816672,0.4520529253419301
29,86,MP_vent_PEEP_Jmin,compliance_dominant,resistance_dominant,53.85131947696358,55.759560538896665,0.035435363152975054,5.918790752863451,7.472196672200674,0.16976730812992288,0.17072139503383477,0.17543938455736618,0.4341531594906225,S029,S086,12.0,9.0,3.0,1.4,1.4,0.0,10.0,15.0,5.0,1.908241061933083,82.75473054657247,71.27198418344143,11.482746363131042,28.9034110696089,15.512423644544775,13.390987425064125,0.3748269450263899,0.5448184489649515,0.16999150393856155,0.2503461099472201,0.08963689792990294,0.1607092120173172,0.3492659679840625,0.217651070364739,0.13161489761932352,1.5367261443235973,1.27820204274608,0.25852410157751726
29,88,MP_vent_PEEP_Jmin,compliance_dominant,resistance_dominant,53.85131947696358,54.010250167657894,0.0029512868438126066,4.606807974434361,1.794537795654918,0.18334985772015758,0.16393012023871745,0.08889040729122549,0.2495881099443471,S029,S088,12.0,12.0,0.0,1.4,1.0,0.3999999999999999,10.0,15.0,5.0,0.1589306906943122,82.75473054657247,76.5123154671775,6.2424150793949735,28.9034110696089,22.502065299519614,6.401345770089286,0.3748269450263899,0.5365795779165561,0.16175263289016617,0.2503461099472201,0.07315915583311193,0.17718695411410817,0.3492659679840625,0.2940972987436594,0.05516866924040309,1.5367261443235973,1.4166258299057863,0.120100314417811
29,116,MP_vent_PEEP_Jmin,compliance_dominant,mixed,53.85131947696358,54.15504084864603,0.005639998697011964,0.20248091445497352,9.072206456820794,0.07772828423453693,0.03886414211726863,0.0938128499531728,0.261407869631868,S029,S116,12.0,9.0,3.0,1.4,1.4,0.0,10.0,10.0,0.0,0.3037213716824496,82.75473054657247,73.78376454697916,8.970965999593318,28.9034110696089,19.62872369833313,9.274687371275771,0.3748269450263899,0.33333333333333337,0.04149361169305654,0.2503461099472201,0.33333333333333337,0.08298722338611325,0.3492659679840625,0.2660303905452702,0.08323557743879229,1.5367261443235973,1.362454231235685,0.17427191308791223
29,158,MP_vent_PEEP_Jmin,compliance_dominant,severe_mixed,53.85131947696358,52.15054006699015,0.03158287348374044,1.1338529399822903,17.46932220297937,0.1598766321470021,0.07993831607350121,0.1805000368092851,0.44359894839418446,S029,S158,12.0,6.0,6.0,1.4,1.4,0.0,10.0,10.0,0.0,1.7007794099734284,82.75473054657247,64.71848187360195,18.03624867297053,28.9034110696089,12.567941806611802,16.335469262997098,0.3748269450263899,0.2931129045116228,0.0817140405147671,0.2503461099472201,0.41377419097675455,0.16342808102953443,0.3492659679840625,0.1941940144881264,0.1550719534959361,1.5367261443235973,1.2409935120608069,0.29573263226279045
29,160,MP_vent_PEEP_Jmin,compliance_dominant,severe_mixed,53.85131947696358,51.9708407399148,0.03491982657645391,1.2536524913658553,8.201852584748522,0.16559639490837885,0.08279819745418954,0.05812621651242317,0.17141048442197193,S029,S160,12.0,9.0,3.0,1.4,1.0,0.3999999999999999,10.0,10.0,0.0,1.880478737048783,82.75473054657247,73.92605171614103,8.828678830431443,28.9034110696089,21.95521097622622,6.948200093382681,0.3748269450263899,0.28967279920342925,0.08515414582296066,0.2503461099472201,0.42065440159314144,0.17030829164592132,0.3492659679840625,0.2969888214851398,0.05227714649892273,1.5367261443235973,1.4224524880422826,0.1142736562813147
30,31,MP_vent_PEEP_Jmin,compliance_dominant,compliance_dominant,53.70667412933936,53.70667412933936,0.0,0.0,0.0,0.0,0.0,0.0,0.0,S030,S031,0.0,0.0,0.0,0.6,1.0,0.4,15.0,15.0,0.0,0.0,53.70667412933936,53.70667412933936,0.0,0.0,0.0,0.0,0.3767999565234175,0.3767999565234175,0.0,0.24640008695316487,0.24640008695316487,0.0,0.0,0.0,0.0,1.0,1.0,0.0
30,32,MP_vent_PEEP_Jmin,compliance_dominant,compliance_dominant,53.70667412933936,53.70667412933936,0.0,0.0,0.0,0.0,0.0,0.0,0.0,S030,S032,0.0,0.0,0.0,0.6,1.4,0.7999999999999999,15.0,15.0,0.0,0.0,53.70667412933936,53.70667412933936,0.0,0.0,0.0,0.0,0.3767999565234175,0.3767999565234175,0.0,0.24640008695316487,0.24640008695316487,0.0,0.0,0.0,0.0,1.0,1.0,0.0
30,33,MP_vent_PEEP_Jmin,compliance_dominant,compliance_dominant,53.70667412933936,56.05389750373139,0.04370450064994376,1.7604175307940366,6.506681468903423,0.0034270944194710884,0.0017135472097357107,0.10144475353476869,0.1128976253088898,S030,S033,0.0,3.0,3.0,0.6,0.6,0.0,15.0,15.0,0.0,2.34722337439203,53.70667412933936,60.80016144184077,7.093487312501409,0.0,4.74626393810938,4.74626393810938,0.3767999565234175,0.3743797875321674,0.002420168991250138,0.24640008695316487,0.25124042493566523,0.004840337982500359,0.0,0.0780633443325555,0.0780633443325555,1.0,1.0846732189816672,0.08467321898166724
30,86,MP_vent_PEEP_Jmin,compliance_dominant,resistance_dominant,53.70667412933936,55.759560538896665,0.03822404650515928,1.5396648071679948,17.052088451712763,0.16056234598429137,0.16611891396101902,0.27057137720040847,0.3709360569947733,S030,S086,0.0,9.0,9.0,0.6,1.4,0.7999999999999999,15.0,15.0,0.0,2.0528864095573027,53.70667412933936,71.27198418344143,17.56531005410207,0.0,15.512423644544775,15.512423644544775,0.3767999565234175,0.5448184489649515,0.16801849244153394,0.24640008695316487,0.08963689792990294,0.15676318902326192,0.0,0.217651070364739,0.217651070364739,1.0,1.27820204274608,0.27820204274608007
30,88,MP_vent_PEEP_Jmin,compliance_dominant,resistance_dominant,53.70667412933936,54.010250167657894,0.0056524825497003125,0.2276820287389043,22.72974732825852,0.17414489557452606,0.1593276391659017,0.35712035446654916,0.5555011065410487,S030,S088,0.0,12.0,12.0,0.6,1.0,0.4,15.0,15.0,0.0,0.30357603831853197,53.70667412933936,76.5123154671775,22.80564133783814,0.0,22.502065299519614,22.502065299519614,0.3767999565234175,0.5365795779165561,0.15977962139313856,0.24640008695316487,0.07315915583311193,0.17324093112005295,0.0,0.2940972987436594,0.2940972987436594,1.0,1.4166258299057863,0.41662582990578634
30,116,MP_vent_PEEP_Jmin,compliance_dominant,mixed,53.70667412933936,54.15504084864603,0.008348435768464977,4.176645031240483,15.452078667092643,0.08693324638016844,0.043466623190084375,0.35219791180460186,0.5436813468535278,S030,S116,0.0,9.0,9.0,0.6,1.4,0.7999999999999999,15.0,10.0,5.0,0.4483667193066694,53.70667412933936,73.78376454697916,20.077090417639795,0.0,19.62872369833313,19.62872369833313,0.3767999565234175,0.33333333333333337,0.04346662319008415,0.24640008695316487,0.33333333333333337,0.0869332463801685,0.0,0.2660303905452702,0.2660303905452702,1.0,1.362454231235685,0.3624542312356851
30,158,MP_vent_PEEP_Jmin,compliance_dominant,severe_mixed,53.70667412933936,52.15054006699015,0.028974686807111554,5.512978885677747,7.0549629209340665,0.1690815942926336,0.08454079714631696,0.26551072494848954,0.3614902680912113,S030,S158,0.0,6.0,6.0,0.6,1.4,0.7999999999999999,15.0,10.0,5.0,1.5561340623492086,53.70667412933936,64.71848187360195,11.011807744262583,0.0,12.567941806611802,12.567941806611802,0.3767999565234175,0.2931129045116228,0.08368705201179472,0.24640008695316487,0.41377419097675455,0.16737410402358968,0.0,0.1941940144881264,0.1941940144881264,1.0,1.2409935120608069,0.24099351206080688
30,160,MP_vent_PEEP_Jmin,compliance_dominant,severe_mixed,53.70667412933936,51.9708407399148,0.032320627139268275,5.632778437061312,16.322432539164915,0.17480135705401037,0.08740067852700528,0.3878845452453515,0.6336787320634238,S030,S160,0.0,9.0,9.0,0.6,1.0,0.4,15.0,10.0,5.0,1.7358333894245632,53.70667412933936,73.92605171614103,20.21937758680167,0.0,21.95521097622622,21.95521097622622,0.3767999565234175,0.28967279920342925,0.08712715731998827,0.24640008695316487,0.42065440159314144,0.17425431463997657,0.0,0.2969888214851398,0.2969888214851398,1.0,1.4224524880422826,0.42245248804228264
31,32,MP_vent_PEEP_Jmin,compliance_dominant,compliance_dominant,53.70667412933936,53.70667412933936,0.0,0.0,0.0,0.0,0.0,0.0,0.0,S031,S032,0.0,0.0,0.0,1.0,1.4,0.3999999999999999,15.0,15.0,0.0,0.0,53.70667412933936,53.70667412933936,0.0,0.0,0.0,0.0,0.3767999565234175,0.3767999565234175,0.0,0.24640008695316487,0.24640008695316487,0.0,0.0,0.0,0.0,1.0,1.0,0.0
31,33,MP_vent_PEEP_Jmin,compliance_dominant,compliance_dominant,53.70667412933936,56.05389750373139,0.04370450064994376,1.7604175307940366,6.506681468903423,0.0034270944194710884,0.0017135472097357107,0.10144475353476869,0.1128976253088898,S031,S033,0.0,3.0,3.0,1.0,0.6,0.4,15.0,15.0,0.0,2.34722337439203,53.70667412933936,60.80016144184077,7.093487312501409,0.0,4.74626393810938,4.74626393810938,0.3767999565234175,0.3743797875321674,0.002420168991250138,0.24640008695316487,0.25124042493566523,0.004840337982500359,0.0,0.0780633443325555,0.0780633443325555,1.0,1.0846732189816672,0.08467321898166724
31,86,MP_vent_PEEP_Jmin,compliance_dominant,resistance_dominant,53.70667412933936,55.759560538896665,0.03822404650515928,1.5396648071679948,17.052088451712763,0.16056234598429137,0.16611891396101902,0.27057137720040847,0.3709360569947733,S031,S086,0.0,9.0,9.0,1.0,1.4,0.3999999999999999,15.0,15.0,0.0,2.0528864095573027,53.70667412933936,71.27198418344143,17.56531005410207,0.0,15.512423644544775,15.512423644544775,0.3767999565234175,0.5448184489649515,0.16801849244153394,0.24640008695316487,0.08963689792990294,0.15676318902326192,0.0,0.217651070364739,0.217651070364739,1.0,1.27820204274608,0.27820204274608007
31,88,MP_vent_PEEP_Jmin,compliance_dominant,resistance_dominant,53.70667412933936,54.010250167657894,0.0056524825497003125,0.2276820287389043,22.72974732825852,0.17414489557452606,0.1593276391659017,0.35712035446654916,0.5555011065410487,S031,S088,0.0,12.0,12.0,1.0,1.0,0.0,15.0,15.0,0.0,0.30357603831853197,53.70667412933936,76.5123154671775,22.80564133783814,0.0,22.502065299519614,22.502065299519614,0.3767999565234175,0.5365795779165561,0.15977962139313856,0.24640008695316487,0.07315915583311193,0.17324093112005295,0.0,0.2940972987436594,0.2940972987436594,1.0,1.4166258299057863,0.41662582990578634
31,116,MP_vent_PEEP_Jmin,compliance_dominant,mixed,53.70667412933936,54.15504084864603,0.008348435768464977,4.176645031240483,15.452078667092643,0.08693324638016844,0.043466623190084375,0.35219791180460186,0.5436813468535278,S031,S116,0.0,9.0,9.0,1.0,1.4,0.3999999999999999,15.0,10.0,5.0,0.4483667193066694,53.70667412933936,73.78376454697916,20.077090417639795,0.0,19.62872369833313,19.62872369833313,0.3767999565234175,0.33333333333333337,0.04346662319008415,0.24640008695316487,0.33333333333333337,0.0869332463801685,0.0,0.2660303905452702,0.2660303905452702,1.0,1.362454231235685,0.3624542312356851
31,158,MP_vent_PEEP_Jmin,compliance_dominant,severe_mixed,53.70667412933936,52.15054006699015,0.028974686807111554,5.512978885677747,7.0549629209340665,0.1690815942926336,0.08454079714631696,0.26551072494848954,0.3614902680912113,S031,S158,0.0,6.0,6.0,1.0,1.4,0.3999999999999999,15.0,10.0,5.0,1.5561340623492086,53.70667412933936,64.71848187360195,11.011807744262583,0.0,12.567941806611802,12.567941806611802,0.3767999565234175,0.2931129045116228,0.08368705201179472,0.24640008695316487,0.41377419097675455,0.16737410402358968,0.0,0.1941940144881264,0.1941940144881264,1.0,1.2409935120608069,0.24099351206080688
31,160,MP_vent_PEEP_Jmin,compliance_dominant,severe_mixed,53.70667412933936,51.9708407399148,0.032320627139268275,5.632778437061312,16.322432539164915,0.17480135705401037,0.08740067852700528,0.3878845452453515,0.6336787320634238,S031,S160,0.0,9.0,9.0,1.0,1.0,0.0,15.0,10.0,5.0,1.7358333894245632,53.70667412933936,73.92605171614103,20.21937758680167,0.0,21.95521097622622,21.95521097622622,0.3767999565234175,0.28967279920342925,0.08712715731998827,0.24640008695316487,0.42065440159314144,0.17425431463997657,0.0,0.2969888214851398,0.2969888214851398,1.0,1.4224524880422826,0.42245248804228264
32,33,MP_vent_PEEP_Jmin,compliance_dominant,compliance_dominant,53.70667412933936,56.05389750373139,0.04370450064994376,1.7604175307940366,6.506681468903423,0.0034270944194710884,0.0017135472097357107,0.10144475353476869,0.1128976253088898,S032,S033,0.0,3.0,3.0,1.4,0.6,0.7999999999999999,15.0,15.0,0.0,2.34722337439203,53.70667412933936,60.80016144184077,7.093487312501409,0.0,4.74626393810938,4.74626393810938,0.3767999565234175,0.3743797875321674,0.002420168991250138,0.24640008695316487,0.25124042493566523,0.004840337982500359,0.0,0.0780633443325555,0.0780633443325555,1.0,1.0846732189816672,0.08467321898166724
32,86,MP_vent_PEEP_Jmin,compliance_dominant,resistance_dominant,53.70667412933936,55.759560538896665,0.03822404650515928,1.5396648071679948,17.052088451712763,0.16056234598429137,0.16611891396101902,0.27057137720040847,0.3709360569947733,S032,S086,0.0,9.0,9.0,1.4,1.4,0.0,15.0,15.0,0.0,2.0528864095573027,53.70667412933936,71.27198418344143,17.56531005410207,0.0,15.512423644544775,15.512423644544775,0.3767999565234175,0.5448184489649515,0.16801849244153394,0.24640008695316487,0.08963689792990294,0.15676318902326192,0.0,0.217651070364739,0.217651070364739,1.0,1.27820204274608,0.27820204274608007
32,88,MP_vent_PEEP_Jmin,compliance_dominant,resistance_dominant,53.70667412933936,54.010250167657894,0.0056524825497003125,0.2276820287389043,22.72974732825852,0.17414489557452606,0.1593276391659017,0.35712035446654916,0.5555011065410487,S032,S088,0.0,12.0,12.0,1.4,1.0,0.3999999999999999,15.0,15.0,0.0,0.30357603831853197,53.70667412933936,76.5123154671775,22.80564133783814,0.0,22.502065299519614,22.502065299519614,0.3767999565234175,0.5365795779165561,0.15977962139313856,0.24640008695316487,0.07315915583311193,0.17324093112005295,0.0,0.2940972987436594,0.2940972987436594,1.0,1.4166258299057863,0.41662582990578634
32,116,MP_vent_PEEP_Jmin,compliance_dominant,mixed,53.70667412933936,54.15504084864603,0.008348435768464977,4.176645031240483,15.452078667092643,0.08693324638016844,0.043466623190084375,0.35219791180460186,0.5436813468535278,S032,S116,0.0,9.0,9.0,1.4,1.4,0.0,15.0,10.0,5.0,0.4483667193066694,53.70667412933936,73.78376454697916,20.077090417639795,0.0,19.62872369833313,19.62872369833313,0.3767999565234175,0.33333333333333337,0.04346662319008415,0.24640008695316487,0.33333333333333337,0.0869332463801685,0.0,0.2660303905452702,0.2660303905452702,1.0,1.362454231235685,0.3624542312356851
32,158,MP_vent_PEEP_Jmin,compliance_dominant,severe_mixed,53.70667412933936,52.15054006699015,0.028974686807111554,5.512978885677747,7.0549629209340665,0.1690815942926336,0.08454079714631696,0.26551072494848954,0.3614902680912113,S032,S158,0.0,6.0,6.0,1.4,1.4,0.0,15.0,10.0,5.0,1.5561340623492086,53.70667412933936,64.71848187360195,11.011807744262583,0.0,12.567941806611802,12.567941806611802,0.3767999565234175,0.2931129045116228,0.08368705201179472,0.24640008695316487,0.41377419097675455,0.16737410402358968,0.0,0.1941940144881264,0.1941940144881264,1.0,1.2409935120608069,0.24099351206080688
32,160,MP_vent_PEEP_Jmin,compliance_dominant,severe_mixed,53.70667412933936,51.9708407399148,0.032320627139268275,5.632778437061312,16.322432539164915,0.17480135705401037,0.08740067852700528,0.3878845452453515,0.6336787320634238,S032,S160,0.0,9.0,9.0,1.4,1.0,0.3999999999999999,15.0,10.0,5.0,1.7358333894245632,53.70667412933936,73.92605171614103,20.21937758680167,0.0,21.95521097622622,21.95521097622622,0.3767999565234175,0.28967279920342925,0.08712715731998827,0.24640008695316487,0.42065440159314144,0.17425431463997657,0.0,0.2969888214851398,0.2969888214851398,1.0,1.4224524880422826,0.42245248804228264
33,36,MP_vent_PEEP_Jmin,compliance_dominant,compliance_dominant,56.05389750373139,58.40112087812343,0.04187440086990895,1.7604175307940295,7.930225037130349,0.0002970358228379377,0.00014851791141873294,0.09805611420223896,0.1363229668147059,S033,S036,3.0,6.0,3.0,0.6,0.6,0.0,15.0,15.0,0.0,2.347223374392037,60.80016144184077,69.31719232256916,8.517030880728385,4.74626393810938,10.916071444445713,6.1698075063363325,0.3743797875321674,0.37339766363932547,0.000982123892841913,0.25124042493566523,0.25320467272134894,0.001964247785683715,0.0780633443325555,0.1574799999637539,0.07941665563119839,1.0846732189816672,1.186915444092697,0.10224222511102976
33,86,MP_vent_PEEP_Jmin,compliance_dominant,resistance_dominant,56.05389750373139,55.759560538896665,0.005250963410976618,0.2207527236260418,10.54540698280934,0.16398944040376245,0.16783246117075473,0.1691266236656398,0.2580384316858835,S033,S086,3.0,9.0,6.0,0.6,1.4,0.7999999999999999,15.0,15.0,0.0,0.29433696483472715,60.80016144184077,71.27198418344143,10.471822741600661,4.74626393810938,15.512423644544775,10.766159706435396,0.3743797875321674,0.5448184489649515,0.17043866143278408,0.25124042493566523,0.08963689792990294,0.1616035270057623,0.0780633443325555,0.217651070364739,0.1395877260321835,1.0846732189816672,1.27820204274608,0.19352882376441283
33,88,MP_vent_PEEP_Jmin,compliance_dominant,resistance_dominant,56.05389750373139,54.010250167657894,0.03645861264040483,1.5327355020551323,16.223065859355096,0.17757198999399715,0.1610411863756374,0.2556756009317805,0.44260348123215887,S033,S088,3.0,12.0,9.0,0.6,1.0,0.4,15.0,15.0,0.0,2.043647336073498,60.80016144184077,76.5123154671775,15.71215402533673,4.74626393810938,22.502065299519614,17.755801361410235,0.3743797875321674,0.5365795779165561,0.1621997903843887,0.25124042493566523,0.07315915583311193,0.17808126910255329,0.0780633443325555,0.2940972987436594,0.2160339544111039,1.0846732189816672,1.4166258299057863,0.3319526109241191
33,116,MP_vent_PEEP_Jmin,compliance_dominant,mixed,56.05389750373139,54.15504084864603,0.03387555084744923,5.937062562034519,8.94539719818922,0.08350615196069736,0.041753075980348664,0.2507531582698332,0.43078372154463795,S033,S116,3.0,9.0,6.0,0.6,1.4,0.7999999999999999,15.0,10.0,5.0,1.8988566550853605,60.80016144184077,73.78376454697916,12.983603105138386,4.74626393810938,19.62872369833313,14.88245976022375,0.3743797875321674,0.33333333333333337,0.041046454198834015,0.25124042493566523,0.33333333333333337,0.08209290839766814,0.0780633443325555,0.2660303905452702,0.1879670462127147,1.0846732189816672,1.362454231235685,0.27778101225401786
33,163,MP_vent_PEEP_Jmin,compliance_dominant,severe_mixed,56.05389750373139,57.82500837948266,0.03159656963431258,3.4904175414767664,25.601537083911857,0.1720267540359681,0.08601337701798378,0.36600998735601553,0.7648770481013887,S033,S163,3.0,12.0,9.0,0.6,1.0,0.4,15.0,10.0,5.0,1.771110875751269,60.80016144184077,91.66322694298069,30.863065501139914,4.74626393810938,33.83821856349802,29.091954625388638,0.3743797875321674,0.2892411010022503,0.08513868652991707,0.25124042493566523,0.42151779799549927,0.17027737305983404,0.0780633443325555,0.369158054893127,0.29109471056057146,1.0846732189816672,1.5851831156068528,0.5005098966251855
34,35,MP_vent_PEEP_Jmin,compliance_dominant,compliance_dominant,60.011452082836215,62.70600160010395,0.044900588533474305,2.020912137950809,1.9717764667071265,0.005035430279550557,0.002517715139775445,0.005087420485494529,0.006397082365714679,S034,S035,3.0,3.0,0.0,1.0,1.4,0.3999999999999999,15.0,15.0,0.0,2.6945495172677383,65.61752384655134,68.2629376925754,2.64541384602407,5.606071763715112,5.556936092471443,0.049135671243668355,0.37248347960856143,0.37553609333009197,0.0030526137215305393,0.25503304078287703,0.24892781333981598,0.006105227443061051,0.0854355884690969,0.08140487767311311,0.004030710795983786,1.0934166991323062,1.0886188873580203,0.004797811774285954
34,36,MP_vent_PEEP_Jmin,compliance_dominant,compliance_dominant,60.011452082836215,58.40112087812343,0.02683373170990732,1.2077484035345805,4.102251277196004,0.005876018328379473,0.002938009164189903,0.08874102716423778,0.12466499328052083,S034,S036,3.0,6.0,3.0,1.0,0.6,0.4,15.0,15.0,0.0,1.6103312047127858,65.61752384655134,69.31719232256916,3.69966847601782,5.606071763715112,10.916071444445713,5.309999680730601,0.37248347960856143,0.37339766363932547,0.0009141840307640425,0.25503304078287703,0.25320467272134894,0.001828368061528085,0.0854355884690969,0.1574799999637539,0.072044411494657,1.0934166991323062,1.186915444092697,0.09349874496039079
34,39,MP_vent_PEEP_Jmin,compliance_dominant,compliance_dominant,60.011452082836215,60.74834425251549,0.012279192455835107,0.5526691272594562,13.456019882553335,0.007566589109507721,0.003783294554753902,0.17813083944436275,0.2816979431919149,S034,S039,3.0,9.0,6.0,1.0,0.6,0.4,15.0,15.0,0.0,0.7368921696792725,65.61752384655134,79.25776677152447,13.640242924973137,5.606071763715112,18.50942251900899,12.903350755293879,0.37248347960856143,0.37344290793073653,0.0009594283221751043,0.25503304078287703,0.2531141841385269,0.0019188566443501531,0.0854355884690969,0.23353449476271398,0.1480989062936171,1.0934166991323062,1.304690156526242,0.21127345739393588
34,89,MP_vent_PEEP_Jmin,compliance_dominant,resistance_dominant,60.011452082836215,62.02218961748028,0.03350589703892789,1.5080531509830593,19.49729880693576,0.17082835486597875,0.17058605809086408,0.22577785632305025,0.3826890408617605,S034,S089,3.0,12.0,9.0,1.0,1.4,0.3999999999999999,15.0,15.0,0.0,2.010737534644065,65.61752384655134,85.6175070371481,19.999983190596765,5.606071763715112,23.595317419667833,17.989245655952722,0.37248347960856143,0.544594954523324,0.17211147491476253,0.25503304078287703,0.08918990904664778,0.16584313173622925,0.0854355884690969,0.27558986749556014,0.19015427902646326,1.0934166991323062,1.3804334797786266,0.2870167806463204
34,119,MP_vent_PEEP_Jmin,compliance_dominant,mixed,60.011452082836215,62.08838489305177,0.03460894109592081,3.61633246675931,21.745319388235288,0.07733309780948006,0.03866654890473992,0.3172077117550703,0.6235969824823722,S034,S119,3.0,12.0,9.0,1.0,1.4,0.3999999999999999,15.0,10.0,5.0,2.0769328102155526,65.61752384655134,93.0561085117615,27.438584665210158,5.606071763715112,30.96772361870972,25.36165185499461,0.37248347960856143,0.3333333333333333,0.039150146275228115,0.25503304078287703,0.3333333333333333,0.07830029255045629,0.0854355884690969,0.3327855002102916,0.2473499117411947,1.0934166991323062,1.4987683875502982,0.40535168841799196
34,120,MP_vent_PEEP_Jmin,compliance_dominant,mixed,60.011452082836215,60.71001743085728,0.011640533994358363,0.5239240110158079,5.0821477526993135,0.07733309780948,0.03866654890473997,0.11075984057276987,0.12455559884307488,S034,S120,3.0,0.0,3.0,1.0,0.6,0.4,15.0,15.0,0.0,0.698565348021063,65.61752384655134,60.71001743085728,4.907506415694058,5.606071763715112,0.0,5.606071763715112,0.37248347960856143,0.3333333333333333,0.039150146275228115,0.25503304078287703,0.3333333333333333,0.07830029255045629,0.0854355884690969,0.0,0.0854355884690969,1.0934166991323062,1.0,0.09341669913230621
34,121,MP_vent_PEEP_Jmin,compliance_dominant,mixed,60.011452082836215,60.71001743085728,0.011640533994358363,0.5239240110158079,5.0821477526993135,0.07733309780948,0.03866654890473997,0.11075984057276987,0.12455559884307488,S034,S121,3.0,0.0,3.0,1.0,1.0,0.0,15.0,15.0,0.0,0.698565348021063,65.61752384655134,60.71001743085728,4.907506415694058,5.606071763715112,0.0,5.606071763715112,0.37248347960856143,0.3333333333333333,0.039150146275228115,0.25503304078287703,0.3333333333333333,0.07830029255045629,0.0854355884690969,0.0,0.0854355884690969,1.0934166991323062,1.0,0.09341669913230621
34,122,MP_vent_PEEP_Jmin,compliance_dominant,mixed,60.011452082836215,60.71001743085728,0.011640533994358363,0.5239240110158079,5.0821477526993135,0.07733309780948,0.03866654890473997,0.11075984057276987,0.12455559884307488,S034,S122,3.0,0.0,3.0,1.0,1.4,0.3999999999999999,15.0,15.0,0.0,0.698565348021063,65.61752384655134,60.71001743085728,4.907506415694058,5.606071763715112,0.0,5.606071763715112,0.37248347960856143,0.3333333333333333,0.039150146275228115,0.25503304078287703,0.3333333333333333,0.07830029255045629,0.0854355884690969,0.0,0.0854355884690969,1.0934166991323062,1.0,0.09341669913230621
34,123,MP_vent_PEEP_Jmin,compliance_dominant,mixed,60.011452082836215,62.55961280740234,0.042461240915297224,1.9111205434246017,2.0324905398606035,0.07733309780947994,0.03866654890474003,0.0019706352391973686,0.0024866046335834113,S034,S123,3.0,3.0,0.0,1.0,0.6,0.4,15.0,15.0,0.0,2.5481607245661237,65.61752384655134,68.28705456755347,2.6695307210021326,5.606071763715112,5.727441760151123,0.12136999643601154,0.37248347960856143,0.33333333333333337,0.03915014627522806,0.25503304078287703,0.33333333333333337,0.07830029255045634,0.0854355884690969,0.08387302390506841,0.001562564564028479,1.0934166991323062,1.0915517456571187,0.0018649534751875585
34,161,MP_vent_PEEP_Jmin,compliance_dominant,severe_mixed,60.011452082836215,61.02164118987954,0.01683327218359788,4.327494935540798,13.00635496959076,0.15999898457350098,0.07999949228675052,0.24981160554509296,0.4393407800857978,S034,S161,3.0,9.0,6.0,1.0,1.4,0.3999999999999999,15.0,10.0,5.0,1.010189107043324,65.61752384655134,83.96156285872623,18.34403901217489,5.606071763715112,22.939921668846686,17.333849905131576,0.37248347960856143,0.29292675535005536,0.07955672425850607,0.25503304078287703,0.41414648929988923,0.1591134485170122,0.0854355884690969,0.273219326651237,0.18778373818214011,1.0934166991323062,1.3759309192859153,0.28251422015360905
34,163,MP_vent_PEEP_Jmin,compliance_dominant,severe_mixed,60.011452082836215,57.82500837948266,0.036433774345861814,6.458583475805376,21.773563323977513,0.16585369988475068,0.08292684994237515,0.3566949003180143,0.7532190745672036,S034,S163,3.0,12.0,9.0,1.0,1.0,0.0,15.0,10.0,5.0,2.1864437033535538,65.61752384655134,91.66322694298069,26.04570309642935,5.606071763715112,33.83821856349802,28.232146799782907,0.37248347960856143,0.2892411010022503,0.08324237860631112,0.25503304078287703,0.42151779799549927,0.16648475721262224,0.0854355884690969,0.369158054893127,0.2837224664240301,1.0934166991323062,1.5851831156068528,0.49176641647454655
35,39,MP_vent_PEEP_Jmin,compliance_dominant,compliance_dominant,62.70600160010395,60.74834425251549,0.031219616904823038,1.4682430106913529,11.484243415846208,0.002531158829957164,0.0012655794149784572,0.1832182599298573,0.28809502555762956,S035,S039,3.0,9.0,6.0,1.4,0.6,0.7999999999999999,15.0,15.0,0.0,1.9576573475884658,68.2629376925754,79.25776677152447,10.994829078949067,5.556936092471443,18.50942251900899,12.952486426537547,0.37553609333009197,0.37344290793073653,0.002093185399355435,0.24892781333981598,0.2531141841385269,0.004186370798710898,0.08140487767311311,0.23353449476271398,0.15212961708960088,1.0886188873580203,1.304690156526242,0.21607126916822184
35,42,MP_vent_PEEP_Jmin,compliance_dominant,compliance_dominant,62.70600160010395,63.095567626907474,0.0062125796074179234,0.292174520102634,22.261555589430415,0.005367701886370507,0.0026838509431850732,0.26209050984462895,0.46352665723808495,S035,S042,3.0,12.0,9.0,1.4,0.6,0.7999999999999999,15.0,15.0,0.0,0.3895660268035215,68.2629376925754,90.6218847887067,22.35894709613129,5.556936092471443,27.526317161799216,21.969381069327774,0.37553609333009197,0.3741753033440626,0.0013607899860293426,0.24892781333981598,0.2516493933118747,0.002721579972058713,0.08140487767311311,0.3037491134286091,0.222344235755496,1.0886188873580203,1.436263880286584,0.34764499292856366
35,89,MP_vent_PEEP_Jmin,compliance_dominant,resistance_dominant,62.70600160010395,62.02218961748028,0.010905048403254273,0.5128589869677498,17.525522340228633,0.1657929245864282,0.16806834295108863,0.2308652768085448,0.38908612322747516,S035,S089,3.0,12.0,9.0,1.4,1.4,0.0,15.0,15.0,0.0,0.6838119826236735,68.2629376925754,85.6175070371481,17.354569344572695,5.556936092471443,23.595317419667833,18.03838132719639,0.37553609333009197,0.544594954523324,0.169058861193232,0.24892781333981598,0.08918990904664778,0.1597379042931682,0.08140487767311311,0.27558986749556014,0.19418498982244703,1.0886188873580203,1.3804334797786266,0.29181459242060637
35,119,MP_vent_PEEP_Jmin,compliance_dominant,mixed,62.70600160010395,62.08838489305177,0.009849403426978539,5.637244604710119,19.77354292152816,0.08236852808903061,0.04118426404451536,0.32229513224056483,0.6299940648480868,S035,S119,3.0,12.0,9.0,1.4,1.4,0.0,15.0,10.0,5.0,0.6176167070521856,68.2629376925754,93.0561085117615,24.793170819186088,5.556936092471443,30.96772361870972,25.410787526238277,0.37553609333009197,0.3333333333333333,0.042202759996758654,0.24892781333981598,0.3333333333333333,0.08440551999351734,0.08140487767311311,0.3327855002102916,0.25138062253717847,1.0886188873580203,1.4987683875502982,0.4101495001922779
35,120,MP_vent_PEEP_Jmin,compliance_dominant,mixed,62.70600160010395,60.71001743085728,0.031830831472491244,1.4969881269350012,7.05392421940644,0.08236852808903056,0.04118426404451542,0.10567242008727534,0.1181585164773602,S035,S120,3.0,0.0,3.0,1.4,0.6,0.7999999999999999,15.0,15.0,0.0,1.9959841692466753,68.2629376925754,60.71001743085728,7.552920261718128,5.556936092471443,0.0,5.556936092471443,0.37553609333009197,0.3333333333333333,0.042202759996758654,0.24892781333981598,0.3333333333333333,0.08440551999351734,0.08140487767311311,0.0,0.08140487767311311,1.0886188873580203,1.0,0.08861888735802026
35,121,MP_vent_PEEP_Jmin,compliance_dominant,mixed,62.70600160010395,60.71001743085728,0.031830831472491244,1.4969881269350012,7.05392421940644,0.08236852808903056,0.04118426404451542,0.10567242008727534,0.1181585164773602,S035,S121,3.0,0.0,3.0,1.4,1.0,0.3999999999999999,15.0,15.0,0.0,1.9959841692466753,68.2629376925754,60.71001743085728,7.552920261718128,5.556936092471443,0.0,5.556936092471443,0.37553609333009197,0.3333333333333333,0.042202759996758654,0.24892781333981598,0.3333333333333333,0.08440551999351734,0.08140487767311311,0.0,0.08140487767311311,1.0886188873580203,1.0,0.08861888735802026
35,122,MP_vent_PEEP_Jmin,compliance_dominant,mixed,62.70600160010395,60.71001743085728,0.031830831472491244,1.4969881269350012,7.05392421940644,0.08236852808903056,0.04118426404451542,0.10567242008727534,0.1181585164773602,S035,S122,3.0,0.0,3.0,1.4,1.4,0.0,15.0,15.0,0.0,1.9959841692466753,68.2629376925754,60.71001743085728,7.552920261718128,5.556936092471443,0.0,5.556936092471443,0.37553609333009197,0.3333333333333333,0.042202759996758654,0.24892781333981598,0.3333333333333333,0.08440551999351734,0.08140487767311311,0.0,0.08140487767311311,1.0886188873580203,1.0,0.08861888735802026
35,123,MP_vent_PEEP_Jmin,compliance_dominant,mixed,62.70600160010395,62.55961280740234,0.0023345260256774506,0.10979159452620735,0.06071407315347699,0.0823685280890305,0.04118426404451547,0.00311678524629716,0.003910477732131268,S035,S123,3.0,3.0,0.0,1.4,0.6,0.7999999999999999,15.0,15.0,0.0,0.14638879270161453,68.2629376925754,68.28705456755347,0.024116874978062697,5.556936092471443,5.727441760151123,0.1705056676796799,0.37553609333009197,0.33333333333333337,0.0422027599967586,0.24892781333981598,0.33333333333333337,0.08440551999351739,0.08140487767311311,0.08387302390506841,0.0024681462319553066,1.0886188873580203,1.0915517456571187,0.0029328582990983953
35,126,MP_vent_PEEP_Jmin,compliance_dominant,mixed,62.70600160010395,64.40920818394757,0.027161779421139065,1.2774049378827144,8.959893651319021,0.08236852808903067,0.041184264044515306,0.10944072480486125,0.15591047001697245,S035,S126,3.0,6.0,3.0,1.4,0.6,0.7999999999999999,15.0,15.0,0.0,1.7032065838436168,68.2629376925754,77.64863298985532,9.38569529727991,5.556936092471443,13.239424805907758,7.682488713436315,0.37553609333009197,0.33333333333333337,0.0422027599967586,0.24892781333981598,0.33333333333333337,0.08440551999351739,0.08140487767311311,0.17050428701864553,0.08909940934553243,1.0886188873580203,1.2055517398707498,0.11693285251272956
35,161,MP_vent_PEEP_Jmin,compliance_dominant,severe_mixed,62.70600160010395,61.02164118987954,0.026861231257673143,6.348407073491607,11.034578502883633,0.16503441485305154,0.08251720742652596,0.2548990260305875,0.4457378624515125,S035,S161,3.0,9.0,6.0,1.4,1.4,0.0,15.0,10.0,5.0,1.6843604102244143,68.2629376925754,83.96156285872623,15.69862516615082,5.556936092471443,22.939921668846686,17.382985576375244,0.37553609333009197,0.29292675535005536,0.08260933798003661,0.24892781333981598,0.41414648929988923,0.16521867596007325,0.08140487767311311,0.273219326651237,0.19181444897812389,1.0886188873580203,1.3759309192859153,0.287312031927895
36,39,MP_vent_PEEP_Jmin,compliance_dominant,compliance_dominant,58.40112087812343,60.74834425251549,0.040191409669866604,1.7604175307940366,9.353768605357331,0.0016905707811282478,0.000845285390563999,0.08938981228012499,0.15703294991139405,S036,S039,6.0,9.0,3.0,0.6,0.6,0.0,15.0,15.0,0.0,2.3472233743920583,69.31719232256916,79.25776677152447,9.940574448955317,10.916071444445713,18.50942251900899,7.593351074563277,0.37339766363932547,0.37344290793073653,4.524429141106179e-05,0.25320467272134894,0.2531141841385269,9.048858282206806e-05,0.1574799999637539,0.23353449476271398,0.07605449479896009,1.186915444092697,1.304690156526242,0.11777471243354509
36,86,MP_vent_PEEP_Jmin,compliance_dominant,resistance_dominant,58.40112087812343,55.759560538896665,0.045231329459230814,1.9811702544200713,2.615181945678991,0.1642864762266004,0.16798097908217346,0.07107050946340082,0.12171546487117757,S036,S086,6.0,9.0,3.0,0.6,1.4,0.7999999999999999,15.0,15.0,0.0,2.641560339226764,69.31719232256916,71.27198418344143,1.9547918608722767,10.916071444445713,15.512423644544775,4.596352200099062,0.37339766363932547,0.5448184489649515,0.171420785325626,0.25320467272134894,0.08963689792990294,0.16356777479144602,0.1574799999637539,0.217651070364739,0.0601710704009851,1.186915444092697,1.27820204274608,0.09128659865338307
36,120,MP_vent_PEEP_Jmin,compliance_dominant,mixed,58.40112087812343,60.71001743085728,0.039535141072930026,1.7316724145503883,9.184399029895317,0.08320911613785947,0.041604558068929876,0.19950086773700765,0.2492205921235957,S036,S120,6.0,0.0,6.0,0.6,0.6,0.0,15.0,15.0,0.0,2.3088965527338488,69.31719232256916,60.71001743085728,8.607174891711878,10.916071444445713,0.0,10.916071444445713,0.37339766363932547,0.3333333333333333,0.04006433030599216,0.25320467272134894,0.3333333333333333,0.08012866061198437,0.1574799999637539,0.0,0.1574799999637539,1.186915444092697,1.0,0.186915444092697
36,121,MP_vent_PEEP_Jmin,compliance_dominant,mixed,58.40112087812343,60.71001743085728,0.039535141072930026,1.7316724145503883,9.184399029895317,0.08320911613785947,0.041604558068929876,0.19950086773700765,0.2492205921235957,S036,S121,6.0,0.0,6.0,0.6,1.0,0.4,15.0,15.0,0.0,2.3088965527338488,69.31719232256916,60.71001743085728,8.607174891711878,10.916071444445713,0.0,10.916071444445713,0.37339766363932547,0.3333333333333333,0.04006433030599216,0.25320467272134894,0.3333333333333333,0.08012866061198437,0.1574799999637539,0.0,0.1574799999637539,1.186915444092697,1.0,0.186915444092697
36,122,MP_vent_PEEP_Jmin,compliance_dominant,mixed,58.40112087812343,60.71001743085728,0.039535141072930026,1.7316724145503883,9.184399029895317,0.08320911613785947,0.041604558068929876,0.19950086773700765,0.2492205921235957,S036,S122,6.0,0.0,6.0,0.6,1.4,0.7999999999999999,15.0,15.0,0.0,2.3088965527338488,69.31719232256916,60.71001743085728,8.607174891711878,10.916071444445713,0.0,10.916071444445713,0.37339766363932547,0.3333333333333333,0.04006433030599216,0.25320467272134894,0.3333333333333333,0.08012866061198437,0.1574799999637539,0.0,0.1574799999637539,1.186915444092697,1.0,0.186915444092697
36,161,MP_vent_PEEP_Jmin,compliance_dominant,severe_mixed,58.40112087812343,61.02164118987954,0.04487106193089754,3.119746532006218,8.904103692394756,0.16587500290188045,0.08293750145094042,0.1610705783808552,0.31467578680527697,S036,S161,6.0,9.0,3.0,0.6,1.4,0.7999999999999999,15.0,10.0,5.0,2.6205203117561098,69.31719232256916,83.96156285872623,14.64437053615707,10.916071444445713,22.939921668846686,12.023850224400974,0.37339766363932547,0.29292675535005536,0.08047090828927012,0.25320467272134894,0.41414648929988923,0.1609418165785403,0.1574799999637539,0.273219326651237,0.1157393266874831,1.186915444092697,1.3759309192859153,0.18901547519321826
36,163,MP_vent_PEEP_Jmin,compliance_dominant,severe_mixed,58.40112087812343,57.82500837948266,0.00986475070988877,5.250835072270796,17.67131204678151,0.17172971821313016,0.08586485910656505,0.26795387315377656,0.6285540812866828,S036,S163,6.0,12.0,6.0,0.6,1.0,0.4,15.0,10.0,5.0,0.576112498640768,69.31719232256916,91.66322694298069,22.34603462041153,10.916071444445713,33.83821856349802,22.922147119052305,0.37339766363932547,0.2892411010022503,0.08415656263707516,0.25320467272134894,0.42151779799549927,0.16831312527415032,0.1574799999637539,0.369158054893127,0.21167805492937308,1.186915444092697,1.5851831156068528,0.39826767151415576
37,42,MP_vent_PEEP_Jmin,compliance_dominant,compliance_dominant,66.31623003633325,63.095567626907474,0.048565221630681436,2.4154968070693243,12.128741494404508,0.016309811828690596,0.008154905914345145,0.160775783671145,0.32067156556928866,S037,S042,6.0,12.0,6.0,1.0,0.6,0.4,15.0,15.0,0.0,3.2206624094257776,79.29830889665864,90.6218847887067,11.323575892048055,12.98207886032538,27.526317161799216,14.544238301473836,0.36965159324820535,0.3741753033440626,0.004523710095857281,0.26069681350358914,0.2516493933118747,0.00904742019171445,0.16371192577692412,0.3037491134286091,0.140037187651685,1.1957602061096173,1.436263880286584,0.2405036741769666
37,124,MP_vent_PEEP_Jmin,compliance_dominant,mixed,66.31623003633325,67.35354886713421,0.015642005437170224,0.7779891231007241,6.23330778737526,0.07142641814671047,0.035713209073355345,0.10128329200438373,0.14281578882258006,S037,S124,6.0,3.0,3.0,1.0,1.0,0.0,15.0,15.0,0.0,1.037318830800956,79.29830889665864,73.3243308169836,5.973978079675035,12.98207886032538,5.970781949849396,7.011296910475984,0.36965159324820535,0.33333333333333326,0.036318259914872086,0.26069681350358914,0.33333333333333326,0.07263651982974412,0.16371192577692412,0.08142975030692576,0.08228217546999836,1.1957602061096173,1.0886483644926823,0.10711184161693499
37,126,MP_vent_PEEP_Jmin,compliance_dominant,mixed,66.31623003633325,64.40920818394757,0.028756487685455967,1.430266389289244,1.1729204437068859,0.07142641814671058,0.035713209073355234,0.008125998631377307,0.013055378348176161,S037,S126,6.0,6.0,0.0,1.0,0.6,0.4,15.0,15.0,0.0,1.9070218523856823,79.29830889665864,77.64863298985532,1.6496759068033242,12.98207886032538,13.239424805907758,0.25734594558237767,0.36965159324820535,0.33333333333333337,0.036318259914871975,0.26069681350358914,0.33333333333333337,0.07263651982974423,0.16371192577692412,0.17050428701864553,0.006792361241721417,1.1957602061096173,1.2055517398707498,0.00979153376113251
37,129,MP_vent_PEEP_Jmin,compliance_dominant,mixed,66.31623003633325,66.25880356049274,0.0008659490415702495,0.04306985688036491,9.510800420064115,0.07142641814671052,0.03571320907335529,0.10501524849436059,0.1924798231922682,S037,S129,6.0,9.0,3.0,1.0,0.6,0.4,15.0,15.0,0.0,0.05742647584051497,79.29830889665864,88.79475269776262,9.496443801103979,12.98207886032538,22.535949137269874,9.553870276944494,0.36965159324820535,0.33333333333333337,0.036318259914871975,0.26069681350358914,0.33333333333333337,0.07263651982974423,0.16371192577692412,0.25379820825648536,0.09008628247956124,1.1957602061096173,1.3401200735038186,0.14435986739420126
37,132,MP_vent_PEEP_Jmin,compliance_dominant,mixed,66.31623003633325,68.10839893703759,0.027024589602310755,1.3441266755282726,21.979062569440345,0.07142641814671052,0.03571320907335529,0.18991585196536911,0.3970944525119622,S037,S132,6.0,12.0,6.0,1.0,0.6,0.4,15.0,15.0,0.0,1.7921689007043398,79.29830889665864,101.72541369127505,22.42710479461641,12.98207886032538,33.61701475423745,20.634935893912072,0.36965159324820535,0.33333333333333337,0.036318259914871975,0.26069681350358914,0.33333333333333337,0.07263651982974423,0.16371192577692412,0.3304682039068549,0.16675627812993077,1.1957602061096173,1.4935810454935892,0.29782083938397186
37,165,MP_vent_PEEP_Jmin,compliance_dominant,severe_mixed,66.31623003633325,68.81667564242248,0.03770488166651344,1.8753342045669399,11.106744655758447,0.14996027287390007,0.07498013643695017,0.20698714626075929,0.2610136081461565,S037,S165,6.0,0.0,6.0,1.0,0.6,0.4,15.0,15.0,0.0,2.5004456060892295,79.29830889665864,68.81667564242248,10.481633254236158,12.98207886032538,0.0,12.98207886032538,0.36965159324820535,0.2940664059697385,0.07558518727846686,0.26069681350358914,0.4118671880605228,0.15117037455693366,0.16371192577692412,0.0,0.16371192577692412,1.1957602061096173,1.0,0.1957602061096173
37,166,MP_vent_PEEP_Jmin,compliance_dominant,severe_mixed,66.31623003633325,68.81667564242248,0.03770488166651344,1.8753342045669399,11.106744655758447,0.14996027287390007,0.07498013643695017,0.20698714626075929,0.2610136081461565,S037,S166,6.0,0.0,6.0,1.0,1.0,0.0,15.0,15.0,0.0,2.5004456060892295,79.29830889665864,68.81667564242248,10.481633254236158,12.98207886032538,0.0,12.98207886032538,0.36965159324820535,0.2940664059697385,0.07558518727846686,0.26069681350358914,0.4118671880605228,0.15117037455693366,0.16371192577692412,0.0,0.16371192577692412,1.1957602061096173,1.0,0.1957602061096173
37,167,MP_vent_PEEP_Jmin,compliance_dominant,severe_mixed,66.31623003633325,68.81667564242248,0.03770488166651344,1.8753342045669399,11.106744655758447,0.14996027287390007,0.07498013643695017,0.20698714626075929,0.2610136081461565,S037,S167,6.0,0.0,6.0,1.0,1.4,0.3999999999999999,15.0,15.0,0.0,2.5004456060892295,79.29830889665864,68.81667564242248,10.481633254236158,12.98207886032538,0.0,12.98207886032538,0.36965159324820535,0.2940664059697385,0.07558518727846686,0.26069681350358914,0.4118671880605228,0.15117037455693366,0.16371192577692412,0.0,0.16371192577692412,1.1957602061096173,1.0,0.1957602061096173
38,40,MP_vent_PEEP_Jmin,compliance_dominant,compliance_dominant,71.70532907086857,72.62100798983018,0.012770026033303744,0.686759189221192,9.588171070656344,0.011994412099997798,0.005997206049998982,0.0915054681580881,0.16033024009031482,S038,S040,6.0,9.0,3.0,1.4,1.0,0.3999999999999999,15.0,15.0,0.0,0.9156789189616035,84.93193847926422,94.74902927966096,9.817090800396741,13.22660940839564,22.128021289830777,8.901411881435136,0.37480682348472927,0.36781991965024124,0.006986903834488023,0.2503863530305414,0.26436016069951745,0.013973807668976046,0.15573186771928987,0.23354351446195584,0.07781164674266597,1.1844578301192006,1.304705510186936,0.12024768006773545
38,125,MP_vent_PEEP_Jmin,compliance_dominant,mixed,71.70532907086857,71.28780949006492,0.00582271340517814,0.3131396856027422,7.921967763147563,0.07986599009075995,0.03993299504537989,0.10231371906282062,0.14087145942649437,S038,S125,6.0,3.0,3.0,1.4,1.4,0.0,15.0,15.0,0.0,0.41751958080365625,84.93193847926422,76.90559082091575,8.02634765834847,13.22660940839564,5.61778133085083,7.6088280775448105,0.37480682348472927,0.33333333333333337,0.0414734901513959,0.2503863530305414,0.33333333333333337,0.08294698030279196,0.15573186771928987,0.07304776246934419,0.08268410524994568,1.1844578301192006,1.0788042355493297,0.10565359456987089
38,127,MP_vent_PEEP_Jmin,compliance_dominant,mixed,71.70532907086857,73.99708030341148,0.03196068217297907,1.7188134244071733,2.4333623892146647,0.0798659900907599,0.03993299504537995,0.0033729479145563623,0.005258180531503509,S038,S127,6.0,6.0,0.0,1.4,1.0,0.3999999999999999,15.0,15.0,0.0,2.2917512325429072,84.93193847926422,87.9382386766146,3.0063001973503845,13.22660940839564,13.941158373203137,0.7145489648074967,0.37480682348472927,0.33333333333333337,0.0414734901513959,0.2503863530305414,0.33333333333333337,0.08294698030279196,0.15573186771928987,0.15853351833063842,0.002801650611348544,1.1844578301192006,1.1884014655178279,0.003943635398627299
38,164,MP_vent_PEEP_Jmin,compliance_dominant,severe_mixed,71.70532907086857,69.89274231276909,0.02527827124686995,7.183835261305376,15.62679616733331,0.16274245556978134,0.08137122778489053,0.23871956548112558,0.5274678779443331,S038,S164,6.0,12.0,6.0,1.4,1.4,0.0,15.0,10.0,5.0,1.812586758099485,84.93193847926422,105.92998314980343,20.998044670539215,13.22660940839564,36.03724083703433,22.810631428638693,0.37480682348472927,0.2928226920737634,0.08198413141096589,0.2503863530305414,0.4143546158524732,0.16396826282193178,0.15573186771928987,0.34019868374822076,0.1844668160289309,1.1844578301192006,1.5156077676244006,0.33114993750520005
38,165,MP_vent_PEEP_Jmin,compliance_dominant,severe_mixed,71.70532907086857,68.81667564242248,0.04028505922608829,2.1664900713345645,15.39309947973021,0.1583998448179495,0.07919992240897478,0.19739556368816644,0.24594377349226737,S038,S165,6.0,0.0,6.0,1.4,0.6,0.7999999999999999,15.0,15.0,0.0,2.8886534284460907,84.93193847926422,68.81667564242248,16.115262836841737,13.22660940839564,0.0,13.22660940839564,0.37480682348472927,0.2940664059697385,0.08074041751499078,0.2503863530305414,0.4118671880605228,0.1614808350299814,0.15573186771928987,0.0,0.15573186771928987,1.1844578301192006,1.0,0.18445783011920058
38,166,MP_vent_PEEP_Jmin,compliance_dominant,severe_mixed,71.70532907086857,68.81667564242248,0.04028505922608829,2.1664900713345645,15.39309947973021,0.1583998448179495,0.07919992240897478,0.19739556368816644,0.24594377349226737,S038,S166,6.0,0.0,6.0,1.4,1.0,0.3999999999999999,15.0,15.0,0.0,2.8886534284460907,84.93193847926422,68.81667564242248,16.115262836841737,13.22660940839564,0.0,13.22660940839564,0.37480682348472927,0.2940664059697385,0.08074041751499078,0.2503863530305414,0.4118671880605228,0.1614808350299814,0.15573186771928987,0.0,0.15573186771928987,1.1844578301192006,1.0,0.18445783011920058
38,167,MP_vent_PEEP_Jmin,compliance_dominant,severe_mixed,71.70532907086857,68.81667564242248,0.04028505922608829,2.1664900713345645,15.39309947973021,0.1583998448179495,0.07919992240897478,0.19739556368816644,0.24594377349226737,S038,S167,6.0,0.0,6.0,1.4,1.4,0.0,15.0,15.0,0.0,2.8886534284460907,84.93193847926422,68.81667564242248,16.115262836841737,13.22660940839564,0.0,13.22660940839564,0.37480682348472927,0.2940664059697385,0.08074041751499078,0.2503863530305414,0.4118671880605228,0.1614808350299814,0.15573186771928987,0.0,0.15573186771928987,1.1844578301192006,1.0,0.18445783011920058
38,168,MP_vent_PEEP_Jmin,compliance_dominant,severe_mixed,71.70532907086857,71.28777665610328,0.00582317130645362,0.313164311073983,7.177689590089642,0.15988176044524322,0.07994088022262152,0.0910558398827378,0.1269503185540557,S038,S168,6.0,3.0,3.0,1.4,0.6,0.7999999999999999,15.0,15.0,0.0,0.4175524147652965,84.93193847926422,77.64986078548324,7.282077693780977,13.22660940839564,6.362084129379997,6.864525279015644,0.37480682348472927,0.2931409186347605,0.08166590484996877,0.2503863530305414,0.4137181627304791,0.1633318096999377,0.15573186771928987,0.0819329753462919,0.07379889237299797,1.1844578301192006,1.0892450912036584,0.09521273891554216
38,171,MP_vent_PEEP_Jmin,compliance_dominant,severe_mixed,71.70532907086857,73.75887766978403,0.028638716613180456,1.5401614491865843,2.9860312458255294,0.16030709058315956,0.08015354529157975,0.012236325749634652,0.019289459777591222,S038,S171,6.0,6.0,0.0,1.4,0.6,0.7999999999999999,15.0,15.0,0.0,2.053548598915455,84.93193847926422,88.4313568748186,3.499418395554386,13.22660940839564,14.672479205034591,1.4458697966389504,0.37480682348472927,0.2926889123721613,0.08211791111256794,0.2503863530305414,0.41462217525567735,0.16423582222513594,0.15573186771928987,0.16591941731488544,0.010187549595595563,1.1844578301192006,1.1989249249523939,0.014467094833193306
39,42,MP_vent_PEEP_Jmin,compliance_dominant,compliance_dominant,60.74834425251549,63.095567626907474,0.03863847489628975,1.7604175307939869,10.777312173584207,0.002836543056413343,0.001418271528206616,0.07887224991477165,0.1754316316804554,S039,S042,9.0,12.0,3.0,0.6,0.6,0.0,15.0,15.0,0.0,2.3472233743919872,79.25776677152447,90.6218847887067,11.364118017182221,18.50942251900899,27.526317161799216,9.016894642790227,0.37344290793073653,0.3741753033440626,0.0007323954133260924,0.2531141841385269,0.2516493933118747,0.0014647908266521847,0.23353449476271398,0.3037491134286091,0.07021461866589512,1.304690156526242,1.436263880286584,0.13157372376034182
39,89,MP_vent_PEEP_Jmin,compliance_dominant,resistance_dominant,60.74834425251549,62.02218961748028,0.02096921950118903,0.9553840237236031,6.041278924382425,0.163261765756471,0.16680276353611018,0.0476470168786875,0.1009910976698456,S039,S089,9.0,12.0,3.0,0.6,1.4,0.7999999999999999,15.0,15.0,0.0,1.2738453649647923,79.25776677152447,85.6175070371481,6.359740265623628,18.50942251900899,23.595317419667833,5.085894900658843,0.37344290793073653,0.544594954523324,0.17115204659258743,0.2531141841385269,0.08918990904664778,0.1639242750918791,0.23353449476271398,0.27558986749556014,0.04205537273284615,1.304690156526242,1.3804334797786266,0.07574332325238453
39,119,MP_vent_PEEP_Jmin,compliance_dominant,mixed,60.74834425251549,62.08838489305177,0.022058883365875297,4.169001594018766,8.289299505681953,0.08489968691898778,0.04244984345949382,0.13907687231070753,0.3418990392904573,S039,S119,9.0,12.0,3.0,0.6,1.4,0.7999999999999999,15.0,10.0,5.0,1.3400406405362801,79.25776677152447,93.0561085117615,13.79834174023702,18.50942251900899,30.96772361870972,12.45830109970073,0.37344290793073653,0.3333333333333333,0.04010957459740322,0.2531141841385269,0.3333333333333333,0.08021914919480644,0.23353449476271398,0.3327855002102916,0.09925100544757759,1.304690156526242,1.4987683875502982,0.19407823102405608
39,120,MP_vent_PEEP_Jmin,compliance_dominant,mixed,60.74834425251549,60.71001743085728,0.0006309113792286199,0.028745116243648283,18.53816763525265,0.08489968691898772,0.042449843459493874,0.28889068001713264,0.40625354203498976,S039,S120,9.0,0.0,9.0,0.6,0.6,0.0,15.0,15.0,0.0,0.03832682165820955,79.25776677152447,60.71001743085728,18.547749340667195,18.50942251900899,0.0,18.50942251900899,0.37344290793073653,0.3333333333333333,0.04010957459740322,0.2531141841385269,0.3333333333333333,0.08021914919480644,0.23353449476271398,0.0,0.23353449476271398,1.304690156526242,1.0,0.3046901565262421
39,121,MP_vent_PEEP_Jmin,compliance_dominant,mixed,60.74834425251549,60.71001743085728,0.0006309113792286199,0.028745116243648283,18.53816763525265,0.08489968691898772,0.042449843459493874,0.28889068001713264,0.40625354203498976,S039,S121,9.0,0.0,9.0,0.6,1.0,0.4,15.0,15.0,0.0,0.03832682165820955,79.25776677152447,60.71001743085728,18.547749340667195,18.50942251900899,0.0,18.50942251900899,0.37344290793073653,0.3333333333333333,0.04010957459740322,0.2531141841385269,0.3333333333333333,0.08021914919480644,0.23353449476271398,0.0,0.23353449476271398,1.304690156526242,1.0,0.3046901565262421
39,122,MP_vent_PEEP_Jmin,compliance_dominant,mixed,60.74834425251549,60.71001743085728,0.0006309113792286199,0.028745116243648283,18.53816763525265,0.08489968691898772,0.042449843459493874,0.28889068001713264,0.40625354203498976,S039,S122,9.0,0.0,9.0,0.6,1.4,0.7999999999999999,15.0,15.0,0.0,0.03832682165820955,79.25776677152447,60.71001743085728,18.547749340667195,18.50942251900899,0.0,18.50942251900899,0.37344290793073653,0.3333333333333333,0.04010957459740322,0.2531141841385269,0.3333333333333333,0.08021914919480644,0.23353449476271398,0.0,0.23353449476271398,1.304690156526242,1.0,0.3046901565262421
39,123,MP_vent_PEEP_Jmin,compliance_dominant,mixed,60.74834425251549,62.55961280740234,0.029815932881361612,1.3584514161651455,11.423529342692731,0.08489968691898767,0.04244984345949393,0.18010147468356014,0.2841845478254983,S039,S123,9.0,3.0,6.0,0.6,0.6,0.0,15.0,15.0,0.0,1.8112685548868512,79.25776677152447,68.28705456755347,10.970712203971004,18.50942251900899,5.727441760151123,12.781980758857866,0.37344290793073653,0.33333333333333337,0.040109574597403164,0.2531141841385269,0.33333333333333337,0.0802191491948065,0.23353449476271398,0.08387302390506841,0.14966147085764558,1.304690156526242,1.0915517456571187,0.21313841086912344
39,161,MP_vent_PEEP_Jmin,compliance_dominant,severe_mixed,60.74834425251549,61.02164118987954,0.004498837634619724,4.8801640628002545,0.44966491296257516,0.1675655736830087,0.08378278684150442,0.07168076610073021,0.15764283689388292,S039,S161,9.0,9.0,0.0,0.6,1.4,0.7999999999999999,15.0,10.0,5.0,0.2732969373640515,79.25776677152447,83.96156285872623,4.703796087201752,18.50942251900899,22.939921668846686,4.430499149837697,0.37344290793073653,0.29292675535005536,0.08051615258068118,0.2531141841385269,0.41414648929988923,0.16103230516136235,0.23353449476271398,0.273219326651237,0.03968483188852301,1.304690156526242,1.3759309192859153,0.07124076275967317
39,163,MP_vent_PEEP_Jmin,compliance_dominant,severe_mixed,60.74834425251549,57.82500837948266,0.048122066683517484,7.0112526030648326,8.317543441424178,0.1734202889942584,0.08671014449712905,0.17856406087365156,0.4715211313752887,S039,S163,9.0,12.0,3.0,0.6,1.0,0.4,15.0,10.0,5.0,2.9233358730328263,79.25776677152447,91.66322694298069,12.405460171456212,18.50942251900899,33.83821856349802,15.328796044489028,0.37344290793073653,0.2892411010022503,0.08420180692848622,0.2531141841385269,0.42151779799549927,0.1684036138569724,0.23353449476271398,0.369158054893127,0.135623560130413,1.304690156526242,1.5851831156068528,0.28049295908061067
40,125,MP_vent_PEEP_Jmin,compliance_dominant,mixed,72.62100798983018,71.28780949006492,0.01835830342580704,0.9998988748239341,17.510138833803907,0.06787157799076216,0.03393578899538091,0.19381918722090874,0.3012016995168092,S040,S125,9.0,3.0,6.0,1.0,1.4,0.3999999999999999,15.0,15.0,0.0,1.3331984997652597,94.74902927966096,76.90559082091575,17.84343845874521,22.128021289830777,5.61778133085083,16.510239958979945,0.36781991965024124,0.33333333333333337,0.034486586316907875,0.26436016069951745,0.33333333333333337,0.06897317263381592,0.23354351446195584,0.07304776246934419,0.16049575199261165,1.304705510186936,1.0788042355493297,0.22590127463760634
40,127,MP_vent_PEEP_Jmin,compliance_dominant,mixed,72.62100798983018,73.99708030341148,0.018948680990134543,1.0320542351859814,7.154808681441679,0.0678715779907621,0.03393578899538097,0.08813252024353174,0.15507205955881131,S040,S127,9.0,6.0,3.0,1.0,1.0,0.0,15.0,15.0,0.0,1.3760723135813038,94.74902927966096,87.9382386766146,6.810790603046357,22.128021289830777,13.941158373203137,8.18686291662764,0.36781991965024124,0.33333333333333337,0.034486586316907875,0.26436016069951745,0.33333333333333337,0.06897317263381592,0.23354351446195584,0.15853351833063842,0.07500999613131742,1.304705510186936,1.1884014655178279,0.11630404466910815
40,164,MP_vent_PEEP_Jmin,compliance_dominant,severe_mixed,72.62100798983018,69.89274231276909,0.037568545970102125,7.870594450526568,6.038625096676967,0.15074804346978354,0.07537402173489155,0.14721409732303747,0.3671376378540183,S040,S164,9.0,12.0,3.0,1.0,1.4,0.3999999999999999,15.0,10.0,5.0,2.7282656770610885,94.74902927966096,105.92998314980343,11.180953870142474,22.128021289830777,36.03724083703433,13.909219547203556,0.36781991965024124,0.2928226920737634,0.07499722757647787,0.26436016069951745,0.4143546158524732,0.14999445515295573,0.23354351446195584,0.34019868374822076,0.10665516928626492,1.304705510186936,1.5156077676244006,0.2109022574374646
40,168,MP_vent_PEEP_Jmin,compliance_dominant,severe_mixed,72.62100798983018,71.28777665610328,0.01835875555340137,0.999923500295175,16.765860660745986,0.14788734834524542,0.07394367417262254,0.1825613080408259,0.2872805586443705,S040,S168,9.0,3.0,6.0,1.0,0.6,0.4,15.0,15.0,0.0,1.3332313337269,94.74902927966096,77.64986078548324,17.099168494177718,22.128021289830777,6.362084129379997,15.765937160450779,0.36781991965024124,0.2931409186347605,0.07467900101548075,0.26436016069951745,0.4137181627304791,0.14935800203096167,0.23354351446195584,0.0819329753462919,0.15161053911566394,1.304705510186936,1.0892450912036584,0.2154604189832776
40,171,MP_vent_PEEP_Jmin,compliance_dominant,severe_mixed,72.62100798983018,73.75887766978403,0.01566860212286228,0.8534022599653923,6.6021398248308145,0.14831267848316176,0.07415633924158077,0.07926914240845345,0.1410407803127236,S040,S171,9.0,6.0,3.0,1.0,0.6,0.4,15.0,15.0,0.0,1.1378696799538517,94.74902927966096,88.4313568748186,6.317672404842355,22.128021289830777,14.672479205034591,7.4555420847961855,0.36781991965024124,0.2926889123721613,0.07513100727807992,0.26436016069951745,0.41462217525567735,0.1502620145561599,0.23354351446195584,0.16591941731488544,0.0676240971470704,1.304705510186936,1.1989249249523939,0.10578058523454215
40,174,MP_vent_PEEP_Jmin,compliance_dominant,severe_mixed,72.62100798983018,76.22997868346472,0.049695959799125146,2.706728020225924,5.509891957358889,0.14804353232907214,0.0740217661645361,0.014753913881194958,0.029795638760491183,S040,S174,9.0,9.0,0.0,1.0,0.6,0.4,15.0,15.0,0.0,3.6089706936345465,94.74902927966096,101.16116391042848,6.412134630767525,22.128021289830777,24.931185226963755,2.803163937132979,0.36781991965024124,0.29258511621575944,0.0752348034344818,0.26436016069951745,0.41482976756848106,0.1504696068689636,0.23354351446195584,0.24645016193208957,0.01290664747013373,1.304705510186936,1.3270522392573052,0.022346729070369165
41,43,MP_vent_PEEP_Jmin,compliance_dominant,compliance_dominant,80.70465654163318,78.92578594332717,0.0220417343253093,1.3341529487295105,8.70072615572927,0.012735744486280287,0.006367872243140171,0.0828117357364177,0.17809199166422074,S041,S043,9.0,12.0,3.0,1.4,1.0,0.3999999999999999,15.0,15.0,0.0,1.778870598306014,103.71367648940576,111.96968499555852,8.256008506152767,23.00901994777258,33.043899052231346,10.034879104458767,0.37439895288490316,0.36666126139789534,0.007737691487007814,0.25120209423019363,0.2666774772042094,0.015475382974015794,0.22185135776305187,0.2951146915662225,0.07326333380317063,1.285101516241543,1.4186705099897086,0.13356899374816567
41,128,MP_vent_PEEP_Jmin,compliance_dominant,mixed,80.70465654163318,81.86560154927261,0.014385105610858142,0.8707087557295736,8.50470251987521,0.07854766558529414,0.039273832792647234,0.09373142593032524,0.1580867222026714,S041,S128,9.0,6.0,3.0,1.4,1.4,0.0,15.0,15.0,0.0,1.1609450076394268,103.71367648940576,95.4992102214404,8.21446626796535,23.00901994777258,13.633608672167783,9.375411275604796,0.37439895288490316,0.33333333333333337,0.04106561955156979,0.25120209423019363,0.33333333333333337,0.08213123910313974,0.22185135776305187,0.14276148085994242,0.07908987690310945,1.285101516241543,1.1665364745895395,0.11856504165200343
41,130,MP_vent_PEEP_Jmin,compliance_dominant,mixed,80.70465654163318,80.64061173968858,0.0007935700948255098,0.04803360145845659,0.8540757208301386,0.07854766558529425,0.03927383279264712,0.0079020713933457,0.015217619221464362,S041,S130,9.0,9.0,0.0,1.4,1.0,0.3999999999999999,15.0,15.0,0.0,0.06404480194460405,103.71367648940576,104.55174100974975,0.8380645203439911,23.00901994777258,23.911129270061167,0.9021093222885881,0.37439895288490316,0.3333333333333333,0.04106561955156984,0.25120209423019363,0.3333333333333333,0.08213123910313969,0.22185135776305187,0.22870139740505505,0.006850039642003175,1.285101516241543,1.2965147306576412,0.011413214416098327
41,170,MP_vent_PEEP_Jmin,compliance_dominant,severe_mixed,80.70465654163318,80.6448104729418,0.0007415441841390213,0.04488455151854964,16.353287450284924,0.15892949596211897,0.07946474798105957,0.17569841088239269,0.2693513378529999,S041,S170,9.0,3.0,6.0,1.4,1.4,0.0,15.0,15.0,0.0,0.05984606869138531,103.71367648940576,87.34542752194797,16.368248967457788,23.00901994777258,6.700617049006176,16.308402898766403,0.37439895288490316,0.2934921456977664,0.08090680718713678,0.25120209423019363,0.41301570860446707,0.16181361437427344,0.22185135776305187,0.0767139991079952,0.14513735865505667,1.285101516241543,1.0830880128517926,0.20201350338975033
41,172,MP_vent_PEEP_Jmin,compliance_dominant,severe_mixed,80.70465654163318,84.42778934793678,0.04613281272540873,2.792349604727697,3.9672142774807924,0.16343134471903692,0.08171567235951843,0.07121829067896854,0.12351438234351764,S041,S172,9.0,6.0,3.0,1.4,1.0,0.3999999999999999,15.0,15.0,0.0,3.723132806303596,103.71367648940576,100.67724541350087,3.0364310759048863,23.00901994777258,16.249456065564097,6.759563882208482,0.37439895288490316,0.29115562414471213,0.08324332874019102,0.25120209423019363,0.41768875171057596,0.16648665748038233,0.22185135776305187,0.161401476558327,0.06044988120472486,1.285101516241543,1.1924657294839047,0.09263578675763817
41,177,MP_vent_PEEP_Jmin,compliance_dominant,severe_mixed,80.70465654163318,78.70107969714545,0.024826037682895683,1.5026826333658008,12.626499614029157,0.15803476806338934,0.07901738403169478,0.11076308567004539,0.24905045945552295,S041,S177,9.0,12.0,3.0,1.4,0.6,0.7999999999999999,15.0,15.0,0.0,2.003576844487739,103.71367648940576,115.83928189231297,12.125605402907212,23.00901994777258,37.13820219516752,14.129182247394944,0.37439895288490316,0.2927199709503307,0.08167898193457246,0.25120209423019363,0.41456005809933866,0.16335796386914503,0.22185135776305187,0.32060110860918584,0.09874975084613397,1.285101516241543,1.4718893608331851,0.18678784459164222
42,89,MP_vent_PEEP_Jmin,compliance_dominant,resistance_dominant,63.095567626907474,62.02218961748028,0.01701193997927434,0.8050335070703838,4.736033249201782,0.16042522270005766,0.16538449200790356,0.031225233036084155,0.0744405340106098,S042,S089,12.0,12.0,0.0,0.6,1.4,0.7999999999999999,15.0,15.0,0.0,1.073378009427195,90.6218847887067,85.6175070371481,5.004377751558593,27.526317161799216,23.595317419667833,3.930999742131384,0.3741753033440626,0.544594954523324,0.17041965117926133,0.2516493933118747,0.08918990904664778,0.1624594842652269,0.3037491134286091,0.27558986749556014,0.02815924593304897,1.436263880286584,1.3804334797786266,0.05583040050795729
42,119,MP_vent_PEEP_Jmin,compliance_dominant,mixed,63.095567626907474,62.08838489305177,0.01596281278918534,5.929419124812753,2.488012667902254,0.08773622997540112,0.043868114987700435,0.06020462239593588,0.1664674076100019,S042,S119,12.0,12.0,0.0,0.6,1.4,0.7999999999999999,15.0,10.0,5.0,1.0071827338557071,90.6218847887067,93.0561085117615,2.4342237230547994,27.526317161799216,30.96772361870972,3.441406456910503,0.3741753033440626,0.3333333333333333,0.04084197001072931,0.2516493933118747,0.3333333333333333,0.08168394002145862,0.3037491134286091,0.3327855002102916,0.029036386781682466,1.436263880286584,1.4987683875502982,0.06250450726371426
42,120,MP_vent_PEEP_Jmin,compliance_dominant,mixed,63.095567626907474,60.71001743085728,0.03780852262327322,1.7891626470376352,29.315479808836855,0.08773622997540106,0.04386811498770049,0.3677629299319043,0.5816851737154451,S042,S120,12.0,0.0,12.0,0.6,0.6,0.0,15.0,15.0,0.0,2.385550196050197,90.6218847887067,60.71001743085728,29.911867357849417,27.526317161799216,0.0,27.526317161799216,0.3741753033440626,0.3333333333333333,0.04084197001072931,0.2516493933118747,0.3333333333333333,0.08168394002145862,0.3037491134286091,0.0,0.3037491134286091,1.436263880286584,1.0,0.4362638802865839
42,121,MP_vent_PEEP_Jmin,compliance_dominant,mixed,63.095567626907474,60.71001743085728,0.03780852262327322,1.7891626470376352,29.315479808836855,0.08773622997540106,0.04386811498770049,0.3677629299319043,0.5816851737154451,S042,S121,12.0,0.0,12.0,0.6,1.0,0.4,15.0,15.0,0.0,2.385550196050197,90.6218847887067,60.71001743085728,29.911867357849417,27.526317161799216,0.0,27.526317161799216,0.3741753033440626,0.3333333333333333,0.04084197001072931,0.2516493933118747,0.3333333333333333,0.08168394002145862,0.3037491134286091,0.0,0.3037491134286091,1.436263880286584,1.0,0.4362638802865839
42,122,MP_vent_PEEP_Jmin,compliance_dominant,mixed,63.095567626907474,60.71001743085728,0.03780852262327322,1.7891626470376352,29.315479808836855,0.08773622997540106,0.04386811498770049,0.3677629299319043,0.5816851737154451,S042,S122,12.0,0.0,12.0,0.6,1.4,0.7999999999999999,15.0,15.0,0.0,2.385550196050197,90.6218847887067,60.71001743085728,29.911867357849417,27.526317161799216,0.0,27.526317161799216,0.3741753033440626,0.3333333333333333,0.04084197001072931,0.2516493933118747,0.3333333333333333,0.08168394002145862,0.3037491134286091,0.0,0.3037491134286091,1.436263880286584,1.0,0.4362638802865839
42,123,MP_vent_PEEP_Jmin,compliance_dominant,mixed,63.095567626907474,62.55961280740234,0.008494333907483146,0.40196611462884135,22.200841516276938,0.08773622997540101,0.043868114987700546,0.2589737245983318,0.4596161795059537,S042,S123,12.0,3.0,9.0,0.6,0.6,0.0,15.0,15.0,0.0,0.535954819505136,90.6218847887067,68.28705456755347,22.334830221153226,27.526317161799216,5.727441760151123,21.798875401648093,0.3741753033440626,0.33333333333333337,0.040841970010729256,0.2516493933118747,0.33333333333333337,0.08168394002145868,0.3037491134286091,0.08387302390506841,0.2198760895235407,1.436263880286584,1.0915517456571187,0.34471213462946526
42,126,MP_vent_PEEP_Jmin,compliance_dominant,mixed,63.095567626907474,64.40920818394757,0.020819854808309633,0.9852304177800804,13.301661938111394,0.08773622997540118,0.04386811498770038,0.1526497850397677,0.3076161872211125,S042,S126,12.0,6.0,6.0,0.6,0.6,0.0,15.0,15.0,0.0,1.3136405570400953,90.6218847887067,77.64863298985532,12.97325179885138,27.526317161799216,13.239424805907758,14.286892355891458,0.3741753033440626,0.33333333333333337,0.040841970010729256,0.2516493933118747,0.33333333333333337,0.08168394002145868,0.3037491134286091,0.17050428701864553,0.13324482640996357,1.436263880286584,1.2055517398707498,0.2307121404158341
42,161,MP_vent_PEEP_Jmin,compliance_dominant,severe_mixed,63.095567626907474,61.02164118987954,0.03286960582225585,6.640581593594241,11.226977086546782,0.17040211673942204,0.08520105836971104,0.007191483814041444,0.01778879478657247,S042,S161,12.0,9.0,3.0,0.6,1.4,0.7999999999999999,15.0,10.0,5.0,2.0739264370279358,90.6218847887067,83.96156285872623,6.660321929980469,27.526317161799216,22.939921668846686,4.58639549295253,0.3741753033440626,0.29292675535005536,0.08124854799400727,0.2516493933118747,0.41414648929988923,0.16249709598801454,0.3037491134286091,0.273219326651237,0.030529786777372114,1.436263880286584,1.3759309192859153,0.06033296100066865
43,128,MP_vent_PEEP_Jmin,compliance_dominant,mixed,78.92578594332717,81.86560154927261,0.0372478470858229,2.204861704459084,17.20542867560448,0.06581192109901385,0.03290596054950706,0.17654316166674294,0.33617871386689213,S043,S128,12.0,6.0,6.0,1.0,1.4,0.3999999999999999,15.0,15.0,0.0,2.939815605945441,111.96968499555852,95.4992102214404,16.470474774118117,33.043899052231346,13.633608672167783,19.410290380063564,0.36666126139789534,0.33333333333333337,0.033327928064561974,0.2666774772042094,0.33333333333333337,0.06665585612912395,0.2951146915662225,0.14276148085994242,0.15235321070628008,1.4186705099897086,1.1665364745895395,0.2521340354001691
43,130,MP_vent_PEEP_Jmin,compliance_dominant,mixed,78.92578594332717,80.64061173968858,0.021727066456997266,1.286119347271054,7.846650434899132,0.06581192109901396,0.03290596054950695,0.074909664343072,0.16287437244275638,S043,S130,12.0,9.0,3.0,1.0,1.0,0.0,15.0,15.0,0.0,1.71482579636141,111.96968499555852,104.55174100974975,7.417943985808776,33.043899052231346,23.911129270061167,9.132769782170179,0.36666126139789534,0.3333333333333333,0.03332792806456203,0.2666774772042094,0.3333333333333333,0.06665585612912389,0.2951146915662225,0.22870139740505505,0.06641329416116745,1.4186705099897086,1.2965147306576412,0.12215577933206734
43,169,MP_vent_PEEP_Jmin,compliance_dominant,severe_mixed,78.92578594332717,76.62223249517965,0.029186322576522667,1.7276650861106404,27.787987087692358,0.14819388906251374,0.07409694453125693,0.2498890354736482,0.4367034003476913,S043,S169,12.0,3.0,9.0,1.0,1.0,0.0,15.0,15.0,0.0,2.3035534481475253,111.96968499555852,83.60580954582926,28.363875449729264,33.043899052231346,6.9835770506496235,26.060322001581724,0.36666126139789534,0.2923414501747442,0.07431981122315112,0.2666774772042094,0.41531709965051183,0.1486396224463024,0.2951146915662225,0.08352980598580909,0.2115848855804134,1.4186705099897086,1.0911429597289397,0.32752755026076885
43,170,MP_vent_PEEP_Jmin,compliance_dominant,severe_mixed,78.92578594332717,80.6448104729418,0.0217802649548397,1.2892683972109609,25.054013606014195,0.14619375147583868,0.0730968757379194,0.2585101466188104,0.44744332951722066,S043,S170,12.0,3.0,9.0,1.0,1.4,0.3999999999999999,15.0,15.0,0.0,1.7190245296146287,111.96968499555852,87.34542752194797,24.624257473610555,33.043899052231346,6.700617049006176,26.34328200322517,0.36666126139789534,0.2934921456977664,0.07316911570012896,0.2666774772042094,0.41301570860446707,0.14633823140025765,0.2951146915662225,0.0767139991079952,0.2184006924582273,1.4186705099897086,1.0830880128517926,0.335582497137916
43,174,MP_vent_PEEP_Jmin,compliance_dominant,severe_mixed,78.92578594332717,76.22997868346472,0.034156229521720295,2.021855444896829,10.13456927016442,0.14598387543732394,0.07299193771866214,0.05459017675227773,0.12215769430987122,S043,S174,12.0,9.0,3.0,1.0,0.6,0.4,15.0,15.0,0.0,2.6958072598624483,111.96968499555852,101.16116391042848,10.808521085130039,33.043899052231346,24.931185226963755,8.11271382526759,0.36666126139789534,0.29258511621575944,0.0740761451821359,0.2666774772042094,0.41482976756848106,0.14815229036427163,0.2951146915662225,0.24645016193208957,0.048664529634132925,1.4186705099897086,1.3270522392573052,0.09161827073240336
43,177,MP_vent_PEEP_Jmin,compliance_dominant,severe_mixed,78.92578594332717,78.70107969714545,0.002847057441316782,0.16852968463629026,3.9257734582998864,0.14529902357710905,0.07264951178855461,0.02795134993362769,0.07095846779130222,S043,S177,12.0,12.0,0.0,1.0,0.6,0.4,15.0,15.0,0.0,0.22470624618172508,111.96968499555852,115.83928189231297,3.8695968967544445,33.043899052231346,37.13820219516752,4.094303142936177,0.36666126139789534,0.2927199709503307,0.07394129044756464,0.2666774772042094,0.41456005809933866,0.14788258089512923,0.2951146915662225,0.32060110860918584,0.02548641704296334,1.4186705099897086,1.4718893608331851,0.05321885084347655
44,131,MP_vent_PEEP_Jmin,compliance_dominant,mixed,89.70398401239787,92.44339360848043,0.03053832699006943,2.054557197061939,8.802128489589478,0.07792055167181772,0.03896027583590894,0.08406494493608957,0.1719625399302418,S044,S131,12.0,9.0,3.0,1.4,1.4,0.0,15.0,15.0,0.0,2.7394095960825666,124.6081517230002,116.49087563243134,8.117276090568865,34.90416771060232,24.047482023950906,10.856685686651417,0.3741878978748197,0.33333333333333337,0.04085456454148634,0.2516242042503605,0.33333333333333337,0.0817091290829729,0.28011143113809384,0.20643232264670203,0.07367910849139181,1.389103874202268,1.260131969254587,0.12897190494768118
44,133,MP_vent_PEEP_Jmin,compliance_dominant,mixed,89.70398401239787,87.28414317596582,0.026975845756166208,1.8148806273240297,0.8383536975027397,0.07792055167181772,0.03896027583590894,0.012461524209920305,0.02930041745555778,S044,S133,12.0,12.0,0.0,1.4,1.0,0.3999999999999999,15.0,15.0,0.0,2.4198408364320443,124.6081517230002,123.16483781638945,1.4433139066107543,34.90416771060232,35.880694640423606,0.9765269298212829,0.3741878978748197,0.33333333333333337,0.04085456454148634,0.2516242042503605,0.33333333333333337,0.0817091290829729,0.28011143113809384,0.29132255014140884,0.011211119003315007,1.389103874202268,1.4110791872939366,0.021975313091668447
44,173,MP_vent_PEEP_Jmin,compliance_dominant,severe_mixed,89.70398401239787,92.47294530346095,0.03086776269246173,2.0767209682972947,16.700873338340003,0.1594079623761469,0.07970398118807359,0.152931507402483,0.28628204436587,S044,S173,12.0,6.0,6.0,1.4,1.4,0.0,15.0,15.0,0.0,2.7689612910630785,124.6081517230002,108.59951870742594,16.00863301557426,34.90416771060232,16.126573403965004,18.77759430663732,0.3741878978748197,0.29312349127047055,0.08106440660434916,0.2516242042503605,0.413753017459059,0.16212881320869854,0.28011143113809384,0.14849580915188976,0.13161562198620408,1.389103874202268,1.1743923409278654,0.21471153327440273
44,175,MP_vent_PEEP_Jmin,compliance_dominant,severe_mixed,89.70398401239787,92.23334620069396,0.028196765351542367,1.8970216412220822,5.209509024636802,0.16441269867881325,0.08220634933940674,0.05493328926794866,0.11696008910531108,S044,S175,12.0,9.0,3.0,1.4,1.0,0.3999999999999999,15.0,15.0,0.0,2.5293621882960906,124.6081517230002,120.0309832454374,4.577168477562807,34.90416771060232,27.79763704474344,7.106530665858884,0.3741878978748197,0.2903465371546724,0.0838413607201473,0.2516242042503605,0.4193069256906552,0.16768272144029472,0.28011143113809384,0.23158718101894812,0.04852425011914571,1.389103874202268,1.3013838073732849,0.08772006682898326
45,46,MP_vent_PEEP_Jmin,resistance_dominant,resistance_dominant,6.1619455505243215,6.1619455505243215,0.0,0.0,0.0,0.0,0.0,0.0,0.0,S045,S046,0.0,0.0,0.0,0.6,1.0,0.4,5.0,5.0,0.0,0.0,6.1619455505243215,6.1619455505243215,0.0,0.0,0.0,0.0,0.5473561423910592,0.5473561423910592,0.0,0.09471228478211828,0.09471228478211828,0.0,0.0,0.0,0.0,1.0,1.0,0.0
45,47,MP_vent_PEEP_Jmin,resistance_dominant,resistance_dominant,6.1619455505243215,6.1619455505243215,0.0,0.0,0.0,0.0,0.0,0.0,0.0,S045,S047,0.0,0.0,0.0,0.6,1.4,0.7999999999999999,5.0,5.0,0.0,0.0,6.1619455505243215,6.1619455505243215,0.0,0.0,0.0,0.0,0.5473561423910592,0.5473561423910592,0.0,0.09471228478211828,0.09471228478211828,0.0,0.0,0.0,0.0,1.0,1.0,0.0
46,47,MP_vent_PEEP_Jmin,resistance_dominant,resistance_dominant,6.1619455505243215,6.1619455505243215,0.0,0.0,0.0,0.0,0.0,0.0,0.0,S046,S047,0.0,0.0,0.0,1.0,1.4,0.3999999999999999,5.0,5.0,0.0,0.0,6.1619455505243215,6.1619455505243215,0.0,0.0,0.0,0.0,0.5473561423910592,0.5473561423910592,0.0,0.09471228478211828,0.09471228478211828,0.0,0.0,0.0,0.0,1.0,1.0,0.0
49,54,MP_vent_PEEP_Jmin,resistance_dominant,resistance_dominant,8.29176765858831,8.384761925454638,0.011215252367811946,0.04649713343316453,5.738850849749246,0.03956531685184289,0.019782658425921418,0.34983296423383914,1.3533122039376995,S049,S054,3.0,9.0,6.0,1.0,0.6,0.4,5.0,5.0,0.0,0.09299426686632906,9.963900864876338,15.749248848058748,5.78534798318241,1.6721332062880288,7.364486922604112,5.692353716316083,0.5385071006502314,0.5451759732452676,0.006668872595036124,0.07701420130046296,0.09035194649053518,0.01333774519007222,0.16781913318532216,0.4676087725613567,0.29978963937603453,1.201661850058726,1.878317952027576,0.67665610196885
50,57,MP_vent_PEEP_Jmin,resistance_dominant,resistance_dominant,9.293260089816114,9.125700717098079,0.01803020372814621,0.08377968635901745,10.030324246703607,0.03737568568868517,0.01868784284434244,0.45121548765152353,2.2234305406419264,S050,S057,3.0,12.0,9.0,1.4,0.6,0.7999999999999999,5.0,5.0,0.0,0.1675593727180349,11.016862716987754,20.963407277332347,9.946544560344593,1.7236026271716418,11.837706560234263,10.114103933062621,0.5470152189911576,0.5492229331264358,0.002207714135278205,0.09403043798231503,0.09844586625287159,0.004415428270556562,0.15645131208850277,0.5646842807387676,0.40823296865026487,1.1854680284973866,2.29718329881835,1.1117152703209634
52,90,MP_vent_PEEP_Jmin,resistance_dominant,mixed,10.42158976665232,10.11833623847623,0.029098586200970954,0.15162676408804465,4.71412658869573,0.26278936209188336,0.20193865228739155,0.46683334136070836,0.8755861489015944,S052,S090,6.0,0.0,6.0,1.0,0.6,0.4,5.0,5.0,0.0,0.3032535281760893,14.984089591260005,10.11833623847623,4.865753352783775,4.562499824607685,0.0,4.562499824607685,0.5355691066817989,0.3333333333333334,0.2022357733484655,0.07113821336359803,0.3333333333333334,0.2621951199697354,0.30448962526685125,0.0,0.30448962526685125,1.4377930744507972,1.0,0.4377930744507972
52,91,MP_vent_PEEP_Jmin,resistance_dominant,mixed,10.42158976665232,10.11833623847623,0.029098586200970954,0.15162676408804465,4.71412658869573,0.26278936209188336,0.20193865228739155,0.46683334136070836,0.8755861489015944,S052,S091,6.0,0.0,6.0,1.0,1.0,0.0,5.0,5.0,0.0,0.3032535281760893,14.984089591260005,10.11833623847623,4.865753352783775,4.562499824607685,0.0,4.562499824607685,0.5355691066817989,0.3333333333333334,0.2022357733484655,0.07113821336359803,0.3333333333333334,0.2621951199697354,0.30448962526685125,0.0,0.30448962526685125,1.4377930744507972,1.0,0.4377930744507972
52,92,MP_vent_PEEP_Jmin,resistance_dominant,mixed,10.42158976665232,10.11833623847623,0.029098586200970954,0.15162676408804465,4.71412658869573,0.26278936209188336,0.20193865228739155,0.46683334136070836,0.8755861489015944,S052,S092,6.0,0.0,6.0,1.0,1.4,0.3999999999999999,5.0,5.0,0.0,0.3032535281760893,14.984089591260005,10.11833623847623,4.865753352783775,4.562499824607685,0.0,4.562499824607685,0.5355691066817989,0.3333333333333334,0.2022357733484655,0.07113821336359803,0.3333333333333334,0.2621951199697354,0.30448962526685125,0.0,0.30448962526685125,1.4377930744507972,1.0,0.4377930744507972
53,55,MP_vent_PEEP_Jmin,resistance_dominant,resistance_dominant,12.424574629107918,12.551411874716315,0.010208578514329759,0.06341862280419885,3.8312702766158075,0.014015262409576845,0.007007631204788312,0.13901394258952005,0.5924108772279422,S053,S055,6.0,9.0,3.0,1.4,1.0,0.3999999999999999,5.0,5.0,0.0,0.1268372456083977,17.32782283025527,21.222511729675276,3.8946888994200073,4.90324820114735,8.671099854958962,3.7678516538116122,0.5470596716225854,0.5348533304400352,0.012206341182550151,0.09411934324517085,0.06970666088007026,0.024412682365100594,0.282969663827935,0.4085802833052145,0.12561061947727953,1.3946411323941963,1.6908465710081675,0.2962054386139712
53,96,MP_vent_PEEP_Jmin,resistance_dominant,mixed,12.424574629107918,11.967931615021358,0.03675321109317897,0.22832150704327958,1.6609602745859497,0.24836566035789737,0.2091505031543846,0.09052595539616592,0.34583952588946265,S053,S096,6.0,6.0,0.0,1.4,0.6,0.7999999999999999,5.0,5.0,0.0,0.45664301408655916,17.32782283025527,18.76046159779794,1.4326387675426702,4.90324820114735,6.792529982776581,1.889281781629231,0.5470596716225854,0.33333333333333326,0.21372633828925214,0.09411934324517085,0.33333333333333326,0.2392139900881624,0.282969663827935,0.36206625020217376,0.07909658637423878,1.3946411323941963,1.5675608953389277,0.17291976294473144
53,99,MP_vent_PEEP_Jmin,resistance_dominant,mixed,12.424574629107918,12.892729303293898,0.0376797345712908,0.23407733709299006,8.196436038518751,0.24836566035789737,0.2091505031543846,0.22508183478487231,1.206510340472643,S053,S099,6.0,9.0,3.0,1.4,0.6,0.7999999999999999,5.0,5.0,0.0,0.4681546741859801,17.32782283025527,25.75833620586701,8.430513375611742,4.90324820114735,12.865606902573118,7.962358701425768,0.5470596716225854,0.3333333333333333,0.21372633828925208,0.09411934324517085,0.3333333333333333,0.23921399008816246,0.282969663827935,0.49947352188231403,0.21650385805437905,1.3946411323941963,1.9978963026305179,0.6032551702363216
53,138,MP_vent_PEEP_Jmin,resistance_dominant,severe_mixed,12.424574629107918,12.704996447244138,0.02256993309688501,0.1402109090681103,1.9929056001943763,0.32853761469620857,0.24923648032354012,0.13746174129327404,0.35321261244531965,S053,S138,6.0,3.0,3.0,1.4,0.6,0.7999999999999999,5.0,5.0,0.0,0.2804218181362206,17.32782283025527,15.475128139129005,1.8526946911262634,4.90324820114735,2.7701316918848637,2.133116509262486,0.5470596716225854,0.291804331732377,0.2552553398902084,0.09411934324517085,0.41639133653524596,0.3222719932900751,0.282969663827935,0.17900541223180957,0.1039642515961254,1.3946411323941963,1.2180348261715366,0.17660630622265971
55,96,MP_vent_PEEP_Jmin,resistance_dominant,mixed,12.551411874716315,11.967931615021358,0.04648722116037998,0.29174012984747844,2.170310002029858,0.2623809227674742,0.2021428719495963,0.04848798719335412,0.24657135133847952,S055,S096,9.0,6.0,3.0,1.0,0.6,0.4,5.0,5.0,0.0,0.5834802596949569,21.222511729675276,18.76046159779794,2.462050131877337,8.671099854958962,6.792529982776581,1.8785698721823811,0.5348533304400352,0.33333333333333326,0.201519997106702,0.06970666088007026,0.33333333333333326,0.263626672453263,0.4085802833052145,0.36206625020217376,0.04651403310304075,1.6908465710081675,1.5675608953389277,0.12328567566923976
55,99,MP_vent_PEEP_Jmin,resistance_dominant,mixed,12.551411874716315,12.892729303293898,0.027193548581186753,0.1706587142887912,4.365165761902944,0.2623809227674742,0.2021428719495963,0.08606789219535227,0.6140994632447008,S055,S099,9.0,9.0,0.0,1.0,0.6,0.4,5.0,5.0,0.0,0.3413174285775824,21.222511729675276,25.75833620586701,4.535824476191735,8.671099854958962,12.865606902573118,4.194507047614156,0.5348533304400352,0.3333333333333333,0.20151999710670193,0.06970666088007026,0.3333333333333333,0.26362667245326304,0.4085802833052145,0.49947352188231403,0.09089323857709952,1.6908465710081675,1.9978963026305179,0.3070497316223504
55,138,MP_vent_PEEP_Jmin,resistance_dominant,severe_mixed,12.551411874716315,12.704996447244138,0.012236437945057408,0.07679228626391144,5.824175876810184,0.3425528771057854,0.2422288491187518,0.2764756838827941,0.9456234896732618,S055,S138,9.0,3.0,6.0,1.0,0.6,0.4,5.0,5.0,0.0,0.15358457252782287,21.222511729675276,15.475128139129005,5.747383590546271,8.671099854958962,2.7701316918848637,5.900968163074099,0.5348533304400352,0.291804331732377,0.24304899870765823,0.06970666088007026,0.41639133653524596,0.3466846756551757,0.4085802833052145,0.17900541223180957,0.22957487107340493,1.6908465710081675,1.2180348261715366,0.4728117448366309
56,95,MP_vent_PEEP_Jmin,resistance_dominant,mixed,15.555889168399721,15.40723226808007,0.009556310070762962,0.07432845015982537,6.941322724981296,0.24759212170685907,0.20953727247990378,0.293323354386027,0.8795657935006518,S056,S095,9.0,3.0,6.0,1.4,1.4,0.0,5.0,5.0,0.0,0.14865690031965073,25.094825890326852,18.079174715185726,7.015651175141127,9.538936721927126,2.6719424471056543,6.866994274821471,0.5471910143288715,0.3333333333333333,0.2138576809955382,0.0943820286577433,0.3333333333333333,0.23895130467559,0.38011567657873413,0.14779117350203702,0.2323245030766971,1.6132042095867174,1.173421312836391,0.43978289675032634
56,139,MP_vent_PEEP_Jmin,resistance_dominant,severe_mixed,15.555889168399721,15.372224366782323,0.011806769746759042,0.09183240080869925,6.542142784431,0.3340842687138543,0.25278334598340135,0.2641916987178859,0.8245633426757213,S056,S139,9.0,3.0,6.0,1.4,1.0,0.3999999999999999,5.0,5.0,0.0,0.1836648016173985,25.094825890326852,18.46085070508715,6.633975185239702,9.538936721927126,3.0886263383048265,6.450310383622299,0.5471910143288715,0.29064919334580364,0.2565418209830679,0.0943820286577433,0.4187016133083925,0.3243195846506492,0.38011567657873413,0.167306826085415,0.21280885049331913,1.6132042095867174,1.2009225382488566,0.41228167133786076
56,144,MP_vent_PEEP_Jmin,resistance_dominant,severe_mixed,15.555889168399721,15.176097460924892,0.024414657584880445,0.1898958537374149,4.426495338813822,0.32214064991461183,0.2468115365837802,0.10017181256731422,0.6390682556996965,S056,S144,9.0,9.0,0.0,1.4,0.6,0.7999999999999999,5.0,5.0,0.0,0.3797917074748298,25.094825890326852,29.331425375403256,4.236599485076404,9.538936721927126,14.155327914478361,4.6163911925512355,0.5471910143288715,0.29272740614312176,0.25446360818574976,0.0943820286577433,0.4145451877137564,0.3201631590560131,0.38011567657873413,0.48259938728885415,0.10248371071012002,1.6132042095867174,1.9327383374365654,0.319534127849848
58,95,MP_vent_PEEP_Jmin,resistance_dominant,mixed,14.681233982780322,15.40723226808007,0.04945076729594223,0.36299914264987443,10.962991707586339,0.26086325776499636,0.20290170445083516,0.3984699471163223,1.560072462494888,S058,S095,12.0,3.0,9.0,1.0,1.4,0.3999999999999999,5.0,5.0,0.0,0.7259982852997489,28.679167280122197,18.079174715185726,10.599992564936471,13.997933297341868,2.6719424471056543,11.325990850236213,0.5350008255926821,0.3333333333333333,0.20166749225934882,0.07000165118536444,0.3333333333333333,0.26333168214796887,0.48808715959629584,0.14779117350203702,0.3402959860942588,1.9534575440838358,1.173421312836391,0.7800362312474447
58,139,MP_vent_PEEP_Jmin,resistance_dominant,severe_mixed,14.681233982780322,15.372224366782323,0.04706623331611406,0.34549519200100054,10.563811767036043,0.3473554047719916,0.24614777795433274,0.36933829144818114,1.5050700116699576,S058,S139,12.0,3.0,9.0,1.0,1.0,0.0,5.0,5.0,0.0,0.6909903840020011,28.679167280122197,18.46085070508715,10.218316575035047,13.997933297341868,3.0886263383048265,10.909306959037043,0.5350008255926821,0.29064919334580364,0.2443516322468785,0.07000165118536444,0.4187016133083925,0.34869996212302806,0.48808715959629584,0.167306826085415,0.32078033351088087,1.9534575440838358,1.2009225382488566,0.7525350058349791
58,144,MP_vent_PEEP_Jmin,resistance_dominant,severe_mixed,14.681233982780322,15.176097460924892,0.033707212808201076,0.24743173907228488,0.4048263562087797,0.3354117859727491,0.24017596855471157,0.0049747801629810295,0.04143841329453979,S058,S144,12.0,9.0,3.0,1.0,0.6,0.4,5.0,5.0,0.0,0.49486347814456977,28.679167280122197,29.331425375403256,0.6522580952810593,13.997933297341868,14.155327914478361,0.15739461713649305,0.5350008255926821,0.29272740614312176,0.24227341944956038,0.07000165118536444,0.4145451877137564,0.344543536528392,0.48808715959629584,0.48259938728885415,0.005487772307441685,1.9534575440838358,1.9327383374365654,0.02071920664727034
59,60,MP_vent_PEEP_Jmin,resistance_dominant,resistance_dominant,18.68720370769152,18.485836651572967,0.010775665491122757,2.980289247202883,12.650378942308079,0.007913592661917962,0.003956796330959023,0.625870872797293,1.6728739552485843,S059,S060,12.0,0.0,12.0,1.4,0.6,0.7999999999999999,5.0,10.0,5.0,0.20136705611855277,34.31787189720249,18.485836651572967,15.83203524562952,15.630668189510962,0.0,15.630668189510962,0.5473335329659968,0.547356142391059,2.2609425062158905e-05,0.09466706593199381,0.09471228478211814,4.521885012433169e-05,0.45546729227068233,0.0,0.45546729227068233,1.8364369776242926,1.0,0.8364369776242926
59,61,MP_vent_PEEP_Jmin,resistance_dominant,resistance_dominant,18.68720370769152,18.485836651572967,0.010775665491122757,2.980289247202883,12.650378942308079,0.007913592661917962,0.003956796330959023,0.625870872797293,1.6728739552485843,S059,S061,12.0,0.0,12.0,1.4,1.0,0.3999999999999999,5.0,10.0,5.0,0.20136705611855277,34.31787189720249,18.485836651572967,15.83203524562952,15.630668189510962,0.0,15.630668189510962,0.5473335329659968,0.547356142391059,2.2609425062158905e-05,0.09466706593199381,0.09471228478211814,4.521885012433169e-05,0.45546729227068233,0.0,0.45546729227068233,1.8364369776242926,1.0,0.8364369776242926
59,62,MP_vent_PEEP_Jmin,resistance_dominant,resistance_dominant,18.68720370769152,18.485836651572967,0.010775665491122757,2.980289247202883,12.650378942308079,0.007913592661917962,0.003956796330959023,0.625870872797293,1.6728739552485843,S059,S062,12.0,0.0,12.0,1.4,1.4,0.0,5.0,10.0,5.0,0.20136705611855277,34.31787189720249,18.485836651572967,15.83203524562952,15.630668189510962,0.0,15.630668189510962,0.5473335329659968,0.547356142391059,2.2609425062158905e-05,0.09466706593199381,0.09471228478211814,4.521885012433169e-05,0.45546729227068233,0.0,0.45546729227068233,1.8364369776242926,1.0,0.8364369776242926
59,63,MP_vent_PEEP_Jmin,resistance_dominant,resistance_dominant,18.68720370769152,19.597244839038087,0.04869862530433061,3.7212280388462986,9.5227705315479,0.0038047667986873396,0.0019023833993435657,0.4714088662268144,1.4901949889918733,S059,S063,12.0,3.0,9.0,1.4,0.6,0.7999999999999999,5.0,10.0,5.0,0.9100411313465671,34.31787189720249,21.98391445815485,12.333957439047637,15.630668189510962,2.386669619116762,13.2439985703942,0.5473335329659968,0.5436994000084219,0.003634132957574976,0.09466706593199381,0.08739880001684386,0.007268265915149952,0.45546729227068233,0.1085643607129046,0.34690293155777774,1.8364369776242926,1.121785977504474,0.7146510001198185
59,142,MP_vent_PEEP_Jmin,resistance_dominant,severe_mixed,18.68720370769152,19.27500279316089,0.03145463038043711,0.2938995427346853,6.877214005901774,0.3350552432884037,0.25432631376440207,0.15841613190650883,0.7950992818383058,S059,S142,12.0,6.0,6.0,1.4,1.0,0.3999999999999999,5.0,5.0,0.0,0.5877990854693707,34.31787189720249,27.73455743403539,6.5833144631670955,15.630668189510962,8.459554640874504,7.171113548636457,0.5473335329659968,0.2893507673925597,0.25798276557343713,0.09466706593199381,0.4212984652148805,0.3266313992828867,0.45546729227068233,0.3050185553165914,0.15044873695409094,1.8364369776242926,1.4388873367051391,0.39754964091915346
60,61,MP_vent_PEEP_Jmin,resistance_dominant,resistance_dominant,18.485836651572967,18.485836651572967,0.0,0.0,0.0,0.0,0.0,0.0,0.0,S060,S061,0.0,0.0,0.0,0.6,1.0,0.4,10.0,10.0,0.0,0.0,18.485836651572967,18.485836651572967,0.0,0.0,0.0,0.0,0.547356142391059,0.547356142391059,0.0,0.09471228478211814,0.09471228478211814,0.0,0.0,0.0,0.0,1.0,1.0,0.0
60,62,MP_vent_PEEP_Jmin,resistance_dominant,resistance_dominant,18.485836651572967,18.485836651572967,0.0,0.0,0.0,0.0,0.0,0.0,0.0,S060,S062,0.0,0.0,0.0,0.6,1.4,0.7999999999999999,10.0,10.0,0.0,0.0,18.485836651572967,18.485836651572967,0.0,0.0,0.0,0.0,0.547356142391059,0.547356142391059,0.0,0.09471228478211814,0.09471228478211814,0.0,0.0,0.0,0.0,1.0,1.0,0.0
60,142,MP_vent_PEEP_Jmin,resistance_dominant,severe_mixed,18.485836651572967,19.27500279316089,0.04269031239766868,2.6863897044681977,5.773164936406305,0.3271416506264857,0.2582831100953611,0.4674547408907842,0.8777746734102785,S060,S142,0.0,6.0,6.0,0.6,1.0,0.4,10.0,5.0,5.0,0.7891661415879234,18.485836651572967,27.73455743403539,9.248720782462424,0.0,8.459554640874504,8.459554640874504,0.547356142391059,0.2893507673925597,0.2580053749984993,0.09471228478211814,0.4212984652148805,0.3265861804327624,0.0,0.3050185553165914,0.3050185553165914,1.0,1.4388873367051391,0.43888733670513913
61,62,MP_vent_PEEP_Jmin,resistance_dominant,resistance_dominant,18.485836651572967,18.485836651572967,0.0,0.0,0.0,0.0,0.0,0.0,0.0,S061,S062,0.0,0.0,0.0,1.0,1.4,0.3999999999999999,10.0,10.0,0.0,0.0,18.485836651572967,18.485836651572967,0.0,0.0,0.0,0.0,0.547356142391059,0.547356142391059,0.0,0.09471228478211814,0.09471228478211814,0.0,0.0,0.0,0.0,1.0,1.0,0.0
61,142,MP_vent_PEEP_Jmin,resistance_dominant,severe_mixed,18.485836651572967,19.27500279316089,0.04269031239766868,2.6863897044681977,5.773164936406305,0.3271416506264857,0.2582831100953611,0.4674547408907842,0.8777746734102785,S061,S142,0.0,6.0,6.0,1.0,1.0,0.0,10.0,5.0,5.0,0.7891661415879234,18.485836651572967,27.73455743403539,9.248720782462424,0.0,8.459554640874504,8.459554640874504,0.547356142391059,0.2893507673925597,0.2580053749984993,0.09471228478211814,0.4212984652148805,0.3265861804327624,0.0,0.3050185553165914,0.3050185553165914,1.0,1.4388873367051391,0.43888733670513913
62,142,MP_vent_PEEP_Jmin,resistance_dominant,severe_mixed,18.485836651572967,19.27500279316089,0.04269031239766868,2.6863897044681977,5.773164936406305,0.3271416506264857,0.2582831100953611,0.4674547408907842,0.8777746734102785,S062,S142,0.0,6.0,6.0,1.4,1.0,0.3999999999999999,10.0,5.0,5.0,0.7891661415879234,18.485836651572967,27.73455743403539,9.248720782462424,0.0,8.459554640874504,8.459554640874504,0.547356142391059,0.2893507673925597,0.2580053749984993,0.09471228478211814,0.4212984652148805,0.3265861804327624,0.0,0.3050185553165914,0.3050185553165914,1.0,1.4388873367051391,0.43888733670513913
63,100,MP_vent_PEEP_Jmin,resistance_dominant,mixed,19.597244839038087,20.083633392891905,0.024819231368938273,3.023013196246106,8.559477028503826,0.2427298744144457,0.2119683961261104,0.4273202387460961,1.208419902219023,S063,S100,3.0,9.0,6.0,0.6,1.0,0.4,10.0,5.0,5.0,0.48638855385381774,21.98391445815485,34.052793236758596,12.068878778603747,2.386669619116762,13.969159843866693,11.582490224749932,0.5436994000084219,0.33333333333333337,0.2103660666750885,0.08739880001684386,0.33333333333333337,0.2459345333164895,0.1085643607129046,0.41022067548889224,0.30165631477598764,1.121785977504474,1.6955494342378665,0.5737634567333925
63,142,MP_vent_PEEP_Jmin,resistance_dominant,severe_mixed,19.597244839038087,19.27500279316089,0.016443232123899584,3.4273284961116133,2.6455565256461266,0.33125047648971634,0.25622869716374563,0.31299273432030555,0.6950957071535675,S063,S142,3.0,6.0,3.0,0.6,1.0,0.4,10.0,5.0,5.0,0.3222420458771964,21.98391445815485,27.73455743403539,5.750642975880542,2.386669619116762,8.459554640874504,6.072885021757743,0.5436994000084219,0.2893507673925597,0.25434863261586216,0.08739880001684386,0.4212984652148805,0.33389966519803665,0.1085643607129046,0.3050185553165914,0.1964541946036868,1.121785977504474,1.4388873367051391,0.31710135920066507
64,66,MP_vent_PEEP_Jmin,resistance_dominant,resistance_dominant,21.680569813668942,20.708653026503274,0.044828931873963196,0.6479445247771078,2.3994403386105567,0.011546344017560453,0.005773172008780358,0.13608007840917136,0.22961406754880143,S064,S066,3.0,6.0,3.0,1.0,0.6,0.4,10.0,10.0,0.0,0.971916787165668,24.415719520229185,26.491187596451198,2.0754680762220126,2.7351497065602457,5.782534569947916,3.04738486338767,0.541337645272174,0.5428897064668698,0.001552061194695864,0.08267529054434782,0.08577941293373996,0.0031041223893921444,0.11202412872961162,0.2182814397766959,0.10625731104708427,1.1261567260485845,1.2792327710811195,0.15307604503253502
64,69,MP_vent_PEEP_Jmin,resistance_dominant,resistance_dominant,21.680569813668942,21.820061213968483,0.006433936077251787,0.0929942668663628,7.545439412799578,0.016292511037111573,0.008146255518555967,0.2527578645084119,0.5111017307412467,S064,S069,3.0,9.0,6.0,1.0,0.6,0.4,10.0,10.0,0.0,0.13949140029954066,24.415719520229185,32.007656066461955,7.59193654623277,2.7351497065602457,10.187594852493465,7.452445145933219,0.541337645272174,0.5438008979700626,0.002463252697888607,0.08267529054434782,0.08760179594012525,0.004926505395777436,0.11202412872961162,0.31828618850876,0.20626205977914838,1.1261567260485845,1.466891213209416,0.34073448716083155
64,98,MP_vent_PEEP_Jmin,resistance_dominant,mixed,21.680569813668942,20.696128297683924,0.04540662558436809,4.105649060270665,0.9011321378465169,0.25231456060382546,0.2071760530314205,0.2688441873921454,0.5589174922525699,S064,S098,3.0,6.0,3.0,1.0,1.4,0.3999999999999999,10.0,5.0,5.0,0.9844415159850186,24.415719520229185,28.43805920236135,4.022339682132166,2.7351497065602457,7.74193090467743,5.006781198117184,0.541337645272174,0.33333333333333337,0.2080043119388406,0.08267529054434782,0.33333333333333337,0.25065804278898557,0.11202412872961162,0.2722383707547307,0.16021424202511905,1.1261567260485845,1.3740762906627235,0.247919564614139
65,72,MP_vent_PEEP_Jmin,resistance_dominant,resistance_dominant,23.18280846051065,22.931469401433624,0.01084161392719756,0.16755937271801358,12.715107313094137,0.01462466029764857,0.007312330148824264,0.3554697006829728,0.8446131471467091,S065,S072,3.0,12.0,9.0,1.4,0.6,0.7999999999999999,10.0,10.0,0.0,0.2513390590770257,25.9019922414519,38.533319868187036,12.631327626735136,2.719183780941253,15.601850466753405,12.88266668581215,0.5460740143494351,0.5456222908029612,0.00045172354647393664,0.09214802869887022,0.0912445816059224,0.0009034470929478178,0.10497971567567858,0.4048924546372718,0.2999127389615932,1.1172931133677388,1.6803685447988788,0.5630754314311399
65,103,MP_vent_PEEP_Jmin,resistance_dominant,mixed,23.18280846051065,23.405399111030473,0.009601539472621781,3.752506084825196,16.153045539731114,0.24497286785358435,0.21084689940654117,0.5094698666418069,1.7573523279331644,S065,S103,3.0,12.0,9.0,1.4,1.0,0.3999999999999999,10.0,5.0,5.0,0.22259065051982319,25.9019922414519,46.03013451652804,20.128142275076137,2.719183780941253,22.624735405497564,19.90555162455631,0.5460740143494351,0.3333333333333333,0.21274068101610183,0.09214802869887022,0.3333333333333333,0.24118530463446308,0.10497971567567858,0.4915200801199853,0.3865403644443067,1.1172931133677388,1.9666459989923863,0.8493528856246475
65,143,MP_vent_PEEP_Jmin,resistance_dominant,severe_mixed,23.18280846051065,23.297580770923027,0.004950750924241079,3.806415254878919,2.4837111734384116,0.3278493333326058,0.25228513214605175,0.28649889074110213,0.5974719813849922,S065,S143,3.0,6.0,3.0,1.4,1.4,0.0,10.0,5.0,5.0,0.11477231041237701,25.9019922414519,32.30689098018161,6.404898738729713,2.719183780941253,9.009310209258583,6.29012642831733,0.5460740143494351,0.2934158249170065,0.2526581894324286,0.09214802869887022,0.41316835016598685,0.3210203214671166,0.10497971567567858,0.2788665184398359,0.1738868027641573,1.1172931133677388,1.3867058257183005,0.26941271235056163
65,145,MP_vent_PEEP_Jmin,resistance_dominant,severe_mixed,23.18280846051065,23.17778121953947,0.0002168521117596365,3.866315030570698,9.527286096197091,0.33379298211797076,0.2552569565387343,0.43203756433700546,1.2144250723790042,S065,S145,3.0,9.0,6.0,1.4,1.0,0.3999999999999999,10.0,5.0,5.0,0.005027240971180902,25.9019922414519,39.29056612724852,13.388573885796617,2.719183780941253,16.11278490770904,13.393601126767788,0.5460740143494351,0.2888971118959652,0.25717690245346997,0.09214802869887022,0.4222057762080695,0.33005774750919925,0.10497971567567858,0.41009296876826157,0.30511325309258297,1.1172931133677388,1.6951823712153065,0.5778892578475676
66,98,MP_vent_PEEP_Jmin,resistance_dominant,mixed,20.708653026503274,20.696128297683924,0.0006048065416577927,3.4577045354935567,1.4983082007640398,0.240768216586265,0.21294922504020086,0.13276410898297403,0.3293034247037685,S066,S098,6.0,6.0,0.0,0.6,1.4,0.7999999999999999,10.0,5.0,5.0,0.012524728819350628,26.491187596451198,28.43805920236135,1.9468716059101538,5.782534569947916,7.74193090467743,1.9593963347295142,0.5428897064668698,0.33333333333333337,0.20955637313353648,0.08577941293373996,0.33333333333333337,0.2475539203995934,0.2182814397766959,0.2722383707547307,0.05395693097803478,1.2792327710811195,1.3740762906627235,0.09484351958160397
66,100,MP_vent_PEEP_Jmin,resistance_dominant,mixed,20.708653026503274,20.083633392891905,0.03018156868104648,3.763951987889566,4.422673286029216,0.240768216586265,0.21294922504020086,0.2865788019717086,0.9722497118540554,S066,S100,6.0,9.0,3.0,0.6,1.0,0.4,10.0,5.0,5.0,0.6250196336113696,26.491187596451198,34.052793236758596,7.561605640307398,5.782534569947916,13.969159843866693,8.186625273918779,0.5428897064668698,0.33333333333333337,0.20955637313353648,0.08577941293373996,0.33333333333333337,0.2475539203995934,0.2182814397766959,0.41022067548889224,0.19193923571219634,1.2792327710811195,1.6955494342378665,0.416316663156747
67,101,MP_vent_PEEP_Jmin,resistance_dominant,mixed,24.875302975764935,25.985024327287796,0.044611370265681606,3.5910231535327206,4.930409394030502,0.2588729616892006,0.20389685248873313,0.25190705762590127,0.7673479283668683,S067,S101,6.0,9.0,3.0,1.0,1.4,0.3999999999999999,10.0,5.0,5.0,1.109721351522861,31.563835800917047,41.194989700003134,9.631153899086087,6.688532825152115,15.209965372715338,8.521432547563222,0.5380363649468707,0.3333333333333333,0.20470303161353737,0.07607272989374156,0.3333333333333333,0.2572606034395918,0.21190494296506854,0.3692188172270421,0.15731387426197355,1.2688824667449679,1.5853358142421599,0.316453347497192
68,70,MP_vent_PEEP_Jmin,resistance_dominant,resistance_dominant,27.87978026944834,28.070036137860953,0.00682415236324881,0.12683724560840304,5.092576092697449,0.01427569564830386,0.007137847824151944,0.11735106299346015,0.2628438193933411,S068,S070,6.0,9.0,3.0,1.4,1.0,0.3999999999999999,10.0,10.0,0.0,0.19025586841261344,34.77419077813491,39.930185493636564,5.155994715501656,6.894410508686567,11.860149355775608,4.965738847089041,0.5455144109200091,0.5362951879621178,0.009219222957891238,0.09102882184001833,0.07259037592423558,0.018438445915782753,0.19826228459704634,0.29702214525564097,0.09875986065859463,1.2472907046631823,1.4225199175920762,0.17522921292889393
68,146,MP_vent_PEEP_Jmin,resistance_dominant,severe_mixed,27.87978026944834,29.211648186182643,0.047771822584764485,3.980696086540906,6.726867677589407,0.3304014108879763,0.2510384464128611,0.27594142919645737,0.834197878661946,S068,S146,6.0,9.0,3.0,1.4,1.4,0.0,10.0,5.0,5.0,1.3318679167343035,34.77419077813491,46.81362245899952,12.03943168086461,6.894410508686567,17.60197427281688,10.707563764130311,0.5455144109200091,0.29332622668457015,0.25218818423543893,0.09102882184001833,0.4133475466308596,0.3223187247908413,0.19826228459704634,0.3760011156631407,0.17773883106609437,1.2472907046631823,1.6025669678283596,0.35527626316517735
68,148,MP_vent_PEEP_Jmin,resistance_dominant,severe_mixed,27.87978026944834,27.08055964591808,0.02866667584199273,5.046240356673188,14.10766627344871,0.3360928552890283,0.25388416861338725,0.3874038767335589,1.5528289965634747,S068,S148,6.0,12.0,6.0,1.4,1.0,0.3999999999999999,10.0,5.0,5.0,0.7992206235302604,34.77419077813491,53.12887678472654,18.354686006591635,6.894410508686567,26.04831713880846,19.153906630121895,0.5455144109200091,0.28879545551745817,0.2567189554025509,0.09102882184001833,0.42240908896508356,0.33138026712506524,0.19826228459704634,0.4902854853181616,0.2920232007211152,1.2472907046631823,1.961882526779124,0.7145918221159417
70,146,MP_vent_PEEP_Jmin,resistance_dominant,severe_mixed,28.070036137860953,29.211648186182643,0.04067013105059313,4.107533332149309,1.6342915848919581,0.34467710653628014,0.24390059858870916,0.1585903662029972,0.5713540592686048,S070,S146,9.0,9.0,0.0,1.0,1.4,0.3999999999999999,10.0,5.0,5.0,1.14161204832169,39.930185493636564,46.81362245899952,6.883436965362954,11.860149355775608,17.60197427281688,5.741824917041271,0.5362951879621178,0.29332622668457015,0.2429689612775477,0.07259037592423558,0.4133475466308596,0.34075717070662404,0.29702214525564097,0.3760011156631407,0.07897897040749974,1.4225199175920762,1.6025669678283596,0.18004705023628342
70,148,MP_vent_PEEP_Jmin,resistance_dominant,severe_mixed,28.070036137860953,27.08055964591808,0.03525027495808118,5.173077602281591,9.015090180751262,0.3503685509373322,0.2467463207892353,0.27005281374009876,1.2899851771701336,S070,S148,9.0,12.0,3.0,1.0,1.0,0.0,10.0,5.0,5.0,0.9894764919428738,39.930185493636564,53.12887678472654,13.198691291089979,11.860149355775608,26.04831713880846,14.188167783032853,0.5362951879621178,0.28879545551745817,0.24749973244465967,0.07259037592423558,0.42240908896508356,0.349818713040848,0.29702214525564097,0.4902854853181616,0.1932633400625206,1.4225199175920762,1.961882526779124,0.5393626091870478
71,73,MP_vent_PEEP_Jmin,resistance_dominant,resistance_dominant,32.57675207838605,31.26476929995695,0.04027359066589,0.8746551856193925,4.849663929575392,0.014470897964859564,0.007235448982429782,0.10105079190501953,0.29883987813632373,S071,S073,9.0,12.0,3.0,1.4,1.0,0.3999999999999999,10.0,10.0,0.0,1.3119827784291012,45.102432261622,49.5147685983877,4.412336336765698,12.525680183235952,18.24999929843074,5.724319115194788,0.5453051409658479,0.5354518143354543,0.009853326630393622,0.09061028193169572,0.07090362867090866,0.019706653260787063,0.27771629056675395,0.36857688756370355,0.0908605969969496,1.3844975138435134,1.58372409926773,0.19922658542421656
71,104,MP_vent_PEEP_Jmin,resistance_dominant,mixed,32.57675207838605,31.27392035689165,0.03999268307532719,6.080874540478206,6.4694911275051865,0.24831846412702374,0.2091741012698214,0.2501396900603004,1.0268931556358063,S071,S104,9.0,12.0,3.0,1.4,1.4,0.0,10.0,5.0,5.0,1.3028317214943996,45.102432261622,56.349966208111,11.247533946489,12.525680183235952,25.076045851219348,12.550365667983396,0.5453051409658479,0.33333333333333337,0.21197180763251455,0.09061028193169572,0.33333333333333337,0.24272305140163764,0.27771629056675395,0.4450055171037513,0.16728922653699735,1.3844975138435134,1.8018197132005387,0.4173221993570253
71,108,MP_vent_PEEP_Jmin,resistance_dominant,mixed,32.57675207838605,31.74220524783746,0.025617864805567672,0.5563645536990585,8.966326682566681,0.24831846412702369,0.20917410126982144,0.20295913655812278,0.38225514976878294,S071,S108,9.0,3.0,6.0,1.4,0.6,0.7999999999999999,10.0,10.0,0.0,0.8345468305485895,45.102432261622,35.85792330220579,9.244508959416208,12.525680183235952,4.115718054368333,8.409962128867619,0.5453051409658479,0.33333333333333337,0.21197180763251455,0.09061028193169572,0.33333333333333337,0.24272305140163764,0.27771629056675395,0.11477848339630856,0.1629378071704454,1.3844975138435134,1.1296607473309916,0.25483676651252174
71,111,MP_vent_PEEP_Jmin,resistance_dominant,mixed,32.57675207838605,33.129401780246354,0.016964542706115096,0.3684331345735359,2.141269654320247,0.24831846412702374,0.2091741012698214,0.05378015470056874,0.12325283942684506,S071,S111,9.0,6.0,3.0,1.4,0.6,0.7999999999999999,10.0,10.0,0.0,0.5526497018603038,45.102432261622,43.14537917458853,1.9570530870334721,12.525680183235952,10.015977394342173,2.5097027888937795,0.5453051409658479,0.3333333333333333,0.2119718076325146,0.09061028193169572,0.3333333333333333,0.24272305140163758,0.27771629056675395,0.23214484577392044,0.04557144479283351,1.3844975138435134,1.302328954225617,0.08216855961789649
72,103,MP_vent_PEEP_Jmin,resistance_dominant,mixed,22.931469401433624,23.405399111030473,0.020667219413650826,3.5849467121071825,3.4379382266369767,0.2303482075559358,0.21815922955536543,0.15400016595883415,0.9127391807864553,S072,S103,12.0,12.0,0.0,0.6,1.0,0.4,10.0,5.0,5.0,0.4739297095968489,38.533319868187036,46.03013451652804,7.496814648341001,15.601850466753405,22.624735405497564,7.022884938744159,0.5456222908029612,0.3333333333333333,0.2122889574696279,0.0912445816059224,0.3333333333333333,0.2420887517274109,0.4048924546372718,0.4915200801199853,0.08662762548271352,1.6803685447988788,1.9666459989923863,0.2862774541935076
72,143,MP_vent_PEEP_Jmin,resistance_dominant,severe_mixed,22.931469401433624,23.297580770923027,0.015965456163333093,3.6388558821609056,10.231396139655725,0.31322467303495727,0.259597462294876,0.06897080994187071,0.24714116576171685,S072,S143,12.0,6.0,6.0,0.6,1.4,0.7999999999999999,10.0,5.0,5.0,0.3661113694894027,38.533319868187036,32.30689098018161,6.226428888005422,15.601850466753405,9.009310209258583,6.5925402574948215,0.5456222908029612,0.2934158249170065,0.2522064658859547,0.0912445816059224,0.41316835016598685,0.32192376856006444,0.4048924546372718,0.2788665184398359,0.1260259361974359,1.6803685447988788,1.3867058257183005,0.2936627190805783
72,145,MP_vent_PEEP_Jmin,resistance_dominant,severe_mixed,22.931469401433624,23.17778121953947,0.010741213909756953,3.6987556578526846,3.1878212168970457,0.3191683218203222,0.2625692866875586,0.07656786365403268,0.3698119252322951,S072,S145,12.0,9.0,3.0,0.6,1.0,0.4,10.0,5.0,5.0,0.2463118181058448,38.533319868187036,39.29056612724852,0.7572462590614819,15.601850466753405,16.11278490770904,0.5109344409556371,0.5456222908029612,0.2888971118959652,0.25672517890699603,0.0912445816059224,0.4222057762080695,0.33096119460214707,0.4048924546372718,0.41009296876826157,0.005200514130989764,1.6803685447988788,1.6951823712153065,0.0148138264164277
73,104,MP_vent_PEEP_Jmin,resistance_dominant,mixed,31.26476929995695,31.27392035689165,0.00029269548887137095,5.206219354858813,1.6198271979297942,0.2627893620918833,0.2019386522873916,0.14908889815528087,0.7280532774994826,S073,S104,12.0,12.0,0.0,1.0,1.4,0.3999999999999999,10.0,5.0,5.0,0.00915105693470153,49.5147685983877,56.349966208111,6.835197609723302,18.24999929843074,25.076045851219348,6.826046552788608,0.5354518143354543,0.33333333333333337,0.20211848100212093,0.07090362867090866,0.33333333333333337,0.2624297046624247,0.36857688756370355,0.4450055171037513,0.07642862954004775,1.58372409926773,1.8018197132005387,0.21809561393280874
73,105,MP_vent_PEEP_Jmin,resistance_dominant,mixed,31.26476929995695,30.355008715428696,0.02909858620097051,0.6065070563521786,18.85650635478292,0.26278936209188336,0.20193865228739155,0.46683334136070836,0.8755861489015944,S073,S105,12.0,0.0,12.0,1.0,0.6,0.4,10.0,10.0,0.0,0.9097605845282537,49.5147685983877,30.355008715428696,19.159759882959,18.24999929843074,0.0,18.24999929843074,0.5354518143354543,0.33333333333333326,0.20211848100212104,0.07090362867090866,0.33333333333333326,0.2624297046624246,0.36857688756370355,0.0,0.36857688756370355,1.58372409926773,1.0,0.58372409926773
73,106,MP_vent_PEEP_Jmin,resistance_dominant,mixed,31.26476929995695,30.355008715428696,0.02909858620097051,0.6065070563521786,18.85650635478292,0.26278936209188336,0.20193865228739155,0.46683334136070836,0.8755861489015944,S073,S106,12.0,0.0,12.0,1.0,1.0,0.0,10.0,10.0,0.0,0.9097605845282537,49.5147685983877,30.355008715428696,19.159759882959,18.24999929843074,0.0,18.24999929843074,0.5354518143354543,0.33333333333333326,0.20211848100212104,0.07090362867090866,0.33333333333333326,0.2624297046624246,0.36857688756370355,0.0,0.36857688756370355,1.58372409926773,1.0,0.58372409926773
73,107,MP_vent_PEEP_Jmin,resistance_dominant,mixed,31.26476929995695,30.355008715428696,0.02909858620097051,0.6065070563521786,18.85650635478292,0.26278936209188336,0.20193865228739155,0.46683334136070836,0.8755861489015944,S073,S107,12.0,0.0,12.0,1.0,1.4,0.3999999999999999,10.0,10.0,0.0,0.9097605845282537,49.5147685983877,30.355008715428696,19.159759882959,18.24999929843074,0.0,18.24999929843074,0.5354518143354543,0.33333333333333326,0.20211848100212104,0.07090362867090866,0.33333333333333326,0.2624297046624246,0.36857688756370355,0.0,0.36857688756370355,1.58372409926773,1.0,0.58372409926773
73,108,MP_vent_PEEP_Jmin,resistance_dominant,mixed,31.26476929995695,31.74220524783746,0.015270733114962378,0.318290631920334,13.815990612142073,0.26278936209188325,0.20193865228739166,0.30400992846314234,0.6810950279051067,S073,S108,12.0,3.0,9.0,1.0,0.6,0.4,10.0,10.0,0.0,0.4774359478805117,49.5147685983877,35.85792330220579,13.656845296181906,18.24999929843074,4.115718054368333,14.134281244062407,0.5354518143354543,0.33333333333333337,0.20211848100212093,0.07090362867090866,0.33333333333333337,0.2624297046624247,0.36857688756370355,0.11477848339630856,0.25379840416739496,1.58372409926773,1.1296607473309916,0.4540633519367383
74,75,MP_vent_PEEP_Jmin,resistance_dominant,resistance_dominant,37.273723887323754,36.971673303145884,0.008103579483792683,2.8796057191435835,16.733387085445823,0.009744611806681486,0.004872305903340757,0.4411166870207234,0.7892822647883928,S074,S075,12.0,0.0,12.0,1.4,0.6,0.7999999999999999,10.0,15.0,5.0,0.30205058417787,56.886716691913165,36.971673303145884,19.91504338876728,19.6129928045894,0.0,19.6129928045894,0.5452714559928777,0.5473561423910588,0.002084686398181046,0.09054291198575565,0.09471228478211735,0.004169372796361703,0.3447728036548385,0.0,0.3447728036548385,1.5261881765255951,1.0,0.5261881765255951
74,76,MP_vent_PEEP_Jmin,resistance_dominant,resistance_dominant,37.273723887323754,36.971673303145884,0.008103579483792683,2.8796057191435835,16.733387085445823,0.009744611806681486,0.004872305903340757,0.4411166870207234,0.7892822647883928,S074,S076,12.0,0.0,12.0,1.4,1.0,0.3999999999999999,10.0,15.0,5.0,0.30205058417787,56.886716691913165,36.971673303145884,19.91504338876728,19.6129928045894,0.0,19.6129928045894,0.5452714559928777,0.5473561423910588,0.002084686398181046,0.09054291198575565,0.09471228478211735,0.004169372796361703,0.3447728036548385,0.0,0.3447728036548385,1.5261881765255951,1.0,0.5261881765255951
74,77,MP_vent_PEEP_Jmin,resistance_dominant,resistance_dominant,37.273723887323754,36.971673303145884,0.008103579483792683,2.8796057191435835,16.733387085445823,0.009744611806681486,0.004872305903340757,0.4411166870207234,0.7892822647883928,S074,S077,12.0,0.0,12.0,1.4,1.4,0.0,10.0,15.0,5.0,0.30205058417787,56.886716691913165,36.971673303145884,19.91504338876728,19.6129928045894,0.0,19.6129928045894,0.5452714559928777,0.5473561423910588,0.002084686398181046,0.09054291198575565,0.09471228478211735,0.004169372796361703,0.3447728036548385,0.0,0.3447728036548385,1.5261881765255951,1.0,0.5261881765255951
74,78,MP_vent_PEEP_Jmin,resistance_dominant,resistance_dominant,37.273723887323754,38.45355088643275,0.03165304874488912,3.9910139066087282,12.294273302234124,0.006124222844815855,0.003062111422407865,0.33766856552672536,0.6738978414504122,S074,S078,12.0,3.0,9.0,1.4,0.6,0.7999999999999999,10.0,15.0,5.0,1.1798269991089967,56.886716691913165,41.781256482179295,15.10546020973387,19.6129928045894,3.327705595746544,16.285287208842856,0.5452714559928777,0.5447981568535765,0.0004732991393012753,0.09054291198575565,0.08959631370715286,0.0009465982786027866,0.3447728036548385,0.07964589569406295,0.26512690796077554,1.5261881765255951,1.086538317503485,0.43964985902211007
74,110,MP_vent_PEEP_Jmin,resistance_dominant,mixed,37.273723887323754,38.28835275983443,0.027221022390406704,0.676419248340455,14.7917116672707,0.24836566035789737,0.2091505031543846,0.3014199642660019,0.6269014783266285,S074,S110,12.0,3.0,9.0,1.4,1.4,0.0,10.0,10.0,0.0,1.0146288725106771,56.886716691913165,42.43321464881269,14.453502043100478,19.6129928045894,4.14486188897825,15.46813091561115,0.5452714559928777,0.33333333333333337,0.21193812265954437,0.09054291198575565,0.33333333333333337,0.24279042134757772,0.3447728036548385,0.09767965786429585,0.24709314579054265,1.5261881765255951,1.1082538576411762,0.4179343188844189
74,117,MP_vent_PEEP_Jmin,resistance_dominant,mixed,37.273723887323754,35.90379484506408,0.03675321109317897,0.9132860281731183,6.643841098343799,0.24836566035789737,0.2091505031543846,0.09052595539616592,0.34583952588946265,S074,S117,12.0,12.0,0.0,1.4,0.6,0.7999999999999999,10.0,10.0,0.0,1.3699290422596775,56.886716691913165,63.07391477617039,6.187198084257226,19.6129928045894,27.170119931106324,7.557127126516924,0.5452714559928777,0.3333333333333334,0.21193812265954431,0.09054291198575565,0.3333333333333334,0.24279042134757778,0.3447728036548385,0.4307663481412972,0.08599354448645874,1.5261881765255951,1.7567478604519033,0.2305596839263082
74,153,MP_vent_PEEP_Jmin,resistance_dominant,severe_mixed,37.273723887323754,36.261663581471836,0.02715211146896178,0.6747068705679453,15.721591764524927,0.32870191100359786,0.2493186284772348,0.282243322967369,0.6004006418986954,S074,S153,12.0,3.0,9.0,1.4,0.6,0.7999999999999999,10.0,10.0,0.0,1.012060305851918,56.886716691913165,40.82777149210426,16.058945199808903,19.6129928045894,4.566107910632431,15.046884893956967,0.5452714559928777,0.29275761727643645,0.2525138387164413,0.09054291198575565,0.41448476544712703,0.3239418534613714,0.3447728036548385,0.11183828418152769,0.23293451947331079,1.5261881765255951,1.1259210819264651,0.40026709459913
74,156,MP_vent_PEEP_Jmin,resistance_dominant,severe_mixed,37.273723887323754,38.114989341732425,0.022569933096885247,0.5608436362724412,7.971622400777505,0.32853761469620857,0.24923648032354012,0.13746174129327404,0.35321261244531965,S074,S156,12.0,6.0,6.0,1.4,0.6,0.7999999999999999,10.0,10.0,0.0,0.8412654544086706,56.886716691913165,49.19551610927187,7.691200582641294,19.6129928045894,11.080526767539455,8.532466037049945,0.5452714559928777,0.29233950968725864,0.2529319463056191,0.09054291198575565,0.41532098062548284,0.3247780686397272,0.3447728036548385,0.22523448565775103,0.11953831799708745,1.5261881765255951,1.2907131015620483,0.2354750749635468
75,76,MP_vent_PEEP_Jmin,resistance_dominant,resistance_dominant,36.971673303145884,36.971673303145884,0.0,0.0,0.0,0.0,0.0,0.0,0.0,S075,S076,0.0,0.0,0.0,0.6,1.0,0.4,15.0,15.0,0.0,0.0,36.971673303145884,36.971673303145884,0.0,0.0,0.0,0.0,0.5473561423910588,0.5473561423910588,0.0,0.09471228478211735,0.09471228478211735,0.0,0.0,0.0,0.0,1.0,1.0,0.0
75,77,MP_vent_PEEP_Jmin,resistance_dominant,resistance_dominant,36.971673303145884,36.971673303145884,0.0,0.0,0.0,0.0,0.0,0.0,0.0,S075,S077,0.0,0.0,0.0,0.6,1.4,0.7999999999999999,15.0,15.0,0.0,0.0,36.971673303145884,36.971673303145884,0.0,0.0,0.0,0.0,0.5473561423910588,0.5473561423910588,0.0,0.09471228478211735,0.09471228478211735,0.0,0.0,0.0,0.0,1.0,1.0,0.0
75,78,MP_vent_PEEP_Jmin,resistance_dominant,resistance_dominant,36.971673303145884,38.45355088643275,0.04008143129298871,1.1114081874651447,4.439113783211699,0.003620388961865631,0.0018101944809328918,0.103448121493998,0.1153844233379806,S075,S078,0.0,3.0,3.0,0.6,0.6,0.0,15.0,15.0,0.0,1.4818775832868667,36.971673303145884,41.781256482179295,4.80958317903341,0.0,3.327705595746544,3.327705595746544,0.5473561423910588,0.5447981568535765,0.0025579855374823213,0.09471228478211735,0.08959631370715286,0.00511597107496449,0.0,0.07964589569406295,0.07964589569406295,1.0,1.086538317503485,0.08653831750348506
75,109,MP_vent_PEEP_Jmin,resistance_dominant,mixed,36.971673303145884,35.33765729263649,0.04419643106524893,4.170316782268426,0.1434702632152387,0.23862104855121596,0.2140228090577253,0.15477009848513712,0.1831100605974192,S075,S109,0.0,3.0,3.0,0.6,1.0,0.4,15.0,10.0,5.0,1.6340160105093915,36.971673303145884,39.65144433812015,2.679771034974266,0.0,4.313787045483664,4.313787045483664,0.5473561423910588,0.3333333333333334,0.21402280905772536,0.09471228478211735,0.3333333333333334,0.23862104855121608,0.0,0.10879268378469813,0.10879268378469813,1.0,1.1220733737316124,0.12207337373161242
75,110,MP_vent_PEEP_Jmin,resistance_dominant,mixed,36.971673303145884,38.28835275983443,0.035613196240607055,2.2031864708031286,1.941675418175123,0.2386210485512159,0.21402280905772536,0.13969672275472148,0.16238078646176435,S075,S110,0.0,3.0,3.0,0.6,1.4,0.7999999999999999,15.0,10.0,5.0,1.3166794566885471,36.971673303145884,42.43321464881269,5.461541345666802,0.0,4.14486188897825,4.14486188897825,0.5473561423910588,0.33333333333333337,0.21402280905772542,0.09471228478211735,0.33333333333333337,0.23862104855121602,0.0,0.09767965786429585,0.09767965786429585,1.0,1.1082538576411762,0.10825385764117623
75,117,MP_vent_PEEP_Jmin,resistance_dominant,mixed,36.971673303145884,35.90379484506408,0.028883692910673393,3.792891747316702,23.377228183789622,0.2386210485512159,0.21402280905772536,0.5316426424168893,1.1351217906778555,S075,S117,0.0,12.0,12.0,0.6,0.6,0.0,15.0,10.0,5.0,1.0678784580818075,36.971673303145884,63.07391477617039,26.102241473024506,0.0,27.170119931106324,27.170119931106324,0.5473561423910588,0.3333333333333334,0.21402280905772536,0.09471228478211735,0.3333333333333334,0.23862104855121608,0.0,0.4307663481412972,0.4307663481412972,1.0,1.7567478604519033,0.7567478604519033
75,149,MP_vent_PEEP_Jmin,resistance_dominant,severe_mixed,36.971673303145884,35.125715601442245,0.04992897363794915,10.165897176638296,18.75408046568953,0.32137316351134276,0.2553988665377888,0.6221646628627197,1.6466555711189774,S075,S149,0.0,12.0,12.0,0.6,1.4,0.7999999999999999,15.0,5.0,10.0,1.8459577017036395,36.971673303145884,64.04569324377006,27.074019940624176,0.0,28.919977642327822,28.919977642327822,0.5473561423910588,0.2932800180314615,0.2540761243595973,0.09471228478211735,0.4134399639370771,0.31872767915495975,0.0,0.4515522617930436,0.4515522617930436,1.0,1.8233277855594887,0.8233277855594887
75,153,MP_vent_PEEP_Jmin,resistance_dominant,severe_mixed,36.971673303145884,36.261663581471836,0.019204154376578728,3.554312589711529,1.0117953209208963,0.3189572991969164,0.25419093438057555,0.1588733640533544,0.18888162288969745,S075,S153,0.0,3.0,3.0,0.6,0.6,0.0,15.0,10.0,5.0,0.710009721674048,36.971673303145884,40.82777149210426,3.856098188958377,0.0,4.566107910632431,4.566107910632431,0.5473561423910588,0.29275761727643645,0.25459852511462233,0.09471228478211735,0.41448476544712703,0.3197724806650097,0.0,0.11183828418152769,0.11183828418152769,1.0,1.1259210819264651,0.12592108192646512
75,156,MP_vent_PEEP_Jmin,resistance_dominant,severe_mixed,36.971673303145884,38.114989341732425,0.0309241085522969,2.3187620828711424,8.761764684668318,0.3187930028895271,0.2541087862268809,0.30365494572744933,0.43606965234307316,S075,S156,0.0,6.0,6.0,0.6,0.6,0.0,15.0,10.0,5.0,1.1433160385865406,36.971673303145884,49.19551610927187,12.223842806125987,0.0,11.080526767539455,11.080526767539455,0.5473561423910588,0.29233950968725864,0.25501663270380015,0.09471228478211735,0.41532098062548284,0.3206086958433655,0.0,0.22523448565775103,0.22523448565775103,1.0,1.2907131015620483,0.2907131015620483
76,77,MP_vent_PEEP_Jmin,resistance_dominant,resistance_dominant,36.971673303145884,36.971673303145884,0.0,0.0,0.0,0.0,0.0,0.0,0.0,S076,S077,0.0,0.0,0.0,1.0,1.4,0.3999999999999999,15.0,15.0,0.0,0.0,36.971673303145884,36.971673303145884,0.0,0.0,0.0,0.0,0.5473561423910588,0.5473561423910588,0.0,0.09471228478211735,0.09471228478211735,0.0,0.0,0.0,0.0,1.0,1.0,0.0
76,78,MP_vent_PEEP_Jmin,resistance_dominant,resistance_dominant,36.971673303145884,38.45355088643275,0.04008143129298871,1.1114081874651447,4.439113783211699,0.003620388961865631,0.0018101944809328918,0.103448121493998,0.1153844233379806,S076,S078,0.0,3.0,3.0,1.0,0.6,0.4,15.0,15.0,0.0,1.4818775832868667,36.971673303145884,41.781256482179295,4.80958317903341,0.0,3.327705595746544,3.327705595746544,0.5473561423910588,0.5447981568535765,0.0025579855374823213,0.09471228478211735,0.08959631370715286,0.00511597107496449,0.0,0.07964589569406295,0.07964589569406295,1.0,1.086538317503485,0.08653831750348506
76,109,MP_vent_PEEP_Jmin,resistance_dominant,mixed,36.971673303145884,35.33765729263649,0.04419643106524893,4.170316782268426,0.1434702632152387,0.23862104855121596,0.2140228090577253,0.15477009848513712,0.1831100605974192,S076,S109,0.0,3.0,3.0,1.0,1.0,0.0,15.0,10.0,5.0,1.6340160105093915,36.971673303145884,39.65144433812015,2.679771034974266,0.0,4.313787045483664,4.313787045483664,0.5473561423910588,0.3333333333333334,0.21402280905772536,0.09471228478211735,0.3333333333333334,0.23862104855121608,0.0,0.10879268378469813,0.10879268378469813,1.0,1.1220733737316124,0.12207337373161242
76,110,MP_vent_PEEP_Jmin,resistance_dominant,mixed,36.971673303145884,38.28835275983443,0.035613196240607055,2.2031864708031286,1.941675418175123,0.2386210485512159,0.21402280905772536,0.13969672275472148,0.16238078646176435,S076,S110,0.0,3.0,3.0,1.0,1.4,0.3999999999999999,15.0,10.0,5.0,1.3166794566885471,36.971673303145884,42.43321464881269,5.461541345666802,0.0,4.14486188897825,4.14486188897825,0.5473561423910588,0.33333333333333337,0.21402280905772542,0.09471228478211735,0.33333333333333337,0.23862104855121602,0.0,0.09767965786429585,0.09767965786429585,1.0,1.1082538576411762,0.10825385764117623
76,117,MP_vent_PEEP_Jmin,resistance_dominant,mixed,36.971673303145884,35.90379484506408,0.028883692910673393,3.792891747316702,23.377228183789622,0.2386210485512159,0.21402280905772536,0.5316426424168893,1.1351217906778555,S076,S117,0.0,12.0,12.0,1.0,0.6,0.4,15.0,10.0,5.0,1.0678784580818075,36.971673303145884,63.07391477617039,26.102241473024506,0.0,27.170119931106324,27.170119931106324,0.5473561423910588,0.3333333333333334,0.21402280905772536,0.09471228478211735,0.3333333333333334,0.23862104855121608,0.0,0.4307663481412972,0.4307663481412972,1.0,1.7567478604519033,0.7567478604519033
76,149,MP_vent_PEEP_Jmin,resistance_dominant,severe_mixed,36.971673303145884,35.125715601442245,0.04992897363794915,10.165897176638296,18.75408046568953,0.32137316351134276,0.2553988665377888,0.6221646628627197,1.6466555711189774,S076,S149,0.0,12.0,12.0,1.0,1.4,0.3999999999999999,15.0,5.0,10.0,1.8459577017036395,36.971673303145884,64.04569324377006,27.074019940624176,0.0,28.919977642327822,28.919977642327822,0.5473561423910588,0.2932800180314615,0.2540761243595973,0.09471228478211735,0.4134399639370771,0.31872767915495975,0.0,0.4515522617930436,0.4515522617930436,1.0,1.8233277855594887,0.8233277855594887
76,153,MP_vent_PEEP_Jmin,resistance_dominant,severe_mixed,36.971673303145884,36.261663581471836,0.019204154376578728,3.554312589711529,1.0117953209208963,0.3189572991969164,0.25419093438057555,0.1588733640533544,0.18888162288969745,S076,S153,0.0,3.0,3.0,1.0,0.6,0.4,15.0,10.0,5.0,0.710009721674048,36.971673303145884,40.82777149210426,3.856098188958377,0.0,4.566107910632431,4.566107910632431,0.5473561423910588,0.29275761727643645,0.25459852511462233,0.09471228478211735,0.41448476544712703,0.3197724806650097,0.0,0.11183828418152769,0.11183828418152769,1.0,1.1259210819264651,0.12592108192646512
76,156,MP_vent_PEEP_Jmin,resistance_dominant,severe_mixed,36.971673303145884,38.114989341732425,0.0309241085522969,2.3187620828711424,8.761764684668318,0.3187930028895271,0.2541087862268809,0.30365494572744933,0.43606965234307316,S076,S156,0.0,6.0,6.0,1.0,0.6,0.4,15.0,10.0,5.0,1.1433160385865406,36.971673303145884,49.19551610927187,12.223842806125987,0.0,11.080526767539455,11.080526767539455,0.5473561423910588,0.29233950968725864,0.25501663270380015,0.09471228478211735,0.41532098062548284,0.3206086958433655,0.0,0.22523448565775103,0.22523448565775103,1.0,1.2907131015620483,0.2907131015620483
77,78,MP_vent_PEEP_Jmin,resistance_dominant,resistance_dominant,36.971673303145884,38.45355088643275,0.04008143129298871,1.1114081874651447,4.439113783211699,0.003620388961865631,0.0018101944809328918,0.103448121493998,0.1153844233379806,S077,S078,0.0,3.0,3.0,1.4,0.6,0.7999999999999999,15.0,15.0,0.0,1.4818775832868667,36.971673303145884,41.781256482179295,4.80958317903341,0.0,3.327705595746544,3.327705595746544,0.5473561423910588,0.5447981568535765,0.0025579855374823213,0.09471228478211735,0.08959631370715286,0.00511597107496449,0.0,0.07964589569406295,0.07964589569406295,1.0,1.086538317503485,0.08653831750348506
77,109,MP_vent_PEEP_Jmin,resistance_dominant,mixed,36.971673303145884,35.33765729263649,0.04419643106524893,4.170316782268426,0.1434702632152387,0.23862104855121596,0.2140228090577253,0.15477009848513712,0.1831100605974192,S077,S109,0.0,3.0,3.0,1.4,1.0,0.3999999999999999,15.0,10.0,5.0,1.6340160105093915,36.971673303145884,39.65144433812015,2.679771034974266,0.0,4.313787045483664,4.313787045483664,0.5473561423910588,0.3333333333333334,0.21402280905772536,0.09471228478211735,0.3333333333333334,0.23862104855121608,0.0,0.10879268378469813,0.10879268378469813,1.0,1.1220733737316124,0.12207337373161242
77,110,MP_vent_PEEP_Jmin,resistance_dominant,mixed,36.971673303145884,38.28835275983443,0.035613196240607055,2.2031864708031286,1.941675418175123,0.2386210485512159,0.21402280905772536,0.13969672275472148,0.16238078646176435,S077,S110,0.0,3.0,3.0,1.4,1.4,0.0,15.0,10.0,5.0,1.3166794566885471,36.971673303145884,42.43321464881269,5.461541345666802,0.0,4.14486188897825,4.14486188897825,0.5473561423910588,0.33333333333333337,0.21402280905772542,0.09471228478211735,0.33333333333333337,0.23862104855121602,0.0,0.09767965786429585,0.09767965786429585,1.0,1.1082538576411762,0.10825385764117623
77,117,MP_vent_PEEP_Jmin,resistance_dominant,mixed,36.971673303145884,35.90379484506408,0.028883692910673393,3.792891747316702,23.377228183789622,0.2386210485512159,0.21402280905772536,0.5316426424168893,1.1351217906778555,S077,S117,0.0,12.0,12.0,1.4,0.6,0.7999999999999999,15.0,10.0,5.0,1.0678784580818075,36.971673303145884,63.07391477617039,26.102241473024506,0.0,27.170119931106324,27.170119931106324,0.5473561423910588,0.3333333333333334,0.21402280905772536,0.09471228478211735,0.3333333333333334,0.23862104855121608,0.0,0.4307663481412972,0.4307663481412972,1.0,1.7567478604519033,0.7567478604519033
77,149,MP_vent_PEEP_Jmin,resistance_dominant,severe_mixed,36.971673303145884,35.125715601442245,0.04992897363794915,10.165897176638296,18.75408046568953,0.32137316351134276,0.2553988665377888,0.6221646628627197,1.6466555711189774,S077,S149,0.0,12.0,12.0,1.4,1.4,0.0,15.0,5.0,10.0,1.8459577017036395,36.971673303145884,64.04569324377006,27.074019940624176,0.0,28.919977642327822,28.919977642327822,0.5473561423910588,0.2932800180314615,0.2540761243595973,0.09471228478211735,0.4134399639370771,0.31872767915495975,0.0,0.4515522617930436,0.4515522617930436,1.0,1.8233277855594887,0.8233277855594887
77,153,MP_vent_PEEP_Jmin,resistance_dominant,severe_mixed,36.971673303145884,36.261663581471836,0.019204154376578728,3.554312589711529,1.0117953209208963,0.3189572991969164,0.25419093438057555,0.1588733640533544,0.18888162288969745,S077,S153,0.0,3.0,3.0,1.4,0.6,0.7999999999999999,15.0,10.0,5.0,0.710009721674048,36.971673303145884,40.82777149210426,3.856098188958377,0.0,4.566107910632431,4.566107910632431,0.5473561423910588,0.29275761727643645,0.25459852511462233,0.09471228478211735,0.41448476544712703,0.3197724806650097,0.0,0.11183828418152769,0.11183828418152769,1.0,1.1259210819264651,0.12592108192646512
77,156,MP_vent_PEEP_Jmin,resistance_dominant,severe_mixed,36.971673303145884,38.114989341732425,0.0309241085522969,2.3187620828711424,8.761764684668318,0.3187930028895271,0.2541087862268809,0.30365494572744933,0.43606965234307316,S077,S156,0.0,6.0,6.0,1.4,0.6,0.7999999999999999,15.0,10.0,5.0,1.1433160385865406,36.971673303145884,49.19551610927187,12.223842806125987,0.0,11.080526767539455,11.080526767539455,0.5473561423910588,0.29233950968725864,0.25501663270380015,0.09471228478211735,0.41532098062548284,0.3206086958433655,0.0,0.22523448565775103,0.22523448565775103,1.0,1.2907131015620483,0.2907131015620483
78,81,MP_vent_PEEP_Jmin,resistance_dominant,resistance_dominant,38.45355088643275,39.93542846971964,0.03853682037488316,1.1114081874651731,5.448309114926097,0.0003142141611223448,0.0001571070805610475,0.1003101271131825,0.14051555710232888,S078,S081,3.0,6.0,3.0,0.6,0.6,0.0,15.0,15.0,0.0,1.481877583286888,41.781256482179295,47.60003499292712,5.818778510747826,3.327705595746544,7.6646065232074845,4.33690092746094,0.5447981568535765,0.5437575343617088,0.0010406224918676488,0.08959631370715286,0.08751506872341747,0.0020812449837353947,0.07964589569406295,0.16102102707164745,0.0813751313775845,1.086538317503485,1.1919249853302323,0.10538666782674722
78,110,MP_vent_PEEP_Jmin,resistance_dominant,mixed,38.45355088643275,38.28835275983443,0.0042960434807752705,3.3145946582682733,2.497438365036576,0.24224143751308153,0.21221261457679247,0.036248601260723476,0.046996363123783746,S078,S110,3.0,3.0,0.0,0.6,1.4,0.7999999999999999,15.0,10.0,5.0,0.16519812659831956,41.781256482179295,42.43321464881269,0.651958166633392,3.327705595746544,4.14486188897825,0.8171562932317058,0.5447981568535765,0.33333333333333337,0.2114648235202431,0.08959631370715286,0.33333333333333337,0.2437370196261805,0.07964589569406295,0.09767965786429585,0.018033762170232892,1.086538317503485,1.1082538576411762,0.02171554013769117
78,112,MP_vent_PEEP_Jmin,resistance_dominant,mixed,38.45355088643275,40.32030586984429,0.04854571139411135,1.9599592515950413,5.339503717130043,0.24224143751308158,0.2122126145767924,0.17988733664265744,0.27996855087220784,S078,S112,3.0,6.0,3.0,0.6,1.0,0.4,15.0,10.0,5.0,1.8667549834115391,41.781256482179295,50.94747443431593,9.166217952136634,3.327705595746544,10.62716856447164,7.299462968725097,0.5447981568535765,0.33333333333333326,0.2114648235202432,0.08959631370715286,0.33333333333333326,0.24373701962618038,0.07964589569406295,0.20859068447392276,0.12894478877985982,1.086538317503485,1.263568649473459,0.17703033196997398
78,154,MP_vent_PEEP_Jmin,resistance_dominant,severe_mixed,38.45355088643275,40.262505460779096,0.047042588594453656,1.9984928576384995,0.29009675890782916,0.3260102939831349,0.25409704281181916,0.054533486951361856,0.07223809183496521,S078,S154,3.0,3.0,0.0,0.6,1.0,0.4,15.0,10.0,5.0,1.8089545743463447,41.781256482179295,45.29860715525632,3.5173506730770256,3.327705595746544,5.0361016944772246,1.7083960987306805,0.5447981568535765,0.2917782453532468,0.25301991150032965,0.08959631370715286,0.4164435092935063,0.32684719558635345,0.07964589569406295,0.11117564116743156,0.031529745473368606,1.086538317503485,1.1250816767819638,0.03854335927847874
78,156,MP_vent_PEEP_Jmin,resistance_dominant,severe_mixed,38.45355088643275,38.114989341732425,0.008804428639118941,3.430170270336287,4.322650901456619,0.3224133918513927,0.252298591745948,0.20020682423345132,0.32068522900509255,S078,S156,3.0,6.0,3.0,0.6,0.6,0.0,15.0,10.0,5.0,0.33856154470032607,41.781256482179295,49.19551610927187,7.4142596270925765,3.327705595746544,11.080526767539455,7.752821171792911,0.5447981568535765,0.29233950968725864,0.25245864716631783,0.08959631370715286,0.41532098062548284,0.32572466691832996,0.07964589569406295,0.22523448565775103,0.14558858996368806,1.086538317503485,1.2907131015620483,0.20417478405856326
78,159,MP_vent_PEEP_Jmin,resistance_dominant,severe_mixed,38.45355088643275,39.968315101992985,0.03939205042556098,2.1946197634959006,14.020931211478612,0.321293161649269,0.25173847664488624,0.3196686640156341,0.6180686827355308,S078,S159,3.0,9.0,6.0,0.6,0.6,0.0,15.0,10.0,5.0,1.514764215560234,41.781256482179295,59.511571672714055,17.73031519053476,3.327705595746544,19.543256570721066,16.215550974974523,0.5447981568535765,0.2924774396243925,0.252320717229184,0.08959631370715286,0.41504512075121525,0.32544880704406237,0.07964589569406295,0.3283942268942229,0.24874833120015993,1.086538317503485,1.488968737382341,0.40243041987885597
79,80,MP_vent_PEEP_Jmin,resistance_dominant,resistance_dominant,41.23131751927381,43.23430238172947,0.04857921073027452,1.5022386468417395,1.4188373747201481,0.00534025757071005,0.002670128785354997,0.006602191281823294,0.008262364955999413,S079,S080,3.0,3.0,0.0,1.0,1.4,0.3999999999999999,15.0,15.0,0.0,2.002984862455662,45.029483726106264,46.94906731644032,1.9195835903340566,3.798166206832455,3.71476493471086,0.08340127212159487,0.542787560131209,0.5460214314274244,0.0032338712962154403,0.08557512026241788,0.0920428628548487,0.006467742592430811,0.08434842890793422,0.07912329567003022,0.005225133237903995,1.0921184777822581,1.0859217040652582,0.006196773716999893
79,81,MP_vent_PEEP_Jmin,resistance_dominant,resistance_dominant,41.23131751927381,39.93542846971964,0.03142972690475872,0.9719167871656289,2.8945235292094083,0.006229826942847905,0.003114913471423897,0.0943692728126407,0.1330753433972991,S079,S081,3.0,6.0,3.0,1.0,0.6,0.4,15.0,15.0,0.0,1.2958890495541695,45.029483726106264,47.60003499292712,2.570551266820857,3.798166206832455,7.6646065232074845,3.8664403163750296,0.542787560131209,0.5437575343617088,0.000969974230499826,0.08557512026241788,0.08751506872341747,0.0019399484609995826,0.08434842890793422,0.16102102707164745,0.07667259816371323,1.0921184777822581,1.1919249853302323,0.09980650754797415
79,84,MP_vent_PEEP_Jmin,resistance_dominant,resistance_dominant,41.23131751927381,41.41730605300653,0.004510855944532385,0.13949140029953,9.352027975849907,0.008017262030787495,0.004008631015393727,0.18581446755032632,0.2960245195786688,S079,S084,3.0,9.0,6.0,1.0,0.6,0.4,15.0,15.0,0.0,0.1859885337327185,45.029483726106264,54.42800883538935,9.398525109283085,3.798166206832455,13.01070278238281,9.212536575550354,0.542787560131209,0.5438055062563539,0.0010179461251449418,0.08557512026241788,0.08761101251270786,0.0020358922502899807,0.08434842890793422,0.23904425425027104,0.15469582534233683,1.0921184777822581,1.3141368674662595,0.22201838968400134
79,87,MP_vent_PEEP_Jmin,resistance_dominant,resistance_dominant,41.23131751927381,42.899183636293344,0.040451438793821765,1.2508995877646427,16.81872775420471,0.011011400702409996,0.005505700351204901,0.26635512201818207,0.479082523940463,S079,S087,3.0,12.0,9.0,1.0,0.6,0.4,15.0,15.0,0.0,1.6678661170195355,45.029483726106264,62.265178009565844,17.23569428345958,3.798166206832455,19.36599437327252,15.567828166440066,0.542787560131209,0.5445816155093243,0.001794055378115278,0.08557512026241788,0.08916323101864845,0.0035881107562305697,0.08434842890793422,0.3110244761574007,0.2266760472494665,1.0921184777822581,1.451430370737605,0.35931189295534693
79,112,MP_vent_PEEP_Jmin,resistance_dominant,mixed,41.23131751927381,40.32030586984429,0.022095137973790455,4.043284226225843,2.785718131413354,0.24878547861705183,0.20894059402480747,0.17394648234211563,0.27252833716717806,S079,S112,3.0,6.0,3.0,1.0,1.0,0.0,15.0,10.0,5.0,0.9110116494295184,45.029483726106264,50.94747443431593,5.917990708209665,3.798166206832455,10.62716856447164,6.829002357639185,0.542787560131209,0.33333333333333326,0.20945422679787573,0.08557512026241788,0.33333333333333326,0.2477582130709154,0.08434842890793422,0.20859068447392276,0.12424225556598854,1.0921184777822581,1.263568649473459,0.17145017169120091
79,154,MP_vent_PEEP_Jmin,resistance_dominant,severe_mixed,41.23131751927381,40.262505460779096,0.023496994924836836,4.0818178322693015,2.843882344624518,0.3325543350871052,0.2508250222598342,0.04859263265082005,0.06479787812993543,S079,S154,3.0,3.0,0.0,1.0,1.0,0.0,15.0,10.0,5.0,0.9688120584947129,45.029483726106264,45.29860715525632,0.2691234291500564,3.798166206832455,5.0361016944772246,1.2379354876447697,0.542787560131209,0.2917782453532468,0.2510093147779622,0.08557512026241788,0.4164435092935063,0.33086838903108845,0.08434842890793422,0.11117564116743156,0.026827212259497343,1.0921184777822581,1.1250816767819638,0.03296319899970568
79,155,MP_vent_PEEP_Jmin,resistance_dominant,severe_mixed,41.23131751927381,43.279438944100725,0.0496739262302135,2.0705288433882174,0.9473937998910884,0.3297905612740971,0.24944313535333013,0.036322615539015154,0.047740232918192405,S079,S155,3.0,3.0,0.0,1.0,1.4,0.3999999999999999,15.0,10.0,5.0,2.048121424826917,45.029483726106264,48.20074019443028,3.1712564683240174,3.798166206832455,4.9213012503295674,1.1231350434971126,0.542787560131209,0.2934478770633482,0.2493396830678608,0.08557512026241788,0.41310424587330385,0.327529125610886,0.08434842890793422,0.10210011776744948,0.017751688859515266,1.0921184777822581,1.1137099133074682,0.021591435525210034
79,159,MP_vent_PEEP_Jmin,resistance_dominant,severe_mixed,41.23131751927381,39.968315101992985,0.030632113967506033,4.277944738126703,11.467145625761923,0.32783720275323924,0.2484664560929013,0.3137278097150923,0.610628469030501,S079,S159,3.0,9.0,6.0,1.0,0.6,0.4,15.0,10.0,5.0,1.2630024172808234,45.029483726106264,59.511571672714055,14.482087946607791,3.798166206832455,19.543256570721066,15.745090363888611,0.542787560131209,0.2924774396243925,0.2503101205068165,0.08557512026241788,0.41504512075121525,0.3294700004887974,0.08434842890793422,0.3283942268942229,0.24404579798628867,1.0921184777822581,1.488968737382341,0.3968502596000829
79,162,MP_vent_PEEP_Jmin,resistance_dominant,severe_mixed,41.23131751927381,41.82164086225356,0.014317353373532172,3.0423942312863232,23.113736882058497,0.32635514572772184,0.24772542758014243,0.40853433524370314,0.9515341172740426,S079,S162,3.0,12.0,9.0,1.0,0.6,0.4,15.0,10.0,5.0,0.590323342979751,45.029483726106264,71.77593818243083,26.74645445632457,3.798166206832455,29.954297320177268,26.156131113344813,0.542787560131209,0.2929204241856895,0.24986713594551951,0.08557512026241788,0.414159151628621,0.3285840313662031,0.08434842890793422,0.4173306274874916,0.3329821985795574,1.0921184777822581,1.7162391695447023,0.6241206917624442
80,84,MP_vent_PEEP_Jmin,resistance_dominant,resistance_dominant,43.23430238172947,41.41730605300653,0.04202672943997344,1.3627472465422095,7.933190601129759,0.002677004460077445,0.0013385022300387295,0.19241665883214965,0.30428688453466823,S080,S084,3.0,9.0,6.0,1.4,0.6,0.7999999999999999,15.0,15.0,0.0,1.8169963287229436,46.94906731644032,54.42800883538935,7.4789415189490285,3.71476493471086,13.01070278238281,9.295937847671949,0.5460214314274244,0.5438055062563539,0.0022159251710704986,0.0920428628548487,0.08761101251270786,0.004431850342140831,0.07912329567003022,0.23904425425027104,0.1599209585802408,1.0859217040652582,1.3141368674662595,0.22821516340100123
80,87,MP_vent_PEEP_Jmin,resistance_dominant,resistance_dominant,43.23430238172947,42.899183636293344,0.007751223611225553,0.25133905907709675,15.39989037948456,0.005671143131699946,0.0028355715658499037,0.2729573133000054,0.48734488889646244,S080,S087,3.0,12.0,9.0,1.4,0.6,0.7999999999999999,15.0,15.0,0.0,0.33511874543612663,46.94906731644032,62.265178009565844,15.316110693125523,3.71476493471086,19.36599437327252,15.65122943856166,0.5460214314274244,0.5445816155093243,0.0014398159181001624,0.0920428628548487,0.08916323101864845,0.0028796318362002415,0.07912329567003022,0.3110244761574007,0.23190118048737046,1.0859217040652582,1.451430370737605,0.3655086666723468
80,115,MP_vent_PEEP_Jmin,resistance_dominant,mixed,43.23430238172947,45.30295444705219,0.047847471830536926,2.223757154928972,13.001622467324118,0.24344522104634178,0.21161072281016247,0.2826289606133031,0.5125539321916821,S080,S115,3.0,9.0,6.0,1.4,1.0,0.3999999999999999,15.0,10.0,5.0,2.0686520653227163,46.94906731644032,64.24309900401613,17.29403168757581,3.71476493471086,18.940144556963947,15.225379622253087,0.5460214314274244,0.3333333333333334,0.212688098094091,0.0920428628548487,0.3333333333333334,0.24129047047848473,0.07912329567003022,0.2948199082952071,0.21569661262517686,1.0859217040652582,1.4180774695191287,0.3321557654538705
80,155,MP_vent_PEEP_Jmin,resistance_dominant,severe_mixed,43.23430238172947,43.279438944100725,0.001043998859348524,3.572767490229957,2.3662311746112366,0.324450303703387,0.2521132641386851,0.04292480682083845,0.05600259787419182,S080,S155,3.0,3.0,0.0,1.4,1.4,0.0,15.0,10.0,5.0,0.04513656237125474,46.94906731644032,48.20074019443028,1.2516728779899609,3.71476493471086,4.9213012503295674,1.2065363156187074,0.5460214314274244,0.2934478770633482,0.25257355436407625,0.0920428628548487,0.41310424587330385,0.32106138301845516,0.07912329567003022,0.10210011776744948,0.02297682209741926,1.0859217040652582,1.1137099133074682,0.027788209242209927
80,162,MP_vent_PEEP_Jmin,resistance_dominant,severe_mixed,43.23430238172947,41.82164086225356,0.03267455334431145,4.544632878128063,21.69489950733835,0.32101488815701185,0.25039555636549743,0.41513652652552646,0.959796482230042,S080,S162,3.0,12.0,9.0,1.4,0.6,0.7999999999999999,15.0,10.0,5.0,1.4126615194759111,46.94906731644032,71.77593818243083,24.826870865990514,3.71476493471086,29.954297320177268,26.239532385466408,0.5460214314274244,0.2929204241856895,0.25310100724173495,0.0920428628548487,0.414159151628621,0.3221162887737723,0.07912329567003022,0.4173306274874916,0.3382073318174614,1.0859217040652582,1.7162391695447023,0.6303174654794441
81,84,MP_vent_PEEP_Jmin,resistance_dominant,resistance_dominant,39.93542846971964,41.41730605300653,0.03710684071940023,1.111408187465159,6.457504446640499,0.00178743508793959,0.0008937175439698297,0.09144519473768564,0.16294917618136973,S081,S084,6.0,9.0,3.0,0.6,0.6,0.0,15.0,15.0,0.0,1.481877583286888,47.60003499292712,54.42800883538935,6.827973842462228,7.6646065232074845,13.01070278238281,5.346096259175325,0.5437575343617088,0.5438055062563539,4.7971894645115754e-05,0.08751506872341747,0.08761101251270786,9.594378929039804e-05,0.16102102707164745,0.23904425425027104,0.07802322717862359,1.1919249853302323,1.3141368674662595,0.12221188213602718
81,110,MP_vent_PEEP_Jmin,resistance_dominant,mixed,39.93542846971964,38.28835275983443,0.041243471599010754,4.426002845733446,7.945747479962673,0.24255565167420387,0.21205550749623142,0.06406152585245903,0.09351919397854513,S081,S110,6.0,3.0,3.0,0.6,1.4,0.7999999999999999,15.0,10.0,5.0,1.6470757098852076,47.60003499292712,42.43321464881269,5.166820344114434,7.6646065232074845,4.14486188897825,3.5197446342292347,0.5437575343617088,0.33333333333333337,0.21042420102837545,0.08751506872341747,0.33333333333333337,0.2458182646099159,0.16102102707164745,0.09767965786429585,0.0633413692073516,1.1919249853302323,1.1082538576411762,0.08367112768905605
81,112,MP_vent_PEEP_Jmin,resistance_dominant,mixed,39.93542846971964,40.32030586984429,0.009637492694399858,3.0713674390602144,0.10880539779605414,0.24255565167420393,0.21205550749623137,0.07957720952947495,0.13945299376987896,S081,S112,6.0,6.0,0.0,0.6,1.0,0.4,15.0,10.0,5.0,0.3848774001246511,47.60003499292712,50.94747443431593,3.347439441388808,7.6646065232074845,10.62716856447164,2.962562041264156,0.5437575343617088,0.33333333333333326,0.21042420102837556,0.08751506872341747,0.33333333333333326,0.2458182646099158,0.16102102707164745,0.20859068447392276,0.04756965740227531,1.1919249853302323,1.263568649473459,0.07164366414322676
81,154,MP_vent_PEEP_Jmin,resistance_dominant,severe_mixed,39.93542846971964,40.262505460779096,0.008190146033050759,3.1099010451036726,5.738405873833926,0.3263245081442573,0.2539399357312581,0.04577664016182065,0.06827746526736367,S081,S154,6.0,3.0,3.0,0.6,1.0,0.4,15.0,10.0,5.0,0.32707699105945665,47.60003499292712,45.29860715525632,2.3014278376708006,7.6646065232074845,5.0361016944772246,2.62850482873026,0.5437575343617088,0.2917782453532468,0.251979289008462,0.08751506872341747,0.4164435092935063,0.32892844057008885,0.16102102707164745,0.11117564116743156,0.04984538590421589,1.1919249853302323,1.1250816767819638,0.06684330854826848
81,156,MP_vent_PEEP_Jmin,resistance_dominant,severe_mixed,39.93542846971964,38.114989341732425,0.04558456482738206,4.54157845780146,1.1256582134694781,0.32272760601251504,0.25214148466538694,0.09989669712026883,0.18016967190276367,S081,S156,6.0,6.0,0.0,0.6,0.6,0.0,15.0,10.0,5.0,1.820439127987214,47.60003499292712,49.19551610927187,1.5954811163447502,7.6646065232074845,11.080526767539455,3.4159202443319705,0.5437575343617088,0.29233950968725864,0.2514180246744502,0.08751506872341747,0.41532098062548284,0.32780591190206537,0.16102102707164745,0.22523448565775103,0.06421345858610358,1.1919249853302323,1.2907131015620483,0.09878811623181605
81,159,MP_vent_PEEP_Jmin,resistance_dominant,severe_mixed,39.93542846971964,39.968315101992985,0.0008234951654088757,3.3060279509610737,8.572622096552514,0.32160737581039134,0.2515813695643252,0.2193585369024516,0.47755312563320196,S081,S159,6.0,9.0,3.0,0.6,0.6,0.0,15.0,10.0,5.0,0.032886632273346095,47.60003499292712,59.511571672714055,11.911536679786934,7.6646065232074845,19.543256570721066,11.878650047513581,0.5437575343617088,0.2924774396243925,0.25128009473731633,0.08751506872341747,0.41504512075121525,0.3275300520277978,0.16102102707164745,0.3283942268942229,0.16737319982257542,1.1919249853302323,1.488968737382341,0.29704375205210876
81,162,MP_vent_PEEP_Jmin,resistance_dominant,severe_mixed,39.93542846971964,41.82164086225356,0.04723155515820017,2.0704774441206943,20.21921335284909,0.32012531878487394,0.25084034105156633,0.31416506243106246,0.8184587738767435,S081,S162,6.0,12.0,6.0,0.6,0.6,0.0,15.0,10.0,5.0,1.8862123925339205,47.60003499292712,71.77593818243083,24.175903189503714,7.6646065232074845,29.954297320177268,22.289690796969783,0.5437575343617088,0.2929204241856895,0.25083711017601934,0.08751506872341747,0.414159151628621,0.3266440829052035,0.16102102707164745,0.4173306274874916,0.25630960041584416,1.1919249853302323,1.7162391695447023,0.5243141842144701
82,113,MP_vent_PEEP_Jmin,resistance_dominant,mixed,45.490961735401875,46.22169680424022,0.01606330226845196,3.3037567653912667,1.4305528026651828,0.2550747614722761,0.20579595259719535,0.0522119343729012,0.08848901023106182,S082,S113,6.0,6.0,0.0,1.0,1.4,0.3999999999999999,15.0,10.0,5.0,0.7307350688383423,54.305527561098415,56.909466592662845,2.6039390315644297,8.814565825696546,10.687769788422617,1.8732039627260715,0.5397746333015333,0.33333333333333326,0.20644129996820004,0.07954926660306644,0.33333333333333326,0.2537840667302668,0.16231433928672173,0.18780302168217047,0.025488682395448742,1.1937652115812907,1.2312284171151884,0.0374632055338977
82,115,MP_vent_PEEP_Jmin,resistance_dominant,mixed,45.490961735401875,45.30295444705219,0.0041328492776923935,3.916251670183275,6.2093270610841245,0.25507476147227615,0.2057959525971953,0.1801049228965854,0.3687625888369723,S082,S115,6.0,9.0,3.0,1.0,1.0,0.0,15.0,10.0,5.0,0.18800728834968794,54.305527561098415,64.24309900401613,9.937571442917715,8.814565825696546,18.940144556963947,10.125578731267401,0.5397746333015333,0.3333333333333334,0.20644129996819988,0.07954926660306644,0.3333333333333334,0.253784066730267,0.16231433928672173,0.2948199082952071,0.13250556900848537,1.1937652115812907,1.4180774695191287,0.22431225793783804
82,155,MP_vent_PEEP_Jmin,resistance_dominant,severe_mixed,45.490961735401875,43.279438944100725,0.048614553461508885,5.26526200548426,9.15852658085123,0.3360798441293214,0.24629849392571795,0.05959923089587926,0.08778874548051796,S082,S155,6.0,3.0,3.0,1.0,1.4,0.3999999999999999,15.0,10.0,5.0,2.2115227913011495,54.305527561098415,48.20074019443028,6.104787366668134,8.814565825696546,4.9213012503295674,3.8932645753669783,0.5397746333015333,0.2934478770633482,0.24632675623818512,0.07954926660306644,0.41310424587330385,0.3335549792702374,0.16231433928672173,0.10210011776744948,0.06021422151927225,1.1937652115812907,1.1137099133074682,0.08005529827382252
82,157,MP_vent_PEEP_Jmin,resistance_dominant,severe_mixed,45.490961735401875,46.11667310034697,0.013754630394154923,3.3737725679867623,0.16616695953599958,0.34156690847927135,0.24904202610069293,0.08134359004104233,0.1434914610559923,S082,S157,6.0,6.0,0.0,1.0,1.0,0.0,15.0,10.0,5.0,0.6257113649450972,54.305527561098415,58.47117845356627,4.165650892467852,8.814565825696546,12.354505353219306,3.53993952752276,0.5397746333015333,0.2904420934767309,0.2493325398248024,0.07954926660306644,0.4191158130465382,0.3395665464434718,0.16231433928672173,0.21129222430552502,0.04897788501880329,1.1937652115812907,1.2678967176651421,0.07413150608385144
83,85,MP_vent_PEEP_Jmin,resistance_dominant,resistance_dominant,49.49693146031306,49.75060595152985,0.005125054902043567,0.19025586841259923,6.3538819087790515,0.012776155357570845,0.006388077678785353,0.09427613563052023,0.1639668334976747,S083,S085,6.0,9.0,3.0,1.4,1.0,0.3999999999999999,15.0,15.0,0.0,0.25367449121679186,58.38250427653884,64.7998048081221,6.417300531583265,8.885572816225782,15.04919885659225,6.163626040366468,0.5452501647245316,0.5378192178167646,0.007430946907767022,0.09050032944906305,0.07563843563352916,0.014861893815533891,0.1521958149334898,0.23224142265789605,0.08004560772440625,1.1795176499648325,1.3024927750880888,0.12297512512325626
83,118,MP_vent_PEEP_Jmin,resistance_dominant,mixed,49.49693146031306,50.285603024260034,0.015933746611733673,3.5989632457281004,16.76817896100669,0.2460968063316299,0.21028493016751837,0.27285240554375795,0.63324025652244,S083,S118,6.0,12.0,6.0,1.4,1.0,0.3999999999999999,15.0,10.0,5.0,0.788671563946977,58.38250427653884,79.5383180472206,21.15581377068176,8.885572816225782,29.252715022960587,20.367142206734805,0.5452501647245316,0.33333333333333337,0.2119168313911982,0.09050032944906305,0.33333333333333337,0.24283300388427032,0.1521958149334898,0.36778141330061476,0.21558559836712496,1.1795176499648325,1.5817314154281445,0.402213765463312
83,160,MP_vent_PEEP_Jmin,resistance_dominant,severe_mixed,49.49693146031306,51.9708407399148,0.04998106360563659,2.4754714352915954,10.594166724708849,0.3339649170054717,0.2542189855044394,0.19475464612872434,0.39432186544364733,S083,S160,6.0,9.0,3.0,1.4,1.0,0.3999999999999999,15.0,10.0,5.0,2.4739092796017417,58.38250427653884,73.92605171614103,15.543547439602193,8.885572816225782,21.95521097622622,13.069638160000437,0.5452501647245316,0.28967279920342925,0.25557736552110233,0.09050032944906305,0.42065440159314144,0.3301540721440784,0.1521958149334898,0.2969888214851398,0.14479300655164998,1.1795176499648325,1.4224524880422826,0.2429348380774501
84,87,MP_vent_PEEP_Jmin,resistance_dominant,resistance_dominant,41.41730605300653,42.899183636293344,0.035779188086021006,1.1114081874651127,7.466699778354801,0.002994138671622501,0.0014970693358111742,0.08054065446785574,0.1830580043617942,S084,S087,9.0,12.0,3.0,0.6,0.6,0.0,15.0,15.0,0.0,1.481877583286817,54.42800883538935,62.265178009565844,7.837169174176495,13.01070278238281,19.36599437327252,6.355291590889712,0.5438055062563539,0.5445816155093243,0.0007761092529703362,0.08761101251270786,0.08916323101864845,0.001552218505940589,0.23904425425027104,0.3110244761574007,0.07198022190712966,1.3141368674662595,1.451430370737605,0.1372935032713456
84,112,MP_vent_PEEP_Jmin,resistance_dominant,mixed,41.41730605300653,40.32030586984429,0.02648651705541347,4.182775626525373,6.566309844436553,0.24076821658626435,0.2129492250402012,0.011867985208210696,0.023496182411490762,S084,S112,9.0,6.0,3.0,0.6,1.0,0.4,15.0,10.0,5.0,1.097000183162237,54.42800883538935,50.94747443431593,3.4805344010734203,13.01070278238281,10.62716856447164,2.383534217911169,0.5438055062563539,0.33333333333333326,0.21047217292302067,0.08761101251270786,0.33333333333333326,0.2457223208206254,0.23904425425027104,0.20859068447392276,0.030453569776348277,1.3141368674662595,1.263568649473459,0.050568217992800424
84,154,MP_vent_PEEP_Jmin,resistance_dominant,severe_mixed,41.41730605300653,40.262505460779096,0.02788207882834048,4.2213092325688315,12.195910320474425,0.3245370730563177,0.25483365327522794,0.1372218348995063,0.2312266414487334,S084,S154,9.0,3.0,6.0,0.6,1.0,0.4,15.0,10.0,5.0,1.1548005922274314,54.42800883538935,45.29860715525632,9.129401680133029,13.01070278238281,5.0361016944772246,7.974601087905585,0.5438055062563539,0.2917782453532468,0.2520272609031071,0.08761101251270786,0.4164435092935063,0.32883249678079846,0.23904425425027104,0.11117564116743156,0.12786861308283948,1.3141368674662595,1.1250816767819638,0.18905519068429566
84,155,MP_vent_PEEP_Jmin,resistance_dominant,severe_mixed,41.41730605300653,43.279438944100725,0.04496026102496891,2.2100202436877474,10.299421775740996,0.3217732992433096,0.25345176636872385,0.14949185201131118,0.24828428666047642,S084,S155,9.0,3.0,6.0,0.6,1.4,0.7999999999999999,15.0,10.0,5.0,1.8621328910941983,54.42800883538935,48.20074019443028,6.227268640959068,13.01070278238281,4.9213012503295674,8.089401532053241,0.5438055062563539,0.2934478770633482,0.25035762919300575,0.08761101251270786,0.41310424587330385,0.325493233360596,0.23904425425027104,0.10210011776744948,0.13694413648282155,1.3141368674662595,1.1137099133074682,0.2004269541587913
84,159,MP_vent_PEEP_Jmin,resistance_dominant,severe_mixed,41.41730605300653,39.968315101992985,0.03498515690902494,4.417436138426233,2.1151176499120155,0.3198199407224518,0.252475087108295,0.12791334216476596,0.31460394945183223,S084,S159,9.0,9.0,0.0,0.6,0.6,0.0,15.0,10.0,5.0,1.448990951013542,54.42800883538935,59.511571672714055,5.083562837324706,13.01070278238281,19.543256570721066,6.532553788338257,0.5438055062563539,0.2924774396243925,0.25132806663196144,0.08761101251270786,0.41504512075121525,0.3274341082385074,0.23904425425027104,0.3283942268942229,0.08934997264395184,1.3141368674662595,1.488968737382341,0.17483186991608157
84,162,MP_vent_PEEP_Jmin,resistance_dominant,severe_mixed,41.41730605300653,41.82164086225356,0.009762460376576843,3.1818856315858532,13.76170890620859,0.3183378836969344,0.25173405859553616,0.22271986769337682,0.6555095976953738,S084,S162,9.0,12.0,3.0,0.6,0.6,0.0,15.0,10.0,5.0,0.40433480924703247,54.42800883538935,71.77593818243083,17.347929347041486,13.01070278238281,29.954297320177268,16.94359453779446,0.5438055062563539,0.2929204241856895,0.25088508207066446,0.08761101251270786,0.414159151628621,0.3265481391159131,0.23904425425027104,0.4173306274874916,0.17828637323722057,1.3141368674662595,1.7162391695447023,0.4021023020784429
85,118,MP_vent_PEEP_Jmin,resistance_dominant,mixed,49.75060595152985,50.285603024260034,0.010753579026784373,3.7892191141406997,10.414297052227639,0.2588729616892007,0.20389685248873302,0.17857626991323772,0.46927342302476527,S085,S118,9.0,12.0,3.0,1.0,1.0,0.0,15.0,10.0,5.0,0.5349970727301852,64.7998048081221,79.5383180472206,14.738513239098495,15.04919885659225,29.252715022960587,14.203516166368336,0.5378192178167646,0.33333333333333337,0.2044858844834312,0.07563843563352916,0.33333333333333337,0.2576948976998042,0.23224142265789605,0.36778141330061476,0.1355399906427187,1.3024927750880888,1.5817314154281445,0.27923864034005574
85,158,MP_vent_PEEP_Jmin,resistance_dominant,severe_mixed,49.75060595152985,52.15054006699015,0.048239294166556895,2.5459277523206296,5.027184802301051,0.34102130960166577,0.2449710264449657,0.021895309798657836,0.0418334320262399,S085,S158,9.0,6.0,3.0,1.0,1.4,0.3999999999999999,15.0,10.0,5.0,2.3999341154603044,64.7998048081221,64.71848187360195,0.08132293452015915,15.04919885659225,12.567941806611802,2.4812570499804476,0.5378192178167646,0.2931129045116228,0.24470631330514175,0.07563843563352916,0.41377419097675455,0.3381357553432254,0.23224142265789605,0.1941940144881264,0.03804740816976965,1.3024927750880888,1.2409935120608069,0.061499263027281925
85,160,MP_vent_PEEP_Jmin,resistance_dominant,severe_mixed,49.75060595152985,51.9708407399148,0.044627291385114815,2.6657273037041946,4.2402848159297974,0.3467410723630425,0.24783090782565403,0.10047851049820411,0.23035503194597262,S085,S160,9.0,9.0,0.0,1.0,1.0,0.0,15.0,10.0,5.0,2.22023478838495,64.7998048081221,73.92605171614103,9.126246908018928,15.04919885659225,21.95521097622622,6.906012119633969,0.5378192178167646,0.28967279920342925,0.2481464186133353,0.07563843563352916,0.42065440159314144,0.34501596595961226,0.23224142265789605,0.2969888214851398,0.06474739882724373,1.3024927750880888,1.4224524880422826,0.11995971295419383
86,88,MP_vent_PEEP_Jmin,resistance_dominant,resistance_dominant,55.759560538896665,54.010250167657894,0.031372384472407915,1.3119827784290905,5.677658876545756,0.013582549590234694,0.006791274795117319,0.08654897726614069,0.1845650495462754,S086,S088,9.0,12.0,3.0,1.4,1.0,0.3999999999999999,15.0,15.0,0.0,1.7493103712387708,71.27198418344143,76.5123154671775,5.240331283736069,15.512423644544775,22.502065299519614,6.9896416549748395,0.5448184489649515,0.5365795779165561,0.00823887104839538,0.08963689792990294,0.07315915583311193,0.01647774209679101,0.217651070364739,0.2940972987436594,0.07644622837892043,1.27820204274608,1.4166258299057863,0.13842378715970627
86,116,MP_vent_PEEP_Jmin,resistance_dominant,mixed,55.759560538896665,54.15504084864603,0.028775687518759318,5.716309838408478,1.60000978462012,0.2474955923644598,0.2095855371511034,0.08162653460419339,0.17274528985875448,S086,S116,9.0,9.0,0.0,1.4,1.4,0.0,15.0,10.0,5.0,1.6045196902506333,71.27198418344143,73.78376454697916,2.5117803635377243,15.512423644544775,19.62872369833313,4.116300053788354,0.5448184489649515,0.33333333333333337,0.2114851156316181,0.08963689792990294,0.33333333333333337,0.24369643540343044,0.217651070364739,0.2660303905452702,0.04837932018053123,1.27820204274608,1.362454231235685,0.08425218848960503
86,163,MP_vent_PEEP_Jmin,resistance_dominant,severe_mixed,55.759560538896665,57.82500837948266,0.03704203943905161,3.2696648178507246,15.056130101102518,0.3360161944397305,0.2538458381887385,0.19688336369037573,0.5068386164155052,S086,S163,9.0,12.0,3.0,1.4,1.0,0.3999999999999999,15.0,10.0,5.0,2.065447840585996,71.27198418344143,91.66322694298069,20.391242759539253,15.512423644544775,33.83821856349802,18.325794918953243,0.5448184489649515,0.2892411010022503,0.25557734796270115,0.08963689792990294,0.42151779799549927,0.33188090006559634,0.217651070364739,0.369158054893127,0.15150698452838798,1.27820204274608,1.5851831156068528,0.3069810728607727
87,155,MP_vent_PEEP_Jmin,resistance_dominant,severe_mixed,42.899183636293344,43.279438944100725,0.008863928764501703,3.32142843115286,17.766121554095797,0.3187791605716871,0.254948835704535,0.23003250647916693,0.4313422910222706,S087,S155,12.0,3.0,9.0,0.6,1.4,0.7999999999999999,15.0,10.0,5.0,0.38025530780738137,62.265178009565844,48.20074019443028,14.064437815135562,19.36599437327252,4.9213012503295674,14.444693122942954,0.5445816155093243,0.2934478770633482,0.2511337384459761,0.08916323101864845,0.41310424587330385,0.32394101485465543,0.3110244761574007,0.10210011776744948,0.20892435838995121,1.451430370737605,1.1137099133074682,0.3377204574301369
87,162,MP_vent_PEEP_Jmin,resistance_dominant,severe_mixed,42.899183636293344,41.82164086225356,0.02511802516279511,4.293293819050966,6.295009127853788,0.3153437450253119,0.25323112793134733,0.14217921322552107,0.47245159333357956,S087,S162,12.0,12.0,0.0,0.6,0.6,0.0,15.0,10.0,5.0,1.0775427740397845,62.265178009565844,71.77593818243083,9.510760172864991,19.36599437327252,29.954297320177268,10.588302946904747,0.5445816155093243,0.2929204241856895,0.2516611913236348,0.08916323101864845,0.414159151628621,0.3249959206099725,0.3110244761574007,0.4173306274874916,0.10630615133009091,1.451430370737605,1.7162391695447023,0.2648087988070973
88,116,MP_vent_PEEP_Jmin,resistance_dominant,mixed,54.010250167657894,54.15504084864603,0.002680800043300672,4.404327059979387,7.277668661165876,0.2610781419546945,0.20279426235598608,0.004922442661947302,0.011819759687520914,S088,S116,12.0,9.0,3.0,1.0,1.4,0.3999999999999999,15.0,10.0,5.0,0.1447906809881374,76.5123154671775,73.78376454697916,2.7285509201983444,22.502065299519614,19.62872369833313,2.8733416011864854,0.5365795779165561,0.33333333333333337,0.2032462445832227,0.07315915583311193,0.33333333333333337,0.2601741775002214,0.2940972987436594,0.2660303905452702,0.028066908198389195,1.4166258299057863,1.362454231235685,0.05417159867010124
88,158,MP_vent_PEEP_Jmin,resistance_dominant,severe_mixed,54.010250167657894,52.15054006699015,0.03443254002517769,5.740660914416651,15.674784407324452,0.34322648986715965,0.24386843631221866,0.09160962951805962,0.19401083844983735,S088,S158,12.0,6.0,6.0,1.0,1.4,0.3999999999999999,15.0,10.0,5.0,1.8597101006677406,76.5123154671775,64.71848187360195,11.793833593575556,22.502065299519614,12.567941806611802,9.934123492907812,0.5365795779165561,0.2931129045116228,0.24346667340493328,0.07315915583311193,0.41377419097675455,0.3406150351436426,0.2940972987436594,0.1941940144881264,0.09990328425553302,1.4166258299057863,1.2409935120608069,0.17563231784497946
88,160,MP_vent_PEEP_Jmin,resistance_dominant,severe_mixed,54.010250167657894,51.9708407399148,0.037759673791778185,5.860460465800216,6.407314789093604,0.3489462526285364,0.24672831769290698,0.030764190778802325,0.07817762552237517,S088,S160,12.0,9.0,3.0,1.0,1.0,0.0,15.0,10.0,5.0,2.039409427743095,76.5123154671775,73.92605171614103,2.586263751036469,22.502065299519614,21.95521097622622,0.5468543232933953,0.5365795779165561,0.28967279920342925,0.24690677871312683,0.07315915583311193,0.42065440159314144,0.3474952457600295,0.2940972987436594,0.2969888214851398,0.002891522741480357,1.4166258299057863,1.4224524880422826,0.005826658136496299
89,119,MP_vent_PEEP_Jmin,resistance_dominant,mixed,62.02218961748028,62.08838489305177,0.0010672837573091976,5.1243856177423694,2.248020581299528,0.2481614526754588,0.209252606995604,0.09142985543202004,0.2409079416206117,S089,S119,12.0,12.0,0.0,1.4,1.4,0.0,15.0,10.0,5.0,0.06619527557148785,85.6175070371481,93.0561085117615,7.438601474613392,23.595317419667833,30.96772361870972,7.372406199041887,0.544594954523324,0.3333333333333333,0.21126162118999064,0.08918990904664778,0.3333333333333333,0.24414342428668553,0.27558986749556014,0.3327855002102916,0.05719563271473144,1.3804334797786266,1.4987683875502982,0.11833490777167155
89,120,MP_vent_PEEP_Jmin,resistance_dominant,mixed,62.02218961748028,60.71001743085728,0.021156495678655955,0.9841291399672514,24.579446559635073,0.24816145267545875,0.20925260699560405,0.33653769689582014,0.5072446397048354,S089,S120,12.0,0.0,12.0,1.4,0.6,0.7999999999999999,15.0,15.0,0.0,1.3121721866230018,85.6175070371481,60.71001743085728,24.907489606290824,23.595317419667833,0.0,23.595317419667833,0.544594954523324,0.3333333333333333,0.21126162118999064,0.08918990904664778,0.3333333333333333,0.24414342428668553,0.27558986749556014,0.0,0.27558986749556014,1.3804334797786266,1.0,0.3804334797786266
89,121,MP_vent_PEEP_Jmin,resistance_dominant,mixed,62.02218961748028,60.71001743085728,0.021156495678655955,0.9841291399672514,24.579446559635073,0.24816145267545875,0.20925260699560405,0.33653769689582014,0.5072446397048354,S089,S121,12.0,0.0,12.0,1.4,1.0,0.3999999999999999,15.0,15.0,0.0,1.3121721866230018,85.6175070371481,60.71001743085728,24.907489606290824,23.595317419667833,0.0,23.595317419667833,0.544594954523324,0.3333333333333333,0.21126162118999064,0.08918990904664778,0.3333333333333333,0.24414342428668553,0.27558986749556014,0.0,0.27558986749556014,1.3804334797786266,1.0,0.3804334797786266
89,122,MP_vent_PEEP_Jmin,resistance_dominant,mixed,62.02218961748028,60.71001743085728,0.021156495678655955,0.9841291399672514,24.579446559635073,0.24816145267545875,0.20925260699560405,0.33653769689582014,0.5072446397048354,S089,S122,12.0,0.0,12.0,1.4,1.4,0.0,15.0,15.0,0.0,1.3121721866230018,85.6175070371481,60.71001743085728,24.907489606290824,23.595317419667833,0.0,23.595317419667833,0.544594954523324,0.3333333333333333,0.21126162118999064,0.08918990904664778,0.3333333333333333,0.24414342428668553,0.27558986749556014,0.0,0.27558986749556014,1.3804334797786266,1.0,0.3804334797786266
89,123,MP_vent_PEEP_Jmin,resistance_dominant,mixed,62.02218961748028,62.55961280740234,0.00866501478320256,0.40306739244154244,17.464808267075156,0.2481614526754587,0.2092526069956041,0.22774849156224763,0.3851756454953439,S089,S123,12.0,3.0,9.0,1.4,0.6,0.7999999999999999,15.0,15.0,0.0,0.537423189922059,85.6175070371481,68.28705456755347,17.330452469594633,23.595317419667833,5.727441760151123,17.86787565951671,0.544594954523324,0.33333333333333337,0.2112616211899906,0.08918990904664778,0.33333333333333337,0.2441434242866856,0.27558986749556014,0.08387302390506841,0.19171684359049174,1.3804334797786266,1.0915517456571187,0.28888173412150797
89,126,MP_vent_PEEP_Jmin,resistance_dominant,mixed,62.02218961748028,64.40920818394757,0.038486525245063824,1.7902639248504642,8.565628688909612,0.24816145267545886,0.20925260699560394,0.12142455200368354,0.2331756532105027,S089,S126,12.0,6.0,6.0,1.4,0.6,0.7999999999999999,15.0,15.0,0.0,2.3870185664672903,85.6175070371481,77.64863298985532,7.968874047292786,23.595317419667833,13.239424805907758,10.355892613760075,0.544594954523324,0.33333333333333337,0.2112616211899906,0.08918990904664778,0.33333333333333337,0.2441434242866856,0.27558986749556014,0.17050428701864553,0.1050855804769146,1.3804334797786266,1.2055517398707498,0.1748817399078768
89,161,MP_vent_PEEP_Jmin,resistance_dominant,severe_mixed,62.02218961748028,61.02164118987954,0.016132104231914236,5.835548086523858,6.490943837345,0.33082733943947973,0.2505855503776146,0.02403374922204271,0.05665173922403732,S089,S161,12.0,9.0,3.0,1.4,1.4,0.0,15.0,10.0,5.0,1.0005484276007408,85.6175070371481,83.96156285872623,1.6559441784218762,23.595317419667833,22.939921668846686,0.6553957508211461,0.544594954523324,0.29292675535005536,0.2516681991732686,0.08918990904664778,0.41414648929988923,0.3249565802532415,0.27558986749556014,0.273219326651237,0.0023705408443231435,1.3804334797786266,1.3759309192859153,0.0045025604927113605
90,91,MP_vent_PEEP_Jmin,mixed,mixed,10.11833623847623,10.11833623847623,0.0,0.0,0.0,0.0,0.0,0.0,0.0,S090,S091,0.0,0.0,0.0,0.6,1.0,0.4,5.0,5.0,0.0,0.0,10.11833623847623,10.11833623847623,0.0,0.0,0.0,0.0,0.3333333333333334,0.3333333333333334,0.0,0.3333333333333334,0.3333333333333334,0.0,0.0,0.0,0.0,1.0,1.0,0.0
90,92,MP_vent_PEEP_Jmin,mixed,mixed,10.11833623847623,10.11833623847623,0.0,0.0,0.0,0.0,0.0,0.0,0.0,S090,S092,0.0,0.0,0.0,0.6,1.4,0.7999999999999999,5.0,5.0,0.0,0.0,10.11833623847623,10.11833623847623,0.0,0.0,0.0,0.0,0.3333333333333334,0.3333333333333334,0.0,0.3333333333333334,0.3333333333333334,0.0,0.0,0.0,0.0,1.0,1.0,0.0
91,92,MP_vent_PEEP_Jmin,mixed,mixed,10.11833623847623,10.11833623847623,0.0,0.0,0.0,0.0,0.0,0.0,0.0,S091,S092,0.0,0.0,0.0,1.0,1.4,0.3999999999999999,5.0,5.0,0.0,0.0,10.11833623847623,10.11833623847623,0.0,0.0,0.0,0.0,0.3333333333333334,0.3333333333333334,0.0,0.3333333333333334,0.3333333333333334,0.0,0.0,0.0,0.0,1.0,1.0,0.0
93,135,MP_vent_PEEP_Jmin,mixed,severe_mixed,11.043133926748784,11.469445940403753,0.038604260030058395,0.21315600682748492,2.2908383417580582,0.07853385472718871,0.03926692736359444,0.3120023947551201,0.45349343133842557,S093,S135,3.0,0.0,3.0,0.6,0.6,0.0,5.0,5.0,0.0,0.42631201365496985,13.547128275334327,11.469445940403753,2.0776823349305733,2.503994348585543,0.0,2.503994348585543,0.3333333333333333,0.29406640596973893,0.039266927363594384,0.3333333333333333,0.4118671880605221,0.07853385472718877,0.18483580414194814,0.0,0.18483580414194814,1.2267467156692127,1.0,0.22674671566921267
93,136,MP_vent_PEEP_Jmin,mixed,severe_mixed,11.043133926748784,11.469445940403753,0.038604260030058395,0.21315600682748492,2.2908383417580582,0.07853385472718871,0.03926692736359444,0.3120023947551201,0.45349343133842557,S093,S136,3.0,0.0,3.0,0.6,1.0,0.4,5.0,5.0,0.0,0.42631201365496985,13.547128275334327,11.469445940403753,2.0776823349305733,2.503994348585543,0.0,2.503994348585543,0.3333333333333333,0.29406640596973893,0.039266927363594384,0.3333333333333333,0.4118671880605221,0.07853385472718877,0.18483580414194814,0.0,0.18483580414194814,1.2267467156692127,1.0,0.22674671566921267
93,137,MP_vent_PEEP_Jmin,mixed,severe_mixed,11.043133926748784,11.469445940403753,0.038604260030058395,0.21315600682748492,2.2908383417580582,0.07853385472718871,0.03926692736359444,0.3120023947551201,0.45349343133842557,S093,S137,3.0,0.0,3.0,0.6,1.4,0.7999999999999999,5.0,5.0,0.0,0.42631201365496985,13.547128275334327,11.469445940403753,2.0776823349305733,2.503994348585543,0.0,2.503994348585543,0.3333333333333333,0.29406640596973893,0.039266927363594384,0.3333333333333333,0.4118671880605221,0.07853385472718877,0.18483580414194814,0.0,0.18483580414194814,1.2267467156692127,1.0,0.22674671566921267
94,99,MP_vent_PEEP_Jmin,mixed,mixed,13.440101956614761,12.892729303293898,0.040726822987489704,0.2736863266604317,9.935128434794771,5.551115123125783e-17,5.551115123125783e-17,0.38286306366894024,1.6004396310508473,S094,S099,3.0,9.0,6.0,1.0,0.6,0.4,5.0,5.0,0.0,0.5473726533208634,16.096894097732676,25.75833620586701,9.661442108134334,2.65679214111791,12.865606902573118,10.208814761455208,0.33333333333333326,0.3333333333333333,5.551115123125783e-17,0.33333333333333326,0.3333333333333333,5.551115123125783e-17,0.165049985729367,0.49947352188231403,0.33442353615294707,1.1976764871050947,1.9978963026305179,0.8002198155254232
94,102,MP_vent_PEEP_Jmin,mixed,mixed,13.440101956614761,13.817526991566478,0.028082006830756293,0.18871251747585838,18.255145484333084,5.551115123125783e-17,5.551115123125783e-17,0.4666368078897017,2.604203331433151,S094,S102,3.0,12.0,9.0,1.0,0.6,0.4,5.0,5.0,0.0,0.37742503495171675,16.096894097732676,34.54075209954161,18.443858001808938,2.65679214111791,20.723225107975146,18.066432966857235,0.33333333333333326,0.33333333333333337,1.1102230246251565e-16,0.33333333333333326,0.33333333333333337,1.1102230246251565e-16,0.165049985729367,0.599964501301353,0.434914515571986,1.1976764871050947,2.4997781528216696,1.302101665716575
94,141,MP_vent_PEEP_Jmin,mixed,severe_mixed,13.440101956614761,13.940546954084521,0.03723520841472917,0.25022249873488,5.082004687661286,0.07756966711067004,0.03878483355533496,0.2345878529015875,0.6790057801068645,S094,S141,3.0,6.0,3.0,1.0,0.6,0.4,5.0,5.0,0.0,0.50044499746976,16.096894097732676,21.429121284128843,5.332227186396167,2.65679214111791,7.488574330044317,4.831782188926407,0.33333333333333326,0.29182191450367734,0.04151141882965592,0.33333333333333326,0.4163561709926453,0.08302283765931207,0.165049985729367,0.349457835006544,0.184407849277177,1.1976764871050947,1.537179377158527,0.33950289005343226
95,139,MP_vent_PEEP_Jmin,mixed,severe_mixed,15.40723226808007,15.372224366782323,0.002272173268282285,0.01750395064887389,0.3991799405502956,0.08649214700699526,0.04324607350349757,0.029131655668141132,0.05500245082493049,S095,S139,3.0,3.0,0.0,1.4,1.0,0.3999999999999999,5.0,5.0,0.0,0.03500790129774778,18.079174715185726,18.46085070508715,0.3816759899014244,2.6719424471056543,3.0886263383048265,0.41668389119917215,0.3333333333333333,0.29064919334580364,0.04268413998752968,0.3333333333333333,0.4187016133083925,0.08536827997505919,0.14779117350203702,0.167306826085415,0.01951565258337798,1.173421312836391,1.2009225382488566,0.02750122541246558
95,144,MP_vent_PEEP_Jmin,mixed,severe_mixed,15.40723226808007,15.176097460924892,0.015001708492058796,0.11556740357758954,11.367818063795118,0.07454852820775276,0.03727426410387641,0.39349516695334125,1.5186340492003483,S095,S144,3.0,9.0,6.0,1.4,0.6,0.7999999999999999,5.0,5.0,0.0,0.2311348071551791,18.079174715185726,29.331425375403256,11.25225066021753,2.6719424471056543,14.155327914478361,11.483385467372706,0.3333333333333333,0.29272740614312176,0.040605927190211555,0.3333333333333333,0.4145451877137564,0.08121185438042311,0.14779117350203702,0.48259938728885415,0.33480821378681713,1.173421312836391,1.9327383374365654,0.7593170246001744
96,135,MP_vent_PEEP_Jmin,mixed,severe_mixed,11.967931615021358,11.469445940403753,0.041651781665591955,0.24924283730880248,7.0417728200853835,0.07853385472718877,0.039266927363594384,0.5316426424168893,1.1351217906778555,S096,S135,6.0,0.0,6.0,0.6,0.6,0.0,5.0,5.0,0.0,0.49848567461760496,18.76046159779794,11.469445940403753,7.291015657394185,6.792529982776581,0.0,6.792529982776581,0.33333333333333326,0.29406640596973893,0.03926692736359433,0.33333333333333326,0.4118671880605221,0.07853385472718882,0.36206625020217376,0.0,0.36206625020217376,1.5675608953389277,1.0,0.5675608953389277
96,136,MP_vent_PEEP_Jmin,mixed,severe_mixed,11.967931615021358,11.469445940403753,0.041651781665591955,0.24924283730880248,7.0417728200853835,0.07853385472718877,0.039266927363594384,0.5316426424168893,1.1351217906778555,S096,S136,6.0,0.0,6.0,0.6,1.0,0.4,5.0,5.0,0.0,0.49848567461760496,18.76046159779794,11.469445940403753,7.291015657394185,6.792529982776581,0.0,6.792529982776581,0.33333333333333326,0.29406640596973893,0.03926692736359433,0.33333333333333326,0.4118671880605221,0.07853385472718882,0.36206625020217376,0.0,0.36206625020217376,1.5675608953389277,1.0,0.5675608953389277
96,137,MP_vent_PEEP_Jmin,mixed,severe_mixed,11.967931615021358,11.469445940403753,0.041651781665591955,0.24924283730880248,7.0417728200853835,0.07853385472718877,0.039266927363594384,0.5316426424168893,1.1351217906778555,S096,S137,6.0,0.0,6.0,0.6,1.4,0.7999999999999999,5.0,5.0,0.0,0.49848567461760496,18.76046159779794,11.469445940403753,7.291015657394185,6.792529982776581,0.0,6.792529982776581,0.33333333333333326,0.29406640596973893,0.03926692736359433,0.33333333333333326,0.4118671880605221,0.07853385472718882,0.36206625020217376,0.0,0.36206625020217376,1.5675608953389277,1.0,0.5675608953389277
97,140,MP_vent_PEEP_Jmin,mixed,severe_mixed,16.761867674753347,17.383513355663382,0.03708689824859762,0.3108228404550175,3.8603704636321723,0.08214834791246506,0.041074173956232696,0.20047157971189555,0.5111068550510052,S097,S140,6.0,3.0,3.0,1.0,1.4,0.3999999999999999,5.0,5.0,0.0,0.621645680910035,24.075046430493487,20.525498807316335,3.5495476231771512,7.313178755740147,3.1419854516529506,4.171193304087196,0.3333333333333333,0.29360512152720314,0.039728211806130176,0.3333333333333333,0.41278975694559367,0.07945642361226035,0.30376592530584967,0.15307717883732924,0.15068874646852043,1.4362985615711081,1.1807451340456054,0.2555534275255027
97,147,MP_vent_PEEP_Jmin,mixed,severe_mixed,16.761867674753347,16.411647967765266,0.020893835566759715,0.17510985349404073,15.28210383595281,0.07197409735237714,0.03598704867618868,0.26911045585565135,1.9023091495137872,S097,S147,6.0,12.0,6.0,1.0,0.6,0.4,5.0,5.0,0.0,0.35021970698808147,24.075046430493487,39.18204041295226,15.106993982458775,7.313178755740147,22.770392445186992,15.457213689446846,0.3333333333333333,0.2938485058928819,0.0394848274404514,0.3333333333333333,0.41230298821423594,0.07896965488090263,0.30376592530584967,0.5811436108278799,0.27737768552203024,1.4362985615711081,2.387453136328002,0.9511545747568939
98,100,MP_vent_PEEP_Jmin,mixed,mixed,20.696128297683924,20.083633392891905,0.029594661184070958,0.3062474523960095,5.920981486793256,0.0,0.0,0.15381469298873457,0.6429462871502869,S098,S100,6.0,9.0,3.0,1.4,1.0,0.3999999999999999,5.0,5.0,0.0,0.612494904792019,28.43805920236135,34.052793236758596,5.6147340343972445,7.74193090467743,13.969159843866693,6.2272289391892635,0.33333333333333337,0.33333333333333337,0.0,0.33333333333333337,0.33333333333333337,0.0,0.2722383707547307,0.41022067548889224,0.13798230473416156,1.3740762906627235,1.6955494342378665,0.321473143575143
99,138,MP_vent_PEEP_Jmin,mixed,severe_mixed,12.892729303293898,12.704996447244138,0.014561141526627464,0.09386642802487977,10.189341638713127,0.0801719543383112,0.04008597716915552,0.36254357607814636,1.5597229529179626,S099,S138,9.0,3.0,6.0,0.6,0.6,0.0,5.0,5.0,0.0,0.18773285604975953,25.75833620586701,15.475128139129005,10.283208066738005,12.865606902573118,2.7701316918848637,10.095475210688255,0.3333333333333333,0.291804331732377,0.041529001600956295,0.3333333333333333,0.41639133653524596,0.08305800320191264,0.49947352188231403,0.17900541223180957,0.32046810965050443,1.9978963026305179,1.2180348261715366,0.7798614764589813
100,142,MP_vent_PEEP_Jmin,mixed,severe_mixed,20.083633392891905,19.27500279316089,0.04026316274112077,0.40431529986550707,5.9139205028576995,0.08852060207527063,0.04426030103763523,0.11432750442579054,0.5133241950654555,S100,S142,9.0,6.0,3.0,1.0,1.0,0.0,5.0,5.0,0.0,0.8086305997310141,34.052793236758596,27.73455743403539,6.318235802723205,13.969159843866693,8.459554640874504,5.509605202992189,0.33333333333333337,0.2893507673925597,0.043982565940773655,0.33333333333333337,0.4212984652148805,0.08796513188154714,0.41022067548889224,0.3050185553165914,0.10520212017230085,1.6955494342378665,1.4388873367051391,0.2566620975327274
101,148,MP_vent_PEEP_Jmin,mixed,severe_mixed,25.985024327287796,27.08055964591808,0.042160257571120394,0.5477676593151415,11.386119425408264,0.08859726292456804,0.044298631462283966,0.11866216156091869,0.7530934250739278,S101,S148,9.0,12.0,3.0,1.4,1.0,0.3999999999999999,5.0,5.0,0.0,1.095535318630283,41.194989700003134,53.12887678472654,11.933887084723409,15.209965372715338,26.04831713880846,10.838351766093123,0.3333333333333333,0.28879545551745817,0.04453787781587515,0.3333333333333333,0.42240908896508356,0.08907575563175024,0.3692188172270421,0.4902854853181616,0.12106666809111949,1.5853358142421599,1.961882526779124,0.37654671253696415
102,141,MP_vent_PEEP_Jmin,mixed,severe_mixed,13.817526991566478,13.940546954084521,0.008903182356229769,0.06150998125902163,13.1731407966718,0.07756966711067009,0.03878483355533491,0.23204895498811418,1.9251975513262867,S102,S141,12.0,6.0,6.0,0.6,0.6,0.0,5.0,5.0,0.0,0.12301996251804326,34.54075209954161,21.429121284128843,13.11163081541277,20.723225107975146,7.488574330044317,13.23465077793083,0.33333333333333337,0.29182191450367734,0.04151141882965603,0.33333333333333337,0.4163561709926453,0.08302283765931195,0.599964501301353,0.349457835006544,0.25050666629480906,2.4997781528216696,1.537179377158527,0.9625987756631427
103,143,MP_vent_PEEP_Jmin,mixed,severe_mixed,23.405399111030473,23.297580770923027,0.004606558495156515,0.05390917005372309,13.669334366292702,0.08287646547902144,0.04143823273951058,0.22297097590070486,1.1598803465481722,S103,S143,12.0,6.0,6.0,1.0,1.4,0.3999999999999999,5.0,5.0,0.0,0.10781834010744618,46.03013451652804,32.30689098018161,13.723243536346423,22.624735405497564,9.009310209258583,13.61542519623898,0.3333333333333333,0.2934158249170065,0.0399175084163268,0.3333333333333333,0.41316835016598685,0.07983501683265354,0.4915200801199853,0.2788665184398359,0.21265356168014943,1.9666459989923863,1.3867058257183005,0.5799401732740859
103,145,MP_vent_PEEP_Jmin,mixed,severe_mixed,23.405399111030473,23.17778121953947,0.009725016455016678,0.11380894574550204,6.625759443534022,0.08882011426438641,0.04441005713219315,0.07743230230480147,0.5429272555541602,S103,S145,12.0,9.0,3.0,1.0,1.0,0.0,5.0,5.0,0.0,0.2276178914910041,46.03013451652804,39.29056612724852,6.739568389279519,22.624735405497564,16.11278490770904,6.511950497788522,0.3333333333333333,0.2888971118959652,0.04443622143736814,0.3333333333333333,0.4222057762080695,0.08887244287473617,0.4915200801199853,0.41009296876826157,0.08142711135172376,1.9666459989923863,1.6951823712153065,0.2714636277770799
104,105,MP_vent_PEEP_Jmin,mixed,mixed,31.27392035689165,30.355008715428696,0.029382681511512517,4.599712298506635,20.476333552712713,5.551115123125783e-17,5.551115123125783e-17,0.6159222395159892,1.603639426401077,S104,S105,12.0,0.0,12.0,1.4,0.6,0.7999999999999999,5.0,10.0,5.0,0.9189116414629552,56.349966208111,30.355008715428696,25.994957492682303,25.076045851219348,0.0,25.076045851219348,0.33333333333333337,0.33333333333333326,1.1102230246251565e-16,0.33333333333333337,0.33333333333333326,1.1102230246251565e-16,0.4450055171037513,0.0,0.4450055171037513,1.8018197132005387,1.0,0.8018197132005387
104,106,MP_vent_PEEP_Jmin,mixed,mixed,31.27392035689165,30.355008715428696,0.029382681511512517,4.599712298506635,20.476333552712713,5.551115123125783e-17,5.551115123125783e-17,0.6159222395159892,1.603639426401077,S104,S106,12.0,0.0,12.0,1.4,1.0,0.3999999999999999,5.0,10.0,5.0,0.9189116414629552,56.349966208111,30.355008715428696,25.994957492682303,25.076045851219348,0.0,25.076045851219348,0.33333333333333337,0.33333333333333326,1.1102230246251565e-16,0.33333333333333337,0.33333333333333326,1.1102230246251565e-16,0.4450055171037513,0.0,0.4450055171037513,1.8018197132005387,1.0,0.8018197132005387
104,107,MP_vent_PEEP_Jmin,mixed,mixed,31.27392035689165,30.355008715428696,0.029382681511512517,4.599712298506635,20.476333552712713,5.551115123125783e-17,5.551115123125783e-17,0.6159222395159892,1.603639426401077,S104,S107,12.0,0.0,12.0,1.4,1.4,0.0,5.0,10.0,5.0,0.9189116414629552,56.349966208111,30.355008715428696,25.994957492682303,25.076045851219348,0.0,25.076045851219348,0.33333333333333337,0.33333333333333326,1.1102230246251565e-16,0.33333333333333337,0.33333333333333326,1.1102230246251565e-16,0.4450055171037513,0.0,0.4450055171037513,1.8018197132005387,1.0,0.8018197132005387
104,108,MP_vent_PEEP_Jmin,mixed,mixed,31.27392035689165,31.74220524783746,0.01497365490484844,5.524509986779147,15.435817810071867,5.551115123125783e-17,5.551115123125783e-17,0.45309882661842316,1.4091483054045892,S104,S108,12.0,3.0,9.0,1.4,0.6,0.7999999999999999,5.0,10.0,5.0,0.46828489094581016,56.349966208111,35.85792330220579,20.49204290590521,25.076045851219348,4.115718054368333,20.960327796851015,0.33333333333333337,0.33333333333333337,0.0,0.33333333333333337,0.33333333333333337,0.0,0.4450055171037513,0.11477848339630856,0.3302270337074428,1.8018197132005387,1.1296607473309916,0.672158965869547
105,106,MP_vent_PEEP_Jmin,mixed,mixed,30.355008715428696,30.355008715428696,0.0,0.0,0.0,0.0,0.0,0.0,0.0,S105,S106,0.0,0.0,0.0,0.6,1.0,0.4,10.0,10.0,0.0,0.0,30.355008715428696,30.355008715428696,0.0,0.0,0.0,0.0,0.33333333333333326,0.33333333333333326,0.0,0.33333333333333326,0.33333333333333326,0.0,0.0,0.0,0.0,1.0,1.0,0.0
105,107,MP_vent_PEEP_Jmin,mixed,mixed,30.355008715428696,30.355008715428696,0.0,0.0,0.0,0.0,0.0,0.0,0.0,S105,S107,0.0,0.0,0.0,0.6,1.4,0.7999999999999999,10.0,10.0,0.0,0.0,30.355008715428696,30.355008715428696,0.0,0.0,0.0,0.0,0.33333333333333326,0.33333333333333326,0.0,0.33333333333333326,0.33333333333333326,0.0,0.0,0.0,0.0,1.0,1.0,0.0
105,108,MP_vent_PEEP_Jmin,mixed,mixed,30.355008715428696,31.74220524783746,0.04569909847213083,0.9247976882725126,5.040515742640846,1.1102230246251565e-16,1.1102230246251565e-16,0.16282341289756605,0.1944911209964877,S105,S108,0.0,3.0,3.0,0.6,0.6,0.0,10.0,10.0,0.0,1.3871965324087654,30.355008715428696,35.85792330220579,5.502914586777095,0.0,4.115718054368333,4.115718054368333,0.33333333333333326,0.33333333333333337,1.1102230246251565e-16,0.33333333333333326,0.33333333333333337,1.1102230246251565e-16,0.0,0.11477848339630856,0.11477848339630856,1.0,1.1296607473309916,0.12966074733099164
105,146,MP_vent_PEEP_Jmin,mixed,severe_mixed,30.355008715428696,29.211648186182643,0.03766628894640742,5.630848383861139,11.971125888955736,0.08290581852351586,0.041452909261757986,0.5465128063968658,1.2051339356567192,S105,S146,0.0,9.0,9.0,0.6,1.4,0.7999999999999999,10.0,5.0,5.0,1.1433605292460527,30.355008715428696,46.81362245899952,16.458613743570822,0.0,17.60197427281688,17.60197427281688,0.33333333333333326,0.29332622668457015,0.04000710664876311,0.33333333333333326,0.4133475466308596,0.08001421329752634,0.0,0.3760011156631407,0.3760011156631407,1.0,1.6025669678283596,0.6025669678283596
106,107,MP_vent_PEEP_Jmin,mixed,mixed,30.355008715428696,30.355008715428696,0.0,0.0,0.0,0.0,0.0,0.0,0.0,S106,S107,0.0,0.0,0.0,1.0,1.4,0.3999999999999999,10.0,10.0,0.0,0.0,30.355008715428696,30.355008715428696,0.0,0.0,0.0,0.0,0.33333333333333326,0.33333333333333326,0.0,0.33333333333333326,0.33333333333333326,0.0,0.0,0.0,0.0,1.0,1.0,0.0
106,108,MP_vent_PEEP_Jmin,mixed,mixed,30.355008715428696,31.74220524783746,0.04569909847213083,0.9247976882725126,5.040515742640846,1.1102230246251565e-16,1.1102230246251565e-16,0.16282341289756605,0.1944911209964877,S106,S108,0.0,3.0,3.0,1.0,0.6,0.4,10.0,10.0,0.0,1.3871965324087654,30.355008715428696,35.85792330220579,5.502914586777095,0.0,4.115718054368333,4.115718054368333,0.33333333333333326,0.33333333333333337,1.1102230246251565e-16,0.33333333333333326,0.33333333333333337,1.1102230246251565e-16,0.0,0.11477848339630856,0.11477848339630856,1.0,1.1296607473309916,0.12966074733099164
106,146,MP_vent_PEEP_Jmin,mixed,severe_mixed,30.355008715428696,29.211648186182643,0.03766628894640742,5.630848383861139,11.971125888955736,0.08290581852351586,0.041452909261757986,0.5465128063968658,1.2051339356567192,S106,S146,0.0,9.0,9.0,1.0,1.4,0.3999999999999999,10.0,5.0,5.0,1.1433605292460527,30.355008715428696,46.81362245899952,16.458613743570822,0.0,17.60197427281688,17.60197427281688,0.33333333333333326,0.29332622668457015,0.04000710664876311,0.33333333333333326,0.4133475466308596,0.08001421329752634,0.0,0.3760011156631407,0.3760011156631407,1.0,1.6025669678283596,0.6025669678283596
107,108,MP_vent_PEEP_Jmin,mixed,mixed,30.355008715428696,31.74220524783746,0.04569909847213083,0.9247976882725126,5.040515742640846,1.1102230246251565e-16,1.1102230246251565e-16,0.16282341289756605,0.1944911209964877,S107,S108,0.0,3.0,3.0,1.4,0.6,0.7999999999999999,10.0,10.0,0.0,1.3871965324087654,30.355008715428696,35.85792330220579,5.502914586777095,0.0,4.115718054368333,4.115718054368333,0.33333333333333326,0.33333333333333337,1.1102230246251565e-16,0.33333333333333326,0.33333333333333337,1.1102230246251565e-16,0.0,0.11477848339630856,0.11477848339630856,1.0,1.1296607473309916,0.12966074733099164
107,146,MP_vent_PEEP_Jmin,mixed,severe_mixed,30.355008715428696,29.211648186182643,0.03766628894640742,5.630848383861139,11.971125888955736,0.08290581852351586,0.041452909261757986,0.5465128063968658,1.2051339356567192,S107,S146,0.0,9.0,9.0,1.4,1.4,0.0,10.0,5.0,5.0,1.1433605292460527,30.355008715428696,46.81362245899952,16.458613743570822,0.0,17.60197427281688,17.60197427281688,0.33333333333333326,0.29332622668457015,0.04000710664876311,0.33333333333333326,0.4133475466308596,0.08001421329752634,0.0,0.3760011156631407,0.3760011156631407,1.0,1.6025669678283596,0.6025669678283596
108,111,MP_vent_PEEP_Jmin,mixed,mixed,31.74220524783746,33.129401780246354,0.04370195837302137,0.9247976882725943,6.825057028246434,5.551115123125783e-17,5.551115123125783e-17,0.14917898185755404,0.2590023103419379,S108,S111,3.0,6.0,3.0,0.6,0.6,0.0,10.0,10.0,0.0,1.3871965324088933,35.85792330220579,43.14537917458853,7.287455872382736,4.115718054368333,10.015977394342173,5.9002593399738394,0.33333333333333337,0.3333333333333333,5.551115123125783e-17,0.33333333333333337,0.3333333333333333,5.551115123125783e-17,0.11477848339630856,0.23214484577392044,0.11736636237761189,1.1296607473309916,1.302328954225617,0.17266820689462525
109,114,MP_vent_PEEP_Jmin,mixed,mixed,35.33765729263649,34.51659831265528,0.023234674929973314,0.547372653320803,12.839618321117037,0.0,0.0,0.2800119322794256,0.5861188996082987,S109,S114,3.0,9.0,6.0,1.0,0.6,0.4,10.0,10.0,0.0,0.8210589799812098,39.65144433812015,52.2173763325768,12.565931994456648,4.313787045483664,17.700778019921504,13.38699097443784,0.3333333333333334,0.3333333333333333,1.1102230246251565e-16,0.3333333333333334,0.3333333333333333,1.1102230246251565e-16,0.10879268378469813,0.33898252388599115,0.230189840101293,1.1220733737316124,1.512819306803812,0.3907459330721996
109,117,MP_vent_PEEP_Jmin,mixed,mixed,35.33765729263649,35.90379484506408,0.016020800352986423,0.37742503495172386,23.233757920574384,5.551115123125783e-17,5.551115123125783e-17,0.3768725439317522,0.9520117300804363,S109,S117,3.0,12.0,9.0,1.0,0.6,0.4,10.0,10.0,0.0,0.566137552427584,39.65144433812015,63.07391477617039,23.42247043805024,4.313787045483664,27.170119931106324,22.85633288562266,0.3333333333333334,0.3333333333333334,0.0,0.3333333333333334,0.3333333333333334,0.0,0.10879268378469813,0.4307663481412972,0.3219736643565991,1.1220733737316124,1.7567478604519033,0.6346744867202909
109,149,MP_vent_PEEP_Jmin,mixed,severe_mixed,35.33765729263649,35.125715601442245,0.005997615785311594,5.9955803943698704,18.61061020247429,0.0827521149601268,0.04137605748006351,0.46739456437758253,1.4635455105215582,S109,S149,3.0,12.0,9.0,1.0,1.4,0.3999999999999999,10.0,5.0,5.0,0.211941691194248,39.65144433812015,64.04569324377006,24.39424890564991,4.313787045483664,28.919977642327822,24.606190596844158,0.3333333333333334,0.2932800180314615,0.04005331530187195,0.3333333333333334,0.4134399639370771,0.08010663060374368,0.10879268378469813,0.4515522617930436,0.34275957800834544,1.1220733737316124,1.8233277855594887,0.7012544118278763
109,150,MP_vent_PEEP_Jmin,mixed,severe_mixed,35.33765729263649,34.40833782121126,0.02629827619101616,0.619546314283486,4.9333333597671505,0.07853385472718871,0.03926692736359444,0.15477009848513712,0.1831100605974192,S109,S150,3.0,0.0,3.0,1.0,0.6,0.4,10.0,10.0,0.0,0.9293194714252309,39.65144433812015,34.40833782121126,5.243106516908888,4.313787045483664,0.0,4.313787045483664,0.3333333333333334,0.2940664059697388,0.039266927363594606,0.3333333333333334,0.4118671880605223,0.07853385472718888,0.10879268378469813,0.0,0.10879268378469813,1.1220733737316124,1.0,0.12207337373161242
109,151,MP_vent_PEEP_Jmin,mixed,severe_mixed,35.33765729263649,34.40833782121126,0.02629827619101616,0.619546314283486,4.9333333597671505,0.07853385472718871,0.03926692736359444,0.15477009848513712,0.1831100605974192,S109,S151,3.0,0.0,3.0,1.0,1.0,0.0,10.0,10.0,0.0,0.9293194714252309,39.65144433812015,34.40833782121126,5.243106516908888,4.313787045483664,0.0,4.313787045483664,0.3333333333333334,0.2940664059697388,0.039266927363594606,0.3333333333333334,0.4118671880605223,0.07853385472718888,0.10879268378469813,0.0,0.10879268378469813,1.1220733737316124,1.0,0.12207337373161242
109,152,MP_vent_PEEP_Jmin,mixed,severe_mixed,35.33765729263649,34.40833782121126,0.02629827619101616,0.619546314283486,4.9333333597671505,0.07853385472718871,0.03926692736359444,0.15477009848513712,0.1831100605974192,S109,S152,3.0,0.0,3.0,1.0,1.4,0.3999999999999999,10.0,10.0,0.0,0.9293194714252309,39.65144433812015,34.40833782121126,5.243106516908888,4.313787045483664,0.0,4.313787045483664,0.3333333333333334,0.2940664059697388,0.039266927363594606,0.3333333333333334,0.4118671880605223,0.07853385472718888,0.10879268378469813,0.0,0.10879268378469813,1.1220733737316124,1.0,0.12207337373161242
109,153,MP_vent_PEEP_Jmin,mixed,severe_mixed,35.33765729263649,36.261663581471836,0.026147921498686444,0.6160041925568969,0.8683250577056576,0.08033625064570044,0.040168125322850246,0.004103265568217274,0.005771562292278265,S109,S153,3.0,3.0,0.0,1.0,0.6,0.4,10.0,10.0,0.0,0.9240062888353435,39.65144433812015,40.82777149210426,1.1763271539841114,4.313787045483664,4.566107910632431,0.25232086514876695,0.3333333333333334,0.29275761727643645,0.04057571605689697,0.3333333333333334,0.41448476544712703,0.08115143211379361,0.10879268378469813,0.11183828418152769,0.0030456003968295647,1.1220733737316124,1.1259210819264651,0.0038477081948526948
110,156,MP_vent_PEEP_Jmin,mixed,severe_mixed,38.28835275983443,38.114989341732425,0.004527836942723471,0.11557561206801381,6.820089266493195,0.0801719543383112,0.04008597716915552,0.16395822297272786,0.2736888658813088,S110,S156,3.0,6.0,3.0,1.4,0.6,0.7999999999999999,10.0,10.0,0.0,0.1733634181020065,42.43321464881269,49.19551610927187,6.7623014604591845,4.14486188897825,11.080526767539455,6.935664878561205,0.33333333333333337,0.29233950968725864,0.040993823646074734,0.33333333333333337,0.41532098062548284,0.08198764729214947,0.09767965786429585,0.22523448565775103,0.12755482779345517,1.1082538576411762,1.2907131015620483,0.1824592439208721
110,159,MP_vent_PEEP_Jmin,mixed,severe_mixed,38.28835275983443,39.968315101992985,0.04387658964323171,1.1199748947723727,16.518369576515187,0.0790517241361875,0.039525862068093776,0.2834200627549106,0.5710723196117471,S110,S159,3.0,9.0,6.0,1.4,0.6,0.7999999999999999,10.0,10.0,0.0,1.6799623421585537,42.43321464881269,59.511571672714055,17.07835702390137,4.14486188897825,19.543256570721066,15.398394681742817,0.33333333333333337,0.2924774396243925,0.04085589370894088,0.33333333333333337,0.41504512075121525,0.08171178741788188,0.09767965786429585,0.3283942268942229,0.23071456902992704,1.1082538576411762,1.488968737382341,0.3807148797411648
111,114,MP_vent_PEEP_Jmin,mixed,mixed,33.129401780246354,34.51659831265528,0.04187206704215392,0.9247976882726228,8.609598313851954,0.0,0.0,0.12277963600944264,0.3157355288672923,S111,S114,6.0,9.0,3.0,0.6,0.6,0.0,10.0,10.0,0.0,1.3871965324089288,43.14537917458853,52.2173763325768,9.071997157988271,10.015977394342173,17.700778019921504,7.6848006255793315,0.3333333333333333,0.3333333333333333,0.0,0.3333333333333333,0.3333333333333333,0.0,0.23214484577392044,0.33898252388599115,0.1068376781120707,1.302328954225617,1.512819306803812,0.21049035257819515
111,150,MP_vent_PEEP_Jmin,mixed,severe_mixed,33.129401780246354,34.40833782121126,0.03860426003005833,0.8526240273099397,9.163353367032233,0.07853385472718871,0.03926692736359444,0.3120023947551201,0.45349343133842557,S111,S150,6.0,0.0,6.0,0.6,0.6,0.0,10.0,10.0,0.0,1.2789360409649078,43.14537917458853,34.40833782121126,8.737041353377265,10.015977394342173,0.0,10.015977394342173,0.3333333333333333,0.2940664059697388,0.039266927363594495,0.3333333333333333,0.4118671880605223,0.07853385472718899,0.23214484577392044,0.0,0.23214484577392044,1.302328954225617,1.0,0.3023289542256169
111,151,MP_vent_PEEP_Jmin,mixed,severe_mixed,33.129401780246354,34.40833782121126,0.03860426003005833,0.8526240273099397,9.163353367032233,0.07853385472718871,0.03926692736359444,0.3120023947551201,0.45349343133842557,S111,S151,6.0,0.0,6.0,0.6,1.0,0.4,10.0,10.0,0.0,1.2789360409649078,43.14537917458853,34.40833782121126,8.737041353377265,10.015977394342173,0.0,10.015977394342173,0.3333333333333333,0.2940664059697388,0.039266927363594495,0.3333333333333333,0.4118671880605223,0.07853385472718899,0.23214484577392044,0.0,0.23214484577392044,1.302328954225617,1.0,0.3023289542256169
111,152,MP_vent_PEEP_Jmin,mixed,severe_mixed,33.129401780246354,34.40833782121126,0.03860426003005833,0.8526240273099397,9.163353367032233,0.07853385472718871,0.03926692736359444,0.3120023947551201,0.45349343133842557,S111,S152,6.0,0.0,6.0,0.6,1.4,0.7999999999999999,10.0,10.0,0.0,1.2789360409649078,43.14537917458853,34.40833782121126,8.737041353377265,10.015977394342173,0.0,10.015977394342173,0.3333333333333333,0.2940664059697388,0.039266927363594495,0.3333333333333333,0.4118671880605223,0.07853385472718899,0.23214484577392044,0.0,0.23214484577392044,1.302328954225617,1.0,0.3023289542256169
112,154,MP_vent_PEEP_Jmin,mixed,severe_mixed,40.32030586984429,40.262505460779096,0.0014335310166489488,0.038533606043458235,5.629600476037872,0.08376885647005333,0.04188442823502675,0.1253538496912956,0.20773045903724263,S112,S154,6.0,3.0,3.0,1.0,1.0,0.0,10.0,10.0,0.0,0.05780040906519446,50.94747443431593,45.29860715525632,5.648867279059608,10.62716856447164,5.0361016944772246,5.591066869994416,0.33333333333333326,0.2917782453532468,0.04155508798008645,0.33333333333333326,0.4164435092935063,0.08311017596017306,0.20859068447392276,0.11117564116743156,0.0974150433064912,1.263568649473459,1.1250816767819638,0.13848697269149524
112,159,MP_vent_PEEP_Jmin,mixed,severe_mixed,40.32030586984429,39.968315101992985,0.008729863532968887,0.23466051190085935,8.681427494348569,0.07905172413618744,0.03952586206809383,0.13978132737297666,0.338100131863323,S112,S159,6.0,9.0,3.0,1.0,0.6,0.4,10.0,10.0,0.0,0.351990767851305,50.94747443431593,59.511571672714055,8.564097238398126,10.62716856447164,19.543256570721066,8.916088006249426,0.33333333333333326,0.2924774396243925,0.04085589370894077,0.33333333333333326,0.41504512075121525,0.08171178741788199,0.20859068447392276,0.3283942268942229,0.11980354242030011,1.263568649473459,1.488968737382341,0.225400087908882
112,162,MP_vent_PEEP_Jmin,mixed,severe_mixed,40.32030586984429,41.82164086225356,0.0372352084147289,1.00088999493952,20.328018750645143,0.07756966711067004,0.03878483355533496,0.2345878529015875,0.6790057801068645,S112,S162,6.0,12.0,6.0,1.0,0.6,0.4,10.0,10.0,0.0,1.5013349924092694,50.94747443431593,71.77593818243083,20.828463748114906,10.62716856447164,29.954297320177268,19.32712875570563,0.33333333333333326,0.2929204241856895,0.04041290914764378,0.33333333333333326,0.414159151628621,0.08082581829528773,0.20859068447392276,0.4173306274874916,0.20873994301356885,1.263568649473459,1.7162391695447023,0.4526705200712433
113,115,MP_vent_PEEP_Jmin,mixed,mixed,46.22169680424022,45.30295444705219,0.019876863479917684,0.6124949047920083,7.639879863749307,5.551115123125783e-17,5.551115123125783e-17,0.1278929885236842,0.2802735786059105,S113,S115,6.0,9.0,3.0,1.4,1.0,0.3999999999999999,10.0,10.0,0.0,0.9187423571880302,56.909466592662845,64.24309900401613,7.333632411353285,10.687769788422617,18.940144556963947,8.25237476854133,0.33333333333333326,0.3333333333333334,1.6653345369377348e-16,0.33333333333333326,0.3333333333333334,1.6653345369377348e-16,0.18780302168217047,0.2948199082952071,0.10701688661303663,1.2312284171151884,1.4180774695191287,0.18684905240394034
113,157,MP_vent_PEEP_Jmin,mixed,severe_mixed,46.22169680424022,46.11667310034697,0.002272173268282323,0.07001580259549556,1.5967197622011824,0.08649214700699526,0.04324607350349757,0.029131655668141132,0.05500245082493049,S113,S157,6.0,6.0,0.0,1.4,1.0,0.3999999999999999,10.0,10.0,0.0,0.10502370389324511,56.909466592662845,58.47117845356627,1.5617118609034222,10.687769788422617,12.354505353219306,1.6667355647966886,0.33333333333333326,0.2904420934767309,0.04289123985660237,0.33333333333333326,0.4191158130465382,0.08578247971320496,0.18780302168217047,0.21129222430552502,0.02348920262335455,1.2312284171151884,1.2678967176651421,0.036668300549953736
114,117,MP_vent_PEEP_Jmin,mixed,mixed,34.51659831265528,35.90379484506408,0.04018925966699874,0.9247976882725268,10.394139599457347,5.551115123125783e-17,5.551115123125783e-17,0.09686061165232657,0.3658928304721376,S114,S117,9.0,12.0,3.0,0.6,0.6,0.0,10.0,10.0,0.0,1.3871965324087938,52.2173763325768,63.07391477617039,10.856538443593593,17.700778019921504,27.170119931106324,9.46934191118482,0.3333333333333333,0.3333333333333334,1.1102230246251565e-16,0.3333333333333333,0.3333333333333334,1.1102230246251565e-16,0.33898252388599115,0.4307663481412972,0.09178382425530607,1.512819306803812,1.7567478604519033,0.2439285536480913
114,149,MP_vent_PEEP_Jmin,mixed,severe_mixed,34.51659831265528,35.125715601442245,0.017647083390706926,5.4482077410490675,5.770991881357254,0.0827521149601268,0.04137605748006351,0.18738263209815692,0.8774266109132596,S114,S149,9.0,12.0,3.0,0.6,1.4,0.7999999999999999,10.0,5.0,5.0,0.6091172887869618,52.2173763325768,64.04569324377006,11.828316911193262,17.700778019921504,28.919977642327822,11.219199622406318,0.3333333333333333,0.2932800180314615,0.04005331530187184,0.3333333333333333,0.4134399639370771,0.08010663060374379,0.33898252388599115,0.4515522617930436,0.11256973790705244,1.512819306803812,1.8233277855594887,0.31050847875567666
114,150,MP_vent_PEEP_Jmin,mixed,severe_mixed,34.51659831265528,34.40833782121126,0.0031364762675448253,0.07217366096268307,17.772951680884187,0.07853385472718871,0.03926692736359444,0.43478203076456273,0.7692289602057178,S114,S150,9.0,0.0,9.0,0.6,0.6,0.0,10.0,10.0,0.0,0.10826049144402106,52.2173763325768,34.40833782121126,17.809038511365536,17.700778019921504,0.0,17.700778019921504,0.3333333333333333,0.2940664059697388,0.039266927363594495,0.3333333333333333,0.4118671880605223,0.07853385472718899,0.33898252388599115,0.0,0.33898252388599115,1.512819306803812,1.0,0.512819306803812
114,151,MP_vent_PEEP_Jmin,mixed,severe_mixed,34.51659831265528,34.40833782121126,0.0031364762675448253,0.07217366096268307,17.772951680884187,0.07853385472718871,0.03926692736359444,0.43478203076456273,0.7692289602057178,S114,S151,9.0,0.0,9.0,0.6,1.0,0.4,10.0,10.0,0.0,0.10826049144402106,52.2173763325768,34.40833782121126,17.809038511365536,17.700778019921504,0.0,17.700778019921504,0.3333333333333333,0.2940664059697388,0.039266927363594495,0.3333333333333333,0.4118671880605223,0.07853385472718899,0.33898252388599115,0.0,0.33898252388599115,1.512819306803812,1.0,0.512819306803812
114,152,MP_vent_PEEP_Jmin,mixed,severe_mixed,34.51659831265528,34.40833782121126,0.0031364762675448253,0.07217366096268307,17.772951680884187,0.07853385472718871,0.03926692736359444,0.43478203076456273,0.7692289602057178,S114,S152,9.0,0.0,9.0,0.6,1.4,0.7999999999999999,10.0,10.0,0.0,0.10826049144402106,52.2173763325768,34.40833782121126,17.809038511365536,17.700778019921504,0.0,17.700778019921504,0.3333333333333333,0.2940664059697388,0.039266927363594495,0.3333333333333333,0.4118671880605223,0.07853385472718899,0.33898252388599115,0.0,0.33898252388599115,1.512819306803812,1.0,0.512819306803812
115,155,MP_vent_PEEP_Jmin,mixed,severe_mixed,45.30295444705219,43.279438944100725,0.04466630328307715,1.349010335300985,15.367853641935355,0.08100508265704526,0.04050254132852266,0.23970415379246465,0.4565513343174903,S115,S155,9.0,3.0,6.0,1.0,1.4,0.3999999999999999,10.0,10.0,0.0,2.0235155029514615,64.24309900401613,48.20074019443028,16.04235880958585,18.940144556963947,4.9213012503295674,14.01884330663438,0.3333333333333334,0.2934478770633482,0.03988545626998524,0.3333333333333334,0.41310424587330385,0.07977091253997043,0.2948199082952071,0.10210011776744948,0.19271979052775762,1.4180774695191287,1.1137099133074682,0.30436755621166056
115,157,MP_vent_PEEP_Jmin,mixed,severe_mixed,45.30295444705219,46.11667310034697,0.017961712723301933,0.5424791021965127,6.043160101548125,0.0864921470069952,0.04324607350349763,0.09876133285554306,0.22527112778098002,S115,S157,9.0,6.0,3.0,1.0,1.0,0.0,10.0,10.0,0.0,0.8137186532947851,64.24309900401613,58.47117845356627,5.771920550449863,18.940144556963947,12.354505353219306,6.585639203744641,0.3333333333333334,0.2904420934767309,0.04289123985660254,0.3333333333333334,0.4191158130465382,0.0857824797132048,0.2948199082952071,0.21129222430552502,0.08352768398968208,1.4180774695191287,1.2678967176651421,0.1501807518539866
116,158,MP_vent_PEEP_Jmin,mixed,severe_mixed,54.15504084864603,52.15054006699015,0.037014112633727135,1.3363338544372638,8.397115746158576,0.08214834791246517,0.041074173956232585,0.08668718685611232,0.18219107876231644,S116,S158,9.0,6.0,3.0,1.4,1.4,0.0,10.0,10.0,0.0,2.004500781655878,73.78376454697916,64.71848187360195,9.065282673377212,19.62872369833313,12.567941806611802,7.0607818917213265,0.33333333333333337,0.2931129045116228,0.04022042882171056,0.33333333333333337,0.41377419097675455,0.08044085764342118,0.2660303905452702,0.1941940144881264,0.07183637605714382,1.362454231235685,1.2409935120608069,0.12146071917487822
116,160,MP_vent_PEEP_Jmin,mixed,severe_mixed,54.15504084864603,51.9708407399148,0.040332350867127845,1.4561334058208288,0.8703538720722719,0.08786811067384193,0.04393405533692091,0.03568663344074963,0.08999738520989609,S116,S160,9.0,9.0,0.0,1.4,1.0,0.3999999999999999,10.0,10.0,0.0,2.1842001087312326,73.78376454697916,73.92605171614103,0.14228716916187523,19.62872369833313,21.95521097622622,2.32648727789309,0.33333333333333337,0.28967279920342925,0.043660534129904116,0.33333333333333337,0.42065440159314144,0.08732106825980807,0.2660303905452702,0.2969888214851398,0.030958430939869552,1.362454231235685,1.4224524880422826,0.05999825680659754
117,149,MP_vent_PEEP_Jmin,mixed,severe_mixed,35.90379484506408,35.125715601442245,0.021671225757039985,6.373005429321594,4.623147718100093,0.08275211496012685,0.041376057480063455,0.09052202044583035,0.511533780441122,S117,S149,12.0,12.0,0.0,0.6,1.4,0.7999999999999999,10.0,5.0,5.0,0.778079243621832,63.07391477617039,64.04569324377006,0.9717784675996697,27.170119931106324,28.919977642327822,1.7498577112214981,0.3333333333333334,0.2932800180314615,0.04005331530187195,0.3333333333333334,0.4134399639370771,0.08010663060374368,0.4307663481412972,0.4515522617930436,0.02078591365174637,1.7567478604519033,1.8233277855594887,0.06657992510758537
117,150,MP_vent_PEEP_Jmin,mixed,severe_mixed,35.90379484506408,34.40833782121126,0.041651781665591955,0.9969713492352099,28.167091280341534,0.07853385472718877,0.039266927363594384,0.5316426424168893,1.1351217906778555,S117,S150,12.0,0.0,12.0,0.6,0.6,0.0,10.0,10.0,0.0,1.4954570238528149,63.07391477617039,34.40833782121126,28.66557695495913,27.170119931106324,0.0,27.170119931106324,0.3333333333333334,0.2940664059697388,0.039266927363594606,0.3333333333333334,0.4118671880605223,0.07853385472718888,0.4307663481412972,0.0,0.4307663481412972,1.7567478604519033,1.0,0.7567478604519033
117,151,MP_vent_PEEP_Jmin,mixed,severe_mixed,35.90379484506408,34.40833782121126,0.041651781665591955,0.9969713492352099,28.167091280341534,0.07853385472718877,0.039266927363594384,0.5316426424168893,1.1351217906778555,S117,S151,12.0,0.0,12.0,0.6,1.0,0.4,10.0,10.0,0.0,1.4954570238528149,63.07391477617039,34.40833782121126,28.66557695495913,27.170119931106324,0.0,27.170119931106324,0.3333333333333334,0.2940664059697388,0.039266927363594606,0.3333333333333334,0.4118671880605223,0.07853385472718888,0.4307663481412972,0.0,0.4307663481412972,1.7567478604519033,1.0,0.7567478604519033
117,152,MP_vent_PEEP_Jmin,mixed,severe_mixed,35.90379484506408,34.40833782121126,0.041651781665591955,0.9969713492352099,28.167091280341534,0.07853385472718877,0.039266927363594384,0.5316426424168893,1.1351217906778555,S117,S152,12.0,0.0,12.0,0.6,1.4,0.7999999999999999,10.0,10.0,0.0,1.4954570238528149,63.07391477617039,34.40833782121126,28.66557695495913,27.170119931106324,0.0,27.170119931106324,0.3333333333333334,0.2940664059697388,0.039266927363594606,0.3333333333333334,0.4118671880605223,0.07853385472718888,0.4307663481412972,0.0,0.4307663481412972,1.7567478604519033,1.0,0.7567478604519033
117,153,MP_vent_PEEP_Jmin,mixed,severe_mixed,35.90379484506408,36.261663581471836,0.009967434861748548,0.238579157605173,22.365432862868726,0.08033625064570049,0.04016812532285019,0.3727692783635349,0.946240167788158,S117,S153,12.0,3.0,9.0,0.6,0.6,0.0,10.0,10.0,0.0,0.3578687364077595,63.07391477617039,40.82777149210426,22.24614328406613,27.170119931106324,4.566107910632431,22.604012020473892,0.3333333333333334,0.29275761727643645,0.04057571605689697,0.3333333333333334,0.41448476544712703,0.08115143211379361,0.4307663481412972,0.11183828418152769,0.3189280639597695,1.7567478604519033,1.1259210819264651,0.6308267785254382
118,158,MP_vent_PEEP_Jmin,mixed,severe_mixed,50.285603024260034,52.15054006699015,0.03708689824859791,1.24329136182007,15.44148185452869,0.08214834791246506,0.041074173956232696,0.20047157971189555,0.5111068550510052,S118,S158,12.0,6.0,6.0,1.0,1.4,0.3999999999999999,10.0,10.0,0.0,1.8649370427301193,79.5383180472206,64.71848187360195,14.819836173618654,29.252715022960587,12.567941806611802,16.684773216348784,0.33333333333333337,0.2931129045116228,0.04022042882171056,0.33333333333333337,0.41377419097675455,0.08044085764342118,0.36778141330061476,0.1941940144881264,0.17358739881248836,1.5817314154281445,1.2409935120608069,0.34073790336733767
118,160,MP_vent_PEEP_Jmin,mixed,severe_mixed,50.285603024260034,51.9708407399148,0.033513324178328543,1.123491810436505,6.174012236297841,0.08786811067384181,0.04393405533692102,0.07809775941503361,0.23891839107879265,S118,S160,12.0,9.0,3.0,1.0,1.0,0.0,10.0,10.0,0.0,1.6852377156547647,79.5383180472206,73.92605171614103,5.612266331079567,29.252715022960587,21.95521097622622,7.2975040467343675,0.33333333333333337,0.28967279920342925,0.043660534129904116,0.33333333333333337,0.42065440159314144,0.08732106825980807,0.36778141330061476,0.2969888214851398,0.07079259181547498,1.5817314154281445,1.4224524880422826,0.1592789273858619
119,120,MP_vent_PEEP_Jmin,mixed,mixed,62.08838489305177,60.71001743085728,0.022200085645145216,4.140256477775118,26.8274671409346,5.551115123125783e-17,5.551115123125783e-17,0.4279675523278402,0.748152581325447,S119,S120,12.0,0.0,12.0,1.4,0.6,0.7999999999999999,10.0,15.0,5.0,1.3783674621944897,93.0561085117615,60.71001743085728,32.346091080904216,30.96772361870972,0.0,30.96772361870972,0.3333333333333333,0.3333333333333333,0.0,0.3333333333333333,0.3333333333333333,0.0,0.3327855002102916,0.0,0.3327855002102916,1.4987683875502982,1.0,0.4987683875502982
119,121,MP_vent_PEEP_Jmin,mixed,mixed,62.08838489305177,60.71001743085728,0.022200085645145216,4.140256477775118,26.8274671409346,5.551115123125783e-17,5.551115123125783e-17,0.4279675523278402,0.748152581325447,S119,S121,12.0,0.0,12.0,1.4,1.0,0.3999999999999999,10.0,15.0,5.0,1.3783674621944897,93.0561085117615,60.71001743085728,32.346091080904216,30.96772361870972,0.0,30.96772361870972,0.3333333333333333,0.3333333333333333,0.0,0.3333333333333333,0.3333333333333333,0.0,0.3327855002102916,0.0,0.3327855002102916,1.4987683875502982,1.0,0.4987683875502982
119,122,MP_vent_PEEP_Jmin,mixed,mixed,62.08838489305177,60.71001743085728,0.022200085645145216,4.140256477775118,26.8274671409346,5.551115123125783e-17,5.551115123125783e-17,0.4279675523278402,0.748152581325447,S119,S122,12.0,0.0,12.0,1.4,1.4,0.0,10.0,15.0,5.0,1.3783674621944897,93.0561085117615,60.71001743085728,32.346091080904216,30.96772361870972,0.0,30.96772361870972,0.3333333333333333,0.3333333333333333,0.0,0.3333333333333333,0.3333333333333333,0.0,0.3327855002102916,0.0,0.3327855002102916,1.4987683875502982,1.0,0.4987683875502982
119,123,MP_vent_PEEP_Jmin,mixed,mixed,62.08838489305177,62.55961280740234,0.0075896307362845515,5.527453010183912,19.712828848374684,1.1102230246251565e-16,1.1102230246251565e-16,0.31917834699426767,0.6260835871159556,S119,S123,12.0,3.0,9.0,1.4,0.6,0.7999999999999999,10.0,15.0,5.0,0.4712279143505711,93.0561085117615,68.28705456755347,24.769053944208025,30.96772361870972,5.727441760151123,25.240281858558596,0.3333333333333333,0.33333333333333337,5.551115123125783e-17,0.3333333333333333,0.33333333333333337,5.551115123125783e-17,0.3327855002102916,0.08387302390506841,0.24891247630522317,1.4987683875502982,1.0915517456571187,0.4072166418931795
119,126,MP_vent_PEEP_Jmin,mixed,mixed,62.08838489305177,64.40920818394757,0.037379347117717066,6.914649542592834,10.81364927020914,5.551115123125783e-17,5.551115123125783e-17,0.21285440743570358,0.4740835948311144,S119,S126,12.0,6.0,6.0,1.4,0.6,0.7999999999999999,10.0,15.0,5.0,2.3208232908958024,93.0561085117615,77.64863298985532,15.407475521906179,30.96772361870972,13.239424805907758,17.72829881280196,0.3333333333333333,0.33333333333333337,5.551115123125783e-17,0.3333333333333333,0.33333333333333337,5.551115123125783e-17,0.3327855002102916,0.17050428701864553,0.16228121319164604,1.4987683875502982,1.2055517398707498,0.29321664767954836
119,161,MP_vent_PEEP_Jmin,mixed,severe_mixed,62.08838489305177,61.02164118987954,0.017181050932629536,0.7111624687814881,8.738964418644528,0.08266588676402092,0.0413329433820106,0.06739610620997732,0.18425620239657436,S119,S161,12.0,9.0,3.0,1.4,1.4,0.0,10.0,10.0,0.0,1.0667437031722287,93.0561085117615,83.96156285872623,9.094545653035269,30.96772361870972,22.939921668846686,8.027801949863033,0.3333333333333333,0.29292675535005536,0.04040657798327796,0.3333333333333333,0.41414648929988923,0.08081315596655592,0.3327855002102916,0.273219326651237,0.05956617355905458,1.4987683875502982,1.3759309192859153,0.12283746826438291
120,121,MP_vent_PEEP_Jmin,mixed,mixed,60.71001743085728,60.71001743085728,0.0,0.0,0.0,0.0,0.0,0.0,0.0,S120,S121,0.0,0.0,0.0,0.6,1.0,0.4,15.0,15.0,0.0,0.0,60.71001743085728,60.71001743085728,0.0,0.0,0.0,0.0,0.3333333333333333,0.3333333333333333,0.0,0.3333333333333333,0.3333333333333333,0.0,0.0,0.0,0.0,1.0,1.0,0.0
120,122,MP_vent_PEEP_Jmin,mixed,mixed,60.71001743085728,60.71001743085728,0.0,0.0,0.0,0.0,0.0,0.0,0.0,S120,S122,0.0,0.0,0.0,0.6,1.4,0.7999999999999999,15.0,15.0,0.0,0.0,60.71001743085728,60.71001743085728,0.0,0.0,0.0,0.0,0.3333333333333333,0.3333333333333333,0.0,0.3333333333333333,0.3333333333333333,0.0,0.0,0.0,0.0,1.0,1.0,0.0
120,123,MP_vent_PEEP_Jmin,mixed,mixed,60.71001743085728,62.55961280740234,0.030466065648087938,1.3871965324087938,7.114638292559917,5.551115123125783e-17,5.551115123125783e-17,0.1087892053335725,0.12206899420949147,S120,S123,0.0,3.0,3.0,0.6,0.6,0.0,15.0,15.0,0.0,1.8495953765450608,60.71001743085728,68.28705456755347,7.577037136696191,0.0,5.727441760151123,5.727441760151123,0.3333333333333333,0.33333333333333337,5.551115123125783e-17,0.3333333333333333,0.33333333333333337,5.551115123125783e-17,0.0,0.08387302390506841,0.08387302390506841,1.0,1.0915517456571187,0.09155174565711865
120,161,MP_vent_PEEP_Jmin,mixed,severe_mixed,60.71001743085728,61.02164118987954,0.0051329874740551635,4.851418946556606,18.088502722290073,0.08266588676402098,0.041332943382010545,0.36057144611786285,0.5638963789288727,S120,S161,0.0,9.0,9.0,0.6,1.4,0.7999999999999999,15.0,10.0,5.0,0.311623759022261,60.71001743085728,83.96156285872623,23.251545427868948,0.0,22.939921668846686,22.939921668846686,0.3333333333333333,0.29292675535005536,0.04040657798327796,0.3333333333333333,0.41414648929988923,0.08081315596655592,0.0,0.273219326651237,0.273219326651237,1.0,1.3759309192859153,0.37593091928591527
120,163,MP_vent_PEEP_Jmin,mixed,severe_mixed,60.71001743085728,57.82500837948266,0.04752113693033209,6.982507486821184,26.855711076676826,0.08852060207527068,0.044260301037635175,0.4674547408907842,0.8777746734102785,S120,S163,0.0,12.0,12.0,0.6,1.0,0.4,15.0,10.0,5.0,2.8850090513746167,60.71001743085728,91.66322694298069,30.953209512123408,0.0,33.83821856349802,33.83821856349802,0.3333333333333333,0.2892411010022503,0.044092232331083,0.3333333333333333,0.42151779799549927,0.08818446466216595,0.0,0.369158054893127,0.369158054893127,1.0,1.5851831156068528,0.5851831156068528
121,122,MP_vent_PEEP_Jmin,mixed,mixed,60.71001743085728,60.71001743085728,0.0,0.0,0.0,0.0,0.0,0.0,0.0,S121,S122,0.0,0.0,0.0,1.0,1.4,0.3999999999999999,15.0,15.0,0.0,0.0,60.71001743085728,60.71001743085728,0.0,0.0,0.0,0.0,0.3333333333333333,0.3333333333333333,0.0,0.3333333333333333,0.3333333333333333,0.0,0.0,0.0,0.0,1.0,1.0,0.0
121,123,MP_vent_PEEP_Jmin,mixed,mixed,60.71001743085728,62.55961280740234,0.030466065648087938,1.3871965324087938,7.114638292559917,5.551115123125783e-17,5.551115123125783e-17,0.1087892053335725,0.12206899420949147,S121,S123,0.0,3.0,3.0,1.0,0.6,0.4,15.0,15.0,0.0,1.8495953765450608,60.71001743085728,68.28705456755347,7.577037136696191,0.0,5.727441760151123,5.727441760151123,0.3333333333333333,0.33333333333333337,5.551115123125783e-17,0.3333333333333333,0.33333333333333337,5.551115123125783e-17,0.0,0.08387302390506841,0.08387302390506841,1.0,1.0915517456571187,0.09155174565711865
121,161,MP_vent_PEEP_Jmin,mixed,severe_mixed,60.71001743085728,61.02164118987954,0.0051329874740551635,4.851418946556606,18.088502722290073,0.08266588676402098,0.041332943382010545,0.36057144611786285,0.5638963789288727,S121,S161,0.0,9.0,9.0,1.0,1.4,0.3999999999999999,15.0,10.0,5.0,0.311623759022261,60.71001743085728,83.96156285872623,23.251545427868948,0.0,22.939921668846686,22.939921668846686,0.3333333333333333,0.29292675535005536,0.04040657798327796,0.3333333333333333,0.41414648929988923,0.08081315596655592,0.0,0.273219326651237,0.273219326651237,1.0,1.3759309192859153,0.37593091928591527
121,163,MP_vent_PEEP_Jmin,mixed,severe_mixed,60.71001743085728,57.82500837948266,0.04752113693033209,6.982507486821184,26.855711076676826,0.08852060207527068,0.044260301037635175,0.4674547408907842,0.8777746734102785,S121,S163,0.0,12.0,12.0,1.0,1.0,0.0,15.0,10.0,5.0,2.8850090513746167,60.71001743085728,91.66322694298069,30.953209512123408,0.0,33.83821856349802,33.83821856349802,0.3333333333333333,0.2892411010022503,0.044092232331083,0.3333333333333333,0.42151779799549927,0.08818446466216595,0.0,0.369158054893127,0.369158054893127,1.0,1.5851831156068528,0.5851831156068528
122,123,MP_vent_PEEP_Jmin,mixed,mixed,60.71001743085728,62.55961280740234,0.030466065648087938,1.3871965324087938,7.114638292559917,5.551115123125783e-17,5.551115123125783e-17,0.1087892053335725,0.12206899420949147,S122,S123,0.0,3.0,3.0,1.4,0.6,0.7999999999999999,15.0,15.0,0.0,1.8495953765450608,60.71001743085728,68.28705456755347,7.577037136696191,0.0,5.727441760151123,5.727441760151123,0.3333333333333333,0.33333333333333337,5.551115123125783e-17,0.3333333333333333,0.33333333333333337,5.551115123125783e-17,0.0,0.08387302390506841,0.08387302390506841,1.0,1.0915517456571187,0.09155174565711865
122,161,MP_vent_PEEP_Jmin,mixed,severe_mixed,60.71001743085728,61.02164118987954,0.0051329874740551635,4.851418946556606,18.088502722290073,0.08266588676402098,0.041332943382010545,0.36057144611786285,0.5638963789288727,S122,S161,0.0,9.0,9.0,1.4,1.4,0.0,15.0,10.0,5.0,0.311623759022261,60.71001743085728,83.96156285872623,23.251545427868948,0.0,22.939921668846686,22.939921668846686,0.3333333333333333,0.29292675535005536,0.04040657798327796,0.3333333333333333,0.41414648929988923,0.08081315596655592,0.0,0.273219326651237,0.273219326651237,1.0,1.3759309192859153,0.37593091928591527
122,163,MP_vent_PEEP_Jmin,mixed,severe_mixed,60.71001743085728,57.82500837948266,0.04752113693033209,6.982507486821184,26.855711076676826,0.08852060207527068,0.044260301037635175,0.4674547408907842,0.8777746734102785,S122,S163,0.0,12.0,12.0,1.4,1.0,0.3999999999999999,15.0,10.0,5.0,2.8850090513746167,60.71001743085728,91.66322694298069,30.953209512123408,0.0,33.83821856349802,33.83821856349802,0.3333333333333333,0.2892411010022503,0.044092232331083,0.3333333333333333,0.42151779799549927,0.08818446466216595,0.0,0.369158054893127,0.369158054893127,1.0,1.5851831156068528,0.5851831156068528
123,126,MP_vent_PEEP_Jmin,mixed,mixed,62.55961280740234,64.40920818394757,0.029565326470920528,1.3871965324089217,8.899179578165544,1.6653345369377348e-16,1.6653345369377348e-16,0.10632393955856409,0.15199999228484118,S123,S126,3.0,6.0,3.0,0.6,0.6,0.0,15.0,15.0,0.0,1.8495953765452313,68.28705456755347,77.64863298985532,9.361578422301847,5.727441760151123,13.239424805907758,7.511983045756635,0.33333333333333337,0.33333333333333337,0.0,0.33333333333333337,0.33333333333333337,0.0,0.08387302390506841,0.17050428701864553,0.08663126311357712,1.0915517456571187,1.2055517398707498,0.11399999421363116
123,161,MP_vent_PEEP_Jmin,mixed,severe_mixed,62.55961280740234,61.02164118987954,0.024584097447304214,6.2386154789654,10.973864429730156,0.08266588676402103,0.04133294338201049,0.25178224078429035,0.4418273847193812,S123,S161,3.0,9.0,6.0,0.6,1.4,0.7999999999999999,15.0,10.0,5.0,1.5379716175227998,68.28705456755347,83.96156285872623,15.674508291172756,5.727441760151123,22.939921668846686,17.212479908695563,0.33333333333333337,0.29292675535005536,0.040406577983278014,0.33333333333333337,0.41414648929988923,0.08081315596655586,0.08387302390506841,0.273219326651237,0.1893463027461686,1.0915517456571187,1.3759309192859153,0.2843791736287966
124,126,MP_vent_PEEP_Jmin,mixed,mixed,67.35354886713421,64.40920818394757,0.043714707431301465,2.208255512389968,5.060387343668374,1.1102230246251565e-16,1.1102230246251565e-16,0.10940929063576103,0.15587116717075622,S124,S126,3.0,6.0,3.0,1.0,0.6,0.4,15.0,15.0,0.0,2.9443406831866383,73.3243308169836,77.64863298985532,4.324302172871711,5.970781949849396,13.239424805907758,7.268642856058362,0.33333333333333326,0.33333333333333337,1.1102230246251565e-16,0.33333333333333326,0.33333333333333337,1.1102230246251565e-16,0.08142975030692576,0.17050428701864553,0.08907453671171978,1.0886483644926823,1.2055517398707498,0.1169033753780675
124,129,MP_vent_PEEP_Jmin,mixed,mixed,67.35354886713421,66.25880356049274,0.016253713799120422,0.821058979981089,15.744108207439375,5.551115123125783e-17,5.551115123125783e-17,0.2062985404987443,0.33529561201484825,S124,S129,3.0,9.0,6.0,1.0,0.6,0.4,15.0,15.0,0.0,1.094745306641471,73.3243308169836,88.79475269776262,15.470421880779014,5.970781949849396,22.535949137269874,16.565167187420478,0.33333333333333326,0.33333333333333337,1.1102230246251565e-16,0.33333333333333326,0.33333333333333337,1.1102230246251565e-16,0.08142975030692576,0.25379820825648536,0.1723684579495596,1.0886483644926823,1.3401200735038186,0.25147170901113625
124,132,MP_vent_PEEP_Jmin,mixed,mixed,67.35354886713421,68.10839893703759,0.011207279833055982,0.5661375524275485,28.212370356815605,5.551115123125783e-17,5.551115123125783e-17,0.2911991439697528,0.5399102413345422,S124,S132,3.0,12.0,9.0,1.0,0.6,0.4,15.0,15.0,0.0,0.7548500699033838,73.3243308169836,101.72541369127505,28.401082874291447,5.970781949849396,33.61701475423745,27.646232804388056,0.33333333333333326,0.33333333333333337,1.1102230246251565e-16,0.33333333333333326,0.33333333333333337,1.1102230246251565e-16,0.08142975030692576,0.3304682039068549,0.24903845359992913,1.0886483644926823,1.4935810454935892,0.40493268100090685
124,164,MP_vent_PEEP_Jmin,mixed,severe_mixed,67.35354886713421,69.89274231276909,0.03769947520722108,3.9200001085045955,26.146458778680334,0.08287646547902144,0.04143823273951058,0.33041127491291644,0.6552138321130241,S124,S164,3.0,12.0,9.0,1.0,1.4,0.3999999999999999,15.0,10.0,5.0,2.5391934456348793,73.3243308169836,105.92998314980343,32.60565233281983,5.970781949849396,36.03724083703433,30.066458887184936,0.33333333333333326,0.2928226920737634,0.04051064125956988,0.33333333333333326,0.4143546158524732,0.08102128251913993,0.08142975030692576,0.34019868374822076,0.25876893344129503,1.0886483644926823,1.5156077676244006,0.4269594031317183
124,165,MP_vent_PEEP_Jmin,mixed,severe_mixed,67.35354886713421,68.81667564242248,0.021723083636981447,1.0973450814662158,4.8734368683831875,0.0785338547271896,0.03926692736359483,0.10570385425637556,0.11819781932357643,S124,S165,3.0,0.0,3.0,1.0,0.6,0.4,15.0,15.0,0.0,1.4631267752882735,73.3243308169836,68.81667564242248,4.507655174561123,5.970781949849396,0.0,5.970781949849396,0.33333333333333326,0.2940664059697385,0.03926692736359477,0.33333333333333326,0.4118671880605228,0.07853385472718954,0.08142975030692576,0.0,0.08142975030692576,1.0886483644926823,1.0,0.08864836449268232
124,166,MP_vent_PEEP_Jmin,mixed,severe_mixed,67.35354886713421,68.81667564242248,0.021723083636981447,1.0973450814662158,4.8734368683831875,0.0785338547271896,0.03926692736359483,0.10570385425637556,0.11819781932357643,S124,S166,3.0,0.0,3.0,1.0,1.0,0.0,15.0,15.0,0.0,1.4631267752882735,73.3243308169836,68.81667564242248,4.507655174561123,5.970781949849396,0.0,5.970781949849396,0.33333333333333326,0.2940664059697385,0.03926692736359477,0.33333333333333326,0.4118671880605228,0.07853385472718954,0.08142975030692576,0.0,0.08142975030692576,1.0886483644926823,1.0,0.08864836449268232
124,167,MP_vent_PEEP_Jmin,mixed,severe_mixed,67.35354886713421,68.81667564242248,0.021723083636981447,1.0973450814662158,4.8734368683831875,0.0785338547271896,0.03926692736359483,0.10570385425637556,0.11819781932357643,S124,S167,3.0,0.0,3.0,1.0,1.4,0.3999999999999999,15.0,15.0,0.0,1.4631267752882735,73.3243308169836,68.81667564242248,4.507655174561123,5.970781949849396,0.0,5.970781949849396,0.33333333333333326,0.2940664059697385,0.03926692736359477,0.33333333333333326,0.4118671880605228,0.07853385472718954,0.08142975030692576,0.0,0.08142975030692576,1.0886483644926823,1.0,0.08864836449268232
125,127,MP_vent_PEEP_Jmin,mixed,mixed,71.28780949006492,73.99708030341148,0.03800468597262963,2.0319531100099155,10.355330152362228,5.551115123125783e-17,5.551115123125783e-17,0.10568666697737698,0.14612963995799788,S125,S127,3.0,6.0,3.0,1.4,1.0,0.3999999999999999,15.0,15.0,0.0,2.7092708133465635,76.90559082091575,87.9382386766146,11.032647855698855,5.61778133085083,13.941158373203137,8.323377042352307,0.33333333333333337,0.33333333333333337,0.0,0.33333333333333337,0.33333333333333337,0.0,0.07304776246934419,0.15853351833063842,0.08548575586129423,1.0788042355493297,1.1884014655178279,0.10959722996849819
125,132,MP_vent_PEEP_Jmin,mixed,mixed,71.28780949006492,68.10839893703759,0.04459963878495138,2.3845579147704896,25.614675508616145,0.0,0.0,0.3018211536007826,0.5530357465923457,S125,S132,3.0,12.0,9.0,1.4,0.6,0.7999999999999999,15.0,15.0,0.0,3.1794105530273242,76.90559082091575,101.72541369127505,24.819822870359303,5.61778133085083,33.61701475423745,27.99923342338662,0.33333333333333337,0.33333333333333337,0.0,0.33333333333333337,0.33333333333333337,0.0,0.07304776246934419,0.3304682039068549,0.2574204414375107,1.0788042355493297,1.4935810454935892,0.4147768099442595
125,164,MP_vent_PEEP_Jmin,mixed,severe_mixed,71.28780949006492,69.89274231276909,0.01956950546348676,6.870695575702634,23.548763930480874,0.08287646547902139,0.04143823273951064,0.3410332845439462,0.6683393373708275,S125,S164,3.0,12.0,9.0,1.4,1.4,0.0,15.0,10.0,5.0,1.3950671772958287,76.90559082091575,105.92998314980343,29.024392328887686,5.61778133085083,36.03724083703433,30.4194595061835,0.33333333333333337,0.2928226920737634,0.04051064125956999,0.33333333333333337,0.4143546158524732,0.08102128251913981,0.07304776246934419,0.34019868374822076,0.2671509212788766,1.0788042355493297,1.5156077676244006,0.43680353207507094
125,165,MP_vent_PEEP_Jmin,mixed,severe_mixed,71.28780949006492,68.81667564242248,0.03466418543814039,1.8533503857318223,7.471131716582647,0.07853385472718954,0.03926692736359488,0.09508184462534582,0.105072314065773,S125,S165,3.0,0.0,3.0,1.4,0.6,0.7999999999999999,15.0,15.0,0.0,2.4711338476424345,76.90559082091575,68.81667564242248,8.088915178493266,5.61778133085083,0.0,5.61778133085083,0.33333333333333337,0.2940664059697385,0.03926692736359488,0.33333333333333337,0.4118671880605228,0.07853385472718943,0.07304776246934419,0.0,0.07304776246934419,1.0788042355493297,1.0,0.0788042355493297
125,166,MP_vent_PEEP_Jmin,mixed,severe_mixed,71.28780949006492,68.81667564242248,0.03466418543814039,1.8533503857318223,7.471131716582647,0.07853385472718954,0.03926692736359488,0.09508184462534582,0.105072314065773,S125,S166,3.0,0.0,3.0,1.4,1.0,0.3999999999999999,15.0,15.0,0.0,2.4711338476424345,76.90559082091575,68.81667564242248,8.088915178493266,5.61778133085083,0.0,5.61778133085083,0.33333333333333337,0.2940664059697385,0.03926692736359488,0.33333333333333337,0.4118671880605228,0.07853385472718943,0.07304776246934419,0.0,0.07304776246934419,1.0788042355493297,1.0,0.0788042355493297
125,167,MP_vent_PEEP_Jmin,mixed,severe_mixed,71.28780949006492,68.81667564242248,0.03466418543814039,1.8533503857318223,7.471131716582647,0.07853385472718954,0.03926692736359488,0.09508184462534582,0.105072314065773,S125,S167,3.0,0.0,3.0,1.4,1.4,0.0,15.0,15.0,0.0,2.4711338476424345,76.90559082091575,68.81667564242248,8.088915178493266,5.61778133085083,0.0,5.61778133085083,0.33333333333333337,0.2940664059697385,0.03926692736359488,0.33333333333333337,0.4118671880605228,0.07853385472718943,0.07304776246934419,0.0,0.07304776246934419,1.0788042355493297,1.0,0.0788042355493297
125,168,MP_vent_PEEP_Jmin,mixed,severe_mixed,71.28780949006492,71.28777665610328,4.6058311898050003e-07,2.462547124082448e-05,0.7442781730579213,0.08001577035448326,0.04000788517724163,0.011257879180082822,0.013921140872438675,S125,S168,3.0,3.0,0.0,1.4,0.6,0.7999999999999999,15.0,15.0,0.0,3.283396164022179e-05,76.90559082091575,77.64986078548324,0.7442699645674935,5.61778133085083,6.362084129379997,0.7443027985291666,0.33333333333333337,0.2931409186347605,0.040192414698572876,0.33333333333333337,0.4137181627304791,0.08038482939714575,0.07304776246934419,0.0819329753462919,0.008885212876947712,1.0788042355493297,1.0892450912036584,0.010440855654328729
125,171,MP_vent_PEEP_Jmin,mixed,severe_mixed,71.28780949006492,73.75887766978403,0.03466326427190183,1.8533011347893265,10.907999008973093,0.08044110049239961,0.04022055024619986,0.11455004481245527,0.1601609192040856,S125,S171,3.0,6.0,3.0,1.4,0.6,0.7999999999999999,15.0,15.0,0.0,2.4710681797191114,76.90559082091575,88.4313568748186,11.525766053902856,5.61778133085083,14.672479205034591,9.054697874183761,0.33333333333333337,0.2926889123721613,0.040644420961172045,0.33333333333333337,0.41462217525567735,0.08128884192234398,0.07304776246934419,0.16591941731488544,0.09287165484554125,1.0788042355493297,1.1989249249523939,0.1201206894030642
126,129,MP_vent_PEEP_Jmin,mixed,mixed,64.40920818394757,66.25880356049274,0.028716319121062168,1.387196532408879,10.683720863771,5.551115123125783e-17,5.551115123125783e-17,0.09688924986298328,0.17942444484409203,S126,S129,6.0,9.0,3.0,0.6,0.6,0.0,15.0,15.0,0.0,1.8495953765451674,77.64863298985532,88.79475269776262,11.146119707907303,13.239424805907758,22.535949137269874,9.296524331362116,0.33333333333333337,0.33333333333333337,0.0,0.33333333333333337,0.33333333333333337,0.0,0.17050428701864553,0.25379820825648536,0.08329392123783982,1.2055517398707498,1.3401200735038186,0.13456833363306875
127,168,MP_vent_PEEP_Jmin,mixed,severe_mixed,73.99708030341148,71.28777665610328,0.03661365605506596,2.0319777354811563,9.611051979304307,0.08001577035448332,0.040007885177241576,0.09442878779729416,0.1322084990855592,S127,S168,6.0,3.0,3.0,1.0,0.6,0.4,15.0,15.0,0.0,2.7093036473082037,87.9382386766146,77.64986078548324,10.288377891131361,13.941158373203137,6.362084129379997,7.579074243823141,0.33333333333333337,0.2931409186347605,0.040192414698572876,0.33333333333333337,0.4137181627304791,0.08038482939714575,0.15853351833063842,0.0819329753462919,0.07660054298434651,1.1884014655178279,1.0892450912036584,0.09915637431416946
127,169,MP_vent_PEEP_Jmin,mixed,severe_mixed,73.99708030341148,76.62223249517965,0.035476429353755716,1.9688641438261314,4.98871717872737,0.08238196796349984,0.04119098398174992,0.0924124245966438,0.12967800771851756,S127,S169,6.0,3.0,3.0,1.0,1.0,0.0,15.0,15.0,0.0,2.6251521917681657,87.9382386766146,83.60580954582926,4.332429130785343,13.941158373203137,6.9835770506496235,6.957581322553514,0.33333333333333337,0.2923414501747442,0.04099188315858915,0.33333333333333337,0.41531709965051183,0.08198376631717846,0.15853351833063842,0.08352980598580909,0.07500371234482933,1.1884014655178279,1.0911429597289397,0.09725850578888817
127,171,MP_vent_PEEP_Jmin,mixed,severe_mixed,73.99708030341148,73.75887766978403,0.0032190815184970243,0.17865197522058907,0.5526688566108646,0.08044110049239966,0.040220550246199804,0.00886337783507829,0.014031279246087713,S127,S171,6.0,6.0,0.0,1.0,0.6,0.4,15.0,15.0,0.0,0.2382026336274521,87.9382386766146,88.4313568748186,0.4931181982040016,13.941158373203137,14.672479205034591,0.7313208318314537,0.33333333333333337,0.2926889123721613,0.040644420961172045,0.33333333333333337,0.41462217525567735,0.08128884192234398,0.15853351833063842,0.16591941731488544,0.007385898984247019,1.1884014655178279,1.1989249249523939,0.010523459434566007
127,174,MP_vent_PEEP_Jmin,mixed,severe_mixed,73.99708030341148,76.22997868346472,0.030175493018071143,1.6746737850399427,12.664700638800568,0.08017195433831004,0.04008597716915513,0.1028864341247267,0.1848676983193025,S127,S174,6.0,9.0,3.0,1.0,0.6,0.4,15.0,15.0,0.0,2.2328983800532427,87.9382386766146,101.16116391042848,13.222925233813882,13.941158373203137,24.931185226963755,10.990026853760618,0.33333333333333337,0.29258511621575944,0.040748217117573926,0.33333333333333337,0.41482976756848106,0.08149643423514769,0.15853351833063842,0.24645016193208957,0.08791664360145116,1.1884014655178279,1.3270522392573052,0.13865077373947732
128,130,MP_vent_PEEP_Jmin,mixed,mixed,81.86560154927261,80.64061173968858,0.014963425253117377,0.9187423571880302,9.358778240705348,1.1102230246251565e-16,1.1102230246251565e-16,0.10163349732367094,0.17330434142413575,S128,S130,6.0,9.0,3.0,1.4,1.0,0.3999999999999999,15.0,15.0,0.0,1.2249898095840308,95.4992102214404,104.55174100974975,9.05253078830934,13.633608672167783,23.911129270061167,10.277520597893384,0.33333333333333337,0.3333333333333333,5.551115123125783e-17,0.33333333333333337,0.3333333333333333,5.551115123125783e-17,0.14276148085994242,0.22870139740505505,0.08593991654511263,1.1665364745895395,1.2965147306576412,0.12997825606810176
128,170,MP_vent_PEEP_Jmin,mixed,severe_mixed,81.86560154927261,80.6448104729418,0.014912137127533987,0.9155933072481233,7.848584930409714,0.08038183037682484,0.040190915188412335,0.08196698495206746,0.11126461565032852,S128,S170,6.0,3.0,3.0,1.4,1.4,0.0,15.0,15.0,0.0,1.220791076330812,95.4992102214404,87.34542752194797,8.153782699492439,13.633608672167783,6.700617049006176,6.932991623161607,0.33333333333333337,0.2934921456977664,0.03984118763556699,0.33333333333333337,0.41301570860446707,0.0796823752711337,0.14276148085994242,0.0767139991079952,0.06604748175194722,1.1665364745895395,1.0830880128517926,0.08344846173774689
128,172,MP_vent_PEEP_Jmin,mixed,severe_mixed,81.86560154927261,84.42778934793678,0.031297489423834014,1.9216408489981234,4.537488242394417,0.08488367913374278,0.0424418395668712,0.022513135251356703,0.034572339859153756,S128,S172,6.0,6.0,0.0,1.4,1.0,0.3999999999999999,15.0,15.0,0.0,2.5621877986641692,95.4992102214404,100.67724541350087,5.178035192060463,13.633608672167783,16.249456065564097,2.6158473933963133,0.33333333333333337,0.29115562414471213,0.04217770918862124,0.33333333333333337,0.41768875171057596,0.08435541837724259,0.14276148085994242,0.161401476558327,0.018639995698384593,1.1665364745895395,1.1924657294839047,0.02592925489436526
128,177,MP_vent_PEEP_Jmin,mixed,severe_mixed,81.86560154927261,78.70107969714545,0.038655085802093925,2.3733913890953744,21.131202133904367,0.0794871024780952,0.03974355123904755,0.20449451160037063,0.40713718165819435,S128,S177,6.0,12.0,6.0,1.4,0.6,0.7999999999999999,15.0,15.0,0.0,3.164521852127166,95.4992102214404,115.83928189231297,20.34007167087256,13.633608672167783,37.13820219516752,23.50459352299974,0.33333333333333337,0.2927199709503307,0.04061336238300267,0.33333333333333337,0.41456005809933866,0.08122672476600529,0.14276148085994242,0.32060110860918584,0.17783962774924342,1.1665364745895395,1.4718893608331851,0.30535288624364565
129,132,MP_vent_PEEP_Jmin,mixed,mixed,66.25880356049274,68.10839893703759,0.027914711361430145,1.3871965324086375,12.46826214937623,0.0,0.0,0.08490060347100853,0.20461462931969399,S129,S132,9.0,12.0,3.0,0.6,0.6,0.0,15.0,15.0,0.0,1.8495953765448547,88.79475269776262,101.72541369127505,12.930660993512433,22.535949137269874,33.61701475423745,11.081065616967578,0.33333333333333337,0.33333333333333337,0.0,0.33333333333333337,0.33333333333333337,0.0,0.25379820825648536,0.3304682039068549,0.07666999565036953,1.3401200735038186,1.4935810454935892,0.1534609719897706
129,165,MP_vent_PEEP_Jmin,mixed,severe_mixed,66.25880356049274,68.81667564242248,0.03860426003005724,1.9184040614473048,20.617545075822562,0.07853385472718954,0.03926692736359488,0.31200239475511987,0.4534934313384247,S129,S165,9.0,0.0,9.0,0.6,0.6,0.0,15.0,15.0,0.0,2.5578720819297445,88.79475269776262,68.81667564242248,19.978077055340137,22.535949137269874,0.0,22.535949137269874,0.33333333333333337,0.2940664059697385,0.03926692736359488,0.33333333333333337,0.4118671880605228,0.07853385472718943,0.25379820825648536,0.0,0.25379820825648536,1.3401200735038186,1.0,0.34012007350381857
129,166,MP_vent_PEEP_Jmin,mixed,severe_mixed,66.25880356049274,68.81667564242248,0.03860426003005724,1.9184040614473048,20.617545075822562,0.07853385472718954,0.03926692736359488,0.31200239475511987,0.4534934313384247,S129,S166,9.0,0.0,9.0,0.6,1.0,0.4,15.0,15.0,0.0,2.5578720819297445,88.79475269776262,68.81667564242248,19.978077055340137,22.535949137269874,0.0,22.535949137269874,0.33333333333333337,0.2940664059697385,0.03926692736359488,0.33333333333333337,0.4118671880605228,0.07853385472718943,0.25379820825648536,0.0,0.25379820825648536,1.3401200735038186,1.0,0.34012007350381857
129,167,MP_vent_PEEP_Jmin,mixed,severe_mixed,66.25880356049274,68.81667564242248,0.03860426003005724,1.9184040614473048,20.617545075822562,0.07853385472718954,0.03926692736359488,0.31200239475511987,0.4534934313384247,S129,S167,9.0,0.0,9.0,0.6,1.4,0.7999999999999999,15.0,15.0,0.0,2.5578720819297445,88.79475269776262,68.81667564242248,19.978077055340137,22.535949137269874,0.0,22.535949137269874,0.33333333333333337,0.2940664059697385,0.03926692736359488,0.33333333333333337,0.4118671880605228,0.07853385472718943,0.25379820825648536,0.0,0.25379820825648536,1.3401200735038186,1.0,0.34012007350381857
130,169,MP_vent_PEEP_Jmin,mixed,severe_mixed,80.64061173968858,76.62223249517965,0.04983071380311994,3.0137844333816943,19.941336652793225,0.08238196796349978,0.04119098398174997,0.1749793711305762,0.2738290279049349,S130,S169,9.0,3.0,6.0,1.0,1.0,0.0,15.0,15.0,0.0,4.018379244508935,104.55174100974975,83.60580954582926,20.945931463920488,23.911129270061167,6.9835770506496235,16.927552219411545,0.3333333333333333,0.2923414501747442,0.04099188315858909,0.3333333333333333,0.41531709965051183,0.08198376631717852,0.22870139740505505,0.08352980598580909,0.14517159141924596,1.2965147306576412,1.0911429597289397,0.2053717709287015
130,170,MP_vent_PEEP_Jmin,mixed,severe_mixed,80.64061173968858,80.6448104729418,5.20672296828852e-05,0.003149049939906945,17.207363171115063,0.08038183037682473,0.040190915188412446,0.18360048227573839,0.2845689570744643,S130,S170,9.0,3.0,6.0,1.0,1.4,0.3999999999999999,15.0,15.0,0.0,0.004198733253218734,104.55174100974975,87.34542752194797,17.20631348780178,23.911129270061167,6.700617049006176,17.21051222105499,0.3333333333333333,0.2934921456977664,0.03984118763556693,0.3333333333333333,0.41301570860446707,0.07968237527113375,0.22870139740505505,0.0767139991079952,0.15198739829705984,1.2965147306576412,1.0830880128517926,0.21342671780584865
130,172,MP_vent_PEEP_Jmin,mixed,severe_mixed,80.64061173968858,84.42778934793678,0.04696365176982257,2.8403832061861536,4.821289998310931,0.08488367913374267,0.04244183956687131,0.07912036207231424,0.138732001564982,S130,S172,9.0,6.0,3.0,1.0,1.0,0.0,15.0,15.0,0.0,3.7871776082482,104.55174100974975,100.67724541350087,3.8744955962488774,23.911129270061167,16.249456065564097,7.66167320449707,0.3333333333333333,0.29115562414471213,0.04217770918862118,0.3333333333333333,0.41768875171057596,0.08435541837724264,0.22870139740505505,0.161401476558327,0.06729992084672803,1.2965147306576412,1.1924657294839047,0.1040490011737365
130,177,MP_vent_PEEP_Jmin,mixed,severe_mixed,80.64061173968858,78.70107969714545,0.024051554182203245,1.4546490319073442,11.772423893199019,0.0794871024780951,0.03974355123904766,0.10286101427669969,0.2338328402340586,S130,S177,9.0,12.0,3.0,1.0,0.6,0.4,15.0,15.0,0.0,1.939532042543135,104.55174100974975,115.83928189231297,11.28754088256322,23.911129270061167,37.13820219516752,13.227072925106356,0.3333333333333333,0.2927199709503307,0.040613362383002616,0.3333333333333333,0.41456005809933866,0.08122672476600534,0.22870139740505505,0.32060110860918584,0.09189971120413079,1.2965147306576412,1.4718893608331851,0.1753746301755439
131,173,MP_vent_PEEP_Jmin,mixed,severe_mixed,92.44339360848043,92.47294530346095,0.0003196734112301232,0.02216377123535551,7.898744848750525,0.08148741070432919,0.04074370535216465,0.06886656246639344,0.11431950443562822,S131,S173,9.0,6.0,3.0,1.4,1.4,0.0,15.0,15.0,0.0,0.02955169498051191,116.49087563243134,108.59951870742594,7.891356925005397,24.047482023950906,16.126573403965004,7.920908619985902,0.33333333333333337,0.29312349127047055,0.04020984206286282,0.33333333333333337,0.413753017459059,0.08041968412572564,0.20643232264670203,0.14849580915188976,0.05793651349481227,1.260131969254587,1.1743923409278654,0.08573962832672155
131,175,MP_vent_PEEP_Jmin,mixed,severe_mixed,92.44339360848043,92.23334620069396,0.0022721732682821696,0.157535555839857,3.5926194649526764,0.08649214700699553,0.043246073503497795,0.02913165566814091,0.055002450824930715,S131,S175,9.0,9.0,0.0,1.4,1.0,0.3999999999999999,15.0,15.0,0.0,0.21004740778647601,116.49087563243134,120.0309832454374,3.5401076130060574,24.047482023950906,27.79763704474344,3.7501550207925334,0.33333333333333337,0.2903465371546724,0.04298679617866097,0.33333333333333337,0.4193069256906552,0.08597359235732183,0.20643232264670203,0.23158718101894812,0.025154858372246097,1.260131969254587,1.3013838073732849,0.041251838118697925
132,164,MP_vent_PEEP_Jmin,mixed,severe_mixed,68.10839893703759,69.89274231276909,0.02619858055070449,4.486137660932144,2.065911578135271,0.08287646547902139,0.04143823273951064,0.039212130943163614,0.11530359077848185,S132,S164,12.0,12.0,0.0,0.6,1.4,0.7999999999999999,15.0,10.0,5.0,1.7843433757314955,101.72541369127505,105.92998314980343,4.204569458528383,33.61701475423745,36.03724083703433,2.42022608279688,0.33333333333333337,0.2928226920737634,0.04051064125956999,0.33333333333333337,0.4143546158524732,0.08102128251913981,0.3304682039068549,0.34019868374822076,0.00973047984136588,1.4935810454935892,1.5156077676244006,0.02202672213081147
132,165,MP_vent_PEEP_Jmin,mixed,severe_mixed,68.10839893703759,68.81667564242248,0.01039925642709135,0.5312075290386673,33.08580722519879,0.07853385472718954,0.03926692736359488,0.3969029982261284,0.6581080606581187,S132,S165,12.0,0.0,12.0,0.6,0.6,0.0,15.0,15.0,0.0,0.7082767053848897,101.72541369127505,68.81667564242248,32.90873804885257,33.61701475423745,0.0,33.61701475423745,0.33333333333333337,0.2940664059697385,0.03926692736359488,0.33333333333333337,0.4118671880605228,0.07853385472718943,0.3304682039068549,0.0,0.3304682039068549,1.4935810454935892,1.0,0.49358104549358917
132,166,MP_vent_PEEP_Jmin,mixed,severe_mixed,68.10839893703759,68.81667564242248,0.01039925642709135,0.5312075290386673,33.08580722519879,0.07853385472718954,0.03926692736359488,0.3969029982261284,0.6581080606581187,S132,S166,12.0,0.0,12.0,0.6,1.0,0.4,15.0,15.0,0.0,0.7082767053848897,101.72541369127505,68.81667564242248,32.90873804885257,33.61701475423745,0.0,33.61701475423745,0.33333333333333337,0.2940664059697385,0.03926692736359488,0.33333333333333337,0.4118671880605228,0.07853385472718943,0.3304682039068549,0.0,0.3304682039068549,1.4935810454935892,1.0,0.49358104549358917
132,167,MP_vent_PEEP_Jmin,mixed,severe_mixed,68.10839893703759,68.81667564242248,0.01039925642709135,0.5312075290386673,33.08580722519879,0.07853385472718954,0.03926692736359488,0.3969029982261284,0.6581080606581187,S132,S167,12.0,0.0,12.0,0.6,1.4,0.7999999999999999,15.0,15.0,0.0,0.7082767053848897,101.72541369127505,68.81667564242248,32.90873804885257,33.61701475423745,0.0,33.61701475423745,0.33333333333333337,0.2940664059697385,0.03926692736359488,0.33333333333333337,0.4118671880605228,0.07853385472718943,0.3304682039068549,0.0,0.3304682039068549,1.4935810454935892,1.0,0.49358104549358917
132,168,MP_vent_PEEP_Jmin,mixed,severe_mixed,68.10839893703759,71.28777665610328,0.046681140192486995,2.384533289299249,24.870397335558224,0.08001577035448326,0.04000788517724163,0.29056327442069974,0.539114605719907,S132,S168,12.0,3.0,9.0,0.6,0.6,0.0,15.0,15.0,0.0,3.179377719065684,101.72541369127505,77.64986078548324,24.07555290579181,33.61701475423745,6.362084129379997,27.254930624857455,0.33333333333333337,0.2931409186347605,0.040192414698572876,0.33333333333333337,0.4137181627304791,0.08038482939714575,0.3304682039068549,0.0819329753462919,0.24853522856056298,1.4935810454935892,1.0892450912036584,0.40433595428993074
133,172,MP_vent_PEEP_Jmin,mixed,severe_mixed,87.28414317596582,84.42778934793678,0.032724773642683315,2.142265371021786,21.773503945881316,0.08488367913374273,0.04244183956687125,0.14983412968400442,0.2914846104133757,S133,S172,12.0,6.0,6.0,1.0,1.0,0.0,15.0,15.0,0.0,2.856353828029043,123.16483781638945,100.67724541350087,22.48759240288858,35.880694640423606,16.249456065564097,19.63123857485951,0.33333333333333337,0.29115562414471213,0.04217770918862124,0.33333333333333337,0.41768875171057596,0.08435541837724259,0.29132255014140884,0.161401476558327,0.12992107358308183,1.4110791872939366,1.1924657294839047,0.21861345781003183
134,176,MP_vent_PEEP_Jmin,mixed,severe_mixed,103.02118566768807,104.30108013398032,0.01242360450423042,0.9599208497191825,7.621611471604297,0.08214834791246528,0.04107417395623264,0.057462396788831804,0.11555596464640816,S134,S176,12.0,9.0,3.0,1.4,1.4,0.0,15.0,15.0,0.0,1.279894466292248,139.88058705388812,132.5789491988569,7.301637855031231,36.859401386200055,28.277869064876576,8.581532321323479,0.3333333333333333,0.29288429356333984,0.04044903976999348,0.3333333333333333,0.4142314128733204,0.08089807953998707,0.26350619598129227,0.21329079190741082,0.05021540407388145,1.3577846745532145,1.2711177010684083,0.08666697348480623
134,178,MP_vent_PEEP_Jmin,mixed,severe_mixed,103.02118566768807,100.03890305345115,0.028948245886596273,2.2367119606776953,2.5320066413098914,0.0875127152388876,0.0437563576194438,0.033867992872828656,0.07777952294458901,S134,S178,12.0,12.0,0.0,1.4,1.0,0.3999999999999999,15.0,15.0,0.0,2.9822826142369223,139.88058705388812,141.6670230416388,1.7864359877506786,36.859401386200055,41.62811998818765,4.768718601987594,0.3333333333333333,0.28979888937688486,0.043534443956448454,0.3333333333333333,0.42040222124623017,0.08706888791289685,0.26350619598129227,0.2938448136652967,0.03033861768400442,1.3577846745532145,1.4161193167616564,0.05833464220844187
135,136,MP_vent_PEEP_Jmin,severe_mixed,severe_mixed,11.469445940403753,11.469445940403753,0.0,0.0,0.0,0.0,0.0,0.0,0.0,S135,S136,0.0,0.0,0.0,0.6,1.0,0.4,5.0,5.0,0.0,0.0,11.469445940403753,11.469445940403753,0.0,0.0,0.0,0.0,0.29406640596973893,0.29406640596973893,0.0,0.4118671880605221,0.4118671880605221,0.0,0.0,0.0,0.0,1.0,1.0,0.0
135,137,MP_vent_PEEP_Jmin,severe_mixed,severe_mixed,11.469445940403753,11.469445940403753,0.0,0.0,0.0,0.0,0.0,0.0,0.0,S135,S137,0.0,0.0,0.0,0.6,1.4,0.7999999999999999,5.0,5.0,0.0,0.0,11.469445940403753,11.469445940403753,0.0,0.0,0.0,0.0,0.29406640596973893,0.29406640596973893,0.0,0.4118671880605221,0.4118671880605221,0.0,0.0,0.0,0.0,1.0,1.0,0.0
136,137,MP_vent_PEEP_Jmin,severe_mixed,severe_mixed,11.469445940403753,11.469445940403753,0.0,0.0,0.0,0.0,0.0,0.0,0.0,S136,S137,0.0,0.0,0.0,1.0,1.4,0.3999999999999999,5.0,5.0,0.0,0.0,11.469445940403753,11.469445940403753,0.0,0.0,0.0,0.0,0.29406640596973893,0.29406640596973893,0.0,0.4118671880605221,0.4118671880605221,0.0,0.0,0.0,0.0,1.0,1.0,0.0
139,144,MP_vent_PEEP_Jmin,severe_mixed,severe_mixed,15.372224366782323,15.176097460924892,0.012758524802776094,0.09806345292871566,10.968638123244823,0.011943618799242495,0.005971809399621164,0.3643635112852001,1.4636315983754178,S139,S144,3.0,9.0,6.0,1.0,0.6,0.4,5.0,5.0,0.0,0.1961269058574313,18.46085070508715,29.331425375403256,10.870574670316106,3.0886263383048265,14.155327914478361,11.066701576173536,0.29064919334580364,0.29272740614312176,0.002078212797318124,0.4187016133083925,0.4145451877137564,0.004156425594636082,0.167306826085415,0.48259938728885415,0.3152925612034392,1.2009225382488566,1.9327383374365654,0.7318157991877088
143,145,MP_vent_PEEP_Jmin,severe_mixed,severe_mixed,23.297580770923027,23.17778121953947,0.005142145554145945,0.059899775691778956,7.04357492275868,0.005943648785364963,0.002971824392682565,0.1455386735959034,0.616953090994012,S143,S145,6.0,9.0,3.0,1.4,1.0,0.3999999999999999,5.0,5.0,0.0,0.11979955138355791,32.30689098018161,39.29056612724852,6.983675147066904,9.009310209258583,16.11278490770904,7.103474698450459,0.2934158249170065,0.2888971118959652,0.004518713021041343,0.41316835016598685,0.4222057762080695,0.00903742604208263,0.2788665184398359,0.41009296876826157,0.13122645032842567,1.3867058257183005,1.6951823712153065,0.308476545497006
149,150,MP_vent_PEEP_Jmin,severe_mixed,severe_mixed,35.125715601442245,34.40833782121126,0.02042315061622624,5.376034080086384,23.54394356224144,0.004218260232938087,0.0021091301164690712,0.6221646628627197,1.6466555711189774,S149,S150,12.0,0.0,12.0,1.4,0.6,0.7999999999999999,5.0,10.0,5.0,0.7173777802309829,64.04569324377006,34.40833782121126,29.637355422558798,28.919977642327822,0.0,28.919977642327822,0.2932800180314615,0.2940664059697388,0.0007863879382773442,0.4134399639370771,0.4118671880605223,0.0015727758765547994,0.4515522617930436,0.0,0.4515522617930436,1.8233277855594887,1.0,0.8233277855594887
149,151,MP_vent_PEEP_Jmin,severe_mixed,severe_mixed,35.125715601442245,34.40833782121126,0.02042315061622624,5.376034080086384,23.54394356224144,0.004218260232938087,0.0021091301164690712,0.6221646628627197,1.6466555711189774,S149,S151,12.0,0.0,12.0,1.4,1.0,0.3999999999999999,5.0,10.0,5.0,0.7173777802309829,64.04569324377006,34.40833782121126,29.637355422558798,28.919977642327822,0.0,28.919977642327822,0.2932800180314615,0.2940664059697388,0.0007863879382773442,0.4134399639370771,0.4118671880605223,0.0015727758765547994,0.4515522617930436,0.0,0.4515522617930436,1.8233277855594887,1.0,0.8233277855594887
149,152,MP_vent_PEEP_Jmin,severe_mixed,severe_mixed,35.125715601442245,34.40833782121126,0.02042315061622624,5.376034080086384,23.54394356224144,0.004218260232938087,0.0021091301164690712,0.6221646628627197,1.6466555711189774,S149,S152,12.0,0.0,12.0,1.4,1.4,0.0,5.0,10.0,5.0,0.7173777802309829,64.04569324377006,34.40833782121126,29.637355422558798,28.919977642327822,0.0,28.919977642327822,0.2932800180314615,0.2940664059697388,0.0007863879382773442,0.4134399639370771,0.4118671880605223,0.0015727758765547994,0.4515522617930436,0.0,0.4515522617930436,1.8233277855594887,1.0,0.8233277855594887
149,153,MP_vent_PEEP_Jmin,severe_mixed,severe_mixed,35.125715601442245,36.261663581471836,0.03233949716266991,6.611584586926767,17.742285144768633,0.0024158643144263636,0.001207932157213265,0.46329129880936526,1.45777394822928,S149,S153,12.0,3.0,9.0,1.4,0.6,0.7999999999999999,5.0,10.0,5.0,1.1359479800295915,64.04569324377006,40.82777149210426,23.2179217516658,28.919977642327822,4.566107910632431,24.35386973169539,0.2932800180314615,0.29275761727643645,0.0005224007550250209,0.4134399639370771,0.41448476544712703,0.0010448015100499308,0.4515522617930436,0.11183828418152769,0.3397139776115159,1.8233277855594887,1.1259210819264651,0.6974067036330236
150,151,MP_vent_PEEP_Jmin,severe_mixed,severe_mixed,34.40833782121126,34.40833782121126,0.0,0.0,0.0,0.0,0.0,0.0,0.0,S150,S151,0.0,0.0,0.0,0.6,1.0,0.4,10.0,10.0,0.0,0.0,34.40833782121126,34.40833782121126,0.0,0.0,0.0,0.0,0.2940664059697388,0.2940664059697388,0.0,0.4118671880605223,0.4118671880605223,0.0,0.0,0.0,0.0,1.0,1.0,0.0
150,152,MP_vent_PEEP_Jmin,severe_mixed,severe_mixed,34.40833782121126,34.40833782121126,0.0,0.0,0.0,0.0,0.0,0.0,0.0,S150,S152,0.0,0.0,0.0,0.6,1.4,0.7999999999999999,10.0,10.0,0.0,0.0,34.40833782121126,34.40833782121126,0.0,0.0,0.0,0.0,0.2940664059697388,0.2940664059697388,0.0,0.4118671880605223,0.4118671880605223,0.0,0.0,0.0,0.0,1.0,1.0,0.0
151,152,MP_vent_PEEP_Jmin,severe_mixed,severe_mixed,34.40833782121126,34.40833782121126,0.0,0.0,0.0,0.0,0.0,0.0,0.0,S151,S152,0.0,0.0,0.0,1.0,1.4,0.3999999999999999,10.0,10.0,0.0,0.0,34.40833782121126,34.40833782121126,0.0,0.0,0.0,0.0,0.2940664059697388,0.2940664059697388,0.0,0.4118671880605223,0.4118671880605223,0.0,0.0,0.0,0.0,1.0,1.0,0.0
154,159,MP_vent_PEEP_Jmin,severe_mixed,severe_mixed,40.262505460779096,39.968315101992985,0.007306807050860015,0.1961269058574011,14.31102797038644,0.004717132333865892,0.0023585661669329183,0.26513517706427225,0.5458305909005656,S154,S159,3.0,9.0,6.0,1.0,0.6,0.4,10.0,10.0,0.0,0.29419035878611055,45.29860715525632,59.511571672714055,14.212964517457735,5.0361016944772246,19.543256570721066,14.507154876243842,0.2917782453532468,0.2924774396243925,0.0006991942711456756,0.4164435092935063,0.41504512075121525,0.0013983885422910736,0.11117564116743156,0.3283942268942229,0.2172185857267913,1.1250816767819638,1.488968737382341,0.36388706060037723
154,162,MP_vent_PEEP_Jmin,severe_mixed,severe_mixed,40.262505460779096,41.82164086225356,0.03872425184749777,1.0394236009829783,25.957619226683015,0.006199189359383295,0.003099594679691786,0.3599417025928831,0.8867362391441072,S154,S162,3.0,12.0,9.0,1.0,0.6,0.4,10.0,10.0,0.0,1.5591354014744638,45.29860715525632,71.77593818243083,26.477331027174515,5.0361016944772246,29.954297320177268,24.918195625700044,0.2917782453532468,0.2929204241856895,0.001142178832442664,0.4164435092935063,0.414159151628621,0.002284357664885328,0.11117564116743156,0.4173306274874916,0.30615498632006005,1.1250816767819638,1.7162391695447023,0.5911574927627385
155,162,MP_vent_PEEP_Jmin,severe_mixed,severe_mixed,43.279438944100725,41.82164086225356,0.0336833867862761,0.9718653878981058,24.061130681949585,0.00343541554637522,0.0017177077731876933,0.372211719704688,0.9037938843558502,S155,S162,3.0,12.0,9.0,1.4,0.6,0.7999999999999999,10.0,10.0,0.0,1.4577980818471659,48.20074019443028,71.77593818243083,23.575197988000554,4.9213012503295674,29.954297320177268,25.0329960698477,0.2934478770633482,0.2929204241856895,0.0005274528776587073,0.41310424587330385,0.414159151628621,0.001054905755317137,0.10210011776744948,0.4173306274874916,0.31523050972004213,1.1137099133074682,1.7162391695447023,0.6025292562372342
156,159,MP_vent_PEEP_Jmin,severe_mixed,severe_mixed,38.114989341732425,39.968315101992985,0.04862459080452472,1.2355505068403865,9.698280310021993,0.0011202302021237065,0.0005601151010617422,0.11946183978218278,0.2973834537304383,S156,S159,6.0,9.0,3.0,0.6,0.6,0.0,10.0,10.0,0.0,1.8533257602605602,49.19551610927187,59.511571672714055,10.316055563442184,11.080526767539455,19.543256570721066,8.462729803181611,0.29233950968725864,0.2924774396243925,0.0001379299371338516,0.41532098062548284,0.41504512075121525,0.0002758598742675922,0.22523448565775103,0.3283942268942229,0.10315974123647184,1.2907131015620483,1.488968737382341,0.1982556358202927
158,160,MP_vent_PEEP_Jmin,severe_mixed,severe_mixed,52.15054006699015,51.9708407399148,0.003445780750199734,0.11979955138356502,9.267469618230848,0.0057197627613767565,0.0028598813806883228,0.12237382029686195,0.2721884639722125,S158,S160,6.0,9.0,3.0,1.4,1.0,0.3999999999999999,10.0,10.0,0.0,0.17969932707535463,64.71848187360195,73.92605171614103,9.207569842539087,12.567941806611802,21.95521097622622,9.387269169614417,0.2931129045116228,0.28967279920342925,0.003440105308193553,0.41377419097675455,0.42065440159314144,0.006880210616386884,0.1941940144881264,0.2969888214851398,0.10279480699701338,1.2409935120608069,1.4224524880422826,0.18145897598147576
159,162,MP_vent_PEEP_Jmin,severe_mixed,severe_mixed,39.968315101992985,41.82164086225356,0.046369874625216814,1.2355505068403794,11.646591256296574,0.0014820570255174026,0.0007410285127588678,0.09480652552861085,0.3409056482435415,S159,S162,9.0,12.0,3.0,0.6,0.6,0.0,10.0,10.0,0.0,1.8533257602605744,59.511571672714055,71.77593818243083,12.26436650971678,19.543256570721066,29.954297320177268,10.411040749456202,0.2924774396243925,0.2929204241856895,0.0004429845612969885,0.41504512075121525,0.414159151628621,0.0008859691225942545,0.3283942268942229,0.4173306274874916,0.08893640059326874,1.488968737382341,1.7162391695447023,0.2272704321623613
164,165,MP_vent_PEEP_Jmin,severe_mixed,severe_mixed,69.89274231276909,68.81667564242248,0.015395971523498416,5.017345189970811,31.01989564706352,0.0043426107518318435,0.0021713053759157552,0.436115129169292,0.7734116514366005,S164,S165,12.0,0.0,12.0,1.4,0.6,0.7999999999999999,10.0,15.0,5.0,1.0760666703466057,105.92998314980343,68.81667564242248,37.11330750738095,36.03724083703433,0.0,36.03724083703433,0.2928226920737634,0.2940664059697385,0.001243713895975107,0.4143546158524732,0.4118671880605228,0.0024874277919503807,0.34019868374822076,0.0,0.34019868374822076,1.5156077676244006,1.0,0.5156077676244006
164,166,MP_vent_PEEP_Jmin,severe_mixed,severe_mixed,69.89274231276909,68.81667564242248,0.015395971523498416,5.017345189970811,31.01989564706352,0.0043426107518318435,0.0021713053759157552,0.436115129169292,0.7734116514366005,S164,S166,12.0,0.0,12.0,1.4,1.0,0.3999999999999999,10.0,15.0,5.0,1.0760666703466057,105.92998314980343,68.81667564242248,37.11330750738095,36.03724083703433,0.0,36.03724083703433,0.2928226920737634,0.2940664059697385,0.001243713895975107,0.4143546158524732,0.4118671880605228,0.0024874277919503807,0.34019868374822076,0.0,0.34019868374822076,1.5156077676244006,1.0,0.5156077676244006
164,167,MP_vent_PEEP_Jmin,severe_mixed,severe_mixed,69.89274231276909,68.81667564242248,0.015395971523498416,5.017345189970811,31.01989564706352,0.0043426107518318435,0.0021713053759157552,0.436115129169292,0.7734116514366005,S164,S167,12.0,0.0,12.0,1.4,1.4,0.0,10.0,15.0,5.0,1.0760666703466057,105.92998314980343,68.81667564242248,37.11330750738095,36.03724083703433,0.0,36.03724083703433,0.2928226920737634,0.2940664059697385,0.001243713895975107,0.4143546158524732,0.4118671880605228,0.0024874277919503807,0.34019868374822076,0.0,0.34019868374822076,1.5156077676244006,1.0,0.5156077676244006
164,168,MP_vent_PEEP_Jmin,severe_mixed,severe_mixed,69.89274231276909,71.28777665610328,0.019959645267478968,6.870670950231393,22.804485757422952,0.0028606951245381262,0.0014303475622690076,0.3297754053638634,0.6544181964983888,S164,S168,12.0,3.0,9.0,1.4,0.6,0.7999999999999999,10.0,15.0,5.0,1.3950343433341885,105.92998314980343,77.64986078548324,28.280122364320192,36.03724083703433,6.362084129379997,29.675156707654335,0.2928226920737634,0.2931409186347605,0.00031822656099711466,0.4143546158524732,0.4137181627304791,0.0006364531219940628,0.34019868374822076,0.0819329753462919,0.25826570840192886,1.5156077676244006,1.0892450912036584,0.4263626764207422
165,166,MP_vent_PEEP_Jmin,severe_mixed,severe_mixed,68.81667564242248,68.81667564242248,0.0,0.0,0.0,0.0,0.0,0.0,0.0,S165,S166,0.0,0.0,0.0,0.6,1.0,0.4,15.0,15.0,0.0,0.0,68.81667564242248,68.81667564242248,0.0,0.0,0.0,0.0,0.2940664059697385,0.2940664059697385,0.0,0.4118671880605228,0.4118671880605228,0.0,0.0,0.0,0.0,1.0,1.0,0.0
165,167,MP_vent_PEEP_Jmin,severe_mixed,severe_mixed,68.81667564242248,68.81667564242248,0.0,0.0,0.0,0.0,0.0,0.0,0.0,S165,S167,0.0,0.0,0.0,0.6,1.4,0.7999999999999999,15.0,15.0,0.0,0.0,68.81667564242248,68.81667564242248,0.0,0.0,0.0,0.0,0.2940664059697385,0.2940664059697385,0.0,0.4118671880605228,0.4118671880605228,0.0,0.0,0.0,0.0,1.0,1.0,0.0
165,168,MP_vent_PEEP_Jmin,severe_mixed,severe_mixed,68.81667564242248,71.28777665610328,0.035908462456408864,1.8533257602605815,8.215409889640569,0.0014819156272937173,0.0007409578136467476,0.10633972380542864,0.11899345493821167,S165,S168,0.0,3.0,3.0,0.6,0.6,0.0,15.0,15.0,0.0,2.4711010136807943,68.81667564242248,77.64986078548324,8.83318514306076,0.0,6.362084129379997,6.362084129379997,0.2940664059697385,0.2931409186347605,0.0009254873349779924,0.4118671880605228,0.4137181627304791,0.0018509746699563179,0.0,0.0819329753462919,0.0819329753462919,1.0,1.0892450912036584,0.08924509120365842
166,167,MP_vent_PEEP_Jmin,severe_mixed,severe_mixed,68.81667564242248,68.81667564242248,0.0,0.0,0.0,0.0,0.0,0.0,0.0,S166,S167,0.0,0.0,0.0,1.0,1.4,0.3999999999999999,15.0,15.0,0.0,0.0,68.81667564242248,68.81667564242248,0.0,0.0,0.0,0.0,0.2940664059697385,0.2940664059697385,0.0,0.4118671880605228,0.4118671880605228,0.0,0.0,0.0,0.0,1.0,1.0,0.0
166,168,MP_vent_PEEP_Jmin,severe_mixed,severe_mixed,68.81667564242248,71.28777665610328,0.035908462456408864,1.8533257602605815,8.215409889640569,0.0014819156272937173,0.0007409578136467476,0.10633972380542864,0.11899345493821167,S166,S168,0.0,3.0,3.0,1.0,0.6,0.4,15.0,15.0,0.0,2.4711010136807943,68.81667564242248,77.64986078548324,8.83318514306076,0.0,6.362084129379997,6.362084129379997,0.2940664059697385,0.2931409186347605,0.0009254873349779924,0.4118671880605228,0.4137181627304791,0.0018509746699563179,0.0,0.0819329753462919,0.0819329753462919,1.0,1.0892450912036584,0.08924509120365842
167,168,MP_vent_PEEP_Jmin,severe_mixed,severe_mixed,68.81667564242248,71.28777665610328,0.035908462456408864,1.8533257602605815,8.215409889640569,0.0014819156272937173,0.0007409578136467476,0.10633972380542864,0.11899345493821167,S167,S168,0.0,3.0,3.0,1.4,0.6,0.7999999999999999,15.0,15.0,0.0,2.4711010136807943,68.81667564242248,77.64986078548324,8.83318514306076,0.0,6.362084129379997,6.362084129379997,0.2940664059697385,0.2931409186347605,0.0009254873349779924,0.4118671880605228,0.4137181627304791,0.0018509746699563179,0.0,0.0819329753462919,0.0819329753462919,1.0,1.0892450912036584,0.08924509120365842
168,171,MP_vent_PEEP_Jmin,severe_mixed,severe_mixed,71.28777665610328,73.75887766978403,0.03466374082055467,1.8533257602605673,10.163720835915171,0.00042533013791634655,0.0002126650689582288,0.10329216563237245,0.14623977833164692,S168,S171,3.0,6.0,3.0,0.6,0.6,0.0,15.0,15.0,0.0,2.4711010136807516,77.64986078548324,88.4313568748186,10.781496089335363,6.362084129379997,14.672479205034591,8.310395075654593,0.2931409186347605,0.2926889123721613,0.00045200626259916943,0.4137181627304791,0.41462217525567735,0.0009040125251982278,0.0819329753462919,0.16591941731488544,0.08398644196859353,1.0892450912036584,1.1989249249523939,0.10967983374873547
169,171,MP_vent_PEEP_Jmin,severe_mixed,severe_mixed,76.62223249517965,73.75887766978403,0.03736976504274726,2.1475161190467205,5.541386035338235,0.0019408674711001717,0.0009704337355501136,0.10127580243172209,0.14370928696460528,S169,S171,3.0,6.0,3.0,1.0,0.6,0.4,15.0,15.0,0.0,2.863354825395618,83.60580954582926,88.4313568748186,4.8255473289893445,6.9835770506496235,14.672479205034591,7.688902154384968,0.2923414501747442,0.2926889123721613,0.00034746219741710327,0.41531709965051183,0.41462217525567735,0.0006949243948344841,0.08352980598580909,0.16591941731488544,0.08238961132907635,1.0911429597289397,1.1989249249523939,0.10778196522345418
169,174,MP_vent_PEEP_Jmin,severe_mixed,severe_mixed,76.62223249517965,76.22997868346472,0.005119321102261018,0.2941903587861887,17.653417817527938,0.0022100136251897995,0.0011050068125947887,0.19529885872137048,0.31454570603782006,S169,S174,3.0,9.0,6.0,1.0,0.6,0.4,15.0,15.0,0.0,0.392253811714923,83.60580954582926,101.16116391042848,17.555354364599225,6.9835770506496235,24.931185226963755,17.947608176314134,0.2923414501747442,0.29258511621575944,0.0002436660410152225,0.41531709965051183,0.41482976756848106,0.00048733208203077805,0.08352980598580909,0.24645016193208957,0.1629203559462805,1.0911429597289397,1.3270522392573052,0.2359092795283655
169,177,MP_vent_PEEP_Jmin,severe_mixed,severe_mixed,76.62223249517965,78.70107969714545,0.0271311228382256,1.5591354014743501,31.713760545992244,0.002894865485404685,0.0014474327427023148,0.2778403854072759,0.5076618681389935,S169,S177,3.0,12.0,9.0,1.0,0.6,0.4,15.0,15.0,0.0,2.0788472019658,83.60580954582926,115.83928189231297,32.23347234648371,6.9835770506496235,37.13820219516752,30.1546251445179,0.2923414501747442,0.2927199709503307,0.00037852077558647723,0.41531709965051183,0.41456005809933866,0.0007570415511731765,0.08352980598580909,0.32060110860918584,0.23707130262337675,1.0911429597289397,1.4718893608331851,0.3807464011042454
170,172,MP_vent_PEEP_Jmin,severe_mixed,severe_mixed,80.6448104729418,84.42778934793678,0.04690914211106316,2.8372341562462466,12.386073172804132,0.004501848756917948,0.002250924378458863,0.10448012020342416,0.14583695550948228,S170,S172,3.0,6.0,3.0,1.4,1.0,0.3999999999999999,15.0,15.0,0.0,3.7829788749949813,87.34542752194797,100.67724541350087,13.331817891552902,6.700617049006176,16.249456065564097,9.54883901655792,0.2934921456977664,0.29115562414471213,0.0023365215530542494,0.41301570860446707,0.41768875171057596,0.004673043106108887,0.0767139991079952,0.161401476558327,0.08468747745033181,1.0830880128517926,1.1924657294839047,0.10937771663211215
170,177,MP_vent_PEEP_Jmin,severe_mixed,severe_mixed,80.6448104729418,78.70107969714545,0.02410236646843532,1.4577980818472511,28.97978706431408,0.0008947278987296303,0.0004473639493647874,0.2864614965524381,0.5184017973085229,S170,S177,3.0,12.0,9.0,1.4,0.6,0.7999999999999999,15.0,15.0,0.0,1.9437307757963538,87.34542752194797,115.83928189231297,28.493854370365,6.700617049006176,37.13820219516752,30.437585146161346,0.2934921456977664,0.2927199709503307,0.0007721747474356833,0.41301570860446707,0.41456005809933866,0.0015443494948715886,0.0767139991079952,0.32060110860918584,0.24388710950119064,1.0830880128517926,1.4718893608331851,0.38880134798139254
171,174,MP_vent_PEEP_Jmin,severe_mixed,severe_mixed,73.75887766978403,76.22997868346472,0.03350242156264537,1.8533257602605318,12.112031782189703,0.00026914615408962783,0.00013457307704467514,0.09402305628964841,0.17083641907321478,S171,S174,6.0,9.0,3.0,0.6,0.6,0.0,15.0,15.0,0.0,2.471101013680695,88.4313568748186,101.16116391042848,12.72980703560988,14.672479205034591,24.931185226963755,10.258706021929164,0.2926889123721613,0.29258511621575944,0.00010379615640188078,0.41462217525567735,0.41482976756848106,0.00020759231280370605,0.16591941731488544,0.24645016193208957,0.08053074461720414,1.1989249249523939,1.3270522392573052,0.1281273143049113
173,175,MP_vent_PEEP_Jmin,severe_mixed,severe_mixed,92.47294530346095,92.23334620069396,0.002591018399821862,0.17969932707521252,11.491364313703201,0.005004736302666346,0.0025023681513331453,0.09799821813453435,0.16932195526055893,S173,S175,6.0,9.0,3.0,1.4,1.0,0.3999999999999999,15.0,15.0,0.0,0.23959910276698793,108.59951870742594,120.0309832454374,11.431464538011454,16.126573403965004,27.79763704474344,11.671063640778435,0.29312349127047055,0.2903465371546724,0.002776954115798147,0.413753017459059,0.4193069256906552,0.005553908231596183,0.14849580915188976,0.23158718101894812,0.08309137186705837,1.1743923409278654,1.3013838073732849,0.12699146644541948
174,177,MP_vent_PEEP_Jmin,severe_mixed,severe_mixed,76.22997868346472,78.70107969714545,0.03241639386968289,1.8533257602605389,14.060342728464306,0.0006848518602148856,0.0003424259301075261,0.08254152668590542,0.19311616210117344,S174,S177,9.0,12.0,3.0,0.6,0.6,0.0,15.0,15.0,0.0,2.471101013680723,101.16116391042848,115.83928189231297,14.678117981884483,24.931185226963755,37.13820219516752,12.207016968203767,0.29258511621575944,0.2927199709503307,0.00013485473457125474,0.41482976756848106,0.41456005809933866,0.00026970946914239846,0.24645016193208957,0.32060110860918584,0.07415094667709626,1.3270522392573052,1.4718893608331851,0.1448371215758799
176,178,MP_vent_PEEP_Jmin,severe_mixed,severe_mixed,104.30108013398032,100.03890305345115,0.04086417010307253,3.1966328103968777,10.153618112914188,0.005364367326422315,0.0026821836632111573,0.09133038966166046,0.19333548759099717,S176,S178,9.0,12.0,3.0,1.4,1.0,0.3999999999999999,15.0,15.0,0.0,4.26217708052917,132.5789491988569,141.6670230416388,9.08807384278191,28.277869064876576,41.62811998818765,13.350250923311073,0.29288429356333984,0.28979888937688486,0.0030854041864549764,0.4142314128733204,0.42040222124623017,0.006170808372909786,0.21329079190741082,0.2938448136652967,0.08055402175788587,1.2711177010684083,1.4161193167616564,0.1450016156932481
