idx_i,idx_j,match_variable,phenotype_i,phenotype_j,MP_tot_PEEP_Jmin_i,MP_tot_PEEP_Jmin_j,relative_difference,delta_MP_vent,delta_MP_tot,delta_EII,delta_REF1,delta_ECF,delta_HBR,scenario_id_i,scenario_id_j,Pmus_peak_cmH2O_i,Pmus_peak_cmH2O_j,abs_delta_Pmus_peak_cmH2O,Tmus_s_i,Tmus_s_j,abs_delta_Tmus_s,PS_cmH2O_i,PS_cmH2O_j,abs_delta_PS_cmH2O,MP_vent_PEEP_Jmin_i,MP_vent_PEEP_Jmin_j,abs_delta_MP_vent_PEEP_Jmin,abs_delta_MP_tot_PEEP_Jmin,MP_mus_Jmin_i,MP_mus_Jmin_j,abs_delta_MP_mus_Jmin,EF1_PEEP_i,EF1_PEEP_j,abs_delta_EF1_PEEP,EII_PEEP_i,EII_PEEP_j,abs_delta_EII_PEEP,ECF_PEEP_i,ECF_PEEP_j,abs_delta_ECF_PEEP,ratio_PEEP_i,ratio_PEEP_j,abs_delta_ratio_PEEP
0,1,MP_tot_PEEP_Jmin,compliance_dominant,compliance_dominant,8.946179233309525,8.946179233309525,0.0,0.0,0.0,0.0,0.0,0.0,0.0,S000,S001,0.0,0.0,0.0,0.6,1.0,0.4,5.0,5.0,0.0,8.946179233309525,8.946179233309525,0.0,0.0,0.0,0.0,0.0,0.37672822873480794,0.37672822873480794,0.0,0.24654354253038416,0.24654354253038416,0.0,0.0,0.0,0.0,1.0,1.0,0.0
0,2,MP_tot_PEEP_Jmin,compliance_dominant,compliance_dominant,8.946179233309525,8.946179233309525,0.0,0.0,0.0,0.0,0.0,0.0,0.0,S000,S002,0.0,0.0,0.0,0.6,1.4,0.7999999999999999,5.0,5.0,0.0,8.946179233309525,8.946179233309525,0.0,0.0,0.0,0.0,0.0,0.37672822873480794,0.37672822873480794,0.0,0.24654354253038416,0.24654354253038416,0.0,0.0,0.0,0.0,1.0,1.0,0.0
1,2,MP_tot_PEEP_Jmin,compliance_dominant,compliance_dominant,8.946179233309525,8.946179233309525,0.0,0.0,0.0,0.0,0.0,0.0,0.0,S001,S002,0.0,0.0,0.0,1.0,1.4,0.3999999999999999,5.0,5.0,0.0,8.946179233309525,8.946179233309525,0.0,0.0,0.0,0.0,0.0,0.37672822873480794,0.37672822873480794,0.0,0.24654354253038416,0.24654354253038416,0.0,0.0,0.0,0.0,1.0,1.0,0.0
4,52,MP_tot_PEEP_Jmin,compliance_dominant,resistance_dominant,14.560075184573957,14.98449825913413,0.029149785916616565,0.8395389456973277,1.2639620202575035,0.19509191137919663,0.1680117924567075,0.1778751889106982,0.46906739791052376,S004,S052,3.0,6.0,3.0,1.0,1.0,0.0,5.0,5.0,0.0,12.102043012689848,10.422965121295192,1.6790778913946554,0.42442307456017225,2.458032171884108,4.561533137838937,2.1035009659548294,0.3684239010476964,0.5355435530901154,0.16711965204241896,0.26315219790460725,0.07108710618023062,0.19206509172437664,0.16882001917739634,0.30441680855469117,0.13559678937729483,1.2031088609837768,1.4376425599390386,0.23453369895526177
5,54,MP_tot_PEEP_Jmin,compliance_dominant,resistance_dominant,16.001895827165065,15.747290790983191,0.01591092948809552,2.5318314932750603,2.277226457093189,0.1409224780642352,0.18438696473549715,0.36188148922394336,1.376975289967378,S005,S054,3.0,9.0,6.0,1.4,0.6,0.7999999999999999,5.0,5.0,0.0,13.446399175738335,8.382736189188215,5.063662986550121,0.25460503618187325,2.555496651426725,7.364554601794977,4.809057950368251,0.37644762121570957,0.5451166196175088,0.16866899840179922,0.24710475756858072,0.0902332392350175,0.15687151833356322,0.1596996180345378,0.4676712140231689,0.3079715959886311,1.1900506312528392,1.8785382762365281,0.688487644983689
5,94,MP_tot_PEEP_Jmin,compliance_dominant,mixed,16.001895827165065,16.09283909714548,0.005683280966373218,0.0044733075974185965,0.09541657757783994,0.07848512956571851,0.03924256478285926,0.007852549179850954,0.015120454503246394,S005,S094,3.0,3.0,0.0,1.4,1.0,0.3999999999999999,5.0,5.0,0.0,13.446399175738335,13.437452560543498,0.008946615194837193,0.09094326998041424,2.555496651426725,2.6553865366019855,0.09988988517526032,0.37644762121570957,0.3333333333333334,0.043114287882376146,0.24710475756858072,0.3333333333333334,0.08622857576475271,0.1596996180345378,0.16500423079933693,0.005304612764799127,1.1900506312528392,1.197610858504462,0.007560227251622864
5,138,MP_tot_PEEP_Jmin,compliance_dominant,severe_mixed,16.001895827165065,15.468261401116752,0.033348200226526056,0.37385984556384777,0.15977458048446103,0.1587199086710101,0.07935995433550508,0.02830265120891229,0.05609872503830737,S005,S138,3.0,3.0,0.0,1.4,0.6,0.7999999999999999,5.0,5.0,0.0,13.446399175738335,12.69867948461064,0.7477196911276955,0.5336344260483123,2.555496651426725,2.769581916506114,0.21408526507938896,0.37644762121570957,0.2917718137588914,0.08467580745681819,0.24710475756858072,0.41645637248221723,0.1693516149136365,0.1596996180345378,0.1790493349372904,0.019349716902752584,1.1900506312528392,1.2180999937719927,0.028049362519153576
6,53,MP_tot_PEEP_Jmin,compliance_dominant,resistance_dominant,16.8317789446271,17.32373907901443,0.029228053434266956,0.5633483422730672,0.07138820788573419,0.15371007592166458,0.16180083914957755,0.0539375207324963,0.19111630746007413,S006,S053,6.0,6.0,0.0,0.6,1.4,0.7999999999999999,5.0,5.0,0.0,11.295187815032783,12.421884499578917,1.1266966845461344,0.49196013438733033,5.536591129594315,4.901854579435515,0.6347365501588005,0.3713895360952246,0.5470508431774482,0.1756613070822236,0.2572209278095508,0.09410168635489646,0.16311924145465434,0.328936777735051,0.282955922914673,0.045980854820378,1.490172560231859,1.3946144065018218,0.09555815373003718
6,94,MP_tot_PEEP_Jmin,compliance_dominant,mixed,16.8317789446271,16.09283909714548,0.04390147054049206,1.0711323727553577,1.8100722202369717,0.0946774562229235,0.047338728111461836,0.21176947452238554,0.585123403454793,S006,S094,6.0,3.0,3.0,0.6,1.0,0.4,5.0,5.0,0.0,11.295187815032783,13.437452560543498,2.1422647455107153,0.7389398474816211,5.536591129594315,2.6553865366019855,2.88120459299233,0.3713895360952246,0.3333333333333334,0.0380562027618912,0.2572209278095508,0.3333333333333334,0.07611240552378262,0.328936777735051,0.16500423079933693,0.16393254693571405,1.490172560231859,1.197610858504462,0.29256170172739693
7,9,MP_tot_PEEP_Jmin,compliance_dominant,compliance_dominant,21.944145079298917,22.910471657851698,0.044035735958762354,1.394107343087878,2.3604339216406522,0.04112183900966257,0.020560919504831354,0.15903730262300103,0.7981556795103775,S007,S009,6.0,9.0,3.0,1.0,0.6,0.4,5.0,5.0,0.0,15.257906792070187,12.469692105894431,2.788214686175756,0.9663265785527813,6.686238287228732,10.44077955195727,3.7545412647285383,0.3656944214491003,0.374680628679803,0.008986207230702703,0.2686111571017995,0.2506387426403941,0.017972414461405406,0.30469349628645215,0.45572084712534006,0.1510273508388879,1.4382146501709978,1.837292489926187,0.3990778397551893
7,55,MP_tot_PEEP_Jmin,compliance_dominant,resistance_dominant,21.944145079298917,21.22519119687787,0.03276290235153772,1.3512867412909877,0.6323328588699368,0.19830466398482605,0.17003807363453805,0.11294673206185607,0.504634455382871,S007,S055,6.0,9.0,3.0,1.0,1.0,0.0,5.0,5.0,0.0,15.257906792070187,12.555333309488212,2.7025734825819754,0.7189538824210473,6.686238287228732,8.66985788738966,1.983619600160929,0.3656944214491003,0.5348358641848732,0.16914144273577286,0.2686111571017995,0.06967172836974625,0.19893942873205325,0.30469349628645215,0.40847019030221776,0.10377669401576561,1.4382146501709978,1.6905318778624336,0.25231722769143583
7,57,MP_tot_PEEP_Jmin,compliance_dominant,resistance_dominant,21.944145079298917,20.962592839062033,0.04472957304510505,3.0668340607278033,2.0852818204909163,0.14605792277611793,0.19616144423889215,0.2547571095942042,1.7184949658488746,S007,S057,6.0,12.0,6.0,1.0,0.6,0.4,5.0,5.0,0.0,15.257906792070187,9.12423867061458,6.133668121455607,0.9815522402368835,6.686238287228732,11.838354168447456,5.152115881218724,0.3656944214491003,0.5491731306198628,0.18347870917076253,0.2686111571017995,0.09834626123972563,0.17026489586207388,0.30469349628645215,0.5647371133587862,0.26004361707233403,1.4382146501709978,2.2974621330954355,0.8592474829244376
7,63,MP_tot_PEEP_Jmin,compliance_dominant,resistance_dominant,21.944145079298917,21.972957983829335,0.001313011029880567,5.429006575209598,1.1287863149431576,0.1787466135052101,0.17981709887434605,0.31257787169206663,0.6937041248768694,S007,S063,6.0,3.0,3.0,1.0,0.6,0.4,5.0,10.0,5.0,15.257906792070187,19.586939956867035,4.329033164796847,0.028812904530418848,6.686238287228732,2.3860180269622977,4.300220260266434,0.3656944214491003,0.5436192782146044,0.17792485676550412,0.2686111571017995,0.08723855642920879,0.1813726006725907,0.30469349628645215,0.10858884036997893,0.19610465591647322,1.4382146501709978,1.1218167836434183,0.3163978665275795
7,141,MP_tot_PEEP_Jmin,compliance_dominant,severe_mixed,21.944145079298917,21.423301844161767,0.02373495222780354,0.6613284179268453,0.14048518278968913,0.14176671341948632,0.07088335670974316,0.05092786618744355,0.1982628525037955,S007,S141,6.0,6.0,0.0,1.0,0.6,0.4,5.0,5.0,0.0,15.257906792070187,13.935249956216497,1.3226568358536905,0.5208432351371499,6.686238287228732,7.488051887945268,0.8018136007165362,0.3656944214491003,0.2917919291514803,0.07390249229762003,0.2686111571017995,0.41641614169703944,0.14780498459523994,0.30469349628645215,0.34952837533705833,0.04483487905060618,1.4382146501709978,1.5373460764228963,0.09913142625189852
8,56,MP_tot_PEEP_Jmin,compliance_dominant,resistance_dominant,25.17051208786791,25.090788812588038,0.0031673283007340024,1.1964533706266849,1.116730095346817,0.16988077041498134,0.1706852552137536,0.10483614412458486,0.4212986396722622,S008,S056,6.0,9.0,3.0,1.4,1.4,0.0,5.0,5.0,0.0,17.946619118167156,15.553712376913786,2.3929067412533698,0.07972327527987133,7.223892969700748,9.537076435674248,2.3131834659734993,0.3765106580699571,0.5471948176802606,0.17068415961030348,0.24697868386008587,0.09438963536052118,0.15258904849956467,0.28699825194190776,0.3801026945350359,0.09310444259312817,1.4025211056264124,1.6131704254625432,0.21064931983613078
8,64,MP_tot_PEEP_Jmin,compliance_dominant,resistance_dominant,25.17051208786791,24.4072134742247,0.03032511261505542,5.475516118927763,0.9855981064347006,0.17473063971144165,0.1682603205655236,0.28688519762736403,0.6158244147250183,S008,S064,6.0,3.0,3.0,1.4,1.0,0.3999999999999999,5.0,10.0,5.0,17.946619118167156,21.673238517017015,3.7266193988498593,0.7632986136432081,7.223892969700748,2.733974957207688,4.48991801249306,0.3765106580699571,0.5412791682001729,0.16476851013021576,0.24697868386008587,0.08255833640034564,0.1644203474597402,0.28699825194190776,0.11201503850879616,0.1749832134331116,1.4025211056264124,1.126145197685204,0.2763759079412085
8,65,MP_tot_PEEP_Jmin,compliance_dominant,resistance_dominant,25.17051208786791,25.889988063644324,0.028584081772543676,6.474975808069617,1.9686428512833984,0.16736702378636445,0.17194212852806218,0.2963991128015878,0.6291288365107495,S008,S065,6.0,3.0,3.0,1.4,1.4,0.0,5.0,10.0,5.0,17.946619118167156,23.172428050729796,5.225808932562639,0.7194759757764153,7.223892969700748,2.717560012914531,4.506332956786217,0.3765106580699571,0.5460243940451319,0.16951373597517483,0.24697868386008587,0.09204878809026369,0.1549298957698222,0.28699825194190776,0.10496567268528907,0.1820325792566187,1.4025211056264124,1.117275583161383,0.28524552246502943
8,97,MP_tot_PEEP_Jmin,compliance_dominant,mixed,25.17051208786791,24.07455431690801,0.043541337861304236,0.5912743833032845,0.5046833876566037,0.07770769291208895,0.038853846456044505,0.019861561691755236,0.067118763025942,S008,S097,6.0,6.0,0.0,1.4,1.0,0.3999999999999999,5.0,5.0,0.0,17.946619118167156,16.764070351560587,1.182548766606569,1.0959577709598989,7.223892969700748,7.310483965347429,0.08659099564668082,0.3765106580699571,0.3333333333333334,0.04317732473662367,0.24697868386008587,0.3333333333333334,0.08635464947324756,0.28699825194190776,0.30366019944191197,0.016661947500004215,1.4025211056264124,1.4360804871393826,0.03355938151297022
8,99,MP_tot_PEEP_Jmin,compliance_dominant,mixed,25.17051208786791,25.752329772344044,0.023115051551,2.529639150360577,3.1114568348367193,0.07770769291208895,0.038853846456044505,0.22028446197966112,1.1914889796476757,S008,S099,6.0,9.0,3.0,1.4,0.6,0.7999999999999999,5.0,5.0,0.0,17.946619118167156,12.887340817446002,5.059278300721154,0.5818176844761354,7.223892969700748,12.864988954898047,5.641095985197299,0.3765106580699571,0.33333333333333337,0.04317732473662372,0.24697868386008587,0.33333333333333337,0.0863546494732475,0.28699825194190776,0.49956602251630156,0.2125677705743938,1.4025211056264124,1.99826559545025,0.5957444898238375
9,63,MP_tot_PEEP_Jmin,compliance_dominant,resistance_dominant,22.910471657851698,21.972957983829335,0.04092074960408181,6.8231139182974765,1.2316476066974946,0.13762477449554752,0.1592561793695147,0.47161517431506766,1.4918598043872469,S009,S063,9.0,3.0,6.0,0.6,0.6,0.0,5.0,10.0,5.0,12.469692105894431,19.586939956867035,7.117247850972603,0.9375136740223624,10.44077955195727,2.3860180269622977,8.054761524994973,0.374680628679803,0.5436192782146044,0.16893864953480142,0.2506387426403941,0.08723855642920879,0.1634001862111853,0.45572084712534006,0.10858884036997893,0.34713200675536116,1.837292489926187,1.1218167836434183,0.7154757062827688
10,12,MP_tot_PEEP_Jmin,compliance_dominant,compliance_dominant,31.098388917484407,30.413092942786857,0.022036381901194124,2.3847870873472186,1.699491112649664,0.049601295403292334,0.02480064770164625,0.13138658221923916,1.0802944954420672,S010,S012,9.0,12.0,3.0,1.0,0.6,0.4,5.0,5.0,0.0,18.41377057145053,13.644196396756094,4.769574174694437,0.6852959746975493,12.684618346033876,16.76889654603076,4.084278199996884,0.36503477740896484,0.37852423484167746,0.013489457432712626,0.26993044518207043,0.24295153031664496,0.026978914865425474,0.40788667154722663,0.5513709696536431,0.14348429810641644,1.6888658841932476,2.2290131319142814,0.5401472477210338
10,18,MP_tot_PEEP_Jmin,compliance_dominant,compliance_dominant,31.098388917484407,32.00099240824953,0.029024123827123858,9.859977471755412,0.5760573977500556,0.018359146413890692,0.009179573206945402,0.4280707479254581,1.1993753017100732,S010,S018,9.0,3.0,6.0,1.0,0.6,0.4,5.0,10.0,5.0,18.41377057145053,28.600294136221013,10.186523564770482,0.9026034907651237,12.684618346033876,3.4006982720285186,9.283920074005357,0.36503477740896484,0.37326728518362606,0.008232507774661224,0.26993044518207043,0.25346542963274793,0.016465015549322504,0.40788667154722663,0.1062685253208539,0.30161814622637273,1.6888658841932476,1.118904311117615,0.5699615730756327
10,67,MP_tot_PEEP_Jmin,compliance_dominant,resistance_dominant,31.098388917484407,31.558112834142726,0.014782885308886513,7.374308580479083,1.3760122692814107,0.19444125847974125,0.1715782995922967,0.29206386546667595,0.974484445618971,S010,S067,9.0,6.0,3.0,1.0,1.0,0.0,5.0,10.0,5.0,18.41377057145053,24.871790799306524,6.458020227855993,0.45972391665831935,12.684618346033876,6.686322034836207,5.998296311197668,0.36503477740896484,0.5379905963296706,0.17295581892070577,0.26993044518207043,0.07598119265934128,0.19394925252272915,0.40788667154722663,0.21187331669599313,0.1960133548512335,1.6888658841932476,1.268831548511683,0.42003433568156456
10,69,MP_tot_PEEP_Jmin,compliance_dominant,resistance_dominant,31.098388917484407,31.997923531114203,0.028925440993634647,5.334079648372127,2.8359374323063697,0.17162674489574958,0.18298555638429254,0.16748084010021763,0.6771953063198239,S010,S069,9.0,9.0,0.0,1.0,0.6,0.4,5.0,10.0,5.0,18.41377057145053,21.81144740114609,3.397676829695559,0.8995346136297968,12.684618346033876,10.18647612996812,2.498142216065755,0.36503477740896484,0.5437277673748941,0.1786929899659293,0.26993044518207043,0.08745553474978818,0.18247491043228226,0.40788667154722663,0.3183480365550275,0.0895386349921991,1.6888658841932476,1.4670243080444474,0.22184157614880018
10,105,MP_tot_PEEP_Jmin,compliance_dominant,mixed,31.098388917484407,30.332504308579374,0.024627790556520777,11.01478425332765,1.6698340927062283,0.0645344045011661,0.03226720225058288,0.5794311144361797,1.3777317683864956,S010,S105,9.0,0.0,9.0,1.0,0.6,0.4,5.0,10.0,5.0,18.41377057145053,30.332504308579374,11.918733737128843,0.7658846089050328,12.684618346033876,0.0,12.684618346033876,0.36503477740896484,0.3333333333333333,0.031701444075631524,0.26993044518207043,0.3333333333333333,0.06340288815126288,0.40788667154722663,0.0,0.40788667154722663,1.6888658841932476,1.0,0.6888658841932476
10,106,MP_tot_PEEP_Jmin,compliance_dominant,mixed,31.098388917484407,30.332504308579374,0.024627790556520777,11.01478425332765,1.6698340927062283,0.0645344045011661,0.03226720225058288,0.5794311144361797,1.3777317683864956,S010,S106,9.0,0.0,9.0,1.0,1.0,0.0,5.0,10.0,5.0,18.41377057145053,30.332504308579374,11.918733737128843,0.7658846089050328,12.684618346033876,0.0,12.684618346033876,0.36503477740896484,0.3333333333333333,0.031701444075631524,0.26993044518207043,0.3333333333333333,0.06340288815126288,0.40788667154722663,0.0,0.40788667154722663,1.6888658841932476,1.0,0.6888658841932476
10,107,MP_tot_PEEP_Jmin,compliance_dominant,mixed,31.098388917484407,30.332504308579374,0.024627790556520777,11.01478425332765,1.6698340927062283,0.0645344045011661,0.03226720225058288,0.5794311144361797,1.3777317683864956,S010,S107,9.0,0.0,9.0,1.0,1.4,0.3999999999999999,5.0,10.0,5.0,18.41377057145053,30.332504308579374,11.918733737128843,0.7658846089050328,12.684618346033876,0.0,12.684618346033876,0.36503477740896484,0.3333333333333333,0.031701444075631524,0.26993044518207043,0.3333333333333333,0.06340288815126288,0.40788667154722663,0.0,0.40788667154722663,1.6888658841932476,1.0,0.6888658841932476
10,143,MP_tot_PEEP_Jmin,compliance_dominant,severe_mixed,31.098388917484407,32.2996138495897,0.0386265968726736,2.439531272779467,1.2383063406741854,0.14742791055721877,0.07371395527860936,0.14333492043584245,0.6043796658461591,S010,S143,9.0,6.0,3.0,1.0,1.4,0.3999999999999999,5.0,5.0,0.0,18.41377057145053,23.292833117009465,4.879062545558934,1.2012249321052906,12.684618346033876,9.006780732580225,3.677837613453651,0.36503477740896484,0.2934080300245243,0.07162674738444053,0.26993044518207043,0.4131839399509512,0.14325349476888077,0.40788667154722663,0.27885103439695264,0.129035637150274,1.6888658841932476,1.3866760512701686,0.302189832923079
11,19,MP_tot_PEEP_Jmin,compliance_dominant,compliance_dominant,36.45202801541804,35.60331074103701,0.023283129103874364,9.824802715701376,0.14940886708272672,0.004560817928598138,0.0022804089642990966,0.39440134463383836,1.0563424640405428,S011,S019,9.0,3.0,6.0,1.4,1.0,0.3999999999999999,5.0,10.0,5.0,22.446839060595973,31.57233336899905,9.125494308403077,0.8487172743810234,14.005188954822065,4.030977372037959,9.974211582784108,0.37664707170615785,0.37106426150939464,0.0055828101967632104,0.24670585658768435,0.2578714769812106,0.011165620393526254,0.38420877293571487,0.11321917226624045,0.2709896006694744,1.6239270000116541,1.127674357321844,0.4962526426898102
11,20,MP_tot_PEEP_Jmin,compliance_dominant,compliance_dominant,36.45202801541804,37.64341108300157,0.03268358805934236,11.169158878749856,1.2185133933575898,0.002369905994859478,0.0011849529974297113,0.40182369926568196,1.066787604034201,S011,S020,9.0,3.0,6.0,1.4,1.4,0.0,5.0,10.0,5.0,22.446839060595973,33.58886761357177,11.142028552975798,1.19138306758353,14.005188954822065,4.054543469429799,9.950645485392267,0.37664707170615785,0.3755388961196097,0.0011081755865481324,0.24670585658768435,0.24892220776078056,0.0022163511730962093,0.38420877293571487,0.10770924719042498,0.2764995257452899,1.6239270000116541,1.120710930659405,0.5032160693522492
11,68,MP_tot_PEEP_Jmin,compliance_dominant,resistance_dominant,36.45202801541804,34.76148627024184,0.046377165749492806,7.356693714190092,0.24282116287774969,0.16910179694769667,0.17032225327481382,0.2845804207722421,0.8769565618414354,S011,S068,9.0,6.0,3.0,1.4,1.4,0.0,5.0,10.0,5.0,22.446839060595973,27.87016986673212,5.423330806136146,1.6905417451761977,14.005188954822065,6.891316403509719,7.113872551312347,0.37664707170615785,0.5454826718325426,0.16883560012638477,0.24670585658768435,0.09096534366508525,0.1557405129225991,0.38420877293571487,0.19824573523512276,0.1859630377005921,1.6239270000116541,1.2472649587879154,0.3766620412237387
11,75,MP_tot_PEEP_Jmin,compliance_dominant,resistance_dominant,36.45202801541804,36.94937246945506,0.013643807522222325,16.488609821793304,2.4834208669712368,0.16031223297963065,0.1747170352588469,0.5551312496320354,1.2478540000233087,S011,S075,9.0,0.0,9.0,1.4,0.6,0.7999999999999999,5.0,15.0,10.0,22.446839060595973,36.94937246945506,14.502533408859083,0.49734445403701955,14.005188954822065,0.0,14.005188954822065,0.37664707170615785,0.5472804593845157,0.1706333876783579,0.24670585658768435,0.09456091876903151,0.15214493781865285,0.38420877293571487,0.0,0.38420877293571487,1.6239270000116541,1.0,0.6239270000116541
11,76,MP_tot_PEEP_Jmin,compliance_dominant,resistance_dominant,36.45202801541804,36.94937246945506,0.013643807522222325,16.488609821793304,2.4834208669712368,0.16031223297963065,0.1747170352588469,0.5551312496320354,1.2478540000233087,S011,S076,9.0,0.0,9.0,1.4,1.0,0.3999999999999999,5.0,15.0,10.0,22.446839060595973,36.94937246945506,14.502533408859083,0.49734445403701955,14.005188954822065,0.0,14.005188954822065,0.37664707170615785,0.5472804593845157,0.1706333876783579,0.24670585658768435,0.09456091876903151,0.15214493781865285,0.38420877293571487,0.0,0.38420877293571487,1.6239270000116541,1.0,0.6239270000116541
11,77,MP_tot_PEEP_Jmin,compliance_dominant,resistance_dominant,36.45202801541804,36.94937246945506,0.013643807522222325,16.488609821793304,2.4834208669712368,0.16031223297963065,0.1747170352588469,0.5551312496320354,1.2478540000233087,S011,S077,9.0,0.0,9.0,1.4,1.4,0.0,5.0,15.0,10.0,22.446839060595973,36.94937246945506,14.502533408859083,0.49734445403701955,14.005188954822065,0.0,14.005188954822065,0.37664707170615785,0.5472804593845157,0.1706333876783579,0.24670585658768435,0.09456091876903151,0.15214493781865285,0.38420877293571487,0.0,0.38420877293571487,1.6239270000116541,1.0,0.6239270000116541
11,108,MP_tot_PEEP_Jmin,compliance_dominant,mixed,36.45202801541804,35.83477067822741,0.0169334155271018,9.923752024728126,0.03257641559428848,0.07846018158467122,0.03923009079233558,0.39227216911551177,1.0533119859774427,S011,S108,9.0,3.0,6.0,1.4,0.6,0.7999999999999999,5.0,10.0,5.0,22.446839060595973,31.720757332539172,9.273918271943199,0.6172573371906296,14.005188954822065,4.114013345688228,9.891175609133837,0.37664707170615785,0.3333333333333332,0.04331373837282465,0.24670585658768435,0.3333333333333332,0.08662747674564886,0.38420877293571487,0.11480506970811542,0.26940370322759943,1.6239270000116541,1.1296946760305775,0.49423232398107664
12,67,MP_tot_PEEP_Jmin,compliance_dominant,resistance_dominant,30.413092942786857,31.558112834142726,0.03764891303590468,9.759095667826301,0.32347884336825317,0.14483996307644892,0.14677765189065045,0.4234504476859151,2.054778941061038,S012,S067,12.0,6.0,6.0,0.6,1.0,0.4,5.0,10.0,5.0,13.644196396756094,24.871790799306524,11.22759440255043,1.1450198913558687,16.76889654603076,6.686322034836207,10.082574511194553,0.37852423484167746,0.5379905963296706,0.15946636148799315,0.24295153031664496,0.07598119265934128,0.16697033765730368,0.5513709696536431,0.21187331669599313,0.33949765295764994,2.2290131319142814,1.268831548511683,0.9601815834025984
12,105,MP_tot_PEEP_Jmin,compliance_dominant,mixed,30.413092942786857,30.332504308579374,0.0026498006749621603,13.399571340674868,3.369325205355892,0.11413569990445843,0.05706784995222913,0.7108176966554188,2.458026263828563,S012,S105,12.0,0.0,12.0,0.6,0.6,0.0,5.0,10.0,5.0,13.644196396756094,30.332504308579374,16.68830791182328,0.08058863420748352,16.76889654603076,0.0,16.76889654603076,0.37852423484167746,0.3333333333333333,0.04519090150834415,0.24295153031664496,0.3333333333333333,0.09038180301668836,0.5513709696536431,0.0,0.5513709696536431,2.2290131319142814,1.0,1.2290131319142814
12,106,MP_tot_PEEP_Jmin,compliance_dominant,mixed,30.413092942786857,30.332504308579374,0.0026498006749621603,13.399571340674868,3.369325205355892,0.11413569990445843,0.05706784995222913,0.7108176966554188,2.458026263828563,S012,S106,12.0,0.0,12.0,0.6,1.0,0.4,5.0,10.0,5.0,13.644196396756094,30.332504308579374,16.68830791182328,0.08058863420748352,16.76889654603076,0.0,16.76889654603076,0.37852423484167746,0.3333333333333333,0.04519090150834415,0.24295153031664496,0.3333333333333333,0.09038180301668836,0.5513709696536431,0.0,0.5513709696536431,2.2290131319142814,1.0,1.2290131319142814
12,107,MP_tot_PEEP_Jmin,compliance_dominant,mixed,30.413092942786857,30.332504308579374,0.0026498006749621603,13.399571340674868,3.369325205355892,0.11413569990445843,0.05706784995222913,0.7108176966554188,2.458026263828563,S012,S107,12.0,0.0,12.0,0.6,1.4,0.7999999999999999,5.0,10.0,5.0,13.644196396756094,30.332504308579374,16.68830791182328,0.08058863420748352,16.76889654603076,0.0,16.76889654603076,0.37852423484167746,0.3333333333333333,0.04519090150834415,0.24295153031664496,0.3333333333333333,0.09038180301668836,0.5513709696536431,0.0,0.5513709696536431,2.2290131319142814,1.0,1.2290131319142814
12,144,MP_tot_PEEP_Jmin,compliance_dominant,severe_mixed,30.413092942786857,29.32723034213984,0.03570378726983621,0.7638120155331372,1.849674616180156,0.188729783129701,0.09436489156485067,0.05973442154471109,0.5920128896709027,S012,S144,12.0,9.0,3.0,0.6,0.6,0.0,5.0,5.0,0.0,13.644196396756094,15.171820427822368,1.5276240310662743,1.085862600647019,16.76889654603076,14.155409914317463,2.6134866317132968,0.37852423484167746,0.2927010094021838,0.08582322543949367,0.24295153031664496,0.41459798119563224,0.17164645087898728,0.5513709696536431,0.48267121542595093,0.06869975422769214,2.2290131319142814,1.9330066870788303,0.29600644483545113
13,70,MP_tot_PEEP_Jmin,compliance_dominant,resistance_dominant,42.022806699130385,39.92738431448164,0.04986393221307859,7.928744878981949,0.6673862364320087,0.19590388296316633,0.1694259107325215,0.2668955464041402,1.2628714993547028,S013,S070,12.0,9.0,3.0,1.0,1.0,0.0,5.0,10.0,5.0,21.56963435083086,28.070343081596064,6.500708730765204,2.0954223846487423,20.453172348299525,11.85704123288557,8.596131115413955,0.3651756514224458,0.5362582684276135,0.1710826170051677,0.26964869715510836,0.07251653685522706,0.1971321602998813,0.4867159991177548,0.296965139000729,0.1897508601170258,1.9482391780791442,1.4224045712023907,0.5258346068767534
13,78,MP_tot_PEEP_Jmin,compliance_dominant,resistance_dominant,42.022806699130385,41.75903596866105,0.00627684705493007,18.039465898815354,0.9129520868691614,0.17644526415612255,0.1791552201360434,0.5512831409512723,1.7810666899674505,S013,S078,12.0,3.0,9.0,1.0,0.6,0.4,5.0,15.0,10.0,21.56963435083086,38.4323774323077,16.862743081476843,0.2637707304693322,20.453172348299525,3.3266585363533436,17.126513811946182,0.3651756514224458,0.5447185779790862,0.1795429265566404,0.26964869715510836,0.08943715595817228,0.18021154119693608,0.4867159991177548,0.07966320244676875,0.40705279667098604,1.9482391780791442,1.0865587496431286,0.8616804284360156
13,101,MP_tot_PEEP_Jmin,compliance_dominant,mixed,42.022806699130385,41.18864882927409,0.01985012271618576,2.2060613644319726,3.040219234288262,0.06595548111922855,0.03297774055961433,0.11545903860441753,0.7258961123989742,S013,S101,12.0,9.0,3.0,1.0,1.4,0.3999999999999999,5.0,5.0,0.0,21.56963435083086,25.981757079694805,4.412122728863945,0.8341578698562913,20.453172348299525,15.20689174957929,5.246280598720235,0.3651756514224458,0.33333333333333337,0.03184231808911242,0.26964869715510836,0.33333333333333337,0.06368463617822501,0.4867159991177548,0.36920103430951257,0.11751496480824225,1.9482391780791442,1.5852911218796566,0.36294805619948756
13,110,MP_tot_PEEP_Jmin,compliance_dominant,mixed,42.022806699130385,42.409695132861266,0.009206630021190078,14.727159800360226,1.584282878741515,0.06595548111922861,0.03297774055961428,0.5150832791665209,1.7341338356559972,S013,S110,12.0,3.0,9.0,1.0,1.4,0.3999999999999999,5.0,10.0,5.0,21.56963435083086,38.26796546366348,16.69833111283262,0.38688843373088133,20.453172348299525,4.141729669197789,16.311442679101734,0.3651756514224458,0.3333333333333333,0.031842318089112476,0.26964869715510836,0.3333333333333333,0.06368463617822495,0.4867159991177548,0.09765997270724446,0.38905602641051035,1.9482391780791442,1.1082296803348608,0.8400094977442834
13,111,MP_tot_PEEP_Jmin,compliance_dominant,mixed,42.022806699130385,43.12209543090619,0.02615933627771122,11.287856395583834,0.8477691216916128,0.0659554811192285,0.03297774055961439,0.3426805925539462,1.4428366601399478,S013,S111,12.0,6.0,6.0,1.0,0.6,0.4,5.0,10.0,5.0,21.56963435083086,33.1090103564989,11.53937600566804,1.0992887317758075,20.453172348299525,10.013085074407302,10.440087273892223,0.3651756514224458,0.33333333333333337,0.03184231808911242,0.26964869715510836,0.33333333333333337,0.06368463617822501,0.4867159991177548,0.23220311940664154,0.25451287971111325,1.9482391780791442,1.30242779734556,0.6458113807335841
13,153,MP_tot_PEEP_Jmin,compliance_dominant,severe_mixed,42.022806699130385,40.80590255196884,0.0289581834900791,13.375971322199995,2.512481220553827,0.14635611008600546,0.07317805504300273,0.49584492549926357,1.7075474441561314,S013,S153,12.0,3.0,9.0,1.0,0.6,0.4,5.0,10.0,5.0,21.56963435083086,36.241182746423135,14.671548395592275,1.216904147161543,20.453172348299525,4.564719805545712,15.888452542753813,0.3651756514224458,0.2927253856031375,0.0724502658193083,0.26964869715510836,0.41454922879372513,0.14490053163861677,0.4867159991177548,0.11186420395265756,0.37485179516509726,1.9482391780791442,1.1259539413347714,0.8222852367443727
14,23,MP_tot_PEEP_Jmin,compliance_dominant,compliance_dominant,49.846443609815424,50.561184132921916,0.014338846893497341,13.419268849964286,0.741870848880545,0.000986687185704327,0.0004933435928522467,0.3541569609874846,1.3194819539202944,S014,S023,12.0,6.0,6.0,1.4,1.4,0.0,5.0,10.0,5.0,26.94705900302477,40.339197527215006,13.392138524190237,0.7147405231064923,22.899384606790655,10.2219866057069,12.677398001083754,0.376789694062963,0.37502658873084366,0.001763105332119319,0.246420611874074,0.2499468225383126,0.0035262106642386104,0.4593985638381925,0.20217063308553046,0.25722793075266204,1.8497916082129864,1.253400841670452,0.5963907665425343
14,73,MP_tot_PEEP_Jmin,compliance_dominant,resistance_dominant,49.846443609815424,49.515027915241326,0.006648733000258367,7.372400741078,2.7191486856431055,0.18339567981480132,0.16216367667450976,0.1628246937435705,0.8242980965478957,S014,S073,12.0,12.0,0.0,1.4,1.0,0.3999999999999999,5.0,10.0,5.0,26.94705900302477,31.26889536388557,4.3218363608608,0.3314156945740976,22.899384606790655,18.24613255135575,4.653252055434905,0.376789694062963,0.5354209302020131,0.1586312361390501,0.246420611874074,0.0708418604040262,0.1755787514700478,0.4593985638381925,0.3684968648829009,0.0909016989552916,1.8497916082129864,1.5835234132520517,0.2662681949609347
14,81,MP_tot_PEEP_Jmin,compliance_dominant,resistance_dominant,49.846443609815424,47.57817348422754,0.04550515465743739,16.46300729485795,1.2264137771343968,0.16324216780374462,0.17224043268003802,0.4257711704706174,1.4436153621217243,S014,S081,12.0,6.0,6.0,1.4,0.6,0.7999999999999999,5.0,15.0,10.0,26.94705900302477,39.915382395160435,12.968323392135666,2.2682701255878825,22.899384606790655,7.662791089067098,15.236593517723556,0.376789694062963,0.5436777708960535,0.16688807683309054,0.246420611874074,0.08735554179210701,0.15906507008196696,0.4593985638381925,0.16105685712393647,0.298341706714256,1.8497916082129864,1.1919758907281865,0.6578157174847998
14,112,MP_tot_PEEP_Jmin,compliance_dominant,mixed,49.846443609815424,50.93390382803844,0.021816204717338743,13.401375619574612,1.1235371591919048,0.07947181675142284,0.039735908375711504,0.34630441180763366,1.304361499417048,S014,S112,12.0,6.0,6.0,1.4,1.0,0.3999999999999999,5.0,10.0,5.0,26.94705900302477,40.312357681630495,13.365298678605726,1.0874602182230149,22.899384606790655,10.621546146407942,12.277838460382712,0.376789694062963,0.33333333333333326,0.04345636072962972,0.246420611874074,0.33333333333333326,0.08691272145925927,0.4593985638381925,0.20853587390960834,0.2508626899285842,1.8497916082129864,1.2634811446726164,0.58631046354037
14,114,MP_tot_PEEP_Jmin,compliance_dominant,mixed,49.846443609815424,52.194478566615956,0.04710536573442068,9.524646085460077,4.322476664826674,0.07947181675142295,0.03973590837571139,0.19470218835728959,0.9300780389725922,S014,S114,12.0,9.0,3.0,1.4,0.6,0.7999999999999999,5.0,10.0,5.0,26.94705900302477,34.497263380458705,7.550204377433936,2.3480349568005323,22.899384606790655,17.697215186157244,5.20216942063341,0.376789694062963,0.3333333333333332,0.04345636072962977,0.246420611874074,0.3333333333333332,0.08691272145925921,0.4593985638381925,0.33906297509170896,0.12033558874648353,1.8497916082129864,1.513003451635587,0.33678815657739936
14,155,MP_tot_PEEP_Jmin,compliance_dominant,severe_mixed,49.846443609815424,48.17751600342125,0.03348137771789875,15.366050576499486,2.6151881438877282,0.16052031162077507,0.08026015581038753,0.483882958634963,1.529048629129635,S014,S155,12.0,3.0,9.0,1.4,1.4,0.0,5.0,10.0,5.0,26.94705900302477,43.25937011701781,16.31231111399304,1.6689276063941705,22.899384606790655,4.9181458864034395,17.981238720387214,0.376789694062963,0.2934266067865185,0.08336308727644448,0.246420611874074,0.4131467864269628,0.1667261745528888,0.4593985638381925,0.10208384106092529,0.3573147227772672,1.8497916082129864,1.1136897248642252,0.7361018833487611
14,156,MP_tot_PEEP_Jmin,compliance_dominant,severe_mixed,49.846443609815424,49.17436611985637,0.01348295768540466,11.923829467708895,0.10277252694270089,0.15970659585671443,0.07985329792835733,0.3258543097785723,1.263383228881987,S014,S156,12.0,6.0,6.0,1.4,0.6,0.7999999999999999,5.0,10.0,5.0,26.94705900302477,38.096038453831916,11.148979450807147,0.6720774899590509,22.899384606790655,11.078327666024457,11.821056940766198,0.376789694062963,0.29230741429929485,0.08448227976366812,0.246420611874074,0.41538517140141024,0.16896455952733624,0.4593985638381925,0.2252866389578346,0.2341119248803579,1.8497916082129864,1.2907999916959905,0.5589916165169959
15,16,MP_tot_PEEP_Jmin,compliance_dominant,compliance_dominant,26.838537699928576,26.838537699928576,0.0,0.0,0.0,0.0,0.0,0.0,0.0,S015,S016,0.0,0.0,0.0,0.6,1.0,0.4,10.0,10.0,0.0,26.838537699928576,26.838537699928576,0.0,0.0,0.0,0.0,0.0,0.3767282287348079,0.3767282287348079,0.0,0.24654354253038419,0.24654354253038419,0.0,0.0,0.0,0.0,1.0,1.0,0.0
15,17,MP_tot_PEEP_Jmin,compliance_dominant,compliance_dominant,26.838537699928576,26.838537699928576,0.0,0.0,0.0,0.0,0.0,0.0,0.0,S015,S017,0.0,0.0,0.0,0.6,1.4,0.7999999999999999,10.0,10.0,0.0,26.838537699928576,26.838537699928576,0.0,0.0,0.0,0.0,0.0,0.3767282287348079,0.3767282287348079,0.0,0.24654354253038419,0.24654354253038419,0.0,0.0,0.0,0.0,1.0,1.0,0.0
15,65,MP_tot_PEEP_Jmin,compliance_dominant,resistance_dominant,26.838537699928576,25.889988063644324,0.035342821091432865,2.4440730994658555,0.27348691344867504,0.15828492589550425,0.16740107958263206,0.14959722248304194,0.1759133747420747,S015,S065,0.0,3.0,3.0,0.6,1.4,0.7999999999999999,10.0,10.0,0.0,26.838537699928576,23.172428050729796,3.6661096491987806,0.9485496362842518,0.0,2.717560012914531,2.717560012914531,0.3767282287348079,0.5460243940451319,0.16929616531032404,0.24654354253038419,0.09204878809026369,0.1544947544401205,0.0,0.10496567268528907,0.10496567268528907,1.0,1.117275583161383,0.11727558316138298
15,66,MP_tot_PEEP_Jmin,compliance_dominant,resistance_dominant,26.838537699928576,26.480703749291557,0.013332840806672245,4.092896013948014,1.6886140563369914,0.15413070458135464,0.16947819023970678,0.2952616405291904,0.4189663249647766,S015,S066,0.0,6.0,6.0,0.6,0.6,0.0,10.0,10.0,0.0,26.838537699928576,20.699193679006555,6.139344020922021,0.35783395063701917,0.0,5.781510070285002,5.781510070285002,0.3767282287348079,0.542811548604958,0.16608331987015007,0.24654354253038419,0.08562309720991573,0.16092044532046845,0.0,0.2183291699881532,0.2183291699881532,1.0,1.2793108833098508,0.27931088330985077
15,99,MP_tot_PEEP_Jmin,compliance_dominant,mixed,26.838537699928576,25.752329772344044,0.040471948946287875,11.44868805789605,1.416300897001996,0.08678979080294916,0.04339489540147462,0.6662807972642909,1.9965311909005,S015,S099,0.0,9.0,9.0,0.6,0.6,0.0,10.0,5.0,5.0,26.838537699928576,12.887340817446002,13.951196882482574,1.0862079275845318,0.0,12.864988954898047,12.864988954898047,0.3767282287348079,0.33333333333333337,0.04339489540147451,0.24654354253038419,0.33333333333333337,0.08678979080294918,0.0,0.49956602251630156,0.49956602251630156,1.0,1.99826559545025,0.99826559545025
15,142,MP_tot_PEEP_Jmin,compliance_dominant,severe_mixed,26.838537699928576,27.735392177771217,0.0334166670282125,8.253361280585397,0.20403652511850723,0.17534797607345556,0.08767398803672777,0.46735263070713134,0.8774146980723452,S015,S142,0.0,6.0,6.0,0.6,1.0,0.4,10.0,5.0,5.0,26.838537699928576,19.277994372067308,7.560543327861268,0.8968544778426413,0.0,8.457397805703904,8.457397805703904,0.3767282287348079,0.28933614450207523,0.08739208423273265,0.24654354253038419,0.42132771099584965,0.17478416846546546,0.0,0.30493161053919265,0.30493161053919265,1.0,1.438707349036173,0.43870734903617303
16,17,MP_tot_PEEP_Jmin,compliance_dominant,compliance_dominant,26.838537699928576,26.838537699928576,0.0,0.0,0.0,0.0,0.0,0.0,0.0,S016,S017,0.0,0.0,0.0,1.0,1.4,0.3999999999999999,10.0,10.0,0.0,26.838537699928576,26.838537699928576,0.0,0.0,0.0,0.0,0.0,0.3767282287348079,0.3767282287348079,0.0,0.24654354253038419,0.24654354253038419,0.0,0.0,0.0,0.0,1.0,1.0,0.0
16,65,MP_tot_PEEP_Jmin,compliance_dominant,resistance_dominant,26.838537699928576,25.889988063644324,0.035342821091432865,2.4440730994658555,0.27348691344867504,0.15828492589550425,0.16740107958263206,0.14959722248304194,0.1759133747420747,S016,S065,0.0,3.0,3.0,1.0,1.4,0.3999999999999999,10.0,10.0,0.0,26.838537699928576,23.172428050729796,3.6661096491987806,0.9485496362842518,0.0,2.717560012914531,2.717560012914531,0.3767282287348079,0.5460243940451319,0.16929616531032404,0.24654354253038419,0.09204878809026369,0.1544947544401205,0.0,0.10496567268528907,0.10496567268528907,1.0,1.117275583161383,0.11727558316138298
16,66,MP_tot_PEEP_Jmin,compliance_dominant,resistance_dominant,26.838537699928576,26.480703749291557,0.013332840806672245,4.092896013948014,1.6886140563369914,0.15413070458135464,0.16947819023970678,0.2952616405291904,0.4189663249647766,S016,S066,0.0,6.0,6.0,1.0,0.6,0.4,10.0,10.0,0.0,26.838537699928576,20.699193679006555,6.139344020922021,0.35783395063701917,0.0,5.781510070285002,5.781510070285002,0.3767282287348079,0.542811548604958,0.16608331987015007,0.24654354253038419,0.08562309720991573,0.16092044532046845,0.0,0.2183291699881532,0.2183291699881532,1.0,1.2793108833098508,0.27931088330985077
16,99,MP_tot_PEEP_Jmin,compliance_dominant,mixed,26.838537699928576,25.752329772344044,0.040471948946287875,11.44868805789605,1.416300897001996,0.08678979080294916,0.04339489540147462,0.6662807972642909,1.9965311909005,S016,S099,0.0,9.0,9.0,1.0,0.6,0.4,10.0,5.0,5.0,26.838537699928576,12.887340817446002,13.951196882482574,1.0862079275845318,0.0,12.864988954898047,12.864988954898047,0.3767282287348079,0.33333333333333337,0.04339489540147451,0.24654354253038419,0.33333333333333337,0.08678979080294918,0.0,0.49956602251630156,0.49956602251630156,1.0,1.99826559545025,0.99826559545025
16,142,MP_tot_PEEP_Jmin,compliance_dominant,severe_mixed,26.838537699928576,27.735392177771217,0.0334166670282125,8.253361280585397,0.20403652511850723,0.17534797607345556,0.08767398803672777,0.46735263070713134,0.8774146980723452,S016,S142,0.0,6.0,6.0,1.0,1.0,0.0,10.0,5.0,5.0,26.838537699928576,19.277994372067308,7.560543327861268,0.8968544778426413,0.0,8.457397805703904,8.457397805703904,0.3767282287348079,0.28933614450207523,0.08739208423273265,0.24654354253038419,0.42132771099584965,0.17478416846546546,0.0,0.30493161053919265,0.30493161053919265,1.0,1.438707349036173,0.43870734903617303
17,65,MP_tot_PEEP_Jmin,compliance_dominant,resistance_dominant,26.838537699928576,25.889988063644324,0.035342821091432865,2.4440730994658555,0.27348691344867504,0.15828492589550425,0.16740107958263206,0.14959722248304194,0.1759133747420747,S017,S065,0.0,3.0,3.0,1.4,1.4,0.0,10.0,10.0,0.0,26.838537699928576,23.172428050729796,3.6661096491987806,0.9485496362842518,0.0,2.717560012914531,2.717560012914531,0.3767282287348079,0.5460243940451319,0.16929616531032404,0.24654354253038419,0.09204878809026369,0.1544947544401205,0.0,0.10496567268528907,0.10496567268528907,1.0,1.117275583161383,0.11727558316138298
17,66,MP_tot_PEEP_Jmin,compliance_dominant,resistance_dominant,26.838537699928576,26.480703749291557,0.013332840806672245,4.092896013948014,1.6886140563369914,0.15413070458135464,0.16947819023970678,0.2952616405291904,0.4189663249647766,S017,S066,0.0,6.0,6.0,1.4,0.6,0.7999999999999999,10.0,10.0,0.0,26.838537699928576,20.699193679006555,6.139344020922021,0.35783395063701917,0.0,5.781510070285002,5.781510070285002,0.3767282287348079,0.542811548604958,0.16608331987015007,0.24654354253038419,0.08562309720991573,0.16092044532046845,0.0,0.2183291699881532,0.2183291699881532,1.0,1.2793108833098508,0.27931088330985077
17,99,MP_tot_PEEP_Jmin,compliance_dominant,mixed,26.838537699928576,25.752329772344044,0.040471948946287875,11.44868805789605,1.416300897001996,0.08678979080294916,0.04339489540147462,0.6662807972642909,1.9965311909005,S017,S099,0.0,9.0,9.0,1.4,0.6,0.7999999999999999,10.0,5.0,5.0,26.838537699928576,12.887340817446002,13.951196882482574,1.0862079275845318,0.0,12.864988954898047,12.864988954898047,0.3767282287348079,0.33333333333333337,0.04339489540147451,0.24654354253038419,0.33333333333333337,0.08678979080294918,0.0,0.49956602251630156,0.49956602251630156,1.0,1.99826559545025,0.99826559545025
17,142,MP_tot_PEEP_Jmin,compliance_dominant,severe_mixed,26.838537699928576,27.735392177771217,0.0334166670282125,8.253361280585397,0.20403652511850723,0.17534797607345556,0.08767398803672777,0.46735263070713134,0.8774146980723452,S017,S142,0.0,6.0,6.0,1.4,1.0,0.3999999999999999,10.0,5.0,5.0,26.838537699928576,19.277994372067308,7.560543327861268,0.8968544778426413,0.0,8.457397805703904,8.457397805703904,0.3767282287348079,0.28933614450207523,0.08739208423273265,0.24654354253038419,0.42132771099584965,0.17478416846546546,0.0,0.30493161053919265,0.30493161053919265,1.0,1.438707349036173,0.43870734903617303
18,67,MP_tot_PEEP_Jmin,compliance_dominant,resistance_dominant,32.00099240824953,31.558112834142726,0.013839557487993231,2.4856688912763296,0.7999548715313551,0.17608211206585056,0.1623987263853513,0.1360068824587821,0.22489085609110226,S018,S067,3.0,6.0,3.0,0.6,1.0,0.4,10.0,10.0,0.0,28.600294136221013,24.871790799306524,3.728503336914489,0.44287957410680434,3.4006982720285186,6.686322034836207,3.2856237628076888,0.37326728518362606,0.5379905963296706,0.16472331114604455,0.25346542963274793,0.07598119265934128,0.17748423697340665,0.1062685253208539,0.21187331669599313,0.10560479137513923,1.118904311117615,1.268831548511683,0.1499272373940681
18,69,MP_tot_PEEP_Jmin,compliance_dominant,resistance_dominant,32.00099240824953,31.997923531114203,9.589943637297202e-05,4.525897823383286,2.259880034556314,0.1532675984818589,0.17380598317734713,0.2605899078252404,0.5221799953902493,S018,S069,3.0,9.0,6.0,0.6,0.6,0.0,10.0,10.0,0.0,28.600294136221013,21.81144740114609,6.788846735074923,0.0030688771353268862,3.4006982720285186,10.18647612996812,6.7857778579396015,0.37326728518362606,0.5437277673748941,0.17046048219126808,0.25346542963274793,0.08745553474978818,0.16600989488295975,0.1062685253208539,0.3183480365550275,0.21207951123417362,1.118904311117615,1.4670243080444474,0.3481199969268325
18,143,MP_tot_PEEP_Jmin,compliance_dominant,severe_mixed,32.00099240824953,32.2996138495897,0.009331630642279248,7.420446198975945,1.814363738424241,0.16578705697110946,0.08289352848555476,0.28473582748961557,0.5949956358639141,S018,S143,3.0,6.0,3.0,0.6,1.4,0.7999999999999999,10.0,5.0,5.0,28.600294136221013,23.292833117009465,5.307461019211548,0.2986214413401669,3.4006982720285186,9.006780732580225,5.606082460551706,0.37326728518362606,0.2934080300245243,0.07985925515910175,0.25346542963274793,0.4131839399509512,0.15971851031820328,0.1062685253208539,0.27885103439695264,0.17258250907609873,1.118904311117615,1.3866760512701686,0.26777174015255367
19,59,MP_tot_PEEP_Jmin,compliance_dominant,resistance_dominant,35.60331074103701,34.31403492384225,0.036212245163726335,11.70545211887504,0.10793482131939314,0.1726155329181951,0.17312620321816274,0.46512924938663514,1.4812787025590461,S019,S059,3.0,12.0,9.0,1.0,1.4,0.3999999999999999,10.0,5.0,5.0,31.57233336899905,18.685540254248643,12.886793114750407,1.2892758171947634,4.030977372037959,15.628494669593614,11.597517297555655,0.37106426150939464,0.5473453145208274,0.1762810530114327,0.2578714769812106,0.0946906290416545,0.16318084793955612,0.11321917226624045,0.4554548803217119,0.34223570805547143,1.127674357321844,1.8363951192709058,0.7087207619490619
19,68,MP_tot_PEEP_Jmin,compliance_dominant,resistance_dominant,35.60331074103701,34.76148627024184,0.02364455589308082,2.4681090015112837,0.3922300299604764,0.1736626148762948,0.17260266223911291,0.10982092386159628,0.17938590219910733,S019,S068,3.0,6.0,3.0,1.0,1.4,0.3999999999999999,10.0,10.0,0.0,31.57233336899905,27.87016986673212,3.702163502266931,0.8418244707951743,4.030977372037959,6.891316403509719,2.86033903147176,0.37106426150939464,0.5454826718325426,0.17441841032314798,0.2578714769812106,0.09096534366508525,0.16690613331612536,0.11321917226624045,0.19824573523512276,0.08502656296888231,1.127674357321844,1.2472649587879154,0.11959060146607148
19,75,MP_tot_PEEP_Jmin,compliance_dominant,resistance_dominant,35.60331074103701,36.94937246945506,0.03780720670076752,6.663807106091927,2.6328297340539635,0.1648730509082288,0.176997444223146,0.16072990499819703,0.19151153598276593,S019,S075,3.0,0.0,3.0,1.0,0.6,0.4,10.0,15.0,5.0,31.57233336899905,36.94937246945506,5.377039100456006,1.346061728418043,4.030977372037959,0.0,4.030977372037959,0.37106426150939464,0.5472804593845157,0.1762161978751211,0.2578714769812106,0.09456091876903151,0.1633105582121791,0.11321917226624045,0.0,0.11321917226624045,1.127674357321844,1.0,0.12767435732184396
19,76,MP_tot_PEEP_Jmin,compliance_dominant,resistance_dominant,35.60331074103701,36.94937246945506,0.03780720670076752,6.663807106091927,2.6328297340539635,0.1648730509082288,0.176997444223146,0.16072990499819703,0.19151153598276593,S019,S076,3.0,0.0,3.0,1.0,1.0,0.0,10.0,15.0,5.0,31.57233336899905,36.94937246945506,5.377039100456006,1.346061728418043,4.030977372037959,0.0,4.030977372037959,0.37106426150939464,0.5472804593845157,0.1762161978751211,0.2578714769812106,0.09456091876903151,0.1633105582121791,0.11321917226624045,0.0,0.11321917226624045,1.127674357321844,1.0,0.12767435732184396
19,77,MP_tot_PEEP_Jmin,compliance_dominant,resistance_dominant,35.60331074103701,36.94937246945506,0.03780720670076752,6.663807106091927,2.6328297340539635,0.1648730509082288,0.176997444223146,0.16072990499819703,0.19151153598276593,S019,S077,3.0,0.0,3.0,1.0,1.4,0.3999999999999999,10.0,15.0,5.0,31.57233336899905,36.94937246945506,5.377039100456006,1.346061728418043,4.030977372037959,0.0,4.030977372037959,0.37106426150939464,0.5472804593845157,0.1762161978751211,0.2578714769812106,0.09456091876903151,0.1633105582121791,0.11321917226624045,0.0,0.11321917226624045,1.127674357321844,1.0,0.12767435732184396
19,100,MP_tot_PEEP_Jmin,compliance_dominant,mixed,35.60331074103701,34.05598042881401,0.043460292877749794,11.002878174710522,1.0685632605121533,0.07389936365607308,0.036949681828036485,0.4208995061631391,1.1987138447636552,S019,S100,3.0,9.0,6.0,1.0,1.0,0.0,10.0,5.0,5.0,31.57233336899905,20.09068814257768,11.48164522642137,1.5473303122230035,4.030977372037959,13.965292286236334,9.934314914198374,0.37106426150939464,0.3333333333333334,0.03773092817606122,0.2578714769812106,0.3333333333333334,0.07546185635212282,0.11321917226624045,0.4100687195139627,0.2968495472477222,1.127674357321844,1.6951126903732106,0.5674383330513666
19,102,MP_tot_PEEP_Jmin,compliance_dominant,mixed,35.60331074103701,34.536278206011644,0.02997003685377743,14.141800829289764,2.550657171264721,0.07389936365607319,0.036949681828036374,0.5893078360810952,2.809092412460571,S019,S102,3.0,12.0,9.0,1.0,0.6,0.4,10.0,5.0,5.0,31.57233336899905,13.812842833419198,17.75949053557985,1.067032535025369,4.030977372037959,20.72343537259245,16.692458000554492,0.37106426150939464,0.3333333333333333,0.03773092817606133,0.2578714769812106,0.3333333333333333,0.07546185635212271,0.11321917226624045,0.6000483100401124,0.48682913777387193,1.127674357321844,2.5003019742216686,1.3726276168998246
19,108,MP_tot_PEEP_Jmin,compliance_dominant,mixed,35.60331074103701,35.83477067822741,0.006501079039360487,0.09894930902675014,0.1819852826770152,0.07389936365607308,0.036949681828036485,0.0021291755183266148,0.003030478063100084,S019,S108,3.0,3.0,0.0,1.0,0.6,0.4,10.0,10.0,0.0,31.57233336899905,31.720757332539172,0.14842396354012166,0.23145993719039382,4.030977372037959,4.114013345688228,0.08303597365026949,0.37106426150939464,0.3333333333333332,0.03773092817606144,0.2578714769812106,0.3333333333333332,0.0754618563521226,0.11321917226624045,0.11480506970811542,0.00158589744187497,1.127674357321844,1.1296946760305775,0.0020203187087335372
19,150,MP_tot_PEEP_Jmin,compliance_dominant,severe_mixed,35.60331074103701,34.38632703901432,0.03418175660332559,1.8759957800101787,2.1549815920277844,0.15249305829203536,0.07624652914601765,0.16072990499819703,0.19151153598276593,S019,S150,3.0,0.0,3.0,1.0,0.6,0.4,10.0,10.0,0.0,31.57233336899905,34.38632703901432,2.813993670015268,1.216983702022695,4.030977372037959,0.0,4.030977372037959,0.37106426150939464,0.2940364860153521,0.07702777549404255,0.2578714769812106,0.41192702796929587,0.15405555098808527,0.11321917226624045,0.0,0.11321917226624045,1.127674357321844,1.0,0.12767435732184396
19,151,MP_tot_PEEP_Jmin,compliance_dominant,severe_mixed,35.60331074103701,34.38632703901432,0.03418175660332559,1.8759957800101787,2.1549815920277844,0.15249305829203536,0.07624652914601765,0.16072990499819703,0.19151153598276593,S019,S151,3.0,0.0,3.0,1.0,1.0,0.0,10.0,10.0,0.0,31.57233336899905,34.38632703901432,2.813993670015268,1.216983702022695,4.030977372037959,0.0,4.030977372037959,0.37106426150939464,0.2940364860153521,0.07702777549404255,0.2578714769812106,0.41192702796929587,0.15405555098808527,0.11321917226624045,0.0,0.11321917226624045,1.127674357321844,1.0,0.12767435732184396
19,152,MP_tot_PEEP_Jmin,compliance_dominant,severe_mixed,35.60331074103701,34.38632703901432,0.03418175660332559,1.8759957800101787,2.1549815920277844,0.15249305829203536,0.07624652914601765,0.16072990499819703,0.19151153598276593,S019,S152,3.0,0.0,3.0,1.0,1.4,0.3999999999999999,10.0,10.0,0.0,31.57233336899905,34.38632703901432,2.813993670015268,1.216983702022695,4.030977372037959,0.0,4.030977372037959,0.37106426150939464,0.2940364860153521,0.07702777549404255,0.2578714769812106,0.41192702796929587,0.15405555098808527,0.11321917226624045,0.0,0.11321917226624045,1.127674357321844,1.0,0.12767435732184396
20,21,MP_tot_PEEP_Jmin,compliance_dominant,compliance_dominant,37.64341108300157,38.58737568828104,0.025076489566742178,2.1512113607055205,2.019570285632245,0.003925491805031711,0.0019627459025158833,0.13563803798471805,0.22529573835305783,S020,S021,3.0,6.0,3.0,1.4,0.6,0.7999999999999999,10.0,10.0,0.0,33.58886761357177,30.36205057251348,3.2268170410582933,0.9439646052794757,4.054543469429799,8.225325115767568,4.170781646337769,0.3755388961196097,0.37250607365526145,0.0030328224643482726,0.24892220776078056,0.2549878526894772,0.006065644928696656,0.10770924719042498,0.2131610395641804,0.10545179237375542,1.120710930659405,1.2709080895614437,0.15019715890203877
20,72,MP_tot_PEEP_Jmin,compliance_dominant,resistance_dominant,37.64341108300157,38.52461732929721,0.023409309117939158,7.110110993524129,4.4362617430577025,0.14964306026864596,0.1776817156194797,0.35184811512662484,0.8397711285957272,S020,S072,3.0,12.0,9.0,1.4,0.6,0.7999999999999999,10.0,10.0,0.0,33.58886761357177,22.92370112328557,10.6651664902862,0.8812062462956405,4.054543469429799,15.600916206011632,11.546372736581834,0.3755388961196097,0.5455552359019941,0.17001633978238434,0.24892220776078056,0.09111047180398832,0.15781173595679224,0.10770924719042498,0.404959667026918,0.29725041983649303,1.120710930659405,1.6805583497232237,0.5598474190638187
20,75,MP_tot_PEEP_Jmin,compliance_dominant,resistance_dominant,37.64341108300157,36.94937246945506,0.018437187108686696,5.319450943043446,1.264907473613647,0.15794232698477118,0.1735320822614172,0.15330755036635343,0.18106639598910768,S020,S075,3.0,0.0,3.0,1.4,0.6,0.7999999999999999,10.0,15.0,5.0,33.58886761357177,36.94937246945506,3.360504855883285,0.6940386135465104,4.054543469429799,0.0,4.054543469429799,0.3755388961196097,0.5472804593845157,0.17174156326490603,0.24892220776078056,0.09456091876903151,0.15436128899174906,0.10770924719042498,0.0,0.10770924719042498,1.120710930659405,1.0,0.12071093065940497
20,76,MP_tot_PEEP_Jmin,compliance_dominant,resistance_dominant,37.64341108300157,36.94937246945506,0.018437187108686696,5.319450943043446,1.264907473613647,0.15794232698477118,0.1735320822614172,0.15330755036635343,0.18106639598910768,S020,S076,3.0,0.0,3.0,1.4,1.0,0.3999999999999999,10.0,15.0,5.0,33.58886761357177,36.94937246945506,3.360504855883285,0.6940386135465104,4.054543469429799,0.0,4.054543469429799,0.3755388961196097,0.5472804593845157,0.17174156326490603,0.24892220776078056,0.09456091876903151,0.15436128899174906,0.10770924719042498,0.0,0.10770924719042498,1.120710930659405,1.0,0.12071093065940497
20,77,MP_tot_PEEP_Jmin,compliance_dominant,resistance_dominant,37.64341108300157,36.94937246945506,0.018437187108686696,5.319450943043446,1.264907473613647,0.15794232698477118,0.1735320822614172,0.15330755036635343,0.18106639598910768,S020,S077,3.0,0.0,3.0,1.4,1.4,0.0,10.0,15.0,5.0,33.58886761357177,36.94937246945506,3.360504855883285,0.6940386135465104,4.054543469429799,0.0,4.054543469429799,0.3755388961196097,0.5472804593845157,0.17174156326490603,0.24892220776078056,0.09456091876903151,0.15436128899174906,0.10770924719042498,0.0,0.10770924719042498,1.120710930659405,1.0,0.12071093065940497
20,108,MP_tot_PEEP_Jmin,compliance_dominant,mixed,37.64341108300157,35.83477067822741,0.0480466661426142,1.2454068540217307,1.1859369777633013,0.0808300875795307,0.04041504378976529,0.009551530150170212,0.013475618056758343,S020,S108,3.0,3.0,0.0,1.4,0.6,0.7999999999999999,10.0,10.0,0.0,33.58886761357177,31.720757332539172,1.8681102810325996,1.8086404047741595,4.054543469429799,4.114013345688228,0.059469876258429366,0.3755388961196097,0.3333333333333332,0.04220556278627652,0.24892220776078056,0.3333333333333332,0.08441112557255265,0.10770924719042498,0.11480506970811542,0.007095822517690448,1.120710930659405,1.1296946760305775,0.008983745371172525
20,145,MP_tot_PEEP_Jmin,compliance_dominant,severe_mixed,37.64341108300157,39.29586880981653,0.043897661749393295,10.79960988324855,1.2557784055396048,0.16968393533886356,0.08484196766943175,0.4282175460334747,1.208563164581724,S020,S145,3.0,9.0,6.0,1.4,1.0,0.3999999999999999,10.0,5.0,5.0,33.58886761357177,23.185937051598586,10.402930561973186,1.6524577268149656,4.054543469429799,16.109931758217957,12.055388288788158,0.3755388961196097,0.2888851632524661,0.08665373286714362,0.24892220776078056,0.422229673495068,0.17330746573428746,0.10770924719042498,0.4099650229439264,0.30225577575350143,1.120710930659405,1.6948147802854154,0.5741038496260105
20,147,MP_tot_PEEP_Jmin,compliance_dominant,severe_mixed,37.64341108300157,39.180046895050936,0.04082084401599989,14.188382959333731,4.528729566859173,0.1528430589730574,0.07642152948652864,0.5818346631029976,2.5945447087434372,S020,S147,3.0,12.0,9.0,1.4,0.6,0.7999999999999999,10.0,5.0,5.0,33.58886761357177,16.408390899428223,17.18047671414355,1.5366358120493686,4.054543469429799,22.7716559956227,18.717112526192903,0.3755388961196097,0.29382539449669154,0.08171350162291818,0.24892220776078056,0.4123492110066167,0.16342700324583614,0.10770924719042498,0.5812054298102212,0.4734961826197962,1.120710930659405,2.387805552366273,1.267094621706868
21,70,MP_tot_PEEP_Jmin,compliance_dominant,resistance_dominant,38.58737568828104,39.92738431448164,0.03472660688370056,1.5278049939449438,2.103911123173063,0.17710378469783253,0.1600258615998546,0.09891202510394248,0.22724472246142002,S021,S070,6.0,9.0,3.0,0.6,1.0,0.4,10.0,10.0,0.0,30.36205057251348,28.070343081596064,2.291707490917414,1.3400086262006,8.225325115767568,11.85704123288557,3.6317161171180015,0.37250607365526145,0.5362582684276135,0.16375219477235203,0.2549878526894772,0.07251653685522706,0.18247131583425014,0.2131610395641804,0.296965139000729,0.08380409943654862,1.2709080895614437,1.4224045712023907,0.15149648164094698
21,72,MP_tot_PEEP_Jmin,compliance_dominant,resistance_dominant,38.58737568828104,38.52461732929721,0.001626396142894342,4.958899632818609,2.4166914574254577,0.14571756846361425,0.17571896971696382,0.21621007714190682,0.6144753902426694,S021,S072,6.0,12.0,6.0,0.6,0.6,0.0,10.0,10.0,0.0,30.36205057251348,22.92370112328557,7.438349449227907,0.0627583589838352,8.225325115767568,15.600916206011632,7.375591090244065,0.37250607365526145,0.5455552359019941,0.1730491622467326,0.2549878526894772,0.09111047180398832,0.1638773808854889,0.2131610395641804,0.404959667026918,0.1917986274627376,1.2709080895614437,1.6805583497232237,0.40965026016177997
21,75,MP_tot_PEEP_Jmin,compliance_dominant,resistance_dominant,38.58737568828104,36.94937246945506,0.0424491997605177,7.470662303748966,0.7546628120185979,0.15401683517973946,0.17156933635890131,0.2889455883510715,0.4063621343421655,S021,S075,6.0,0.0,6.0,0.6,0.6,0.0,10.0,15.0,5.0,30.36205057251348,36.94937246945506,6.587321896941578,1.638003218825986,8.225325115767568,0.0,8.225325115767568,0.37250607365526145,0.5472804593845157,0.1747743857292543,0.2549878526894772,0.09456091876903151,0.1604269339204457,0.2131610395641804,0.0,0.2131610395641804,1.2709080895614437,1.0,0.27090808956144374
21,76,MP_tot_PEEP_Jmin,compliance_dominant,resistance_dominant,38.58737568828104,36.94937246945506,0.0424491997605177,7.470662303748966,0.7546628120185979,0.15401683517973946,0.17156933635890131,0.2889455883510715,0.4063621343421655,S021,S076,6.0,0.0,6.0,0.6,1.0,0.4,10.0,15.0,5.0,30.36205057251348,36.94937246945506,6.587321896941578,1.638003218825986,8.225325115767568,0.0,8.225325115767568,0.37250607365526145,0.5472804593845157,0.1747743857292543,0.2549878526894772,0.09456091876903151,0.1604269339204457,0.2131610395641804,0.0,0.2131610395641804,1.2709080895614437,1.0,0.27090808956144374
21,77,MP_tot_PEEP_Jmin,compliance_dominant,resistance_dominant,38.58737568828104,36.94937246945506,0.0424491997605177,7.470662303748966,0.7546628120185979,0.15401683517973946,0.17156933635890131,0.2889455883510715,0.4063621343421655,S021,S077,6.0,0.0,6.0,0.6,1.4,0.7999999999999999,10.0,15.0,5.0,30.36205057251348,36.94937246945506,6.587321896941578,1.638003218825986,8.225325115767568,0.0,8.225325115767568,0.37250607365526145,0.5472804593845157,0.1747743857292543,0.2549878526894772,0.09456091876903151,0.1604269339204457,0.2131610395641804,0.0,0.2131610395641804,1.2709080895614437,1.0,0.27090808956144374
21,109,MP_tot_PEEP_Jmin,compliance_dominant,mixed,38.58737568828104,39.633348622237186,0.027106609747337772,3.306920281727635,0.6074872069076775,0.08475557938456235,0.04237778969228123,0.1342061536200819,0.22329499375961315,S021,S109,6.0,3.0,3.0,0.6,1.0,0.4,10.0,10.0,0.0,30.36205057251348,35.32243099510493,4.960380422591452,1.0459729339561434,8.225325115767568,4.310917627132253,3.914407488635315,0.37250607365526145,0.33333333333333337,0.03917274032192808,0.2549878526894772,0.33333333333333337,0.07834548064385616,0.2131610395641804,0.10876995704353669,0.1043910825206437,1.2709080895614437,1.1220447603883683,0.14886332917307543
21,145,MP_tot_PEEP_Jmin,compliance_dominant,severe_mixed,38.58737568828104,39.29586880981653,0.018360749050645046,8.64839852254303,0.76379188009264,0.17360942714389527,0.08680471357194763,0.2925795080487567,0.9832674262286663,S021,S145,6.0,9.0,3.0,0.6,1.0,0.4,10.0,5.0,5.0,30.36205057251348,23.185937051598586,7.1761135209148925,0.7084931215354899,8.225325115767568,16.109931758217957,7.88460664245039,0.37250607365526145,0.2888851632524661,0.08362091040279535,0.2549878526894772,0.422229673495068,0.1672418208055908,0.2131610395641804,0.4099650229439264,0.196803983379746,1.2709080895614437,1.6948147802854154,0.4239066907239717
21,147,MP_tot_PEEP_Jmin,compliance_dominant,severe_mixed,38.58737568828104,39.180046895050936,0.015359199639738308,12.03717159862821,2.5091592812269283,0.1567685507780891,0.07838427538904452,0.44619662511827957,2.3692489703903794,S021,S147,6.0,12.0,6.0,0.6,0.6,0.0,10.0,5.0,5.0,30.36205057251348,16.408390899428223,13.953659673085255,0.5926712067698929,8.225325115767568,22.7716559956227,14.546330879855134,0.37250607365526145,0.29382539449669154,0.07868067915856991,0.2549878526894772,0.4123492110066167,0.1573613583171395,0.2131610395641804,0.5812054298102212,0.36804439024604074,1.2709080895614437,2.387805552366273,1.1168974628048292
22,24,MP_tot_PEEP_Jmin,compliance_dominant,compliance_dominant,46.13825772560597,46.597687540023095,0.009957675843536495,2.788214686175735,1.853537157504988,0.02149110241893537,0.010745551209467685,0.11441471713954016,0.2696305917417854,S022,S024,6.0,9.0,3.0,1.0,0.6,0.4,10.0,10.0,0.0,36.30612903806955,32.12380700880593,4.1823220292636165,0.4594298144171276,9.832128687536432,14.473880531217157,4.641751843680725,0.3679802571577597,0.3733695906532251,0.005389333495465387,0.26403948568448077,0.25326081869354966,0.010778666990931107,0.2131014297507763,0.31061370843318,0.09751227868240367,1.2708118146450351,1.450565542472893,0.1797537278278578
22,71,MP_tot_PEEP_Jmin,compliance_dominant,resistance_dominant,46.13825772560597,45.08918085451998,0.02273767850804142,2.492144903556749,0.19699558069238776,0.18058367033114187,0.17526591298073468,0.07689123639735723,0.17048194304767117,S022,S071,6.0,9.0,3.0,1.0,1.4,0.3999999999999999,10.0,10.0,0.0,36.30612903806955,32.567911682734426,3.7382173553351237,1.0490768710859868,9.832128687536432,12.521269171785557,2.6891404842491244,0.3679802571577597,0.5452861283658862,0.17730587120812646,0.26403948568448077,0.0905722567317724,0.17346722895270839,0.2131014297507763,0.2777000809170912,0.06459865116631489,1.2708118146450351,1.3844664433434826,0.11365462869844745
22,79,MP_tot_PEEP_Jmin,compliance_dominant,resistance_dominant,46.13825772560597,45.01047825154731,0.024443477704897316,6.706495609001053,0.6707363271709426,0.18114227948220432,0.17498660840520375,0.17948901932359573,0.2833999293225986,S022,S079,6.0,3.0,3.0,1.0,1.0,0.0,10.0,15.0,5.0,36.30612903806955,41.214108845841,4.907979807771447,1.1277794740586558,9.832128687536432,3.796369405706322,6.03575928183011,0.3679802571577597,0.5427232040451674,0.17474294688740766,0.26403948568448077,0.08544640809033464,0.1785930775941461,0.2131014297507763,0.08434412503883616,0.12875730471194013,1.2708118146450351,1.0921133444837159,0.17869847016131923
22,80,MP_tot_PEEP_Jmin,compliance_dominant,resistance_dominant,46.13825772560597,46.92531914907638,0.017058759092101694,8.205685142713861,2.085847380129067,0.17578621824735108,0.1776646390226303,0.1861018296975645,0.29167538516123015,S022,S080,6.0,3.0,3.0,1.0,1.4,0.3999999999999999,10.0,15.0,5.0,36.30612903806955,43.21302822412474,6.906899186055192,0.7870614234704121,9.832128687536432,3.7122909249516365,6.119837762584796,0.3679802571577597,0.5459639527355116,0.17798369557775184,0.26403948568448077,0.09192790547102322,0.17211158021345754,0.2131014297507763,0.0791106164490456,0.1339908133017307,1.2708118146450351,1.0859067526047423,0.18490506204029278
22,81,MP_tot_PEEP_Jmin,compliance_dominant,resistance_dominant,46.13825772560597,47.57817348422754,0.03120871549127535,5.7324507709906385,3.563113172521305,0.17493839936813993,0.17808854846223576,0.08507128781634868,0.15024986766330484,S022,S081,6.0,6.0,0.0,1.0,0.6,0.4,10.0,15.0,5.0,36.30612903806955,39.915382395160435,3.6092533570908856,1.4399157586215736,9.832128687536432,7.662791089067098,2.169337598469334,0.3679802571577597,0.5436777708960535,0.1756975137382938,0.26403948568448077,0.08735554179210701,0.17668394389237374,0.2131014297507763,0.16105685712393647,0.05204457262683984,1.2708118146450351,1.1919758907281865,0.07883592391684857
22,103,MP_tot_PEEP_Jmin,compliance_dominant,mixed,46.13825772560597,46.03711743286338,0.0021921133941400148,12.495433058582334,0.2922497531498891,0.06777558518702759,0.03388779259351371,0.37005033790918646,1.5256707338106177,S022,S103,6.0,12.0,6.0,1.0,1.0,0.0,10.0,5.0,5.0,36.30612903806955,23.417305933594722,12.888823104474827,0.10114029274258485,9.832128687536432,22.619811499268657,12.787682811732225,0.3679802571577597,0.33333333333333326,0.03464692382442647,0.26403948568448077,0.33333333333333326,0.06929384764885249,0.2131014297507763,0.4913385711487142,0.27823714139793787,1.2708118146450351,1.965944227889086,0.6951324132440508
22,146,MP_tot_PEEP_Jmin,compliance_dominant,severe_mixed,46.13825772560597,46.80700111405894,0.01449433553451743,9.599988440873789,1.8333111833630937,0.15069012189333764,0.07534506094666887,0.25762492366755757,0.7988417377636956,S022,S146,6.0,9.0,3.0,1.0,1.4,0.3999999999999999,10.0,5.0,5.0,36.30612903806955,29.208195169011812,7.097933869057737,0.6687433884529739,9.832128687536432,17.59880594504712,7.766677257510686,0.3679802571577597,0.2933225646373279,0.0746576925204318,0.26403948568448077,0.4133548707253441,0.14931538504086334,0.2131014297507763,0.37598661580908554,0.16288518605830923,1.2708118146450351,1.6025297298656245,0.33171791522058935
22,154,MP_tot_PEEP_Jmin,compliance_dominant,severe_mixed,46.13825772560597,45.28180381435302,0.018562770972984338,2.6280746801611095,2.1704912513335124,0.1515964449102904,0.07579822245514523,0.13091090051216905,0.21862333434887793,S022,S154,6.0,3.0,3.0,1.0,1.0,0.0,10.0,10.0,0.0,36.30612903806955,40.24824105831121,3.942112020241659,0.8564539112529488,9.832128687536432,5.033562756041808,4.7985659314946245,0.3679802571577597,0.2917533113648811,0.07622694579287864,0.26403948568448077,0.4164933772702379,0.15245389158575712,0.2131014297507763,0.11116082691136775,0.10194060283940856,1.2708118146450351,1.1250629250791166,0.14574888956591847
22,155,MP_tot_PEEP_Jmin,compliance_dominant,severe_mixed,46.13825772560597,48.17751600342125,0.044198857484892225,4.6354940526321755,0.27848874850081984,0.14882408005637976,0.0744120400281898,0.14318307598069432,0.2356831346712156,S022,S155,6.0,3.0,3.0,1.0,1.4,0.3999999999999999,10.0,10.0,0.0,36.30612903806955,43.25937011701781,6.95324107894826,2.0392582778152857,9.832128687536432,4.9181458864034395,4.913982801132993,0.3679802571577597,0.2934266067865185,0.07455365037124123,0.26403948568448077,0.4131467864269628,0.14910730074248202,0.2131014297507763,0.10208384106092529,0.11101758868985102,1.2708118146450351,1.1136897248642252,0.15712208978080988
23,73,MP_tot_PEEP_Jmin,compliance_dominant,resistance_dominant,50.561184132921916,49.515027915241326,0.020690896299626137,6.046868108886287,1.9772778367625605,0.18438236700050564,0.162657020267362,0.1913322672439141,0.4951838573723988,S023,S073,6.0,12.0,6.0,1.4,1.0,0.3999999999999999,10.0,10.0,0.0,40.339197527215006,31.26889536388557,9.070302163329437,1.0461562176805899,10.2219866057069,18.24613255135575,8.024145945648849,0.37502658873084366,0.5354209302020131,0.16039434147116943,0.2499468225383126,0.0708418604040262,0.1791049621342864,0.20217063308553046,0.3684968648829009,0.16632623179737044,1.253400841670452,1.5835234132520517,0.33012257158159963
23,112,MP_tot_PEEP_Jmin,compliance_dominant,mixed,50.561184132921916,50.93390382803844,0.007371656766120584,0.017893230389674386,0.3816663103113598,0.07848512956571851,0.03924256478285926,0.007852549179850954,0.015120454503246394,S023,S112,6.0,6.0,0.0,1.4,1.0,0.3999999999999999,10.0,10.0,0.0,40.339197527215006,40.312357681630495,0.02683984558451158,0.3727196951165226,10.2219866057069,10.621546146407942,0.39955954070104127,0.37502658873084366,0.33333333333333326,0.0416932553975104,0.2499468225383126,0.33333333333333326,0.08338651079502066,0.20217063308553046,0.20853587390960834,0.0063652408240778835,1.253400841670452,1.2634811446726164,0.010080303002164337
23,114,MP_tot_PEEP_Jmin,compliance_dominant,mixed,50.561184132921916,52.194478566615956,0.03230332638967118,3.8946227645042093,3.5806058159461287,0.07848512956571863,0.039242564782859146,0.15945477263019503,0.3894039149477022,S023,S114,6.0,9.0,3.0,1.4,0.6,0.7999999999999999,10.0,10.0,0.0,40.339197527215006,34.497263380458705,5.8419341467563015,1.63329443369404,10.2219866057069,17.697215186157244,7.475228580450343,0.37502658873084366,0.3333333333333332,0.041693255397510454,0.2499468225383126,0.3333333333333332,0.0833865107950206,0.20217063308553046,0.33906297509170896,0.1368923420061785,1.253400841670452,1.513003451635587,0.25960260996513496
23,155,MP_tot_PEEP_Jmin,compliance_dominant,severe_mixed,50.561184132921916,48.17751600342125,0.047144230705399644,1.9467817265351997,3.3570589927682732,0.15953362443507074,0.07976681221753529,0.1297259976474784,0.20956667520934058,S023,S155,6.0,3.0,3.0,1.4,1.4,0.0,10.0,10.0,0.0,40.339197527215006,43.25937011701781,2.920172589802803,2.3836681295006628,10.2219866057069,4.9181458864034395,5.303840719303461,0.37502658873084366,0.2934266067865185,0.08159998194432516,0.2499468225383126,0.4131467864269628,0.16319996388865018,0.20217063308553046,0.10208384106092529,0.10008679202460517,1.253400841670452,1.1136897248642252,0.13971111680622683
23,156,MP_tot_PEEP_Jmin,compliance_dominant,severe_mixed,50.561184132921916,49.17436611985637,0.027428511354079307,1.495439382255391,0.6390983219378441,0.1587199086710101,0.07935995433550508,0.02830265120891229,0.05609872503830737,S023,S156,6.0,6.0,0.0,1.4,0.6,0.7999999999999999,10.0,10.0,0.0,40.339197527215006,38.096038453831916,2.24315907338309,1.3868180130655432,10.2219866057069,11.078327666024457,0.8563410603175559,0.37502658873084366,0.29230741429929485,0.0827191744315488,0.2499468225383126,0.41538517140141024,0.16543834886309763,0.20217063308553046,0.2252866389578346,0.02311600587230414,1.253400841670452,1.2907999916959905,0.0373991500255384
24,71,MP_tot_PEEP_Jmin,compliance_dominant,resistance_dominant,46.597687540023095,45.08918085451998,0.03237299456560901,0.29606978261898576,1.6565415768126002,0.1590925679122065,0.164520361771267,0.037523480742182924,0.09914864869411422,S024,S071,9.0,9.0,0.0,0.6,1.4,0.7999999999999999,10.0,10.0,0.0,32.12380700880593,32.567911682734426,0.44410467392849284,1.5085066855031144,14.473880531217157,12.521269171785557,1.9526113594316001,0.3733695906532251,0.5452861283658862,0.17191653771266108,0.25326081869354966,0.0905722567317724,0.16268856196177728,0.31061370843318,0.2777000809170912,0.032913627516088784,1.450565542472893,1.3844664433434826,0.06609909912941037
24,79,MP_tot_PEEP_Jmin,compliance_dominant,resistance_dominant,46.597687540023095,45.01047825154731,0.03406197543842745,9.494710295176787,1.1828008303340454,0.15965117706326895,0.16424105719573606,0.2939037364631359,0.553030521064384,S024,S079,9.0,3.0,6.0,0.6,1.0,0.4,10.0,15.0,5.0,32.12380700880593,41.214108845841,9.090301837035064,1.5872092884757834,14.473880531217157,3.796369405706322,10.677511125510835,0.3733695906532251,0.5427232040451674,0.16935361339194227,0.25326081869354966,0.08544640809033464,0.167814410603215,0.31061370843318,0.08434412503883616,0.22626958339434383,1.450565542472893,1.0921133444837159,0.35845219798917705
24,80,MP_tot_PEEP_Jmin,compliance_dominant,resistance_dominant,46.597687540023095,46.92531914907638,0.007031070131363907,10.993899828889596,0.2323102226240792,0.1542951158284157,0.16691908781316261,0.30051654683710466,0.5613059769030155,S024,S080,9.0,3.0,6.0,0.6,1.4,0.7999999999999999,10.0,15.0,5.0,32.12380700880593,43.21302822412474,11.089221215318808,0.3276316090532845,14.473880531217157,3.7122909249516365,10.76158960626552,0.3733695906532251,0.5459639527355116,0.17259436208228646,0.25326081869354966,0.09192790547102322,0.16133291322252644,0.31061370843318,0.0791106164490456,0.23150309198413438,1.450565542472893,1.0859067526047423,0.3646587898681506
24,81,MP_tot_PEEP_Jmin,compliance_dominant,resistance_dominant,46.597687540023095,47.57817348422754,0.021041515061499552,8.520665457166373,1.7095760150163173,0.15344729694920456,0.16734299725276808,0.19948600495588883,0.4198804594050902,S024,S081,9.0,6.0,3.0,0.6,0.6,0.0,10.0,15.0,5.0,32.12380700880593,39.915382395160435,7.791575386354502,0.980485944204446,14.473880531217157,7.662791089067098,6.811089442150059,0.3733695906532251,0.5436777708960535,0.1703081802428284,0.25326081869354966,0.08735554179210701,0.16590527690144263,0.31061370843318,0.16105685712393647,0.1495568513092435,1.450565542472893,1.1919758907281865,0.2585896517447064
24,103,MP_tot_PEEP_Jmin,compliance_dominant,mixed,46.597687540023095,46.03711743286338,0.012029998413080792,9.707218372406599,1.5612874043550988,0.08926668760596296,0.044633343802981396,0.2556356207696463,1.2560401420688323,S024,S103,9.0,12.0,3.0,0.6,1.0,0.4,10.0,5.0,5.0,32.12380700880593,23.417305933594722,8.70650107521121,0.5605701071597124,14.473880531217157,22.619811499268657,8.1459309680515,0.3733695906532251,0.33333333333333326,0.040036257319891855,0.25326081869354966,0.33333333333333326,0.0800725146397836,0.31061370843318,0.4913385711487142,0.18072486271553423,1.450565542472893,1.965944227889086,0.515378685416193
24,146,MP_tot_PEEP_Jmin,compliance_dominant,severe_mixed,46.597687540023095,46.80700111405894,0.00449193050311918,6.811773754698054,3.6868483408680817,0.172181224312273,0.08609061215613656,0.14321020652801741,0.5292111460219102,S024,S146,9.0,9.0,0.0,0.6,1.4,0.7999999999999999,10.0,5.0,5.0,32.12380700880593,29.208195169011812,2.9156118397941206,0.20931357403584627,14.473880531217157,17.59880594504712,3.1249254138299616,0.3733695906532251,0.2933225646373279,0.0800470260158972,0.25326081869354966,0.4133548707253441,0.16009405203179444,0.31061370843318,0.37598661580908554,0.06537290737590556,1.450565542472893,1.6025297298656245,0.15196418739273154
24,154,MP_tot_PEEP_Jmin,compliance_dominant,severe_mixed,46.597687540023095,45.28180381435302,0.028239249523699092,5.416289366336844,4.0240284088385,0.17308754732922577,0.08654377366461291,0.2453256176517092,0.4882539260906633,S024,S154,9.0,3.0,6.0,0.6,1.0,0.4,10.0,10.0,0.0,32.12380700880593,40.24824105831121,8.124434049505275,1.3158837256700764,14.473880531217157,5.033562756041808,9.440317775175348,0.3733695906532251,0.2917533113648811,0.08161627928834403,0.25326081869354966,0.4164933772702379,0.16323255857668822,0.31061370843318,0.11116082691136775,0.19945288152181223,1.450565542472893,1.1250629250791166,0.3255026173937763
24,155,MP_tot_PEEP_Jmin,compliance_dominant,severe_mixed,46.597687540023095,48.17751600342125,0.03390358077407236,7.42370873880791,2.1320259060058078,0.17031518247531513,0.08515759123765748,0.25759779312023445,0.505313726413001,S024,S155,9.0,3.0,6.0,0.6,1.4,0.7999999999999999,10.0,10.0,0.0,32.12380700880593,43.25937011701781,11.135563108211876,1.579828463398158,14.473880531217157,4.9181458864034395,9.555734644813718,0.3733695906532251,0.2934266067865185,0.07994298386670662,0.25326081869354966,0.4131467864269628,0.15988596773341313,0.31061370843318,0.10208384106092529,0.2085298673722547,1.450565542472893,1.1136897248642252,0.3368758176086677
25,27,MP_tot_PEEP_Jmin,compliance_dominant,compliance_dominant,58.4433786536355,56.03192796347561,0.04126131557950035,4.769574174694476,0.026663602812647014,0.029594459065105938,0.014797229532553136,0.10624996441058232,0.34425280045998696,S025,S027,9.0,12.0,3.0,1.0,0.6,0.4,10.0,10.0,0.0,41.039924707140074,33.885563445098356,7.154361262041718,2.4114506901598887,17.40345394649543,22.14636451837726,4.742910571881833,0.3663612622778419,0.375095190528138,0.008733928250296119,0.2672774754443161,0.2498096189437241,0.017467856500592016,0.2977831594856441,0.3952454488593246,0.09746228937368051,1.4240615466691535,1.6535634136424782,0.22950186697332464
25,33,MP_tot_PEEP_Jmin,compliance_dominant,compliance_dominant,58.4433786536355,60.77114924669555,0.03982950073532841,14.659613181425257,2.0012245000449767,0.018272548503489305,0.009136274251744625,0.2873205742990977,0.5231671744786528,S025,S033,9.0,3.0,6.0,1.0,0.6,0.4,10.0,15.0,5.0,41.039924707140074,56.026083981580406,14.986159274440332,2.327770593060052,17.40345394649543,4.745065265115145,12.658388681380284,0.3663612622778419,0.37430463258621743,0.007943370308375552,0.2672774754443161,0.25139073482756524,0.015886740616750883,0.2977831594856441,0.07808088745949066,0.21970227202615344,1.4240615466691535,1.0846938591438082,0.3393676875253453
25,74,MP_tot_PEEP_Jmin,compliance_dominant,resistance_dominant,58.4433786536355,56.873071816478806,0.026868857915677863,2.5161808056022075,0.31221643435558377,0.18330453498677052,0.17659806868213068,0.05231244367808602,0.15313649299991283,S025,S074,9.0,12.0,3.0,1.0,1.4,0.3999999999999999,10.0,10.0,0.0,41.039924707140074,37.26565349873675,3.774271208403327,1.5703068371566928,17.40345394649543,19.60741831774206,2.203964371246631,0.3663612622778419,0.5452618156395744,0.17890055336173255,0.2672774754443161,0.0905236312791489,0.1767538441651672,0.2977831594856441,0.3447575045886807,0.04697434510303661,1.4240615466691535,1.5261525420024293,0.10209099533327581
25,83,MP_tot_PEEP_Jmin,compliance_dominant,resistance_dominant,58.4433786536355,58.357462206378415,0.0014700800883923476,9.74756317933582,1.2248874604243198,0.18110249285149946,0.17769908974976623,0.19567799700933622,0.3967667087349238,S025,S083,9.0,6.0,3.0,1.0,1.4,0.3999999999999999,10.0,15.0,5.0,41.039924707140074,49.47668397879449,8.436759271654417,0.08591644725708392,17.40345394649543,8.880778227583928,8.5226757189115,0.3663612622778419,0.5452068647014237,0.17884560242358177,0.2672774754443161,0.09041372940284723,0.1768637460414689,0.2977831594856441,0.15217896549677698,0.14560419398886712,1.4240615466691535,1.179494208451605,0.2445673382175486
25,104,MP_tot_PEEP_Jmin,compliance_dominant,mixed,58.4433786536355,56.34487871360726,0.03590654730050762,11.723917546551274,4.0545572958569736,0.06508299715781751,0.032541498578908756,0.22711824189505903,0.9674355944405968,S025,S104,9.0,12.0,3.0,1.0,1.4,0.3999999999999999,10.0,5.0,5.0,41.039924707140074,31.272064516417537,9.767860190722537,2.0984999400282405,17.40345394649543,25.07281419718972,7.669360250694293,0.3663612622778419,0.33333333333333337,0.03302792894450851,0.2672774754443161,0.33333333333333337,0.06605585788901724,0.2977831594856441,0.4449883426785095,0.1472051831928654,1.4240615466691535,1.8017639572221633,0.3777024105530098
25,113,MP_tot_PEEP_Jmin,compliance_dominant,mixed,58.4433786536355,56.88536522268531,0.026658510627589685,3.442334607738424,3.2791807348193984,0.06508299715781762,0.032541498578908645,0.13129354515934522,0.28930185274854026,S025,S113,9.0,6.0,3.0,1.0,1.4,0.3999999999999999,10.0,10.0,0.0,41.039924707140074,46.2034266187477,5.163501911607625,1.55801343095019,17.40345394649543,10.681938603937613,6.721515342557815,0.3663612622778419,0.33333333333333326,0.03302792894450862,0.2672774754443161,0.33333333333333326,0.06605585788901713,0.2977831594856441,0.1877800830164621,0.110003076469182,1.4240615466691535,1.2311936448367935,0.19286790183236002
25,120,MP_tot_PEEP_Jmin,compliance_dominant,mixed,58.4433786536355,60.66500861715883,0.0380133731947603,18.138806658109083,0.7353527116136505,0.06508299715781757,0.0325414985789087,0.3887875471490998,0.6360923200037307,S025,S120,9.0,0.0,9.0,1.0,0.6,0.4,10.0,15.0,5.0,41.039924707140074,60.66500861715883,19.62508391001876,2.221629963523334,17.40345394649543,0.0,17.40345394649543,0.3663612622778419,0.3333333333333333,0.03302792894450857,0.2672774754443161,0.3333333333333333,0.06605585788901719,0.2977831594856441,0.0,0.2977831594856441,1.4240615466691535,1.0,0.4240615466691535
25,121,MP_tot_PEEP_Jmin,compliance_dominant,mixed,58.4433786536355,60.66500861715883,0.0380133731947603,18.138806658109083,0.7353527116136505,0.06508299715781757,0.0325414985789087,0.3887875471490998,0.6360923200037307,S025,S121,9.0,0.0,9.0,1.0,1.0,0.0,10.0,15.0,5.0,41.039924707140074,60.66500861715883,19.62508391001876,2.221629963523334,17.40345394649543,0.0,17.40345394649543,0.3663612622778419,0.3333333333333333,0.03302792894450857,0.2672774754443161,0.3333333333333333,0.06605585788901719,0.2977831594856441,0.0,0.2977831594856441,1.4240615466691535,1.0,0.4240615466691535
25,122,MP_tot_PEEP_Jmin,compliance_dominant,mixed,58.4433786536355,60.66500861715883,0.0380133731947603,18.138806658109083,0.7353527116136505,0.06508299715781757,0.0325414985789087,0.3887875471490998,0.6360923200037307,S025,S122,9.0,0.0,9.0,1.0,1.4,0.3999999999999999,10.0,15.0,5.0,41.039924707140074,60.66500861715883,19.62508391001876,2.221629963523334,17.40345394649543,0.0,17.40345394649543,0.3663612622778419,0.3333333333333333,0.03302792894450857,0.2672774754443161,0.3333333333333333,0.06605585788901719,0.2977831594856441,0.0,0.2977831594856441,1.4240615466691535,1.0,0.4240615466691535
25,157,MP_tot_PEEP_Jmin,compliance_dominant,severe_mixed,58.4433786536355,58.45983728946642,0.0002816167752460766,3.3801535803120153,1.6736181543250765,0.15162066499022864,0.07581033249511421,0.10218407394133111,0.2343473402566696,S025,S157,9.0,6.0,3.0,1.0,1.0,0.0,10.0,10.0,0.0,41.039924707140074,46.11015507760809,5.070230370468018,0.01645863583092222,17.40345394649543,12.349682211858338,5.05377173463709,0.3663612622778419,0.2904210605071022,0.07594020177073968,0.2672774754443161,0.4191578789857956,0.15188040354147947,0.2977831594856441,0.211250711333806,0.08653244815183811,1.4240615466691535,1.2678299864980405,0.15623156017111306
25,159,MP_tot_PEEP_Jmin,compliance_dominant,severe_mixed,58.4433786536355,59.491717742677004,0.01793768795015229,0.7260203639328786,1.4113492710079356,0.14419350510851242,0.07209675255425596,0.03440526499251667,0.09758926554113856,S025,S159,9.0,9.0,0.0,1.0,0.6,0.4,10.0,10.0,0.0,41.039924707140074,39.95089416124075,1.0890305458993268,1.0483390890415052,17.40345394649543,19.540823581436257,2.1373696349408284,0.3663612622778419,0.29244675027637607,0.07391451200146582,0.2672774754443161,0.41510649944724787,0.14782902400293174,0.2977831594856441,0.3284629243007795,0.030679764815135402,1.4240615466691535,1.4891210570299132,0.06505951036075963
26,34,MP_tot_PEEP_Jmin,compliance_dominant,compliance_dominant,65.59185684968952,65.59272553080956,1.3243734234110792e-05,13.59858392505782,0.7001770884183429,0.0005258113718199509,0.00026290568590997543,0.2600634833892252,0.464822349150287,S026,S034,9.0,3.0,6.0,1.4,1.0,0.3999999999999999,10.0,15.0,5.0,47.08952744085823,59.98880295861775,12.89927551775952,0.0008686811200391276,18.50232940883129,5.603922572191807,12.898406836639484,0.37484081165277794,0.3724228681549587,0.0024179434978192638,0.2503183766944442,0.2551542636900826,0.0048358869956384165,0.2820827202869295,0.08543512297807458,0.1966475973088549,1.392918137309175,1.0934161426101063,0.2995019946990687
26,35,MP_tot_PEEP_Jmin,compliance_dominant,compliance_dominant,65.59185684968952,68.23110557214763,0.04023744484785994,15.61511816963058,2.666379048232166,0.004524088860900111,0.002262044430449972,0.265164292728036,0.4712361626203241,S026,S035,9.0,3.0,6.0,1.4,1.4,0.0,10.0,15.0,5.0,47.08952744085823,62.677515284714744,15.587987843856517,2.639248722458106,18.50232940883129,5.553590287432879,12.948739121398411,0.37484081165277794,0.37548171777628636,0.0006409061235084224,0.2503183766944442,0.24903656444742725,0.001281812247016928,0.2820827202869295,0.08139381944442492,0.20068890084250457,1.392918137309175,1.0886057825075788,0.30431235480159624
26,85,MP_tot_PEEP_Jmin,compliance_dominant,resistance_dominant,65.59185684968952,64.78780617699456,0.012258391686296069,5.914667905054326,2.4565630746045244,0.18124134881377907,0.164978344759316,0.08345548823363708,0.18612988319623724,S026,S085,9.0,9.0,0.0,1.4,1.0,0.3999999999999999,10.0,15.0,5.0,47.08952744085823,49.74358159861309,2.6540541577548638,0.8040506726949559,18.50232940883129,15.044224578381478,3.4581048304498125,0.37484081165277794,0.5377719479451163,0.16293113629233835,0.2503183766944442,0.07554389589023253,0.17477448080421165,0.2820827202869295,0.2322076555159467,0.0498750647709828,1.392918137309175,1.3024354920756434,0.09048264523353167
26,115,MP_tot_PEEP_Jmin,compliance_dominant,mixed,65.59185684968952,64.23416992598334,0.02069901644677421,1.1914953818013494,0.7619392328055028,0.07773431416712767,0.03886715708356392,0.014493204584474062,0.037474811165467914,S026,S115,9.0,9.0,0.0,1.4,1.0,0.3999999999999999,10.0,10.0,0.0,47.08952744085823,45.3022843681562,1.7872430727020259,1.3576869237061828,18.50232940883129,18.931885557827137,0.4295561489958466,0.37484081165277794,0.3333333333333333,0.041507478319444624,0.2503183766944442,0.3333333333333333,0.08301495663888914,0.2820827202869295,0.29473231427513175,0.012649593988202257,1.392918137309175,1.41790134475282,0.024983207443644906
26,117,MP_tot_PEEP_Jmin,compliance_dominant,mixed,65.59185684968952,63.051920085356365,0.038723355098083015,7.469340690959918,1.1947335811468136,0.07773431416712767,0.03886715708356392,0.1609126407459972,0.5461674260870057,S026,S117,9.0,12.0,3.0,1.4,0.6,0.7999999999999999,10.0,10.0,0.0,47.08952744085823,35.88551640441835,11.20401103643988,2.539936764333156,18.50232940883129,27.166403680938018,8.664074272106728,0.37484081165277794,0.3333333333333333,0.041507478319444624,0.2503183766944442,0.3333333333333333,0.08301495663888914,0.2820827202869295,0.4308576748203952,0.14877495453346573,1.392918137309175,1.7570297547005118,0.3641116173913368
26,123,MP_tot_PEEP_Jmin,compliance_dominant,mixed,65.59185684968952,68.24076807187969,0.040384757337491105,15.493991192923307,2.7164172068666517,0.07773431416712762,0.038867157083563975,0.26201142033112945,0.4672803717781058,S026,S123,9.0,3.0,6.0,1.4,0.6,0.7999999999999999,10.0,15.0,5.0,47.08952744085823,62.51601264910504,15.426485208246817,2.648911222190165,18.50232940883129,5.724755422774623,12.777573986056666,0.37484081165277794,0.3333333333333333,0.041507478319444624,0.2503183766944442,0.3333333333333333,0.08301495663888914,0.2820827202869295,0.08389054790157985,0.19819217238534964,1.392918137309175,1.0915726256392424,0.3013455116699326
26,149,MP_tot_PEEP_Jmin,compliance_dominant,severe_mixed,65.59185684968952,64.040144942646,0.023657081558148794,13.831239683398408,3.4169813705978527,0.16048994626071827,0.08024497313035922,0.2513288142302963,1.0571865255896737,S026,S149,9.0,12.0,3.0,1.4,1.4,0.0,10.0,5.0,5.0,47.08952744085823,35.123557221014146,11.965970219844081,1.5517119070435257,18.50232940883129,28.916587721631853,10.414258312800563,0.37484081165277794,0.29327894642789787,0.08156186522488007,0.2503183766944442,0.4134421071442042,0.16312373044976003,0.2820827202869295,0.4515384490077184,0.1694557287207889,1.392918137309175,1.823281865776718,0.430363728467543
26,158,MP_tot_PEEP_Jmin,compliance_dominant,severe_mixed,65.59185684968952,64.69446153194616,0.01368150500449825,3.36192383610879,2.5783572357977462,0.15991434284806394,0.07995717142403197,0.10533568460409554,0.22793081684501293,S026,S158,9.0,6.0,3.0,1.4,1.4,0.0,10.0,10.0,0.0,47.08952744085823,52.13241319502141,5.04288575416318,0.89739531774336,18.50232940883129,12.56204833692476,5.940281071906529,0.37484081165277794,0.29309755361667894,0.081743258036099,0.2503183766944442,0.41380489276664206,0.16348651607219788,0.2820827202869295,0.1941750196146484,0.0879077006722811,1.392918137309175,1.2409642594124997,0.15195387789667536
26,165,MP_tot_PEEP_Jmin,compliance_dominant,severe_mixed,65.59185684968952,68.7726540780287,0.04849378232466108,20.186472264616032,1.6841428557847422,0.15632800880308978,0.07816400440154492,0.37082273720314074,0.5893772059637623,S026,S165,9.0,0.0,9.0,1.4,0.6,0.7999999999999999,10.0,15.0,5.0,47.08952744085823,68.7726540780287,21.683126637170467,3.1807972283391734,18.50232940883129,0.0,18.50232940883129,0.37484081165277794,0.29403648601535226,0.08080432563742568,0.2503183766944442,0.41192702796929537,0.1616086512748512,0.2820827202869295,0.0,0.2820827202869295,1.392918137309175,1.0,0.392918137309175
26,166,MP_tot_PEEP_Jmin,compliance_dominant,severe_mixed,65.59185684968952,68.7726540780287,0.04849378232466108,20.186472264616032,1.6841428557847422,0.15632800880308978,0.07816400440154492,0.37082273720314074,0.5893772059637623,S026,S166,9.0,0.0,9.0,1.4,1.0,0.3999999999999999,10.0,15.0,5.0,47.08952744085823,68.7726540780287,21.683126637170467,3.1807972283391734,18.50232940883129,0.0,18.50232940883129,0.37484081165277794,0.29403648601535226,0.08080432563742568,0.2503183766944442,0.41192702796929537,0.1616086512748512,0.2820827202869295,0.0,0.2820827202869295,1.392918137309175,1.0,0.392918137309175
26,167,MP_tot_PEEP_Jmin,compliance_dominant,severe_mixed,65.59185684968952,68.7726540780287,0.04849378232466108,20.186472264616032,1.6841428557847422,0.15632800880308978,0.07816400440154492,0.37082273720314074,0.5893772059637623,S026,S167,9.0,0.0,9.0,1.4,1.4,0.0,10.0,15.0,5.0,47.08952744085823,68.7726540780287,21.683126637170467,3.1807972283391734,18.50232940883129,0.0,18.50232940883129,0.37484081165277794,0.29403648601535226,0.08080432563742568,0.2503183766944442,0.41192702796929537,0.1616086512748512,0.2820827202869295,0.0,0.2820827202869295,1.392918137309175,1.0,0.392918137309175
27,30,MP_tot_PEEP_Jmin,compliance_dominant,compliance_dominant,56.03192796347561,53.677075399857166,0.042026977282549574,17.66743091982731,4.4789335985499505,0.007887665419973655,0.003943832709986883,0.4950375115596821,0.9803451204637177,S027,S030,12.0,0.0,12.0,0.6,0.6,0.0,10.0,15.0,5.0,33.885563445098356,53.677075399857166,19.79151195475881,2.3548525636184436,22.14636451837726,0.0,22.14636451837726,0.375095190528138,0.37672822873480827,0.0016330382066702676,0.2498096189437241,0.24654354253038344,0.003266076413340674,0.3952454488593246,0.0,0.3952454488593246,1.6535634136424782,1.0,0.6535634136424782
27,31,MP_tot_PEEP_Jmin,compliance_dominant,compliance_dominant,56.03192796347561,53.677075399857166,0.042026977282549574,17.66743091982731,4.4789335985499505,0.007887665419973655,0.003943832709986883,0.4950375115596821,0.9803451204637177,S027,S031,12.0,0.0,12.0,0.6,1.0,0.4,10.0,15.0,5.0,33.885563445098356,53.677075399857166,19.79151195475881,2.3548525636184436,22.14636451837726,0.0,22.14636451837726,0.375095190528138,0.37672822873480827,0.0016330382066702676,0.2498096189437241,0.24654354253038344,0.003266076413340674,0.3952454488593246,0.0,0.3952454488593246,1.6535634136424782,1.0,0.6535634136424782
27,32,MP_tot_PEEP_Jmin,compliance_dominant,compliance_dominant,56.03192796347561,53.677075399857166,0.042026977282549574,17.66743091982731,4.4789335985499505,0.007887665419973655,0.003943832709986883,0.4950375115596821,0.9803451204637177,S027,S032,12.0,0.0,12.0,0.6,1.4,0.7999999999999999,10.0,15.0,5.0,33.885563445098356,53.677075399857166,19.79151195475881,2.3548525636184436,22.14636451837726,0.0,22.14636451837726,0.375095190528138,0.37672822873480827,0.0016330382066702676,0.2498096189437241,0.24654354253038344,0.003266076413340674,0.3952454488593246,0.0,0.3952454488593246,1.6535634136424782,1.0,0.6535634136424782
27,74,MP_tot_PEEP_Jmin,compliance_dominant,resistance_dominant,56.03192796347561,56.873071816478806,0.015011867047507184,2.2533933690922687,0.28555283154293676,0.15371007592166458,0.16180083914957755,0.0539375207324963,0.19111630746007413,S027,S074,12.0,12.0,0.0,0.6,1.4,0.7999999999999999,10.0,10.0,0.0,33.885563445098356,37.26565349873675,3.3800900536383907,0.8411438530031958,22.14636451837726,19.60741831774206,2.538946200635202,0.375095190528138,0.5452618156395744,0.17016662511143643,0.2498096189437241,0.0905236312791489,0.1592859876645752,0.3952454488593246,0.3447575045886807,0.0504879442706439,1.6535634136424782,1.5261525420024293,0.12741087164004883
27,82,MP_tot_PEEP_Jmin,compliance_dominant,resistance_dominant,56.03192796347561,54.28995615406056,0.031088914351663072,11.518758286604744,1.8164952999390351,0.16051325221174714,0.15839925100453622,0.2897471884747558,0.7220239636334298,S027,S082,12.0,6.0,6.0,0.6,1.0,0.4,10.0,15.0,5.0,33.885563445098356,45.47884522222708,11.593281777128723,1.7419718094150483,22.14636451837726,8.811110931833488,13.335253586543773,0.375095190528138,0.5397197709968485,0.16462458046871054,0.2498096189437241,0.0794395419936969,0.1703700769500272,0.3952454488593246,0.16229725636229805,0.23294819249702656,1.6535634136424782,1.193740867622716,0.45982254601976225
27,83,MP_tot_PEEP_Jmin,compliance_dominant,resistance_dominant,56.03192796347561,58.357462206378415,0.04150373416418409,14.517137354030297,1.2515510632369669,0.15150803378639352,0.1629018602172131,0.3019279614199185,0.7410195091949108,S027,S083,12.0,6.0,6.0,0.6,1.4,0.7999999999999999,10.0,15.0,5.0,33.885563445098356,49.47668397879449,15.591120533696134,2.3255342429028047,22.14636451837726,8.880778227583928,13.265586290793333,0.375095190528138,0.5452068647014237,0.17011167417328565,0.2498096189437241,0.09041372940284723,0.15939588954087688,0.3952454488593246,0.15217896549677698,0.24306648336254763,1.6535634136424782,1.179494208451605,0.47406920519087326
27,84,MP_tot_PEEP_Jmin,compliance_dominant,resistance_dominant,56.03192796347561,54.40678501615436,0.029003873441238715,8.458414888444263,0.6795519717917387,0.14624303916137987,0.1655343575297198,0.19977587103049166,0.5613787954989413,S027,S084,12.0,9.0,3.0,0.6,0.6,0.0,10.0,15.0,5.0,33.885563445098356,41.3983873580131,7.512823912914747,1.625142947321251,22.14636451837726,13.008397658141254,9.137966860236007,0.375095190528138,0.5437279076133826,0.16863271708524463,0.2498096189437241,0.08745581522676524,0.16235380371695887,0.3952454488593246,0.2390951359151037,0.1561503129442209,1.6535634136424782,1.3142247437235821,0.33933866991889605
27,104,MP_tot_PEEP_Jmin,compliance_dominant,mixed,56.03192796347561,56.34487871360726,0.00558522188163229,6.9543433718567975,4.0278936930443265,0.09467745622292345,0.04733872811146189,0.1208682774844767,0.6231827939806098,S027,S104,12.0,12.0,0.0,0.6,1.4,0.7999999999999999,10.0,5.0,5.0,33.885563445098356,31.272064516417537,2.6134989286808192,0.3129507501316482,22.14636451837726,25.07281419718972,2.9264496788124603,0.375095190528138,0.33333333333333337,0.04176185719480463,0.2498096189437241,0.33333333333333337,0.08352371438960926,0.3952454488593246,0.4449883426785095,0.0497428938191849,1.6535634136424782,1.8017639572221633,0.14820054357968515
27,113,MP_tot_PEEP_Jmin,compliance_dominant,mixed,56.03192796347561,56.88536522268531,0.015231267069125505,8.2119087824329,3.2525171320067514,0.09467745622292356,0.04733872811146178,0.23754350956992754,0.6335546532085272,S027,S113,12.0,6.0,6.0,0.6,1.4,0.7999999999999999,10.0,10.0,0.0,33.885563445098356,46.2034266187477,12.317863173649343,0.8534372592096986,22.14636451837726,10.681938603937613,11.464425914439648,0.375095190528138,0.33333333333333326,0.04176185719480474,0.2498096189437241,0.33333333333333326,0.08352371438960915,0.3952454488593246,0.1877800830164621,0.20746536584286251,1.6535634136424782,1.2311936448367935,0.42236976880568466
27,157,MP_tot_PEEP_Jmin,compliance_dominant,severe_mixed,56.03192796347561,58.45983728946642,0.043330818949750265,8.149727755006491,1.6469545515124295,0.18121512405533458,0.09060756202766734,0.20843403835191343,0.5786001407166566,S027,S157,12.0,6.0,6.0,0.6,1.0,0.4,10.0,10.0,0.0,33.885563445098356,46.11015507760809,12.224591632509735,2.427909325990811,22.14636451837726,12.349682211858338,9.796682306518923,0.375095190528138,0.2904210605071022,0.0846741300210358,0.2498096189437241,0.4191578789857956,0.16934826004207149,0.3952454488593246,0.211250711333806,0.18399473752551862,1.6535634136424782,1.2678299864980405,0.3857334271444377
28,36,MP_tot_PEEP_Jmin,compliance_dominant,compliance_dominant,72.51867352512548,69.28915166524452,0.04453365875152186,13.265505838337397,2.5653882086367332,0.018916536045908316,0.009458268022954297,0.26753029409057627,0.627143549115015,S028,S036,12.0,6.0,6.0,1.0,0.6,0.4,10.0,15.0,5.0,45.77372037621057,58.37509256330371,12.60137218709314,3.229521859880961,26.744953148914927,10.914059101940826,15.830894046974102,0.3655800777460688,0.3733224419918183,0.007742364245749478,0.2688398445078626,0.25335511601636357,0.015484728491499011,0.36880091497603895,0.1575146879365724,0.21128622703946656,1.5842862002279972,1.1869643134202361,0.39732188680776104
28,86,MP_tot_PEEP_Jmin,compliance_dominant,resistance_dominant,72.51867352512548,71.24580164136111,0.017552332687433343,11.289441215957801,0.04994997493973585,0.18341905082598517,0.17748088021395858,0.19652208466924742,0.5055318621601232,S028,S086,12.0,9.0,3.0,1.0,1.4,0.3999999999999999,10.0,15.0,5.0,45.77372037621057,55.740339733464246,9.966619357253677,1.2728718837643669,26.744953148914927,15.505461907896873,11.239491241018055,0.3655800777460688,0.5447863238430982,0.1792062460970294,0.2688398445078626,0.08957264768619635,0.17926719682166622,0.36880091497603895,0.2176333419048136,0.15116757307122536,1.5842862002279972,1.2781730786364047,0.30611312159159243
28,116,MP_tot_PEEP_Jmin,compliance_dominant,mixed,72.51867352512548,73.75951457805132,0.01711064188861551,5.576778265080861,1.5475480796146144,0.06414292770638225,0.03207146385319115,0.11490107211618183,0.3328100754831751,S028,S116,12.0,9.0,3.0,1.0,1.4,0.3999999999999999,10.0,10.0,0.0,45.77372037621057,54.13888777383187,8.365167397621299,1.2408410529258447,26.744953148914927,19.62062680421946,7.1243263446954685,0.3655800777460688,0.33333333333333337,0.03224674441273545,0.2688398445078626,0.33333333333333337,0.06449348882547079,0.36880091497603895,0.2660080793164274,0.10279283565961156,1.5842862002279972,1.3624128165725473,0.22187338365544984
28,124,MP_tot_PEEP_Jmin,compliance_dominant,mixed,72.51867352512548,73.28469291685524,0.010563064028802928,19.97286956525417,0.8056348659982575,0.0641429277063823,0.032071463853191096,0.3613881242044395,0.7582553186596468,S028,S124,12.0,3.0,9.0,1.0,1.0,0.0,10.0,15.0,5.0,45.77372037621057,67.31824419919273,21.544523822982164,0.7660193917297562,26.744953148914927,5.966448717662513,20.778504431252415,0.3655800777460688,0.3333333333333333,0.032246744412735506,0.2688398445078626,0.3333333333333333,0.06449348882547074,0.36880091497603895,0.08141466492097765,0.2873862500550613,1.5842862002279972,1.0886304862617622,0.495655713966235
28,160,MP_tot_PEEP_Jmin,compliance_dominant,severe_mixed,72.51867352512548,73.92042746435463,0.019329558458394694,4.132232480462974,0.664362301002356,0.15205188042770956,0.07602594021385478,0.07926809469466062,0.2429633228803647,S028,S160,12.0,9.0,3.0,1.0,1.0,0.0,10.0,10.0,0.0,45.77372037621057,51.97206909690503,6.198348720694462,1.4017539392291525,26.744953148914927,21.948358367449615,4.796594781465313,0.3655800777460688,0.2896545746526239,0.07592550309344492,0.2688398445078626,0.4206908506947524,0.15185100618688985,0.36880091497603895,0.2969187154394283,0.07188219953661062,1.5842862002279972,1.4223106516410877,0.16197554858690943
28,162,MP_tot_PEEP_Jmin,compliance_dominant,severe_mixed,72.51867352512548,71.75795742043057,0.010489934077894333,2.645313671707381,0.5619407311587565,0.14176671341948632,0.07088335670974316,0.05092786618744355,0.1982628525037955,S028,S162,12.0,12.0,0.0,1.0,0.6,0.4,10.0,10.0,0.0,45.77372037621057,41.80574986864949,3.967970507561077,0.7607161046949074,26.744953148914927,29.952207551781072,3.2072544028661447,0.3655800777460688,0.2928916520293099,0.07268842571675893,0.2688398445078626,0.41421669594138033,0.14537685143351775,0.36880091497603895,0.4174060777161033,0.04860516274006432,1.5842862002279972,1.716461435230528,0.13217523500253092
29,37,MP_tot_PEEP_Jmin,compliance_dominant,compliance_dominant,82.73542923330444,79.27854960522262,0.04178233750783859,13.832159651699541,2.0853931392593026,0.006389929478864131,0.0031949647394320935,0.2390216644650669,0.5440484406837758,S029,S037,12.0,6.0,6.0,1.4,1.0,0.3999999999999999,10.0,15.0,5.0,53.83985735450147,66.30053051737848,12.460673162877008,3.456879628081822,28.895571878802993,12.978019087844142,15.917552790958851,0.37481783423406767,0.36960013583508133,0.005217698398986337,0.2503643315318649,0.26079972832983744,0.010435396797972563,0.3492526979865033,0.16370152017752343,0.1855511778089799,1.5366948075018827,1.1957453279267862,0.34094947957509647
29,38,MP_tot_PEEP_Jmin,compliance_dominant,compliance_dominant,82.73542923330444,84.89803541128545,0.026138816200284673,17.865228140844977,2.1897365037550287,0.002074677206290565,0.0010373386031453102,0.24861850448553438,0.5591259652617548,S029,S038,12.0,6.0,6.0,1.4,1.4,0.0,10.0,15.0,5.0,53.83985735450147,71.67795516957237,17.838097815070903,2.1626061779810044,28.895571878802993,13.220080241713056,15.675491637089937,0.37481783423406767,0.37476590415002703,5.1930084040641145e-05,0.2503643315318649,0.2504681916999459,0.00010386016808100473,0.3492526979865033,0.15571715149436446,0.19353554649213886,1.5366948075018827,1.1844371844933024,0.3522576230085803
29,39,MP_tot_PEEP_Jmin,compliance_dominant,compliance_dominant,82.73542923330444,79.23108265550397,0.04235605725714699,9.64983762243589,0.7387527458900678,0.0070478864724737855,0.0035239432362368373,0.1570507469335583,0.398680076910658,S029,S039,12.0,9.0,3.0,1.4,0.6,0.7999999999999999,10.0,15.0,5.0,53.83985735450147,60.72410114502695,6.884243790525481,3.504346577800476,28.895571878802993,18.506981510477026,10.388590368325968,0.37481783423406767,0.37336972290823206,0.0014481113258356104,0.2503643315318649,0.25326055418353594,0.0028962226516710543,0.3492526979865033,0.2335823377669243,0.11567036021957902,1.5366948075018827,1.3047716007566241,0.23192320674525857
29,89,MP_tot_PEEP_Jmin,compliance_dominant,resistance_dominant,82.73542923330444,85.59033745402445,0.03450647742056781,10.609758379766177,5.300528466853663,0.17050220858244275,0.1703745361300229,0.10947807954022709,0.29784173639731115,S029,S089,12.0,12.0,0.0,1.4,1.4,0.0,10.0,15.0,5.0,53.83985735450147,62.00399548813399,8.16413813363252,2.854908220720006,28.895571878802993,23.58634196589047,5.309229912912524,0.37481783423406767,0.5445717613040484,0.16975392706998071,0.2503643315318649,0.08914352260809677,0.1612208089237681,0.3492526979865033,0.2755724847861485,0.07368021320035484,1.5366948075018827,1.3804003561416345,0.15629445136024822
29,118,MP_tot_PEEP_Jmin,compliance_dominant,mixed,82.73542923330444,79.53414691607149,0.03869300427759554,2.365097533213138,2.018733550626415,0.07770769291208895,0.038853846456044505,0.019861561691755236,0.067118763025942,S029,S118,12.0,12.0,0.0,1.4,1.0,0.3999999999999999,10.0,10.0,0.0,53.83985735450147,50.29221105468176,3.5476462998197107,3.201282317232952,28.895571878802993,29.241935861389717,0.3463639825867233,0.37481783423406767,0.33333333333333326,0.04148450090073441,0.2503643315318649,0.33333333333333326,0.08296900180146838,0.3492526979865033,0.36766517269931,0.01841247471280666,1.5366948075018827,1.5814406495191777,0.044745842017295034
29,161,MP_tot_PEEP_Jmin,compliance_dominant,severe_mixed,82.73542923330444,83.93716362458883,0.014525027577915095,4.7770659456822955,1.1867985815567934,0.16039682689725887,0.08019841344862938,0.08544630237479867,0.24119820239233136,S029,S161,12.0,9.0,3.0,1.4,1.4,0.0,10.0,10.0,0.0,53.83985735450147,61.00545627302491,7.165598918523443,1.2017343912843899,28.895571878802993,22.931707351563915,5.963864527239078,0.37481783423406767,0.292915602549,0.08190223168506766,0.2503643315318649,0.4141687949020001,0.1638044633701352,0.3492526979865033,0.27320088458226416,0.07605181340423917,1.5366948075018827,1.3758960059069953,0.16079880159488735
29,169,MP_tot_PEEP_Jmin,compliance_dominant,severe_mixed,82.73542923330444,83.5682443962102,0.010066004015732082,21.548166341484055,0.36770057819990143,0.16014420818004205,0.08007210409002108,0.3376513376698798,0.6835322131875203,S029,S169,12.0,3.0,9.0,1.4,1.0,0.3999999999999999,10.0,15.0,5.0,53.83985735450147,76.58853943709114,22.748682082589674,0.8328151629057601,28.895571878802993,6.979704959119031,21.915866919683964,0.37481783423406767,0.2923147560270261,0.08250307820704156,0.2503643315318649,0.4153704879459476,0.16500615641408273,0.3492526979865033,0.08352101937222889,0.26573167861427444,1.5366948075018827,1.091132498548978,0.4455623089529046
30,31,MP_tot_PEEP_Jmin,compliance_dominant,compliance_dominant,53.677075399857166,53.677075399857166,0.0,0.0,0.0,0.0,0.0,0.0,0.0,S030,S031,0.0,0.0,0.0,0.6,1.0,0.4,15.0,15.0,0.0,53.677075399857166,53.677075399857166,0.0,0.0,0.0,0.0,0.0,0.37672822873480827,0.37672822873480827,0.0,0.24654354253038344,0.24654354253038344,0.0,0.0,0.0,0.0,1.0,1.0,0.0
30,32,MP_tot_PEEP_Jmin,compliance_dominant,compliance_dominant,53.677075399857166,53.677075399857166,0.0,0.0,0.0,0.0,0.0,0.0,0.0,S030,S032,0.0,0.0,0.0,0.6,1.4,0.7999999999999999,15.0,15.0,0.0,53.677075399857166,53.677075399857166,0.0,0.0,0.0,0.0,0.0,0.37672822873480827,0.37672822873480827,0.0,0.24654354253038344,0.24654354253038344,0.0,0.0,0.0,0.0,1.0,1.0,0.0
30,82,MP_tot_PEEP_Jmin,compliance_dominant,resistance_dominant,53.677075399857166,54.28995615406056,0.011417923753070687,6.148672633222567,2.6624382986109154,0.1684009176317208,0.1623430837145231,0.2052903230849263,0.2583211568302879,S030,S082,0.0,6.0,6.0,0.6,1.0,0.4,15.0,15.0,0.0,53.677075399857166,45.47884522222708,8.198230177630087,0.6128807542033954,0.0,8.811110931833488,8.811110931833488,0.37672822873480827,0.5397197709968485,0.16299154226204027,0.24654354253038344,0.0794395419936969,0.16710400053668653,0.0,0.16229725636229805,0.16229725636229805,1.0,1.193740867622716,0.19374086762271592
30,84,MP_tot_PEEP_Jmin,compliance_dominant,resistance_dominant,53.677075399857166,54.40678501615436,0.013594436933483419,9.209016031383047,3.799381626758212,0.15413070458135353,0.16947819023970667,0.29526164052919046,0.41896632496477637,S030,S084,0.0,9.0,9.0,0.6,0.6,0.0,15.0,15.0,0.0,53.677075399857166,41.3983873580131,12.278688041844063,0.7297096162971926,0.0,13.008397658141254,13.008397658141254,0.37672822873480827,0.5437279076133826,0.16699967887857436,0.24654354253038344,0.08745581522676524,0.1590877273036182,0.0,0.2390951359151037,0.2390951359151037,1.0,1.3142247437235821,0.3142247437235821
30,104,MP_tot_PEEP_Jmin,compliance_dominant,mixed,53.677075399857166,56.34487871360726,0.04970098117076607,24.62177429168411,0.451039905505624,0.0867897908029498,0.04339489540147501,0.6159057890441588,1.6035279144443275,S030,S104,0.0,12.0,12.0,0.6,1.4,0.7999999999999999,15.0,5.0,10.0,53.677075399857166,31.272064516417537,22.40501088343963,2.667803313750092,0.0,25.07281419718972,25.07281419718972,0.37672822873480827,0.33333333333333337,0.0433948954014749,0.24654354253038344,0.33333333333333337,0.08678979080294993,0.0,0.4449883426785095,0.4449883426785095,1.0,1.8017639572221633,0.8017639572221633
30,114,MP_tot_PEEP_Jmin,compliance_dominant,mixed,53.677075399857166,52.194478566615956,0.027620670876661722,17.259630962920415,0.43758422323683277,0.08678979080294996,0.04339489540147484,0.43487026048764066,0.7695051774533805,S030,S114,0.0,9.0,9.0,0.6,0.6,0.0,15.0,10.0,5.0,53.677075399857166,34.497263380458705,19.17981201939846,1.4825968332412103,0.0,17.697215186157244,17.697215186157244,0.37672822873480827,0.3333333333333332,0.043394895401475064,0.24654354253038344,0.3333333333333332,0.08678979080294977,0.0,0.33906297509170896,0.33906297509170896,1.0,1.513003451635587,0.513003451635587
30,148,MP_tot_PEEP_Jmin,compliance_dominant,severe_mixed,53.677075399857166,53.13890214163661,0.010026128551370089,26.710866684327943,0.6658442738212003,0.17541885433700244,0.08770942716850116,0.6578361089783028,1.922576070239359,S030,S148,0.0,12.0,12.0,0.6,1.0,0.4,15.0,5.0,10.0,53.677075399857166,27.093879731129867,26.5831956687273,0.538173258220553,0.0,26.04502241050674,26.04502241050674,0.37672822873480827,0.2887847733483835,0.08794345538642478,0.24654354253038344,0.4224304533032329,0.1758869107728495,0.0,0.4901309842850394,0.4901309842850394,1.0,1.96128803511968,0.96128803511968
31,32,MP_tot_PEEP_Jmin,compliance_dominant,compliance_dominant,53.677075399857166,53.677075399857166,0.0,0.0,0.0,0.0,0.0,0.0,0.0,S031,S032,0.0,0.0,0.0,1.0,1.4,0.3999999999999999,15.0,15.0,0.0,53.677075399857166,53.677075399857166,0.0,0.0,0.0,0.0,0.0,0.37672822873480827,0.37672822873480827,0.0,0.24654354253038344,0.24654354253038344,0.0,0.0,0.0,0.0,1.0,1.0,0.0
31,82,MP_tot_PEEP_Jmin,compliance_dominant,resistance_dominant,53.677075399857166,54.28995615406056,0.011417923753070687,6.148672633222567,2.6624382986109154,0.1684009176317208,0.1623430837145231,0.2052903230849263,0.2583211568302879,S031,S082,0.0,6.0,6.0,1.0,1.0,0.0,15.0,15.0,0.0,53.677075399857166,45.47884522222708,8.198230177630087,0.6128807542033954,0.0,8.811110931833488,8.811110931833488,0.37672822873480827,0.5397197709968485,0.16299154226204027,0.24654354253038344,0.0794395419936969,0.16710400053668653,0.0,0.16229725636229805,0.16229725636229805,1.0,1.193740867622716,0.19374086762271592
31,84,MP_tot_PEEP_Jmin,compliance_dominant,resistance_dominant,53.677075399857166,54.40678501615436,0.013594436933483419,9.209016031383047,3.799381626758212,0.15413070458135353,0.16947819023970667,0.29526164052919046,0.41896632496477637,S031,S084,0.0,9.0,9.0,1.0,0.6,0.4,15.0,15.0,0.0,53.677075399857166,41.3983873580131,12.278688041844063,0.7297096162971926,0.0,13.008397658141254,13.008397658141254,0.37672822873480827,0.5437279076133826,0.16699967887857436,0.24654354253038344,0.08745581522676524,0.1590877273036182,0.0,0.2390951359151037,0.2390951359151037,1.0,1.3142247437235821,0.3142247437235821
31,104,MP_tot_PEEP_Jmin,compliance_dominant,mixed,53.677075399857166,56.34487871360726,0.04970098117076607,24.62177429168411,0.451039905505624,0.0867897908029498,0.04339489540147501,0.6159057890441588,1.6035279144443275,S031,S104,0.0,12.0,12.0,1.0,1.4,0.3999999999999999,15.0,5.0,10.0,53.677075399857166,31.272064516417537,22.40501088343963,2.667803313750092,0.0,25.07281419718972,25.07281419718972,0.37672822873480827,0.33333333333333337,0.0433948954014749,0.24654354253038344,0.33333333333333337,0.08678979080294993,0.0,0.4449883426785095,0.4449883426785095,1.0,1.8017639572221633,0.8017639572221633
31,114,MP_tot_PEEP_Jmin,compliance_dominant,mixed,53.677075399857166,52.194478566615956,0.027620670876661722,17.259630962920415,0.43758422323683277,0.08678979080294996,0.04339489540147484,0.43487026048764066,0.7695051774533805,S031,S114,0.0,9.0,9.0,1.0,0.6,0.4,15.0,10.0,5.0,53.677075399857166,34.497263380458705,19.17981201939846,1.4825968332412103,0.0,17.697215186157244,17.697215186157244,0.37672822873480827,0.3333333333333332,0.043394895401475064,0.24654354253038344,0.3333333333333332,0.08678979080294977,0.0,0.33906297509170896,0.33906297509170896,1.0,1.513003451635587,0.513003451635587
31,148,MP_tot_PEEP_Jmin,compliance_dominant,severe_mixed,53.677075399857166,53.13890214163661,0.010026128551370089,26.710866684327943,0.6658442738212003,0.17541885433700244,0.08770942716850116,0.6578361089783028,1.922576070239359,S031,S148,0.0,12.0,12.0,1.0,1.0,0.0,15.0,5.0,10.0,53.677075399857166,27.093879731129867,26.5831956687273,0.538173258220553,0.0,26.04502241050674,26.04502241050674,0.37672822873480827,0.2887847733483835,0.08794345538642478,0.24654354253038344,0.4224304533032329,0.1758869107728495,0.0,0.4901309842850394,0.4901309842850394,1.0,1.96128803511968,0.96128803511968
32,82,MP_tot_PEEP_Jmin,compliance_dominant,resistance_dominant,53.677075399857166,54.28995615406056,0.011417923753070687,6.148672633222567,2.6624382986109154,0.1684009176317208,0.1623430837145231,0.2052903230849263,0.2583211568302879,S032,S082,0.0,6.0,6.0,1.4,1.0,0.3999999999999999,15.0,15.0,0.0,53.677075399857166,45.47884522222708,8.198230177630087,0.6128807542033954,0.0,8.811110931833488,8.811110931833488,0.37672822873480827,0.5397197709968485,0.16299154226204027,0.24654354253038344,0.0794395419936969,0.16710400053668653,0.0,0.16229725636229805,0.16229725636229805,1.0,1.193740867622716,0.19374086762271592
32,84,MP_tot_PEEP_Jmin,compliance_dominant,resistance_dominant,53.677075399857166,54.40678501615436,0.013594436933483419,9.209016031383047,3.799381626758212,0.15413070458135353,0.16947819023970667,0.29526164052919046,0.41896632496477637,S032,S084,0.0,9.0,9.0,1.4,0.6,0.7999999999999999,15.0,15.0,0.0,53.677075399857166,41.3983873580131,12.278688041844063,0.7297096162971926,0.0,13.008397658141254,13.008397658141254,0.37672822873480827,0.5437279076133826,0.16699967887857436,0.24654354253038344,0.08745581522676524,0.1590877273036182,0.0,0.2390951359151037,0.2390951359151037,1.0,1.3142247437235821,0.3142247437235821
32,104,MP_tot_PEEP_Jmin,compliance_dominant,mixed,53.677075399857166,56.34487871360726,0.04970098117076607,24.62177429168411,0.451039905505624,0.0867897908029498,0.04339489540147501,0.6159057890441588,1.6035279144443275,S032,S104,0.0,12.0,12.0,1.4,1.4,0.0,15.0,5.0,10.0,53.677075399857166,31.272064516417537,22.40501088343963,2.667803313750092,0.0,25.07281419718972,25.07281419718972,0.37672822873480827,0.33333333333333337,0.0433948954014749,0.24654354253038344,0.33333333333333337,0.08678979080294993,0.0,0.4449883426785095,0.4449883426785095,1.0,1.8017639572221633,0.8017639572221633
32,114,MP_tot_PEEP_Jmin,compliance_dominant,mixed,53.677075399857166,52.194478566615956,0.027620670876661722,17.259630962920415,0.43758422323683277,0.08678979080294996,0.04339489540147484,0.43487026048764066,0.7695051774533805,S032,S114,0.0,9.0,9.0,1.4,0.6,0.7999999999999999,15.0,10.0,5.0,53.677075399857166,34.497263380458705,19.17981201939846,1.4825968332412103,0.0,17.697215186157244,17.697215186157244,0.37672822873480827,0.3333333333333332,0.043394895401475064,0.24654354253038344,0.3333333333333332,0.08678979080294977,0.0,0.33906297509170896,0.33906297509170896,1.0,1.513003451635587,0.513003451635587
32,148,MP_tot_PEEP_Jmin,compliance_dominant,severe_mixed,53.677075399857166,53.13890214163661,0.010026128551370089,26.710866684327943,0.6658442738212003,0.17541885433700244,0.08770942716850116,0.6578361089783028,1.922576070239359,S032,S148,0.0,12.0,12.0,1.4,1.0,0.3999999999999999,15.0,5.0,10.0,53.677075399857166,27.093879731129867,26.5831956687273,0.538173258220553,0.0,26.04502241050674,26.04502241050674,0.37672822873480827,0.2887847733483835,0.08794345538642478,0.24654354253038344,0.4224304533032329,0.1758869107728495,0.0,0.4901309842850394,0.4901309842850394,1.0,1.96128803511968,0.96128803511968
33,83,MP_tot_PEEP_Jmin,compliance_dominant,resistance_dominant,60.77114924669555,58.357462206378415,0.03971764678201113,4.912050002089437,0.7763370396206568,0.16282994434801015,0.1685628154980216,0.09164257728976145,0.12640046574372898,S033,S083,3.0,6.0,3.0,0.6,1.4,0.7999999999999999,15.0,15.0,0.0,56.026083981580406,49.47668397879449,6.549400002785916,2.4136870403171358,4.745065265115145,8.880778227583928,4.135712962468783,0.37430463258621743,0.5452068647014237,0.17090223211520622,0.25139073482756524,0.09041372940284723,0.16097700542471802,0.07808088745949066,0.15217896549677698,0.07409807803728632,1.0846938591438082,1.179494208451605,0.09480034930779668
33,87,MP_tot_PEEP_Jmin,compliance_dominant,resistance_dominant,60.77114924669555,62.2448705644417,0.024250344711496154,9.858518745535903,4.759894232924786,0.15456229143704706,0.17269664195350304,0.2743439480470167,0.4891535089702792,S033,S087,3.0,12.0,9.0,0.6,0.6,0.0,15.0,15.0,0.0,56.026083981580406,42.88139232086587,13.144691660714535,1.473721317746147,4.745065265115145,19.363478243575837,14.618412978460693,0.37430463258621743,0.5445075008441111,0.1702028682578937,0.25139073482756524,0.08901500168822228,0.16237573313934295,0.07808088745949066,0.3110855250880305,0.23300463762853985,1.0846938591438082,1.4515589908715174,0.3668651317277092
33,117,MP_tot_PEEP_Jmin,compliance_dominant,mixed,60.77114924669555,63.051920085356365,0.03753048719553106,18.095885383239736,4.325453032583134,0.08335554566130687,0.041677772830653326,0.43026840509913583,1.0226194865256901,S033,S117,3.0,12.0,9.0,0.6,0.6,0.0,15.0,10.0,5.0,56.026083981580406,35.88551640441835,20.14056757716206,2.280770838660814,4.745065265115145,27.166403680938018,22.421338415822873,0.37430463258621743,0.3333333333333333,0.04097129925288412,0.25139073482756524,0.3333333333333333,0.08194259850576807,0.07808088745949066,0.4308576748203952,0.35277678736090456,1.0846938591438082,1.7570297547005118,0.6723358955567036
33,120,MP_tot_PEEP_Jmin,compliance_dominant,mixed,60.77114924669555,60.66500861715883,0.0017465628156191106,3.4791934766838253,1.2658717884313262,0.08335554566130687,0.041677772830653326,0.10146697285000213,0.11292514552507793,S033,S120,3.0,0.0,3.0,0.6,0.6,0.0,15.0,15.0,0.0,56.026083981580406,60.66500861715883,4.638924635578427,0.10614062953671777,4.745065265115145,0.0,4.745065265115145,0.37430463258621743,0.3333333333333333,0.04097129925288412,0.25139073482756524,0.3333333333333333,0.08194259850576807,0.07808088745949066,0.0,0.07808088745949066,1.0846938591438082,1.0,0.08469385914380823
33,121,MP_tot_PEEP_Jmin,compliance_dominant,mixed,60.77114924669555,60.66500861715883,0.0017465628156191106,3.4791934766838253,1.2658717884313262,0.08335554566130687,0.041677772830653326,0.10146697285000213,0.11292514552507793,S033,S121,3.0,0.0,3.0,0.6,1.0,0.4,15.0,15.0,0.0,56.026083981580406,60.66500861715883,4.638924635578427,0.10614062953671777,4.745065265115145,0.0,4.745065265115145,0.37430463258621743,0.3333333333333333,0.04097129925288412,0.25139073482756524,0.3333333333333333,0.08194259850576807,0.07808088745949066,0.0,0.07808088745949066,1.0846938591438082,1.0,0.08469385914380823
33,122,MP_tot_PEEP_Jmin,compliance_dominant,mixed,60.77114924669555,60.66500861715883,0.0017465628156191106,3.4791934766838253,1.2658717884313262,0.08335554566130687,0.041677772830653326,0.10146697285000213,0.11292514552507793,S033,S122,3.0,0.0,3.0,0.6,1.4,0.7999999999999999,15.0,15.0,0.0,56.026083981580406,60.66500861715883,4.638924635578427,0.10614062953671777,4.745065265115145,0.0,4.745065265115145,0.37430463258621743,0.3333333333333333,0.04097129925288412,0.25139073482756524,0.3333333333333333,0.08194259850576807,0.07808088745949066,0.0,0.07808088745949066,1.0846938591438082,1.0,0.08469385914380823
33,157,MP_tot_PEEP_Jmin,compliance_dominant,severe_mixed,60.77114924669555,58.45983728946642,0.038033046698632375,11.279459601113242,3.674842654370053,0.16989321349371794,0.08494660674685883,0.18513650035776658,0.2888198342219832,S033,S157,3.0,6.0,3.0,0.6,1.0,0.4,15.0,10.0,5.0,56.026083981580406,46.11015507760809,9.915928903972315,2.3113119572291296,4.745065265115145,12.349682211858338,7.604616946743193,0.37430463258621743,0.2904210605071022,0.08388357207911523,0.25139073482756524,0.4191578789857956,0.16776714415823035,0.07808088745949066,0.211250711333806,0.13316982387431534,1.0846938591438082,1.2678299864980405,0.18313612735423224
33,159,MP_tot_PEEP_Jmin,compliance_dominant,severe_mixed,60.77114924669555,59.491717742677004,0.021053271492773622,15.385633545358136,0.589875229037041,0.16246605361200173,0.08123302680600059,0.32172583929161436,0.6207564400197914,S033,S159,3.0,9.0,6.0,0.6,0.6,0.0,15.0,10.0,5.0,56.026083981580406,39.95089416124075,16.07518982033966,1.2794315040185467,4.745065265115145,19.540823581436257,14.795758316321113,0.37430463258621743,0.29244675027637607,0.08185788230984137,0.25139073482756524,0.41510649944724787,0.16371576461968262,0.07808088745949066,0.3284629243007795,0.25038203684128885,1.0846938591438082,1.4891210570299132,0.4044271978861049
34,35,MP_tot_PEEP_Jmin,compliance_dominant,compliance_dominant,65.59272553080956,68.23110557214763,0.04022366840205159,2.0165342445727603,1.966201959813823,0.0050499002327200615,0.0025249501163599475,0.0051008093388108244,0.006413813470037111,S034,S035,3.0,3.0,0.0,1.0,1.4,0.3999999999999999,15.0,15.0,0.0,59.98880295861775,62.677515284714744,2.688712326096997,2.638380041338067,5.603922572191807,5.553590287432879,0.05033228475892759,0.3724228681549587,0.37548171777628636,0.003058849621327686,0.2551542636900826,0.24903656444742725,0.0061176992426553445,0.08543512297807458,0.08139381944442492,0.004041303533649662,1.0934161426101063,1.0886057825075788,0.0048103601025275555
34,85,MP_tot_PEEP_Jmin,compliance_dominant,resistance_dominant,65.59272553080956,64.78780617699456,0.012271472900404427,7.683916020003494,1.7563859861861815,0.18176716018559902,0.16524125044522597,0.17660799515558812,0.27869246595404973,S034,S085,3.0,9.0,6.0,1.0,1.0,0.0,15.0,15.0,0.0,59.98880295861775,49.74358159861309,10.245221360004656,0.804919353814995,5.603922572191807,15.044224578381478,9.440302006189672,0.3724228681549587,0.5377719479451163,0.16534907979015762,0.2551542636900826,0.07554389589023253,0.17961036779985007,0.08543512297807458,0.2322076555159467,0.1467725325378721,1.0934161426101063,1.3024354920756434,0.20901934946553702
34,115,MP_tot_PEEP_Jmin,compliance_dominant,mixed,65.59272553080956,64.23416992598334,0.020711985876971904,14.79007930685917,1.4621163212238457,0.07720850279530772,0.038604251397653944,0.27455668797369925,0.5022971603157549,S034,S115,3.0,9.0,6.0,1.0,1.0,0.0,15.0,10.0,5.0,59.98880295861775,45.3022843681562,14.686518590461546,1.358555604826222,5.603922572191807,18.931885557827137,13.327962985635331,0.3724228681549587,0.3333333333333333,0.03908953482162536,0.2551542636900826,0.3333333333333333,0.07817906964325072,0.08543512297807458,0.29473231427513175,0.20929719129705715,1.0934161426101063,1.41790134475282,0.3244852021427136
34,117,MP_tot_PEEP_Jmin,compliance_dominant,mixed,65.59272553080956,63.051920085356365,0.038736085821891225,21.067924616017738,0.4945564927284707,0.07720850279530772,0.038604251397653944,0.4209761241352224,1.0109897752372927,S034,S117,3.0,12.0,9.0,1.0,0.6,0.4,15.0,10.0,5.0,59.98880295861775,35.88551640441835,24.1032865541994,2.540805445453195,5.603922572191807,27.166403680938018,21.562481108746212,0.3724228681549587,0.3333333333333333,0.03908953482162536,0.2551542636900826,0.3333333333333333,0.07817906964325072,0.08543512297807458,0.4308576748203952,0.3454225518423206,1.0934161426101063,1.7570297547005118,0.6636136120904055
34,123,MP_tot_PEEP_Jmin,compliance_dominant,mixed,65.59272553080956,68.24076807187969,0.04037097894074113,1.8954072678654867,2.0162401184483087,0.07720850279530767,0.038604251397654,0.0019479369419042603,0.002458022627818801,S034,S123,3.0,3.0,0.0,1.0,0.6,0.4,15.0,15.0,0.0,59.98880295861775,62.51601264910504,2.5272096904872967,2.648042541070126,5.603922572191807,5.724755422774623,0.12083285058281668,0.3724228681549587,0.3333333333333333,0.03908953482162536,0.2551542636900826,0.3333333333333333,0.07817906964325072,0.08543512297807458,0.08389054790157985,0.0015445750764947336,1.0934161426101063,1.0915726256392424,0.0018435169708639343
34,149,MP_tot_PEEP_Jmin,compliance_dominant,severe_mixed,65.59272553080956,64.040144942646,0.023670011813037135,27.42982360845623,4.117158459016196,0.15996413488889832,0.07998206744444925,0.5113922976195214,1.5220088747399607,S034,S149,3.0,12.0,9.0,1.0,1.4,0.3999999999999999,15.0,5.0,10.0,59.98880295861775,35.123557221014146,24.8652457376036,1.5525805881635648,5.603922572191807,28.916587721631853,23.312665149440047,0.3724228681549587,0.29327894642789787,0.0791439217270608,0.2551542636900826,0.4134421071442042,0.1582878434541216,0.08543512297807458,0.4515384490077184,0.3661033260296438,1.0934161426101063,1.823281865776718,0.7298657231666117
34,158,MP_tot_PEEP_Jmin,compliance_dominant,severe_mixed,65.59272553080956,64.69446153194616,0.013694567371521641,10.23666008894903,3.278534324216089,0.159388531476244,0.079694265738122,0.15472779878512966,0.23689153230527404,S034,S158,3.0,6.0,3.0,1.0,1.4,0.3999999999999999,15.0,10.0,5.0,59.98880295861775,52.13241319502141,7.85638976359634,0.8982639988633991,5.603922572191807,12.56204833692476,6.958125764732954,0.3724228681549587,0.29309755361667894,0.07932531453827973,0.2551542636900826,0.41380489276664206,0.15865062907655947,0.08543512297807458,0.1941750196146484,0.10873989663657381,1.0934161426101063,1.2409642594124997,0.14754811680239333
34,165,MP_tot_PEEP_Jmin,compliance_dominant,severe_mixed,65.59272553080956,68.7726540780287,0.048479896535561555,6.587888339558212,0.9839657673663993,0.15580219743126983,0.07790109871563494,0.11075925381391556,0.12455485681347533,S034,S165,3.0,0.0,3.0,1.0,0.6,0.4,15.0,15.0,0.0,59.98880295861775,68.7726540780287,8.783851119410947,3.1799285472191343,5.603922572191807,0.0,5.603922572191807,0.3724228681549587,0.29403648601535226,0.07838638213960641,0.2551542636900826,0.41192702796929537,0.15677276427921277,0.08543512297807458,0.0,0.08543512297807458,1.0934161426101063,1.0,0.09341614261010633
34,166,MP_tot_PEEP_Jmin,compliance_dominant,severe_mixed,65.59272553080956,68.7726540780287,0.048479896535561555,6.587888339558212,0.9839657673663993,0.15580219743126983,0.07790109871563494,0.11075925381391556,0.12455485681347533,S034,S166,3.0,0.0,3.0,1.0,1.0,0.0,15.0,15.0,0.0,59.98880295861775,68.7726540780287,8.783851119410947,3.1799285472191343,5.603922572191807,0.0,5.603922572191807,0.3724228681549587,0.29403648601535226,0.07838638213960641,0.2551542636900826,0.41192702796929537,0.15677276427921277,0.08543512297807458,0.0,0.08543512297807458,1.0934161426101063,1.0,0.09341614261010633
34,167,MP_tot_PEEP_Jmin,compliance_dominant,severe_mixed,65.59272553080956,68.7726540780287,0.048479896535561555,6.587888339558212,0.9839657673663993,0.15580219743126983,0.07790109871563494,0.11075925381391556,0.12455485681347533,S034,S167,3.0,0.0,3.0,1.0,1.4,0.3999999999999999,15.0,15.0,0.0,59.98880295861775,68.7726540780287,8.783851119410947,3.1799285472191343,5.603922572191807,0.0,5.603922572191807,0.3724228681549587,0.29403648601535226,0.07838638213960641,0.2551542636900826,0.41192702796929537,0.15677276427921277,0.08543512297807458,0.0,0.08543512297807458,1.0934161426101063,1.0,0.09341614261010633
35,36,MP_tot_PEEP_Jmin,compliance_dominant,compliance_dominant,68.23110557214763,69.28915166524452,0.015506799783247134,3.2268170410582897,2.1336517734496496,0.0008010607242628365,0.0004005303621315015,0.09388417496335984,0.1311447078835435,S035,S036,3.0,6.0,3.0,1.4,0.6,0.7999999999999999,15.0,15.0,0.0,62.677515284714744,58.37509256330371,4.302422721411034,1.0580460930968911,5.553590287432879,10.914059101940826,5.360468814507946,0.37548171777628636,0.3733224419918183,0.002159275784468062,0.24903656444742725,0.25335511601636357,0.0043185515689363185,0.08139381944442492,0.1575146879365724,0.07612086849214747,1.0886057825075788,1.1869643134202361,0.09835853091265734
35,86,MP_tot_PEEP_Jmin,compliance_dominant,resistance_dominant,68.23110557214763,71.24580164136111,0.04418360282944182,5.202881663437886,4.748989957026119,0.1653035755043397,0.16842314255313579,0.16489238438468867,0.25275639483843526,S035,S086,3.0,9.0,6.0,1.4,1.4,0.0,15.0,15.0,0.0,62.677515284714744,55.740339733464246,6.937175551250498,3.0146960692134854,5.553590287432879,15.505461907896873,9.951871620463994,0.37548171777628636,0.5447863238430982,0.16930460606681186,0.24903656444742725,0.08957264768619635,0.1594639167612309,0.08139381944442492,0.2176333419048136,0.13623952246038867,1.0886057825075788,1.2781730786364047,0.18956729612882595
35,123,MP_tot_PEEP_Jmin,compliance_dominant,mixed,68.23110557214763,68.24076807187969,0.000141614292352947,0.12112697670727357,0.050038158634485796,0.08225840302802773,0.04112920151401395,0.003152872396906564,0.00395579084221831,S035,S123,3.0,3.0,0.0,1.4,0.6,0.7999999999999999,15.0,15.0,0.0,62.677515284714744,62.51601264910504,0.16150263560970046,0.009662499732058905,5.553590287432879,5.724755422774623,0.17116513534174427,0.37548171777628636,0.3333333333333333,0.042148384442953046,0.24903656444742725,0.3333333333333333,0.08429676888590606,0.08139381944442492,0.08389054790157985,0.0024967284571549286,1.0886057825075788,1.0915726256392424,0.0029668431316636212
35,165,MP_tot_PEEP_Jmin,compliance_dominant,severe_mixed,68.23110557214763,68.7726540780287,0.007936973926187281,4.571354094985452,0.9822361924474237,0.1608520976639899,0.08042604883199489,0.10565844447510474,0.11814104334343822,S035,S165,3.0,0.0,3.0,1.4,0.6,0.7999999999999999,15.0,15.0,0.0,62.677515284714744,68.7726540780287,6.09513879331395,0.5415485058810674,5.553590287432879,0.0,5.553590287432879,0.37548171777628636,0.29403648601535226,0.0814452317609341,0.24903656444742725,0.41192702796929537,0.16289046352186812,0.08139381944442492,0.0,0.08139381944442492,1.0886057825075788,1.0,0.08860578250757878
35,166,MP_tot_PEEP_Jmin,compliance_dominant,severe_mixed,68.23110557214763,68.7726540780287,0.007936973926187281,4.571354094985452,0.9822361924474237,0.1608520976639899,0.08042604883199489,0.10565844447510474,0.11814104334343822,S035,S166,3.0,0.0,3.0,1.4,1.0,0.3999999999999999,15.0,15.0,0.0,62.677515284714744,68.7726540780287,6.09513879331395,0.5415485058810674,5.553590287432879,0.0,5.553590287432879,0.37548171777628636,0.29403648601535226,0.0814452317609341,0.24903656444742725,0.41192702796929537,0.16289046352186812,0.08139381944442492,0.0,0.08139381944442492,1.0886057825075788,1.0,0.08860578250757878
35,167,MP_tot_PEEP_Jmin,compliance_dominant,severe_mixed,68.23110557214763,68.7726540780287,0.007936973926187281,4.571354094985452,0.9822361924474237,0.1608520976639899,0.08042604883199489,0.10565844447510474,0.11814104334343822,S035,S167,3.0,0.0,3.0,1.4,1.4,0.0,15.0,15.0,0.0,62.677515284714744,68.7726540780287,6.09513879331395,0.5415485058810674,5.553590287432879,0.0,5.553590287432879,0.37548171777628636,0.29403648601535226,0.0814452317609341,0.24903656444742725,0.41192702796929537,0.16289046352186812,0.08139381944442492,0.0,0.08139381944442492,1.0886057825075788,1.0,0.08860578250757878
36,86,MP_tot_PEEP_Jmin,compliance_dominant,resistance_dominant,69.28915166524452,71.24580164136111,0.028238907954447525,1.976064622379596,2.615338183576469,0.16450251478007685,0.16802261219100428,0.07100820942132885,0.12161168695489177,S036,S086,6.0,9.0,3.0,0.6,1.4,0.7999999999999999,15.0,15.0,0.0,58.37509256330371,55.740339733464246,2.6347528298394636,1.9566499761165943,10.914059101940826,15.505461907896873,4.591402805956047,0.3733224419918183,0.5447863238430982,0.17146388185127992,0.25335511601636357,0.08957264768619635,0.1637824683301672,0.1575146879365724,0.2176333419048136,0.060118653968241204,1.1869643134202361,1.2781730786364047,0.09120876521616861
36,123,MP_tot_PEEP_Jmin,compliance_dominant,mixed,69.28915166524452,68.24076807187969,0.015130558942760185,3.105690064351016,2.083613614815164,0.08305946375229056,0.04152973187614545,0.09073130256645327,0.12718891704132518,S036,S123,6.0,3.0,3.0,0.6,0.6,0.0,15.0,15.0,0.0,58.37509256330371,62.51601264910504,4.1409200858013335,1.0483835933648322,10.914059101940826,5.724755422774623,5.189303679166202,0.3733224419918183,0.3333333333333333,0.039989108658484984,0.25335511601636357,0.3333333333333333,0.07997821731696975,0.1575146879365724,0.08389054790157985,0.07362414003499254,1.1869643134202361,1.0915726256392424,0.09539168778099372
36,162,MP_tot_PEEP_Jmin,compliance_dominant,severe_mixed,69.28915166524452,71.75795742043057,0.03563048032560064,15.910819510044778,3.1273289397954898,0.16068324946539464,0.08034162473269746,0.3184581602780198,0.8254064016188105,S036,S162,6.0,12.0,6.0,0.6,0.6,0.0,15.0,10.0,5.0,58.37509256330371,41.80574986864949,16.569342694654217,2.468805755186054,10.914059101940826,29.952207551781072,19.038148449840246,0.3733224419918183,0.2928916520293099,0.08043078996250841,0.25335511601636357,0.41421669594138033,0.16086157992501676,0.1575146879365724,0.4174060777161033,0.25989138977953086,1.1869643134202361,1.716461435230528,0.529497121810292
36,165,MP_tot_PEEP_Jmin,compliance_dominant,severe_mixed,69.28915166524452,68.7726540780287,0.00745423453459453,7.798171136043742,3.1158879658970733,0.16165315838825273,0.08082657919412639,0.19954261943846457,0.2492857512269817,S036,S165,6.0,0.0,6.0,0.6,0.6,0.0,15.0,15.0,0.0,58.37509256330371,68.7726540780287,10.397561514724984,0.5164975872158237,10.914059101940826,0.0,10.914059101940826,0.3733224419918183,0.29403648601535226,0.07928595597646604,0.25335511601636357,0.41192702796929537,0.1585719119529318,0.1575146879365724,0.0,0.1575146879365724,1.1869643134202361,1.0,0.18696431342023612
36,166,MP_tot_PEEP_Jmin,compliance_dominant,severe_mixed,69.28915166524452,68.7726540780287,0.00745423453459453,7.798171136043742,3.1158879658970733,0.16165315838825273,0.08082657919412639,0.19954261943846457,0.2492857512269817,S036,S166,6.0,0.0,6.0,0.6,1.0,0.4,15.0,15.0,0.0,58.37509256330371,68.7726540780287,10.397561514724984,0.5164975872158237,10.914059101940826,0.0,10.914059101940826,0.3733224419918183,0.29403648601535226,0.07928595597646604,0.25335511601636357,0.41192702796929537,0.1585719119529318,0.1575146879365724,0.0,0.1575146879365724,1.1869643134202361,1.0,0.18696431342023612
36,167,MP_tot_PEEP_Jmin,compliance_dominant,severe_mixed,69.28915166524452,68.7726540780287,0.00745423453459453,7.798171136043742,3.1158879658970733,0.16165315838825273,0.08082657919412639,0.19954261943846457,0.2492857512269817,S036,S167,6.0,0.0,6.0,0.6,1.4,0.7999999999999999,15.0,15.0,0.0,58.37509256330371,68.7726540780287,10.397561514724984,0.5164975872158237,10.914059101940826,0.0,10.914059101940826,0.3733224419918183,0.29403648601535226,0.07928595597646604,0.25335511601636357,0.41192702796929537,0.1585719119529318,0.1575146879365724,0.0,0.1575146879365724,1.1869643134202361,1.0,0.18696431342023612
37,39,MP_tot_PEEP_Jmin,compliance_dominant,compliance_dominant,79.27854960522262,79.23108265550397,0.0005987363537176388,4.182322029263652,1.3466403933692348,0.013437815951337917,0.006718907975668931,0.08197091753150859,0.1453683637731178,S037,S039,6.0,9.0,3.0,1.0,0.6,0.4,15.0,15.0,0.0,66.30053051737848,60.72410114502695,5.576429372351527,0.04746694971865395,12.978019087844142,18.506981510477026,5.528962422632883,0.36960013583508133,0.37336972290823206,0.0037695870731507264,0.26079972832983744,0.25326055418353594,0.007539174146301508,0.16370152017752343,0.2335823377669243,0.06988081758940087,1.1957453279267862,1.3047716007566241,0.1090262728298379
37,88,MP_tot_PEEP_Jmin,compliance_dominant,resistance_dominant,79.27854960522262,76.50402832034933,0.03499712467860929,9.219159406784556,0.29853185072158794,0.1898527207650521,0.16708920951758244,0.15008905124505573,0.29437032120569806,S037,S088,6.0,12.0,6.0,1.0,1.0,0.0,15.0,15.0,0.0,66.30053051737848,54.00831797499907,12.292212542379403,2.7745212848732876,12.978019087844142,22.495710345350282,9.51769125750614,0.36960013583508133,0.5365382445534624,0.1669381087183811,0.26079972832983744,0.07307648910692466,0.18772323922291279,0.16370152017752343,0.2940460893268628,0.1303445691493394,1.1957453279267862,1.4165230688310593,0.22077774090427305
37,118,MP_tot_PEEP_Jmin,compliance_dominant,mixed,79.27854960522262,79.53414691607149,0.003224041208140772,16.19725718491268,0.06665958863288779,0.07131776343322482,0.03565888171661241,0.25888322615682213,0.6111672037097178,S037,S118,6.0,12.0,6.0,1.0,1.0,0.0,15.0,10.0,5.0,66.30053051737848,50.29221105468176,16.00831946269672,0.25559731084887005,12.978019087844142,29.241935861389717,16.263916773545574,0.36960013583508133,0.33333333333333326,0.036266802501748074,0.26079972832983744,0.33333333333333326,0.07253360500349582,0.16370152017752343,0.36766517269931,0.20396365252178655,1.1957453279267862,1.5814406495191777,0.3856953215923915
37,125,MP_tot_PEEP_Jmin,compliance_dominant,mixed,79.27854960522262,76.85859817801543,0.030524668264715282,3.7088197299193126,3.6562246705136516,0.07131776343322482,0.03565888171661241,0.11191554153220384,0.15594919543288488,S037,S125,6.0,3.0,3.0,1.0,1.4,0.3999999999999999,15.0,15.0,0.0,66.30053051737848,71.24562349060422,4.945092973225741,2.419951427207195,12.978019087844142,5.6129746874111826,7.36504440043296,0.36960013583508133,0.33333333333333326,0.036266802501748074,0.26079972832983744,0.33333333333333326,0.07253360500349582,0.16370152017752343,0.07302988631682737,0.09067163386069606,1.1957453279267862,1.0787834313521227,0.1169618965746635
37,126,MP_tot_PEEP_Jmin,compliance_dominant,mixed,79.27854960522262,77.60158590963164,0.021152804938304667,1.4501353772452106,1.1935852365092572,0.07131776343322482,0.03565888171661241,0.008187179803895384,0.013154282496896652,S037,S126,6.0,6.0,0.0,1.0,0.6,0.4,15.0,15.0,0.0,66.30053051737848,64.36701668105152,1.9335138363269522,1.6769636955909846,12.978019087844142,13.234569228580112,0.2565501407359694,0.36960013583508133,0.33333333333333337,0.03626680250174796,0.26079972832983744,0.33333333333333337,0.07253360500349593,0.16370152017752343,0.17054508710675054,0.006843566929227107,1.1957453279267862,1.2056110397994588,0.0098657118726726
37,168,MP_tot_PEEP_Jmin,compliance_dominant,severe_mixed,79.27854960522262,77.6056527158257,0.021101507251675537,3.708948377896455,2.90921301536239,0.1513973093331923,0.0756986546665962,0.1006122264129953,0.141971865389676,S037,S168,6.0,3.0,3.0,1.0,0.6,0.4,15.0,15.0,0.0,66.30053051737848,71.24579502124041,4.945264503861935,1.6728968893969238,12.978019087844142,6.359857694585306,6.618161393258837,0.36960013583508133,0.29310909572425903,0.0764910401108223,0.26079972832983744,0.41378180855148194,0.1529820802216445,0.16370152017752343,0.08195095939562112,0.0817505607819023,1.1957453279267862,1.089266428884529,0.10647889904225716
38,89,MP_tot_PEEP_Jmin,compliance_dominant,resistance_dominant,84.89803541128545,85.59033745402445,0.008154511931697469,7.2554697610788,3.1107919630986345,0.16842753137615218,0.1693371975268776,0.1391404249453073,0.2612842288644437,S038,S089,6.0,12.0,6.0,1.4,1.4,0.0,15.0,15.0,0.0,71.67795516957237,62.00399548813399,9.673959681438383,0.6923020427390014,13.220080241713056,23.58634196589047,10.366261724177413,0.37476590415002703,0.5445717613040484,0.16980585715402136,0.2504681916999459,0.08914352260809677,0.16132466909184912,0.15571715149436446,0.2755724847861485,0.11985533329178402,1.1844371844933024,1.3804003561416345,0.1959631716483321
38,127,MP_tot_PEEP_Jmin,compliance_dominant,mixed,84.89803541128545,87.90408810869553,0.035407800461428475,1.7201434587409778,2.4326715444964293,0.07978237011837963,0.039891185059189704,0.0033477679747539735,0.0052185313343653394,S038,S127,6.0,6.0,0.0,1.4,1.0,0.3999999999999999,15.0,15.0,0.0,71.67795516957237,73.97147978122703,2.293524611654661,3.006052697410084,13.220080241713056,13.9326083274685,0.7125280857554444,0.37476590415002703,0.33333333333333337,0.04143257081669366,0.2504681916999459,0.33333333333333337,0.08286514163338748,0.15571715149436446,0.1584978426741711,0.0027806911798066436,1.1844371844933024,1.1883510829940758,0.003913898500773394
38,129,MP_tot_PEEP_Jmin,compliance_dominant,mixed,84.89803541128545,88.74746213041423,0.04534176439396245,4.09495084243094,5.214410333272426,0.07978237011837963,0.039891185059189704,0.11469473650611281,0.20772545002727072,S038,S129,6.0,9.0,3.0,1.4,0.6,0.7999999999999999,15.0,15.0,0.0,71.67795516957237,66.2180207129978,5.459934456574572,3.849426719128786,13.220080241713056,22.529441417416436,9.30936117570338,0.37476590415002703,0.33333333333333337,0.04143257081669366,0.2504681916999459,0.33333333333333337,0.08286514163338748,0.15571715149436446,0.2538601203526188,0.09814296885825433,1.1844371844933024,1.3402312720137555,0.1557940875204531
38,161,MP_tot_PEEP_Jmin,compliance_dominant,severe_mixed,84.89803541128545,83.93716362458883,0.011317950786984717,13.088162195162681,3.376535085311822,0.16247150410354944,0.08123575205177469,0.16317220211073571,0.3179277628694235,S038,S161,6.0,9.0,3.0,1.4,1.4,0.0,15.0,10.0,5.0,71.67795516957237,61.00545627302491,10.67249889654746,0.9608717866966145,13.220080241713056,22.931707351563915,9.711627109850859,0.37476590415002703,0.292915602549,0.08185030160102702,0.2504681916999459,0.4141687949020001,0.1637006032020542,0.15571715149436446,0.27320088458226416,0.1174837330878997,1.1844371844933024,1.3758960059069953,0.19145882141369297
38,169,MP_tot_PEEP_Jmin,compliance_dominant,severe_mixed,84.89803541128545,83.5682443962102,0.015663389719598575,3.6829382006390787,2.55743708195493,0.1622188853863326,0.08110944269316639,0.08903283318434542,0.12440624792576549,S038,S169,6.0,3.0,3.0,1.4,1.0,0.3999999999999999,15.0,15.0,0.0,71.67795516957237,76.58853943709114,4.910584267518772,1.3297910150752443,13.220080241713056,6.979704959119031,6.240375282594025,0.37476590415002703,0.2923147560270261,0.08245114812300092,0.2504681916999459,0.4153704879459476,0.16490229624600172,0.15571715149436446,0.08352101937222889,0.07219613212213558,1.1844371844933024,1.091132498548978,0.09330468594432428
38,170,MP_tot_PEEP_Jmin,compliance_dominant,severe_mixed,84.89803541128545,87.29915787060905,0.02828242665088128,6.694067259345708,0.16976670620836387,0.1602124967895145,0.08010624839475727,0.0976615556313503,0.13515530206050497,S038,S170,6.0,3.0,3.0,1.4,1.4,0.0,15.0,15.0,0.0,71.67795516957237,80.60337818203334,8.925423012460968,2.4011224593236022,13.220080241713056,6.695779688575707,6.5243005531373495,0.37476590415002703,0.2934682687773148,0.08129763537271223,0.2504681916999459,0.4130634624453703,0.1625952707454244,0.15571715149436446,0.07669924718517783,0.07901790430918663,1.1844371844933024,1.0830707079479234,0.101366476545379
38,171,MP_tot_PEEP_Jmin,compliance_dominant,severe_mixed,84.89803541128545,88.38753940855582,0.04110229383242616,1.530735596159829,2.9792587985504326,0.16028778932704324,0.08014389466352162,0.012300036546444432,0.01939059369124263,S038,S171,6.0,6.0,0.0,1.4,0.6,0.7999999999999999,15.0,15.0,0.0,71.67795516957237,73.71893596445216,2.0409807948797862,3.4895039972703756,13.220080241713056,14.668603444103654,1.4485232023905983,0.37476590415002703,0.292656583453964,0.08210932069606303,0.2504681916999459,0.41468683309207194,0.16421864139212605,0.15571715149436446,0.1659578210034858,0.010240669509121336,1.1844371844933024,1.1989801297617344,0.014542945268432028
39,88,MP_tot_PEEP_Jmin,compliance_dominant,resistance_dominant,79.23108265550397,76.50402832034933,0.03441899622919254,5.036837377520904,1.0481085426476469,0.1764149048137142,0.1603703015419135,0.06811813371354714,0.14900195743258027,S039,S088,9.0,12.0,3.0,0.6,1.0,0.4,15.0,15.0,0.0,60.72410114502695,54.00831797499907,6.715783170027876,2.7270543351546337,18.506981510477026,22.495710345350282,3.988728834873257,0.37336972290823206,0.5365382445534624,0.16316852164523038,0.25326055418353594,0.07307648910692466,0.18018406507661128,0.2335823377669243,0.2940460893268628,0.06046375155993852,1.3047716007566241,1.4165230688310593,0.11175146807443515
39,118,MP_tot_PEEP_Jmin,compliance_dominant,mixed,79.23108265550397,79.53414691607149,0.0038250677689871367,12.014935155649027,1.279980804736347,0.08475557938456274,0.04237778969228134,0.17691230862531354,0.4657988399366,S039,S118,9.0,12.0,3.0,0.6,1.0,0.4,15.0,10.0,5.0,60.72410114502695,50.29221105468176,10.431890090345192,0.303064260567524,18.506981510477026,29.241935861389717,10.734954350912691,0.37336972290823206,0.33333333333333326,0.0400363895748988,0.25326055418353594,0.33333333333333326,0.08007277914979732,0.2335823377669243,0.36766517269931,0.13408283493238568,1.3047716007566241,1.5814406495191777,0.2766690487625536
39,125,MP_tot_PEEP_Jmin,compliance_dominant,mixed,79.23108265550397,76.85859817801543,0.029943860388783054,7.891141759182965,5.002865063882886,0.08475557938456274,0.04237778969228134,0.19388645906371244,0.30131755920600267,S039,S125,9.0,3.0,6.0,0.6,1.4,0.7999999999999999,15.0,15.0,0.0,60.72410114502695,71.24562349060422,10.521522345577267,2.372484477488541,18.506981510477026,5.6129746874111826,12.894006823065844,0.37336972290823206,0.33333333333333326,0.0400363895748988,0.25326055418353594,0.33333333333333326,0.08007277914979732,0.2335823377669243,0.07302988631682737,0.16055245145009694,1.3047716007566241,1.0787834313521227,0.2259881694045014
39,126,MP_tot_PEEP_Jmin,compliance_dominant,mixed,79.23108265550397,77.60158590963164,0.02056638242540958,2.7321866520184415,2.540225629878492,0.08475557938456274,0.04237778969228134,0.07378373772761321,0.13221408127622114,S039,S126,9.0,6.0,3.0,0.6,0.6,0.0,15.0,15.0,0.0,60.72410114502695,64.36701668105152,3.6429155360245744,1.6294967458723306,18.506981510477026,13.234569228580112,5.272412281896914,0.37336972290823206,0.33333333333333337,0.04003638957489869,0.25326055418353594,0.33333333333333337,0.08007277914979744,0.2335823377669243,0.17054508710675054,0.06303725066017377,1.3047716007566241,1.2056110397994588,0.0991605609571653
39,168,MP_tot_PEEP_Jmin,compliance_dominant,severe_mixed,79.23108265550397,77.6056527158257,0.020515054006590122,7.891270407160107,4.255853408731625,0.1648351252845302,0.08241756264226513,0.1825831439445039,0.2873402291627938,S039,S168,9.0,3.0,6.0,0.6,0.6,0.0,15.0,15.0,0.0,60.72410114502695,71.24579502124041,10.521693876213462,1.6254299396782699,18.506981510477026,6.359857694585306,12.147123815891721,0.37336972290823206,0.29310909572425903,0.08026062718397303,0.25326055418353594,0.41378180855148194,0.160521254367946,0.2335823377669243,0.08195095939562112,0.1516313783713032,1.3047716007566241,1.089266428884529,0.21550517187209506
40,42,MP_tot_PEEP_Jmin,compliance_dominant,compliance_dominant,94.73454762309612,90.59694221747408,0.0436757815330856,7.154361262041647,1.7528183182748478,0.0198243186764894,0.009912159338244797,0.07895215137601969,0.17562204271112836,S040,S042,9.0,12.0,3.0,1.0,0.6,0.4,15.0,15.0,0.0,72.61225807613914,63.07310972675029,9.539148349388853,4.13760540562204,22.122289546956985,27.52383249072378,5.4015429437667954,0.3677757017377556,0.37410532940561186,0.006329627667856275,0.2644485965244888,0.2517893411887761,0.012659255335712716,0.23351871204337296,0.3038053141424354,0.07028660209906243,1.3046632914756648,1.436379823509011,0.1317165320333462
40,119,MP_tot_PEEP_Jmin,compliance_dominant,mixed,94.73454762309612,93.03214319895945,0.017970259708313955,13.076294271160307,4.240789548073948,0.06777558518702814,0.03388779259351388,0.13907182787412398,0.3418640897038283,S040,S119,9.0,12.0,3.0,1.0,1.4,0.3999999999999999,15.0,10.0,5.0,72.61225807613914,62.07434892891607,10.537909147223068,1.7024044241366738,22.122289546956985,30.957794270043358,8.835504723086373,0.3677757017377556,0.3333333333333333,0.034442368404422274,0.2644485965244888,0.3333333333333333,0.0688847368088445,0.23351871204337296,0.3327644962863719,0.09924578424299893,1.3046632914756648,1.4987212077809215,0.1940579163052567
40,128,MP_tot_PEEP_Jmin,compliance_dominant,mixed,94.73454762309612,95.4506670044142,0.007559220994722854,6.910485215933001,1.5873756906595986,0.06777558518702809,0.03388779259351393,0.10719924397535294,0.18421185664843653,S040,S128,9.0,6.0,3.0,1.0,1.4,0.3999999999999999,15.0,15.0,0.0,72.61225807613914,81.8262383640498,9.213980287910658,0.7161193813180802,22.122289546956985,13.624428640364396,8.497860906592589,0.3677757017377556,0.33333333333333337,0.03444236840442222,0.2644485965244888,0.33333333333333337,0.06888473680884455,0.23351871204337296,0.14273790920428375,0.09078080283908921,1.3046632914756648,1.1665043989893378,0.13815889248632707
40,163,MP_tot_PEEP_Jmin,compliance_dominant,severe_mixed,94.73454762309612,91.66357433901754,0.03241661422500822,15.90320481296974,4.195903137111117,0.15633377045753444,0.07816688522876714,0.17848006451646986,0.47119697610479183,S040,S163,9.0,12.0,3.0,1.0,1.0,0.0,15.0,10.0,5.0,72.61225807613914,57.83398311620192,14.778274959937221,3.070973284078576,22.122289546956985,33.829591222815615,11.70730167585863,0.3677757017377556,0.2892248365452657,0.07855086519248988,0.2644485965244888,0.4215503269094688,0.15710173038498,0.23351871204337296,0.3690625362010971,0.13554382415772412,1.3046632914756648,1.5849431320482301,0.2802798405725653
41,130,MP_tot_PEEP_Jmin,compliance_dominant,mixed,103.67786491727055,104.52319419267899,0.008153420945569815,0.04025976837669987,0.8587491982006554,0.07848512956571896,0.03924256478285937,0.007852549179851065,0.015120454503246172,S041,S130,9.0,9.0,0.0,1.4,1.0,0.3999999999999999,15.0,15.0,0.0,80.67839505443001,80.62471536326107,0.05367969116893789,0.8453292754084316,22.999469862840527,23.89847882941791,0.8990089665773837,0.37436861181914777,0.33333333333333337,0.0410352784858144,0.2512627763617045,0.33333333333333337,0.08207055697162885,0.22183587481467607,0.22864282912521064,0.006806954310534574,1.2850759468792585,1.2964162877566936,0.011340340877435073
41,132,MP_tot_PEEP_Jmin,compliance_dominant,mixed,103.67786491727055,101.67839673422799,0.01928539119355936,9.457027732114284,1.1528743943288475,0.07848512956571896,0.03924256478285937,0.12157150962142127,0.2782377713445152,S041,S132,9.0,12.0,3.0,1.4,0.6,0.7999999999999999,15.0,15.0,0.0,80.67839505443001,68.06902474494433,12.609370309485683,1.9994681830425662,22.999469862840527,33.60937198928366,10.609902126443131,0.37436861181914777,0.3333333333333333,0.04103527848581445,0.2512627763617045,0.3333333333333333,0.0820705569716288,0.22183587481467607,0.33054584915548474,0.10870997434080867,1.2850759468792585,1.493754275387645,0.2086783285083864
41,164,MP_tot_PEEP_Jmin,compliance_dominant,severe_mixed,103.67786491727055,105.9056222813493,0.021487299780491943,13.923130056803586,0.895476989323214,0.16137863562177163,0.08068931781088584,0.16068070614289154,0.3932508400346584,S041,S164,9.0,12.0,3.0,1.4,1.4,0.0,15.0,10.0,5.0,80.67839505443001,69.8784993510284,10.799895703401617,2.227757364078741,22.999469862840527,36.0271229303209,13.027653067480372,0.37436861181914777,0.292814618635354,0.08155399318379375,0.2512627763617045,0.414370762729292,0.1631079863675875,0.22183587481467607,0.34018140070610325,0.11834552589142719,1.2850759468792585,1.5155680683602242,0.23049212148096565
41,172,MP_tot_PEEP_Jmin,compliance_dominant,severe_mixed,103.67786491727055,100.64639141416649,0.02923935119152986,2.7945223062927482,3.962980938534969,0.16341844375131742,0.08170922187565877,0.07123033000570339,0.12352756340180582,S041,S172,9.0,6.0,3.0,1.4,1.0,0.3999999999999999,15.0,15.0,0.0,80.67839505443001,84.40442479615369,3.7260297417236785,3.031473503104067,22.999469862840527,16.24196661801279,6.757503244827738,0.37436861181914777,0.2911317762235656,0.08323683559558215,0.2512627763617045,0.4177364475528687,0.16647367119116419,0.22183587481467607,0.16137654206772337,0.0604593327469527,1.2850759468792585,1.192430274327904,0.09264567255135447
41,173,MP_tot_PEEP_Jmin,compliance_dominant,severe_mixed,103.67786491727055,108.55141822730724,0.047006690520927694,8.816780423705978,1.934626502134705,0.16001159258383757,0.0800057962919189,0.08678287676131835,0.14761396553535855,S041,S173,9.0,6.0,3.0,1.4,1.4,0.0,15.0,15.0,0.0,80.67839505443001,92.434102286038,11.755707231607985,4.873553310036684,22.999469862840527,16.11731594126925,6.882153921571277,0.37436861181914777,0.29310431426005573,0.08126429755909204,0.2512627763617045,0.4137913714798886,0.16252859511818407,0.22183587481467607,0.148476327665471,0.07335954714920506,1.2850759468792585,1.1743654727277395,0.11071047415151902
41,174,MP_tot_PEEP_Jmin,compliance_dominant,severe_mixed,103.67786491727055,101.11831415621887,0.024687533477797483,3.3647386100746317,1.4379712243601261,0.15871990867101066,0.0793599543355053,0.028302651208912233,0.056098725038307595,S041,S174,9.0,9.0,0.0,1.4,0.6,0.7999999999999999,15.0,15.0,0.0,80.67839505443001,76.19207690766386,4.486318146766152,2.559550761051682,22.999469862840527,24.926237248555033,1.9267673857145056,0.37436861181914777,0.29255320980828864,0.08181540201085913,0.2512627763617045,0.4148935803834229,0.16363080402171837,0.22183587481467607,0.24650566474087174,0.024669789926195673,1.2850759468792585,1.3271499906579889,0.04207404377873036
42,119,MP_tot_PEEP_Jmin,compliance_dominant,mixed,90.59694221747408,93.03214319895945,0.02687950522259096,5.921933009118661,2.4879712297991006,0.08759990386351754,0.043799951931758674,0.06011967649810429,0.16624204699269995,S042,S119,12.0,12.0,0.0,0.6,1.4,0.7999999999999999,15.0,10.0,5.0,63.07310972675029,62.07434892891607,0.9987607978342155,2.435200981485366,27.52383249072378,30.957794270043358,3.433961779319578,0.37410532940561186,0.3333333333333333,0.04077199607227855,0.2517893411887761,0.3333333333333333,0.08154399214455721,0.3038053141424354,0.3327644962863719,0.0289591821439365,1.436379823509011,1.4987212077809215,0.062341384271910494
42,127,MP_tot_PEEP_Jmin,compliance_dominant,mixed,90.59694221747408,87.90408810869553,0.02972345470903937,8.173777540857557,5.417446622397733,0.08759990386351754,0.043799951931758674,0.1670991187928318,0.33070498735324705,S042,S127,12.0,6.0,6.0,0.6,1.0,0.4,15.0,15.0,0.0,63.07310972675029,73.97147978122703,10.898370054476743,2.6928541087785476,27.52383249072378,13.9326083274685,13.59122416325528,0.37410532940561186,0.33333333333333337,0.040771996072278494,0.2517893411887761,0.33333333333333337,0.08154399214455726,0.3038053141424354,0.1584978426741711,0.14530747146826428,1.436379823509011,1.1883510829940758,0.2480287405149353
42,129,MP_tot_PEEP_Jmin,compliance_dominant,mixed,90.59694221747408,88.74746213041423,0.02041437648767712,2.3586832396856394,2.635707833621737,0.08759990386351754,0.043799951931758674,0.055752150261472955,0.12819806866034167,S042,S129,12.0,9.0,3.0,0.6,0.6,0.0,15.0,15.0,0.0,63.07310972675029,66.2180207129978,3.1449109862475098,1.8494800870598453,27.52383249072378,22.529441417416436,4.994391073307344,0.37410532940561186,0.33333333333333337,0.040771996072278494,0.2517893411887761,0.33333333333333337,0.08154399214455726,0.3038053141424354,0.2538601203526188,0.0499451937898166,1.436379823509011,1.3402312720137555,0.09614855149525559
42,163,MP_tot_PEEP_Jmin,compliance_dominant,severe_mixed,90.59694221747408,91.66357433901754,0.01177337882975188,8.748843550928093,2.443084818836269,0.17615808913402384,0.08807904456701193,0.09952791314045017,0.2955749333936635,S042,S163,12.0,12.0,0.0,0.6,1.0,0.4,15.0,10.0,5.0,63.07310972675029,57.83398311620192,5.239126610548368,1.0666321215434635,27.52383249072378,33.829591222815615,6.305758732091835,0.37410532940561186,0.2892248365452657,0.08488049286034616,0.2517893411887761,0.4215503269094688,0.1697609857206927,0.3038053141424354,0.3690625362010971,0.06525722205866169,1.436379823509011,1.5849431320482301,0.14856330853921906
42,170,MP_tot_PEEP_Jmin,compliance_dominant,severe_mixed,90.59694221747408,87.29915787060905,0.03640061426078641,13.147701341462287,7.680351460685799,0.1680300305346524,0.08401501526732624,0.26810844239893605,0.47107882074811736,S042,S170,12.0,3.0,9.0,0.6,1.4,0.7999999999999999,15.0,15.0,0.0,63.07310972675029,80.60337818203334,17.53026845528305,3.297784346865029,27.52383249072378,6.695779688575707,20.828052802148072,0.37410532940561186,0.2934682687773148,0.08063706062829706,0.2517893411887761,0.4130634624453703,0.16127412125659418,0.3038053141424354,0.07669924718517783,0.22710606695725755,1.436379823509011,1.0830707079479234,0.3533091155610877
42,171,MP_tot_PEEP_Jmin,compliance_dominant,severe_mixed,90.59694221747408,88.38753940855582,0.024387167544956196,7.984369678276408,4.87085936834373,0.16810532307218115,0.08405266153609059,0.15814685022114133,0.31653292499636976,S042,S171,12.0,6.0,6.0,0.6,0.6,0.0,15.0,15.0,0.0,63.07310972675029,73.71893596445216,10.645826237701868,2.209402808918256,27.52383249072378,14.668603444103654,12.855229046620126,0.37410532940561186,0.292656583453964,0.08144874595164786,0.2517893411887761,0.41468683309207194,0.16289749190329583,0.3038053141424354,0.1659578210034858,0.1378474931389496,1.436379823509011,1.1989801297617344,0.23739969374727665
43,131,MP_tot_PEEP_Jmin,compliance_dominant,mixed,111.96071958443011,116.44121509635508,0.040018459407508616,10.112150701946746,1.1097786112760701,0.06572574034840056,0.032862870174200365,0.10070650877826154,0.21132856645837705,S043,S131,12.0,9.0,3.0,1.0,1.4,0.3999999999999999,15.0,15.0,0.0,78.92398563489978,92.40685323749543,13.482867602595647,4.480495511924971,33.03673394953032,24.03436185885965,9.002372090670672,0.36662266202491334,0.33333333333333337,0.03328932869157997,0.2667546759501734,0.33333333333333337,0.06657865738315999,0.29507432671167466,0.20640768682267033,0.08866663988900433,1.4185892752851759,1.260092850441393,0.1584964248437828
43,173,MP_tot_PEEP_Jmin,compliance_dominant,severe_mixed,111.96071958443011,108.55141822730724,0.030450870356829928,10.132587488353664,6.786830519907397,0.14725220336651929,0.07362610168325978,0.16956789967188884,0.32563173674324797,S043,S173,12.0,6.0,6.0,1.0,1.4,0.3999999999999999,15.0,15.0,0.0,78.92398563489978,92.434102286038,13.510116651138219,3.409301357122871,33.03673394953032,16.11731594126925,16.919418008261072,0.36662266202491334,0.29310431426005573,0.0735183477648576,0.2667546759501734,0.4137913714798886,0.1470366955297152,0.29507432671167466,0.148476327665471,0.14659799904620366,1.4185892752851759,1.1743654727277395,0.24422380255743636
43,177,MP_tot_PEEP_Jmin,compliance_dominant,severe_mixed,111.96071958443011,115.79797695881511,0.03427324680144906,0.1940758380180867,3.9019493203910542,0.14527310595828058,0.07263655297914029,0.028069260097016713,0.07126135611905893,S043,S177,12.0,12.0,0.0,1.0,0.6,0.4,15.0,15.0,0.0,78.92398563489978,78.66521785087566,0.2587677840241156,3.837257374385004,33.03673394953032,37.132759107939464,4.096025158409141,0.36662266202491334,0.2926890417391635,0.07393362028574985,0.2667546759501734,0.41462191652167313,0.14786724057149975,0.29507432671167466,0.3206684614287015,0.025594134717026817,1.4185892752851759,1.4720352923744697,0.05344601708929386
44,133,MP_tot_PEEP_Jmin,compliance_dominant,mixed,124.57059409010297,123.1420111688058,0.011468058988816185,1.8006629954944344,0.8283619227989902,0.0778749332703309,0.03893746663516545,0.012388610853082516,0.0291241807539111,S044,S133,12.0,12.0,0.0,1.4,1.0,0.3999999999999999,15.0,15.0,0.0,89.67883493928767,87.2779509452951,2.400883993992565,1.4285829212971777,34.89175915081529,35.86406022351072,0.97230107269543,0.37416599927453575,0.3333333333333334,0.04083266594120233,0.25166800145092827,0.3333333333333334,0.08166533188240516,0.28009627316682606,0.29124146896015424,0.011145195793328178,1.3890746258516509,1.4109177614170836,0.021843135565432714
44,175,MP_tot_PEEP_Jmin,compliance_dominant,severe_mixed,124.57059409010297,120.00709513189754,0.036633837957813796,1.9061064119464248,5.198867762187561,0.1644126011027417,0.08220630055137085,0.054967322086483084,0.1170211880551395,S044,S175,12.0,9.0,3.0,1.4,1.0,0.3999999999999999,15.0,15.0,0.0,89.67883493928767,92.22031015521624,2.541475215928571,4.563498958205429,34.89175915081529,27.786784976681293,7.1049741741339965,0.37416599927453575,0.29032504030365736,0.0838409589708784,0.25166800145092827,0.4193499193926853,0.16768191794175702,0.28009627316682606,0.2315428512467647,0.048553421920061346,1.3890746258516509,1.301308734810296,0.0877658910413548
45,46,MP_tot_PEEP_Jmin,resistance_dominant,resistance_dominant,6.158228744909174,6.158228744909174,0.0,0.0,0.0,0.0,0.0,0.0,0.0,S045,S046,0.0,0.0,0.0,0.6,1.0,0.4,5.0,5.0,0.0,6.158228744909174,6.158228744909174,0.0,0.0,0.0,0.0,0.0,0.5472804593845153,0.5472804593845153,0.0,0.09456091876903072,0.09456091876903072,0.0,0.0,0.0,0.0,1.0,1.0,0.0
45,47,MP_tot_PEEP_Jmin,resistance_dominant,resistance_dominant,6.158228744909174,6.158228744909174,0.0,0.0,0.0,0.0,0.0,0.0,0.0,S045,S047,0.0,0.0,0.0,0.6,1.4,0.7999999999999999,5.0,5.0,0.0,6.158228744909174,6.158228744909174,0.0,0.0,0.0,0.0,0.0,0.5472804593845153,0.5472804593845153,0.0,0.09456091876903072,0.09456091876903072,0.0,0.0,0.0,0.0,1.0,1.0,0.0
46,47,MP_tot_PEEP_Jmin,resistance_dominant,resistance_dominant,6.158228744909174,6.158228744909174,0.0,0.0,0.0,0.0,0.0,0.0,0.0,S046,S047,0.0,0.0,0.0,1.0,1.4,0.3999999999999999,5.0,5.0,0.0,6.158228744909174,6.158228744909174,0.0,0.0,0.0,0.0,0.0,0.5472804593845153,0.5472804593845153,0.0,0.09456091876903072,0.09456091876903072,0.0,0.0,0.0,0.0,1.0,1.0,0.0
49,90,MP_tot_PEEP_Jmin,resistance_dominant,mixed,9.962177441811226,10.110834769526457,0.014922172244324485,0.9101189182121416,0.7614615904969098,0.25897566298090735,0.20384550184287958,0.2873672489695037,0.4032473227675246,S049,S090,3.0,0.0,3.0,1.0,0.6,0.4,5.0,5.0,0.0,8.290596933102174,10.110834769526457,1.8202378364242833,0.148657327715231,1.6715805087090518,0.0,1.6715805087090518,0.5384645806984556,0.3333333333333334,0.20513124736512217,0.07692916139691124,0.3333333333333334,0.2564041719364222,0.16779268573288345,0.0,0.16779268573288345,1.2016236613837623,1.0,0.2016236613837623
49,91,MP_tot_PEEP_Jmin,resistance_dominant,mixed,9.962177441811226,10.110834769526457,0.014922172244324485,0.9101189182121416,0.7614615904969098,0.25897566298090735,0.20384550184287958,0.2873672489695037,0.4032473227675246,S049,S091,3.0,0.0,3.0,1.0,1.0,0.0,5.0,5.0,0.0,8.290596933102174,10.110834769526457,1.8202378364242833,0.148657327715231,1.6715805087090518,0.0,1.6715805087090518,0.5384645806984556,0.3333333333333334,0.20513124736512217,0.07692916139691124,0.3333333333333334,0.2564041719364222,0.16779268573288345,0.0,0.16779268573288345,1.2016236613837623,1.0,0.2016236613837623
49,92,MP_tot_PEEP_Jmin,resistance_dominant,mixed,9.962177441811226,10.110834769526457,0.014922172244324485,0.9101189182121416,0.7614615904969098,0.25897566298090735,0.20384550184287958,0.2873672489695037,0.4032473227675246,S049,S092,3.0,0.0,3.0,1.0,1.4,0.3999999999999999,5.0,5.0,0.0,8.290596933102174,10.110834769526457,1.8202378364242833,0.148657327715231,1.6715805087090518,0.0,1.6715805087090518,0.5384645806984556,0.3333333333333334,0.20513124736512217,0.07692916139691124,0.3333333333333334,0.2564041719364222,0.16779268573288345,0.0,0.16779268573288345,1.2016236613837623,1.0,0.2016236613837623
50,51,MP_tot_PEEP_Jmin,resistance_dominant,resistance_dominant,11.012885723121471,11.541462759264764,0.0479962336332565,0.8244114572410912,1.3529884933843856,0.017088830684191245,0.008544415342095601,0.234604836633185,0.6499400864029616,S050,S051,3.0,6.0,3.0,1.4,0.6,0.7999999999999999,5.0,5.0,0.0,9.29005662224404,7.641233707761857,1.6488229144821824,0.5285770361432931,1.7228291008774297,3.900229051502908,2.177399950625478,0.5469843028000188,0.5416251565586345,0.005359146241384227,0.0939686056000375,0.08325031311726906,0.01071829248276844,0.15643757178560047,0.337931953068258,0.18149438128265755,1.1854487190909366,1.5104187622924174,0.3249700432014808
50,135,MP_tot_PEEP_Jmin,resistance_dominant,severe_mixed,11.012885723121471,11.46210901300477,0.04079069747724328,1.0860261953803656,0.6368029054970652,0.32615567316833016,0.24884919138513056,0.2705508288597933,0.37089743818187326,S050,S135,3.0,0.0,3.0,1.4,0.6,0.7999999999999999,5.0,5.0,0.0,9.29005662224404,11.46210901300477,2.172052390760731,0.4492232898832995,1.7228291008774297,0.0,1.7228291008774297,0.5469843028000188,0.2940364860153522,0.25294781678466655,0.0939686056000375,0.41192702796929564,0.31795842236925814,0.15643757178560047,0.0,0.15643757178560047,1.1854487190909366,1.0,0.18544871909093663
50,136,MP_tot_PEEP_Jmin,resistance_dominant,severe_mixed,11.012885723121471,11.46210901300477,0.04079069747724328,1.0860261953803656,0.6368029054970652,0.32615567316833016,0.24884919138513056,0.2705508288597933,0.37089743818187326,S050,S136,3.0,0.0,3.0,1.4,1.0,0.3999999999999999,5.0,5.0,0.0,9.29005662224404,11.46210901300477,2.172052390760731,0.4492232898832995,1.7228291008774297,0.0,1.7228291008774297,0.5469843028000188,0.2940364860153522,0.25294781678466655,0.0939686056000375,0.41192702796929564,0.31795842236925814,0.15643757178560047,0.0,0.15643757178560047,1.1854487190909366,1.0,0.18544871909093663
50,137,MP_tot_PEEP_Jmin,resistance_dominant,severe_mixed,11.012885723121471,11.46210901300477,0.04079069747724328,1.0860261953803656,0.6368029054970652,0.32615567316833016,0.24884919138513056,0.2705508288597933,0.37089743818187326,S050,S137,3.0,0.0,3.0,1.4,1.4,0.0,5.0,5.0,0.0,9.29005662224404,11.46210901300477,2.172052390760731,0.4492232898832995,1.7228291008774297,0.0,1.7228291008774297,0.5469843028000188,0.2940364860153522,0.25294781678466655,0.0939686056000375,0.41192702796929564,0.31795842236925814,0.15643757178560047,0.0,0.15643757178560047,1.1854487190909366,1.0,0.18544871909093663
51,135,MP_tot_PEEP_Jmin,resistance_dominant,severe_mixed,11.541462759264764,11.46210901300477,0.0068755363089737795,1.9104376526214568,1.9897913988814508,0.30906684248413896,0.25739360672722617,0.5051556654929783,1.020837524584835,S051,S135,6.0,0.0,6.0,0.6,0.6,0.0,5.0,5.0,0.0,7.641233707761857,11.46210901300477,3.8208753052429136,0.07935374625999358,3.900229051502908,0.0,3.900229051502908,0.5416251565586345,0.2940364860153522,0.24758867054328232,0.08325031311726906,0.41192702796929564,0.3286767148520266,0.337931953068258,0.0,0.337931953068258,1.5104187622924174,1.0,0.5104187622924174
51,136,MP_tot_PEEP_Jmin,resistance_dominant,severe_mixed,11.541462759264764,11.46210901300477,0.0068755363089737795,1.9104376526214568,1.9897913988814508,0.30906684248413896,0.25739360672722617,0.5051556654929783,1.020837524584835,S051,S136,6.0,0.0,6.0,0.6,1.0,0.4,5.0,5.0,0.0,7.641233707761857,11.46210901300477,3.8208753052429136,0.07935374625999358,3.900229051502908,0.0,3.900229051502908,0.5416251565586345,0.2940364860153522,0.24758867054328232,0.08325031311726906,0.41192702796929564,0.3286767148520266,0.337931953068258,0.0,0.337931953068258,1.5104187622924174,1.0,0.5104187622924174
51,137,MP_tot_PEEP_Jmin,resistance_dominant,severe_mixed,11.541462759264764,11.46210901300477,0.0068755363089737795,1.9104376526214568,1.9897913988814508,0.30906684248413896,0.25739360672722617,0.5051556654929783,1.020837524584835,S051,S137,6.0,0.0,6.0,0.6,1.4,0.7999999999999999,5.0,5.0,0.0,7.641233707761857,11.46210901300477,3.8208753052429136,0.07935374625999358,3.900229051502908,0.0,3.900229051502908,0.5416251565586345,0.2940364860153522,0.24758867054328232,0.08325031311726906,0.41192702796929564,0.3286767148520266,0.337931953068258,0.0,0.337931953068258,1.5104187622924174,1.0,0.5104187622924174
52,138,MP_tot_PEEP_Jmin,resistance_dominant,severe_mixed,14.98449825913413,15.468261401116752,0.03228424026061295,1.1378571816577239,0.6540940396751012,0.34310227567151574,0.24201697460286709,0.16302961603500182,0.4390851323340914,S052,S138,6.0,3.0,3.0,1.0,0.6,0.4,5.0,5.0,0.0,10.422965121295192,12.69867948461064,2.2757143633154477,0.4837631419826227,4.561533137838937,2.769581916506114,1.7919512213328233,0.5355435530901154,0.2917718137588914,0.24377173933122398,0.07108710618023062,0.41645637248221723,0.3453692663019866,0.30441680855469117,0.1790493349372904,0.12536747361740078,1.4376425599390386,1.2180999937719927,0.21954256616704582
53,95,MP_tot_PEEP_Jmin,resistance_dominant,mixed,17.32373907901443,18.071626857233632,0.04317126775045782,1.4896288533351578,0.7417410751159537,0.24838753214458814,0.20913956726103933,0.18360598883743123,0.4424383457484531,S053,S095,6.0,3.0,3.0,1.4,1.4,0.0,5.0,5.0,0.0,12.421884499578917,15.401142206249233,2.9792577066703156,0.7478877782192015,4.901854579435515,2.6704846509844034,2.2313699284511115,0.5470508431774482,0.33333333333333337,0.21371750984411486,0.09410168635489646,0.33333333333333337,0.2392316469784369,0.282955922914673,0.14777223279792728,0.1351836901167457,1.3946144065018218,1.173395233627595,0.22121917287422677
54,94,MP_tot_PEEP_Jmin,resistance_dominant,mixed,15.747290790983191,16.09283909714548,0.021943349541760318,2.5273581856776417,2.181809879515349,0.2194076076299537,0.2236295295183564,0.3540289400440924,1.3618548354641316,S054,S094,9.0,3.0,6.0,0.6,1.0,0.4,5.0,5.0,0.0,8.382736189188215,13.437452560543498,5.054716371355283,0.3455483061622875,7.364554601794977,2.6553865366019855,4.709168065192991,0.5451166196175088,0.3333333333333334,0.21178328628417536,0.0902332392350175,0.3333333333333334,0.24310009409831593,0.4676712140231689,0.16500423079933693,0.302666983223832,1.8785382762365281,1.197610858504462,0.6809274177320661
54,138,MP_tot_PEEP_Jmin,resistance_dominant,severe_mixed,15.747290790983191,15.468261401116752,0.017719199675045674,2.1579716477112125,2.43700103757765,0.2996423867352453,0.26374691907100223,0.3335788380150311,1.3208765649290706,S054,S138,9.0,3.0,6.0,0.6,0.6,0.0,5.0,5.0,0.0,8.382736189188215,12.69867948461064,4.315943295422425,0.2790293898664391,7.364554601794977,2.769581916506114,4.594972685288862,0.5451166196175088,0.2917718137588914,0.2533448058586174,0.0902332392350175,0.41645637248221723,0.32622313324719976,0.4676712140231689,0.1790493349372904,0.28862187908587855,1.8785382762365281,1.2180999937719927,0.6604382824645354
55,57,MP_tot_PEEP_Jmin,resistance_dominant,resistance_dominant,21.22519119687787,20.962592839062033,0.012372013772693988,1.7155473194368156,1.4529489616209794,0.05224674120870813,0.0261233706043541,0.14181037753234815,1.2138605104660036,S055,S057,9.0,12.0,3.0,1.0,0.6,0.4,5.0,5.0,0.0,12.555333309488212,9.12423867061458,3.431094638873631,0.2625983578158362,8.66985788738966,11.838354168447456,3.168496281057795,0.5348358641848732,0.5491731306198628,0.01433726643498967,0.06967172836974625,0.09834626123972563,0.028674532869979383,0.40847019030221776,0.5647371133587862,0.15626692305656842,1.6905318778624336,2.2974621330954355,0.6069302552330018
55,63,MP_tot_PEEP_Jmin,resistance_dominant,resistance_dominant,21.22519119687787,21.972957983829335,0.03523015552677138,6.780293316500586,0.4964534560732208,0.019558050479615965,0.009779025239808004,0.4255246037539227,1.1983385802597404,S055,S063,9.0,3.0,6.0,1.0,0.6,0.4,5.0,10.0,5.0,12.555333309488212,19.586939956867035,7.031606647378823,0.7477667869514661,8.66985788738966,2.3860180269622977,6.2838398604273635,0.5348358641848732,0.5436192782146044,0.008783414029731262,0.06967172836974625,0.08723855642920879,0.01756682805946254,0.40847019030221776,0.10858884036997893,0.2998813499322388,1.6905318778624336,1.1218167836434183,0.5687150942190153
55,140,MP_tot_PEEP_Jmin,resistance_dominant,severe_mixed,21.22519119687787,20.517983149238322,0.03331927807291433,2.4110688777594618,3.1182769253990106,0.3446276203721446,0.2431995518281972,0.3145325929918517,1.0196173666061183,S055,S140,9.0,3.0,6.0,1.0,1.4,0.3999999999999999,5.0,5.0,0.0,12.555333309488212,17.377471065007136,4.8221377555189235,0.707208047639547,8.66985788738966,3.14051208423119,5.529345803158471,0.5348358641848732,0.2935900461201762,0.24124581806469697,0.06967172836974625,0.4128199077596478,0.3431481793899015,0.40847019030221776,0.15306144182830045,0.2554087484739173,1.6905318778624336,1.1807231945593746,0.5098086833030591
55,141,MP_tot_PEEP_Jmin,resistance_dominant,severe_mixed,21.22519119687787,21.423301844161767,0.009333750892808851,0.6899583233641424,0.4918476760802477,0.34007137740431237,0.2409214303442812,0.06201886587441252,0.3063716028790755,S055,S141,9.0,6.0,3.0,1.0,0.6,0.4,5.0,5.0,0.0,12.555333309488212,13.935249956216497,1.3799166467282848,0.19811064728389738,8.66985788738966,7.488051887945268,1.1818059994443928,0.5348358641848732,0.2917919291514803,0.2430439350333929,0.06967172836974625,0.41641614169703944,0.3467444133272932,0.40847019030221776,0.34952837533705833,0.058941814965159434,1.6905318778624336,1.5373460764228963,0.1531858014395373
56,64,MP_tot_PEEP_Jmin,resistance_dominant,resistance_dominant,25.090788812588038,24.4072134742247,0.027244075244871827,6.6719694895544475,0.13113198891211653,0.004849869296460335,0.002424934648230015,0.3917213417519489,1.0371230543972805,S056,S064,9.0,3.0,6.0,1.4,1.0,0.3999999999999999,5.0,10.0,5.0,15.553712376913786,21.673238517017015,6.119526140103229,0.6835753383633367,9.537076435674248,2.733974957207688,6.8031014784665595,0.5471948176802606,0.5412791682001729,0.005915649480087715,0.09438963536052118,0.08255833640034564,0.01183129896017554,0.3801026945350359,0.11201503850879616,0.26808765602623974,1.6131704254625432,1.126145197685204,0.48702522777733925
56,65,MP_tot_PEEP_Jmin,resistance_dominant,resistance_dominant,25.090788812588038,25.889988063644324,0.03185229675423073,7.671429178696302,0.8519127559365813,0.002513746628616878,0.0012568733143085709,0.4012352569261727,1.0504274761830117,S056,S065,9.0,3.0,6.0,1.4,1.4,0.0,5.0,10.0,5.0,15.553712376913786,23.172428050729796,7.618715673816009,0.7991992510562866,9.537076435674248,2.717560012914531,6.819516422759717,0.5471948176802606,0.5460243940451319,0.0011704236351286479,0.09438963536052118,0.09204878809026369,0.00234084727025749,0.3801026945350359,0.10496567268528907,0.27513702184974687,1.6131704254625432,1.117275583161383,0.4958948423011602
56,97,MP_tot_PEEP_Jmin,resistance_dominant,mixed,25.090788812588038,24.07455431690801,0.04050229362140194,0.6051789873234004,1.6214134830034208,0.2475884633270703,0.2095391016697981,0.08497458243282963,0.3541798766463202,S056,S097,9.0,6.0,3.0,1.4,1.0,0.3999999999999999,5.0,5.0,0.0,15.553712376913786,16.764070351560587,1.2103579746468007,1.0162344956800275,9.537076435674248,7.310483965347429,2.2265924703268185,0.5471948176802606,0.3333333333333334,0.21386148434692714,0.09438963536052118,0.3333333333333334,0.23894369797281223,0.3801026945350359,0.30366019944191197,0.07644249509312395,1.6131704254625432,1.4360804871393826,0.17708993832316056
56,99,MP_tot_PEEP_Jmin,resistance_dominant,mixed,25.090788812588038,25.752329772344044,0.026365889279021466,1.333185779733892,1.9947267394899022,0.2475884633270703,0.2095391016697981,0.11544831785507625,0.7701903399754135,S056,S099,9.0,9.0,0.0,1.4,0.6,0.7999999999999999,5.0,5.0,0.0,15.553712376913786,12.887340817446002,2.666371559467784,0.6615409597560067,9.537076435674248,12.864988954898047,3.3279125192237995,0.5471948176802606,0.33333333333333337,0.2138614843469272,0.09438963536052118,0.33333333333333337,0.23894369797281217,0.3801026945350359,0.49956602251630156,0.11946332798126563,1.6131704254625432,1.99826559545025,0.38509516998770676
57,63,MP_tot_PEEP_Jmin,resistance_dominant,resistance_dominant,20.962592839062033,21.972957983829335,0.04819848157736345,8.495840635937402,0.9564955055477586,0.03268869072909217,0.016344345364546098,0.5673349812862709,2.412199090725744,S057,S063,12.0,3.0,9.0,0.6,0.6,0.0,5.0,10.0,5.0,9.12423867061458,19.586939956867035,10.462701286252454,1.0103651447673023,11.838354168447456,2.3860180269622977,9.452336141485159,0.5491731306198628,0.5436192782146044,0.005553852405258408,0.09834626123972563,0.08723855642920879,0.011107704810516844,0.5647371133587862,0.10858884036997893,0.4561482729888072,2.2974621330954355,1.1218167836434183,1.1756453494520172
57,140,MP_tot_PEEP_Jmin,resistance_dominant,severe_mixed,20.962592839062033,20.517983149238322,0.021209670637461316,4.126616197196277,4.57122588701999,0.29238087916343647,0.2693229224325513,0.45634297052419986,2.233477877072122,S057,S140,12.0,3.0,9.0,0.6,1.4,0.7999999999999999,5.0,5.0,0.0,9.12423867061458,17.377471065007136,8.253232394392555,0.44460968982371085,11.838354168447456,3.14051208423119,8.697842084216266,0.5491731306198628,0.2935900461201762,0.25558308449968664,0.09834626123972563,0.4128199077596478,0.31447364651992216,0.5647371133587862,0.15306144182830045,0.41167567153048573,2.2974621330954355,1.1807231945593746,1.1167389385360609
57,141,MP_tot_PEEP_Jmin,resistance_dominant,severe_mixed,20.962592839062033,21.423301844161767,0.021977672735275428,2.405505642800958,1.9447966377012271,0.2878246361956043,0.2670448009486353,0.20382924340676067,1.5202321133450791,S057,S141,12.0,6.0,6.0,0.6,0.6,0.0,5.0,5.0,0.0,9.12423867061458,13.935249956216497,4.811011285601916,0.46070900509973356,11.838354168447456,7.488051887945268,4.350302280502188,0.5491731306198628,0.2917919291514803,0.25738120146838256,0.09834626123972563,0.41641614169703944,0.3180698804573138,0.5647371133587862,0.34952837533705833,0.21520873802172785,2.2974621330954355,1.5373460764228963,0.7601160566725391
58,98,MP_tot_PEEP_Jmin,resistance_dominant,mixed,28.684256255042424,28.430898210482862,0.008832651692512468,3.0018740726454034,3.255232117204965,0.260924331042985,0.20287116781184084,0.227926683609611,1.1578058807726506,S058,S098,12.0,6.0,6.0,1.0,1.4,0.3999999999999999,5.0,5.0,0.0,14.687701497681218,20.691449642972024,6.003748145290807,0.2533580445595618,13.996554757361208,7.7394485675108395,6.257106189850369,0.5349870561227059,0.33333333333333337,0.20165372278937255,0.06997411224541183,0.33333333333333337,0.26335922108792154,0.48795250721903394,0.27221962915885645,0.2157328780601775,1.9529438462220159,1.374040905835691,0.5789029403863248
58,142,MP_tot_PEEP_Jmin,resistance_dominant,severe_mixed,28.684256255042424,27.735392177771217,0.033079612343248584,2.2951464371930452,3.2440105144642573,0.3494825163134913,0.2471502604470941,0.1885184469672651,1.028472994371687,S058,S142,12.0,6.0,6.0,1.0,1.0,0.0,5.0,5.0,0.0,14.687701497681218,19.277994372067308,4.5902928743860905,0.9488640772712067,13.996554757361208,8.457397805703904,5.539156951657304,0.5349870561227059,0.28933614450207523,0.24565091162063069,0.06997411224541183,0.42132771099584965,0.3513535987504378,0.48795250721903394,0.30493161053919265,0.18302089667984128,1.9529438462220159,1.438707349036173,0.5142364971858429
58,144,MP_tot_PEEP_Jmin,resistance_dominant,severe_mixed,28.684256255042424,29.32723034213984,0.02241557464068414,0.24205946507057519,0.4009146220268356,0.3355184142682276,0.24016820942446238,0.0047878025636887145,0.03987431828637211,S058,S144,12.0,9.0,3.0,1.0,0.6,0.4,5.0,5.0,0.0,14.687701497681218,15.171820427822368,0.48411893014115037,0.6429740870974143,13.996554757361208,14.155409914317463,0.15885515695625507,0.5349870561227059,0.2927010094021838,0.24228604672052212,0.06997411224541183,0.41459798119563224,0.3446238689502204,0.48795250721903394,0.48267121542595093,0.0052812917930830094,1.9529438462220159,1.9330066870788303,0.019937159143185612
59,68,MP_tot_PEEP_Jmin,resistance_dominant,resistance_dominant,34.31403492384225,34.76148627024184,0.013039893075608216,9.237343117363757,0.5001648512798695,0.0010470819580997298,0.0005235409790498302,0.3553083255250389,1.3018928003599388,S059,S068,12.0,6.0,6.0,1.4,1.4,0.0,5.0,10.0,5.0,18.685540254248643,27.87016986673212,9.184629612483477,0.44745134639958906,15.628494669593614,6.891316403509719,8.737178266083895,0.5473453145208274,0.5454826718325426,0.0018626426882847325,0.0946906290416545,0.09096534366508525,0.003725285376569243,0.4554548803217119,0.19824573523512276,0.2572091450865891,1.8363951192709058,1.2472649587879154,0.5891301604829904
59,100,MP_tot_PEEP_Jmin,resistance_dominant,mixed,34.31403492384225,34.05598042881401,0.007520377466566529,0.7025739441645182,0.9606284391927602,0.24651489657426817,0.21007588504619923,0.04422974322349604,0.282564857795391,S059,S100,12.0,9.0,3.0,1.4,1.0,0.3999999999999999,5.0,5.0,0.0,18.685540254248643,20.09068814257768,1.4051478883290365,0.2580544950282402,15.628494669593614,13.965292286236334,1.6632023833572802,0.5473453145208274,0.3333333333333334,0.21401198118749393,0.0946906290416545,0.3333333333333334,0.23864270429167894,0.4554548803217119,0.4100687195139627,0.04538616080774921,1.8363951192709058,1.6951126903732106,0.14128242889769527
59,102,MP_tot_PEEP_Jmin,resistance_dominant,mixed,34.31403492384225,34.536278206011644,0.006476745817349917,2.4363487104147223,2.658591992584114,0.24651489657426828,0.21007588504619912,0.12417858669446002,1.327813709901525,S059,S102,12.0,12.0,0.0,1.4,0.6,0.7999999999999999,5.0,5.0,0.0,18.685540254248643,13.812842833419198,4.872697420829445,0.22224328216939426,15.628494669593614,20.72343537259245,5.094940702998837,0.5473453145208274,0.3333333333333333,0.21401198118749404,0.0946906290416545,0.3333333333333333,0.23864270429167883,0.4554548803217119,0.6000483100401124,0.1445934297184005,1.8363951192709058,2.5003019742216686,0.6639068549507627
59,108,MP_tot_PEEP_Jmin,resistance_dominant,mixed,34.31403492384225,35.83477067822741,0.0443181851904135,11.80440142790179,0.28992010399640833,0.24651489657426817,0.21007588504619923,0.46300007386830855,1.478248224495946,S059,S108,12.0,3.0,9.0,1.4,0.6,0.7999999999999999,5.0,10.0,5.0,18.685540254248643,31.720757332539172,13.035217078290529,1.5207357543851572,15.628494669593614,4.114013345688228,11.514481323905386,0.5473453145208274,0.3333333333333332,0.21401198118749415,0.0946906290416545,0.3333333333333332,0.23864270429167872,0.4554548803217119,0.11480506970811542,0.34064981061359645,1.8363951192709058,1.1296946760305775,0.7067004432403283
59,150,MP_tot_PEEP_Jmin,resistance_dominant,severe_mixed,34.31403492384225,34.38632703901432,0.0021067797865367906,13.58144789888522,2.0470467707083913,0.32510859121023045,0.2493727323641804,0.6258591543848322,1.672790238541812,S059,S150,12.0,0.0,12.0,1.4,0.6,0.7999999999999999,5.0,10.0,5.0,18.685540254248643,34.38632703901432,15.700786784765675,0.07229211517206835,15.628494669593614,0.0,15.628494669593614,0.5473453145208274,0.2940364860153521,0.25330882850547526,0.0946906290416545,0.41192702796929587,0.3172363989276414,0.4554548803217119,0.0,0.4554548803217119,1.8363951192709058,1.0,0.8363951192709058
59,151,MP_tot_PEEP_Jmin,resistance_dominant,severe_mixed,34.31403492384225,34.38632703901432,0.0021067797865367906,13.58144789888522,2.0470467707083913,0.32510859121023045,0.2493727323641804,0.6258591543848322,1.672790238541812,S059,S151,12.0,0.0,12.0,1.4,1.0,0.3999999999999999,5.0,10.0,5.0,18.685540254248643,34.38632703901432,15.700786784765675,0.07229211517206835,15.628494669593614,0.0,15.628494669593614,0.5473453145208274,0.2940364860153521,0.25330882850547526,0.0946906290416545,0.41192702796929587,0.3172363989276414,0.4554548803217119,0.0,0.4554548803217119,1.8363951192709058,1.0,0.8363951192709058
59,152,MP_tot_PEEP_Jmin,resistance_dominant,severe_mixed,34.31403492384225,34.38632703901432,0.0021067797865367906,13.58144789888522,2.0470467707083913,0.32510859121023045,0.2493727323641804,0.6258591543848322,1.672790238541812,S059,S152,12.0,0.0,12.0,1.4,1.4,0.0,5.0,10.0,5.0,18.685540254248643,34.38632703901432,15.700786784765675,0.07229211517206835,15.628494669593614,0.0,15.628494669593614,0.5473453145208274,0.2940364860153521,0.25330882850547526,0.0946906290416545,0.41192702796929587,0.3172363989276414,0.4554548803217119,0.0,0.4554548803217119,1.8363951192709058,1.0,0.8363951192709058
60,61,MP_tot_PEEP_Jmin,resistance_dominant,resistance_dominant,18.474686234727518,18.474686234727518,0.0,0.0,0.0,0.0,0.0,0.0,0.0,S060,S061,0.0,0.0,0.0,0.6,1.0,0.4,10.0,10.0,0.0,18.474686234727518,18.474686234727518,0.0,0.0,0.0,0.0,0.0,0.5472804593845153,0.5472804593845153,0.0,0.0945609187690307,0.0945609187690307,0.0,0.0,0.0,0.0,1.0,1.0,0.0
60,62,MP_tot_PEEP_Jmin,resistance_dominant,resistance_dominant,18.474686234727518,18.474686234727518,0.0,0.0,0.0,0.0,0.0,0.0,0.0,S060,S062,0.0,0.0,0.0,0.6,1.4,0.7999999999999999,10.0,10.0,0.0,18.474686234727518,18.474686234727518,0.0,0.0,0.0,0.0,0.0,0.5472804593845153,0.5472804593845153,0.0,0.0945609187690307,0.0945609187690307,0.0,0.0,0.0,0.0,1.0,1.0,0.0
60,95,MP_tot_PEEP_Jmin,resistance_dominant,mixed,18.474686234727518,18.071626857233632,0.02181684562178062,4.615886386693731,1.9454017357093285,0.23877241456430265,0.21394712605118194,0.2574940019897546,0.34679046725519047,S060,S095,0.0,3.0,3.0,0.6,1.4,0.7999999999999999,10.0,5.0,5.0,18.474686234727518,15.401142206249233,3.0735440284782847,0.40305937749388576,0.0,2.6704846509844034,2.6704846509844034,0.5472804593845153,0.33333333333333337,0.21394712605118194,0.0945609187690307,0.33333333333333337,0.23877241456430268,0.0,0.14777223279792728,0.14777223279792728,1.0,1.173395233627595,0.173395233627595
60,96,MP_tot_PEEP_Jmin,resistance_dominant,mixed,18.474686234727518,18.753439721707288,0.01508840168856495,6.335538089081957,0.45606283115254875,0.2387724145643026,0.213947126051182,0.5317353779491379,1.135544632050768,S060,S096,0.0,6.0,6.0,0.6,0.6,0.0,10.0,5.0,5.0,18.474686234727518,11.961838801472782,6.512847433254736,0.2787534869797703,0.0,6.7916009202345045,6.7916009202345045,0.5472804593845153,0.33333333333333326,0.21394712605118205,0.0945609187690307,0.33333333333333326,0.23877241456430257,0.0,0.3621522782496888,0.3621522782496888,1.0,1.567772316025384,0.567772316025384
60,139,MP_tot_PEEP_Jmin,resistance_dominant,severe_mixed,18.474686234727518,18.457472245500618,0.0009317608433609924,4.631431643550333,1.544011090585748,0.32531008239671366,0.2572159599673875,0.2866034732077687,0.40174497974706114,S060,S139,0.0,3.0,3.0,0.6,1.0,0.4,10.0,5.0,5.0,18.474686234727518,15.370051692536029,3.104634542191489,0.01721398922689943,0.0,3.0874205529645846,3.0874205529645846,0.5472804593845153,0.2906291624171965,0.2566512969673188,0.0945609187690307,0.41874167516560684,0.3241807563965762,0.0,0.16727212220065538,0.16727212220065538,1.0,1.2008724898735308,0.2008724898735308
61,62,MP_tot_PEEP_Jmin,resistance_dominant,resistance_dominant,18.474686234727518,18.474686234727518,0.0,0.0,0.0,0.0,0.0,0.0,0.0,S061,S062,0.0,0.0,0.0,1.0,1.4,0.3999999999999999,10.0,10.0,0.0,18.474686234727518,18.474686234727518,0.0,0.0,0.0,0.0,0.0,0.5472804593845153,0.5472804593845153,0.0,0.0945609187690307,0.0945609187690307,0.0,0.0,0.0,0.0,1.0,1.0,0.0
61,95,MP_tot_PEEP_Jmin,resistance_dominant,mixed,18.474686234727518,18.071626857233632,0.02181684562178062,4.615886386693731,1.9454017357093285,0.23877241456430265,0.21394712605118194,0.2574940019897546,0.34679046725519047,S061,S095,0.0,3.0,3.0,1.0,1.4,0.3999999999999999,10.0,5.0,5.0,18.474686234727518,15.401142206249233,3.0735440284782847,0.40305937749388576,0.0,2.6704846509844034,2.6704846509844034,0.5472804593845153,0.33333333333333337,0.21394712605118194,0.0945609187690307,0.33333333333333337,0.23877241456430268,0.0,0.14777223279792728,0.14777223279792728,1.0,1.173395233627595,0.173395233627595
61,96,MP_tot_PEEP_Jmin,resistance_dominant,mixed,18.474686234727518,18.753439721707288,0.01508840168856495,6.335538089081957,0.45606283115254875,0.2387724145643026,0.213947126051182,0.5317353779491379,1.135544632050768,S061,S096,0.0,6.0,6.0,1.0,0.6,0.4,10.0,5.0,5.0,18.474686234727518,11.961838801472782,6.512847433254736,0.2787534869797703,0.0,6.7916009202345045,6.7916009202345045,0.5472804593845153,0.33333333333333326,0.21394712605118205,0.0945609187690307,0.33333333333333326,0.23877241456430257,0.0,0.3621522782496888,0.3621522782496888,1.0,1.567772316025384,0.567772316025384
61,139,MP_tot_PEEP_Jmin,resistance_dominant,severe_mixed,18.474686234727518,18.457472245500618,0.0009317608433609924,4.631431643550333,1.544011090585748,0.32531008239671366,0.2572159599673875,0.2866034732077687,0.40174497974706114,S061,S139,0.0,3.0,3.0,1.0,1.0,0.0,10.0,5.0,5.0,18.474686234727518,15.370051692536029,3.104634542191489,0.01721398922689943,0.0,3.0874205529645846,3.0874205529645846,0.5472804593845153,0.2906291624171965,0.2566512969673188,0.0945609187690307,0.41874167516560684,0.3241807563965762,0.0,0.16727212220065538,0.16727212220065538,1.0,1.2008724898735308,0.2008724898735308
62,95,MP_tot_PEEP_Jmin,resistance_dominant,mixed,18.474686234727518,18.071626857233632,0.02181684562178062,4.615886386693731,1.9454017357093285,0.23877241456430265,0.21394712605118194,0.2574940019897546,0.34679046725519047,S062,S095,0.0,3.0,3.0,1.4,1.4,0.0,10.0,5.0,5.0,18.474686234727518,15.401142206249233,3.0735440284782847,0.40305937749388576,0.0,2.6704846509844034,2.6704846509844034,0.5472804593845153,0.33333333333333337,0.21394712605118194,0.0945609187690307,0.33333333333333337,0.23877241456430268,0.0,0.14777223279792728,0.14777223279792728,1.0,1.173395233627595,0.173395233627595
62,96,MP_tot_PEEP_Jmin,resistance_dominant,mixed,18.474686234727518,18.753439721707288,0.01508840168856495,6.335538089081957,0.45606283115254875,0.2387724145643026,0.213947126051182,0.5317353779491379,1.135544632050768,S062,S096,0.0,6.0,6.0,1.4,0.6,0.7999999999999999,10.0,5.0,5.0,18.474686234727518,11.961838801472782,6.512847433254736,0.2787534869797703,0.0,6.7916009202345045,6.7916009202345045,0.5472804593845153,0.33333333333333326,0.21394712605118205,0.0945609187690307,0.33333333333333326,0.23877241456430257,0.0,0.3621522782496888,0.3621522782496888,1.0,1.567772316025384,0.567772316025384
62,139,MP_tot_PEEP_Jmin,resistance_dominant,severe_mixed,18.474686234727518,18.457472245500618,0.0009317608433609924,4.631431643550333,1.544011090585748,0.32531008239671366,0.2572159599673875,0.2866034732077687,0.40174497974706114,S062,S139,0.0,3.0,3.0,1.4,1.0,0.3999999999999999,10.0,5.0,5.0,18.474686234727518,15.370051692536029,3.104634542191489,0.01721398922689943,0.0,3.0874205529645846,3.0874205529645846,0.5472804593845153,0.2906291624171965,0.2566512969673188,0.0945609187690307,0.41874167516560684,0.3241807563965762,0.0,0.16727212220065538,0.16727212220065538,1.0,1.2008724898735308,0.2008724898735308
63,141,MP_tot_PEEP_Jmin,resistance_dominant,severe_mixed,21.972957983829335,21.423301844161767,0.025015118131663468,6.090334993136444,0.9883011321534685,0.3205133269246964,0.2507004555840892,0.3635057378795102,0.8919669773806649,S063,S141,3.0,6.0,3.0,0.6,0.6,0.0,10.0,5.0,5.0,19.586939956867035,13.935249956216497,5.651690000650538,0.5496561396675688,2.3860180269622977,7.488051887945268,5.102033860982971,0.5436192782146044,0.2917919291514803,0.25182734906312415,0.08723855642920879,0.41641614169703944,0.32917758526783064,0.10858884036997893,0.34952837533705833,0.2409395349670794,1.1218167836434183,1.5373460764228963,0.41552929277947803
64,97,MP_tot_PEEP_Jmin,resistance_dominant,mixed,24.4072134742247,24.07455431690801,0.013629542662377103,6.066790502231047,1.4902814940913043,0.2524383326235306,0.2071141670215681,0.30674675931911927,0.6829431777509603,S064,S097,3.0,6.0,3.0,1.0,1.0,0.0,10.0,5.0,5.0,21.673238517017015,16.764070351560587,4.909168165456428,0.3326591573166908,2.733974957207688,7.310483965347429,4.576509008139741,0.5412791682001729,0.3333333333333334,0.20794583486683943,0.08255833640034564,0.3333333333333334,0.25077499693298777,0.11201503850879616,0.30366019944191197,0.19164516093311582,1.126145197685204,1.4360804871393826,0.3099352894541787
65,66,MP_tot_PEEP_Jmin,resistance_dominant,resistance_dominant,25.889988063644324,26.480703749291557,0.022816375356956513,1.6488229144821585,1.4151271428883163,0.004154221314149623,0.002077110657074721,0.14566441804614846,0.2430529502227019,S065,S066,3.0,6.0,3.0,1.4,0.6,0.7999999999999999,10.0,10.0,0.0,23.172428050729796,20.699193679006555,2.4732343717232403,0.5907156856472326,2.717560012914531,5.781510070285002,3.0639500573704708,0.5460243940451319,0.542811548604958,0.0032128454401739726,0.09204878809026369,0.08562309720991573,0.006425690880347959,0.10496567268528907,0.2183291699881532,0.11336349730286412,1.117275583161383,1.2793108833098508,0.1620353001484678
65,99,MP_tot_PEEP_Jmin,resistance_dominant,mixed,25.889988063644324,25.752329772344044,0.005317047306544911,9.004614958430194,1.1428139835533209,0.2450747166984534,0.21079597498410668,0.5166835747812489,1.8206178161584252,S065,S099,3.0,9.0,6.0,1.4,0.6,0.7999999999999999,10.0,5.0,5.0,23.172428050729796,12.887340817446002,10.285087233283793,0.13765829130027996,2.717560012914531,12.864988954898047,10.147428941983517,0.5460243940451319,0.33333333333333337,0.21269106071179855,0.09204878809026369,0.33333333333333337,0.2412845452430697,0.10496567268528907,0.49956602251630156,0.3946003498310125,1.117275583161383,1.99826559545025,0.880990012288867
66,99,MP_tot_PEEP_Jmin,resistance_dominant,mixed,26.480703749291557,25.752329772344044,0.027505839113773512,7.3557920439480355,0.27231315933499545,0.24092049538430377,0.2128730856411814,0.3710191567351005,1.5775648659357233,S066,S099,6.0,9.0,3.0,0.6,0.6,0.0,10.0,5.0,5.0,20.699193679006555,12.887340817446002,7.811852861560553,0.7283739769475126,5.781510070285002,12.864988954898047,7.083478884613045,0.542811548604958,0.33333333333333337,0.20947821527162458,0.08562309720991573,0.33333333333333337,0.24771023612341764,0.2183291699881532,0.49956602251630156,0.28123685252814834,1.2793108833098508,1.99826559545025,0.7189547121403992
66,142,MP_tot_PEEP_Jmin,resistance_dominant,severe_mixed,26.480703749291557,27.735392177771217,0.047381234288882045,4.160465266637383,1.4845775312184841,0.3294786806548102,0.25715217827643455,0.17209099017794094,0.4584483731075686,S066,S142,6.0,6.0,0.0,0.6,1.0,0.4,10.0,5.0,5.0,20.699193679006555,19.277994372067308,1.421199306939247,1.2546884284796604,5.781510070285002,8.457397805703904,2.675887735418902,0.542811548604958,0.28933614450207523,0.2534754041028827,0.08562309720991573,0.42132771099584965,0.3357046137859339,0.2183291699881532,0.30493161053919265,0.08660244055103947,1.2793108833098508,1.438707349036173,0.15939646572632227
67,69,MP_tot_PEEP_Jmin,resistance_dominant,resistance_dominant,31.558112834142726,31.997923531114203,0.013936533508291606,2.040228932106956,1.459925163024959,0.02281451358399167,0.011407256791995835,0.12458302536645832,0.297289139299147,S067,S069,6.0,9.0,3.0,1.0,0.6,0.4,10.0,10.0,0.0,24.871790799306524,21.81144740114609,3.060343398160434,0.43981069697147746,6.686322034836207,10.18647612996812,3.5001540951319132,0.5379905963296706,0.5437277673748941,0.0057371710452235325,0.07598119265934128,0.08745553474978818,0.011474342090446898,0.21187331669599313,0.3183480365550275,0.1064747198590344,1.268831548511683,1.4670243080444474,0.19819275953276438
67,105,MP_tot_PEEP_Jmin,resistance_dominant,mixed,31.558112834142726,30.332504308579374,0.038836559461102066,3.6404756728485665,3.045846361987639,0.25897566298090735,0.20384550184287958,0.2873672489695037,0.4032473227675246,S067,S105,6.0,0.0,6.0,1.0,0.6,0.4,10.0,10.0,0.0,24.871790799306524,30.332504308579374,5.46071350927285,1.2256085255633522,6.686322034836207,0.0,6.686322034836207,0.5379905963296706,0.3333333333333333,0.2046572629963373,0.07598119265934128,0.3333333333333333,0.25735214067399204,0.21187331669599313,0.0,0.21187331669599313,1.268831548511683,1.0,0.268831548511683
67,106,MP_tot_PEEP_Jmin,resistance_dominant,mixed,31.558112834142726,30.332504308579374,0.038836559461102066,3.6404756728485665,3.045846361987639,0.25897566298090735,0.20384550184287958,0.2873672489695037,0.4032473227675246,S067,S106,6.0,0.0,6.0,1.0,1.0,0.0,10.0,10.0,0.0,24.871790799306524,30.332504308579374,5.46071350927285,1.2256085255633522,6.686322034836207,0.0,6.686322034836207,0.5379905963296706,0.3333333333333333,0.2046572629963373,0.07598119265934128,0.3333333333333333,0.25735214067399204,0.21187331669599313,0.0,0.21187331669599313,1.268831548511683,1.0,0.268831548511683
67,107,MP_tot_PEEP_Jmin,resistance_dominant,mixed,31.558112834142726,30.332504308579374,0.038836559461102066,3.6404756728485665,3.045846361987639,0.25897566298090735,0.20384550184287958,0.2873672489695037,0.4032473227675246,S067,S107,6.0,0.0,6.0,1.0,1.4,0.3999999999999999,10.0,10.0,0.0,24.871790799306524,30.332504308579374,5.46071350927285,1.2256085255633522,6.686322034836207,0.0,6.686322034836207,0.5379905963296706,0.3333333333333333,0.2046572629963373,0.07598119265934128,0.3333333333333333,0.25735214067399204,0.21187331669599313,0.0,0.21187331669599313,1.268831548511683,1.0,0.268831548511683
67,143,MP_tot_PEEP_Jmin,resistance_dominant,severe_mixed,31.558112834142726,32.2996138495897,0.02349636745847303,4.9347773076996155,2.614318609955596,0.34186916903696,0.24529225487090606,0.1487289450308335,0.37010477977281186,S067,S143,6.0,6.0,0.0,1.0,1.4,0.3999999999999999,10.0,5.0,5.0,24.871790799306524,23.292833117009465,1.5789576822970588,0.7415010154469712,6.686322034836207,9.006780732580225,2.3204586977440176,0.5379905963296706,0.2934080300245243,0.2445825663051463,0.07598119265934128,0.4131839399509512,0.33720274729160993,0.21187331669599313,0.27885103439695264,0.0669777177009595,1.268831548511683,1.3866760512701686,0.11784450275848557
68,100,MP_tot_PEEP_Jmin,resistance_dominant,mixed,34.76148627024184,34.05598042881401,0.02029561785543645,8.534769173199239,1.4607932904726297,0.2475619785323679,0.2095523440671494,0.31107858230154284,1.0193279425645478,S068,S100,6.0,9.0,3.0,1.4,1.0,0.3999999999999999,10.0,5.0,5.0,27.87016986673212,20.09068814257768,7.77948172415444,0.7055058414278292,6.891316403509719,13.965292286236334,7.073975882726615,0.5454826718325426,0.3333333333333334,0.2121493384992092,0.09096534366508525,0.3333333333333334,0.24236798966824818,0.19824573523512276,0.4100687195139627,0.21182298427883992,1.2472649587879154,1.6951126903732106,0.4478477315852951
68,102,MP_tot_PEEP_Jmin,resistance_dominant,mixed,34.76148627024184,34.536278206011644,0.006478666144461952,11.67369182777848,2.1584271413042444,0.247561978532368,0.2095523440671493,0.4794869122194989,2.629706510261464,S068,S102,6.0,12.0,6.0,1.4,0.6,0.7999999999999999,10.0,5.0,5.0,27.87016986673212,13.812842833419198,14.057327033312921,0.2252080642301948,6.891316403509719,20.72343537259245,13.832118969082732,0.5454826718325426,0.3333333333333333,0.2121493384992093,0.09096534366508525,0.3333333333333333,0.24236798966824807,0.19824573523512276,0.6000483100401124,0.4018025748049896,1.2472649587879154,2.5003019742216686,1.2530370154337531
68,108,MP_tot_PEEP_Jmin,resistance_dominant,mixed,34.76148627024184,35.83477067822741,0.03087567659339041,2.567058310538034,0.2102447472834612,0.2475619785323679,0.2095523440671494,0.10769174834326967,0.17635542413600724,S068,S108,6.0,3.0,3.0,1.4,0.6,0.7999999999999999,10.0,10.0,0.0,27.87016986673212,31.720757332539172,3.8505874658070525,1.0732844079855681,6.891316403509719,4.114013345688228,2.7773030578214906,0.5454826718325426,0.3333333333333332,0.21214933849920942,0.09096534366508525,0.3333333333333332,0.24236798966824796,0.19824573523512276,0.11480506970811542,0.08344066552700734,1.2472649587879154,1.1296946760305775,0.11757028275733794
68,150,MP_tot_PEEP_Jmin,resistance_dominant,severe_mixed,34.76148627024184,34.38632703901432,0.010792381784569498,4.344104781521462,2.547211621988261,0.32615567316833016,0.24884919138513056,0.2705508288597933,0.37089743818187326,S068,S150,6.0,0.0,6.0,1.4,0.6,0.7999999999999999,10.0,10.0,0.0,27.87016986673212,34.38632703901432,6.516157172282199,0.3751592312275207,6.891316403509719,0.0,6.891316403509719,0.5454826718325426,0.2940364860153521,0.2514461858171905,0.09096534366508525,0.41192702796929587,0.3209616843042106,0.19824573523512276,0.0,0.19824573523512276,1.2472649587879154,1.0,0.24726495878791543
68,151,MP_tot_PEEP_Jmin,resistance_dominant,severe_mixed,34.76148627024184,34.38632703901432,0.010792381784569498,4.344104781521462,2.547211621988261,0.32615567316833016,0.24884919138513056,0.2705508288597933,0.37089743818187326,S068,S151,6.0,0.0,6.0,1.4,1.0,0.3999999999999999,10.0,10.0,0.0,27.87016986673212,34.38632703901432,6.516157172282199,0.3751592312275207,6.891316403509719,0.0,6.891316403509719,0.5454826718325426,0.2940364860153521,0.2514461858171905,0.09096534366508525,0.41192702796929587,0.3209616843042106,0.19824573523512276,0.0,0.19824573523512276,1.2472649587879154,1.0,0.24726495878791543
68,152,MP_tot_PEEP_Jmin,resistance_dominant,severe_mixed,34.76148627024184,34.38632703901432,0.010792381784569498,4.344104781521462,2.547211621988261,0.32615567316833016,0.24884919138513056,0.2705508288597933,0.37089743818187326,S068,S152,6.0,0.0,6.0,1.4,1.4,0.0,10.0,10.0,0.0,27.87016986673212,34.38632703901432,6.516157172282199,0.3751592312275207,6.891316403509719,0.0,6.891316403509719,0.5454826718325426,0.2940364860153521,0.2514461858171905,0.09096534366508525,0.41192702796929587,0.3209616843042106,0.19824573523512276,0.0,0.19824573523512276,1.2472649587879154,1.0,0.24726495878791543
69,143,MP_tot_PEEP_Jmin,resistance_dominant,severe_mixed,31.997923531114203,32.2996138495897,0.00942843426018365,2.8945483755926595,4.074243772980555,0.31905465545296835,0.2566995116629019,0.02414591966437518,0.07281564047366484,S069,S143,9.0,6.0,3.0,0.6,1.4,0.7999999999999999,10.0,5.0,5.0,21.81144740114609,23.292833117009465,1.4813857158633752,0.30169031847549377,10.18647612996812,9.006780732580225,1.1796953973878956,0.5437277673748941,0.2934080300245243,0.25031973735036983,0.08745553474978818,0.4131839399509512,0.32572840520116303,0.3183480365550275,0.27885103439695264,0.03949700215807489,1.4670243080444474,1.3866760512701686,0.08034825677427881
70,72,MP_tot_PEEP_Jmin,resistance_dominant,resistance_dominant,39.92738431448164,38.52461732929721,0.03513295471939173,3.431094638873665,0.3127803342523947,0.03138621623421828,0.015693108117109222,0.11729805203796434,0.38723066778124937,S070,S072,9.0,12.0,3.0,1.0,0.6,0.4,10.0,10.0,0.0,28.070343081596064,22.92370112328557,5.146641958310493,1.402766985184435,11.85704123288557,15.600916206011632,3.743874973126063,0.5362582684276135,0.5455552359019941,0.00929696747438058,0.07251653685522706,0.09111047180398832,0.018593934948761257,0.296965139000729,0.404959667026918,0.10799452802618897,1.4224045712023907,1.6805583497232237,0.258153778520833
70,78,MP_tot_PEEP_Jmin,resistance_dominant,resistance_dominant,39.92738431448164,41.75903596866105,0.04587457169126581,10.110721019833406,1.58033832330117,0.019458618807043762,0.009729309403521902,0.28438759454713214,0.5181951906127478,S070,S078,9.0,3.0,6.0,1.0,0.6,0.4,10.0,15.0,5.0,28.070343081596064,38.4323774323077,10.362034350711639,1.8316516541794101,11.85704123288557,3.3266585363533436,8.530382696532225,0.5362582684276135,0.5447185779790862,0.0084603095514727,0.07251653685522706,0.08943715595817228,0.01692061910294522,0.296965139000729,0.07966320244676875,0.21730193655396027,1.4224045712023907,1.0865587496431286,0.3358458215592621
70,101,MP_tot_PEEP_Jmin,resistance_dominant,mixed,39.92738431448164,41.18864882927409,0.03158895921802198,5.722683514549976,2.3728329978562535,0.26185936408239485,0.20240365129213583,0.15143650779972267,0.5369753869557286,S070,S101,9.0,9.0,0.0,1.0,1.4,0.3999999999999999,10.0,5.0,5.0,28.070343081596064,25.981757079694805,2.088586001901259,1.261264514792451,11.85704123288557,15.20689174957929,3.3498505166937207,0.5362582684276135,0.33333333333333337,0.2029249350942801,0.07251653685522706,0.33333333333333337,0.2608167964781063,0.296965139000729,0.36920103430951257,0.07223589530878355,1.4224045712023907,1.5852911218796566,0.16288655067726587
70,109,MP_tot_PEEP_Jmin,resistance_dominant,mixed,39.92738431448164,39.633348622237186,0.007364261328228553,4.834725275672579,2.7113983300807405,0.26185936408239485,0.20240365129213583,0.23311817872402438,0.45053971622103317,S070,S109,9.0,3.0,6.0,1.0,1.0,0.0,10.0,10.0,0.0,28.070343081596064,35.32243099510493,7.252087913508866,0.29403569224445647,11.85704123288557,4.310917627132253,7.5461236057533165,0.5362582684276135,0.33333333333333337,0.2029249350942801,0.07251653685522706,0.33333333333333337,0.2608167964781063,0.296965139000729,0.10876995704353669,0.18819518195719231,1.4224045712023907,1.1220447603883683,0.3003598108140224
70,145,MP_tot_PEEP_Jmin,resistance_dominant,severe_mixed,39.92738431448164,39.29586880981653,0.01581660094964096,7.120593528598086,2.867703003265703,0.35071321184172777,0.24683057517180224,0.19366748294481423,0.7560227037672462,S070,S145,9.0,9.0,0.0,1.0,1.0,0.0,10.0,5.0,5.0,28.070343081596064,23.185937051598586,4.8844060299974785,0.63151550466511,11.85704123288557,16.109931758217957,4.252890525332388,0.5362582684276135,0.2888851632524661,0.24737310517514738,0.07251653685522706,0.422229673495068,0.34971313663984094,0.296965139000729,0.4099650229439264,0.11299988394319738,1.4224045712023907,1.6948147802854154,0.2724102090830247
70,147,MP_tot_PEEP_Jmin,resistance_dominant,severe_mixed,39.92738431448164,39.180046895050936,0.018717414933681193,10.509366604683267,0.4052481580538654,0.33387233547592166,0.23841013698889912,0.3472846000143371,2.142004247928959,S070,S147,9.0,12.0,3.0,1.0,0.6,0.4,10.0,5.0,5.0,28.070343081596064,16.408390899428223,11.661952182167841,0.747337419430707,11.85704123288557,22.7716559956227,10.914614762737132,0.5362582684276135,0.29382539449669154,0.24243287393092194,0.07251653685522706,0.4123492110066167,0.3398326741513896,0.296965139000729,0.5812054298102212,0.28424029080949215,1.4224045712023907,2.387805552366273,0.9654009811638822
70,153,MP_tot_PEEP_Jmin,resistance_dominant,severe_mixed,39.92738431448164,40.80590255196884,0.022002899828541016,5.447226443218046,1.8450949841218183,0.34225999304917176,0.24260396577552423,0.22894937909512336,0.4446759448014286,S070,S153,9.0,3.0,6.0,1.0,0.6,0.4,10.0,10.0,0.0,28.070343081596064,36.241182746423135,8.17083966482707,0.8785182374871994,11.85704123288557,4.564719805545712,7.292321427339857,0.5362582684276135,0.2927253856031375,0.243532882824476,0.07251653685522706,0.41454922879372513,0.34203269193849806,0.296965139000729,0.11186420395265756,0.18510093504807146,1.4224045712023907,1.1259539413347714,0.2964506298676193
71,79,MP_tot_PEEP_Jmin,resistance_dominant,resistance_dominant,45.08918085451998,45.01047825154731,0.001745487531179653,9.198640512557802,0.4737407464785548,0.0005586091510624558,0.00027930457553093646,0.25638025572095297,0.4538818723702698,S071,S079,9.0,3.0,6.0,1.4,1.0,0.3999999999999999,10.0,15.0,5.0,32.567911682734426,41.214108845841,8.64619716310657,0.07870260297266896,12.521269171785557,3.796369405706322,8.724899766079234,0.5452861283658862,0.5427232040451674,0.002562924320718807,0.0905722567317724,0.08544640809033464,0.005125848641437752,0.2777000809170912,0.08434412503883616,0.19335595587825505,1.3844664433434826,1.0921133444837159,0.2923530988597667
71,80,MP_tot_PEEP_Jmin,resistance_dominant,resistance_dominant,45.08918085451998,46.92531914907638,0.04072236975164153,10.69783004627061,1.8888517994366794,0.004797452083790774,0.0023987260418956158,0.26299306609492173,0.4621573282089013,S071,S080,9.0,3.0,6.0,1.4,1.4,0.0,10.0,15.0,5.0,32.567911682734426,43.21302822412474,10.645116541390315,1.8361382945563989,12.521269171785557,3.7122909249516365,8.80897824683392,0.5452861283658862,0.5459639527355116,0.0006778243696253794,0.0905722567317724,0.09192790547102322,0.0013556487392508282,0.2777000809170912,0.0791106164490456,0.1985894644680456,1.3844664433434826,1.0859067526047423,0.2985596907387402
71,103,MP_tot_PEEP_Jmin,resistance_dominant,mixed,45.08918085451998,46.03711743286338,0.02102359280825958,10.003288155025585,0.09525417245750134,0.24835925551816945,0.2091537055742484,0.2931591015118292,1.3551887907629465,S071,S103,9.0,12.0,3.0,1.4,1.0,0.3999999999999999,10.0,5.0,5.0,32.567911682734426,23.417305933594722,9.150605749139704,0.947936578343402,12.521269171785557,22.619811499268657,10.0985423274831,0.5452861283658862,0.33333333333333326,0.21195279503255293,0.0905722567317724,0.33333333333333326,0.24276107660156088,0.2777000809170912,0.4913385711487142,0.213638490231623,1.3844664433434826,1.965944227889086,0.5814777845456034
71,111,MP_tot_PEEP_Jmin,resistance_dominant,mixed,45.08918085451998,43.12209543090619,0.0436265504569839,0.36073244917631797,2.147451648201944,0.24835925551816934,0.2091537055742485,0.05369123528281078,0.12305796899688404,S071,S111,9.0,6.0,3.0,1.4,0.6,0.7999999999999999,10.0,10.0,0.0,32.567911682734426,33.1090103564989,0.5410986737644734,1.9670854236137885,12.521269171785557,10.013085074407302,2.5081840973782548,0.5452861283658862,0.33333333333333337,0.21195279503255282,0.0905722567317724,0.33333333333333337,0.242761076601561,0.2777000809170912,0.23220311940664154,0.04549696151044966,1.3844664433434826,1.30242779734556,0.08203864599792254
71,146,MP_tot_PEEP_Jmin,resistance_dominant,severe_mixed,45.08918085451998,46.80700111405894,0.03809828049619041,7.10784353731704,2.0303067640554815,0.3312737922244795,0.25061097392740356,0.18073368727020034,0.6283597947160244,S071,S146,9.0,9.0,0.0,1.4,1.4,0.0,10.0,5.0,5.0,32.567911682734426,29.208195169011812,3.3597165137226135,1.7178202595389607,12.521269171785557,17.59880594504712,5.077536773261562,0.5452861283658862,0.2933225646373279,0.25196356372855827,0.0905722567317724,0.4133548707253441,0.3227826139935717,0.2777000809170912,0.37598661580908554,0.09828653489199435,1.3844664433434826,1.6025297298656245,0.2180632865221419
71,154,MP_tot_PEEP_Jmin,resistance_dominant,severe_mixed,45.08918085451998,45.28180381435302,0.004272043895730443,5.120219583717859,2.3674868320259,0.33218011524143226,0.2510641354358799,0.20780213690952629,0.3891052773965491,S071,S154,9.0,3.0,6.0,1.4,1.0,0.3999999999999999,10.0,10.0,0.0,32.567911682734426,40.24824105831121,7.6803293755767825,0.192622959833038,12.521269171785557,5.033562756041808,7.487706415743749,0.5452861283658862,0.2917533113648811,0.2535328170010051,0.0905722567317724,0.4164933772702379,0.3259211205384655,0.2777000809170912,0.11116082691136775,0.16653925400572345,1.3844664433434826,1.1250629250791166,0.2594035182643659
72,75,MP_tot_PEEP_Jmin,resistance_dominant,resistance_dominant,38.52461732929721,36.94937246945506,0.040889305826905864,12.429561936567575,3.1713542694440555,0.008299266716125214,0.00414963335806251,0.5051556654929783,1.020837524584835,S072,S075,12.0,0.0,12.0,0.6,0.6,0.0,10.0,15.0,5.0,22.92370112328557,36.94937246945506,14.025671346169485,1.575244859842151,15.600916206011632,0.0,15.600916206011632,0.5455552359019941,0.5472804593845157,0.0017252234825216872,0.09111047180398832,0.09456091876903151,0.003450446965043194,0.404959667026918,0.0,0.404959667026918,1.6805583497232237,1.0,0.6805583497232237
72,76,MP_tot_PEEP_Jmin,resistance_dominant,resistance_dominant,38.52461732929721,36.94937246945506,0.040889305826905864,12.429561936567575,3.1713542694440555,0.008299266716125214,0.00414963335806251,0.5051556654929783,1.020837524584835,S072,S076,12.0,0.0,12.0,0.6,1.0,0.4,10.0,15.0,5.0,22.92370112328557,36.94937246945506,14.025671346169485,1.575244859842151,15.600916206011632,0.0,15.600916206011632,0.5455552359019941,0.5472804593845157,0.0017252234825216872,0.09111047180398832,0.09456091876903151,0.003450446965043194,0.404959667026918,0.0,0.404959667026918,1.6805583497232237,1.0,0.6805583497232237
72,77,MP_tot_PEEP_Jmin,resistance_dominant,resistance_dominant,38.52461732929721,36.94937246945506,0.040889305826905864,12.429561936567575,3.1713542694440555,0.008299266716125214,0.00414963335806251,0.5051556654929783,1.020837524584835,S072,S077,12.0,0.0,12.0,0.6,1.4,0.7999999999999999,10.0,15.0,5.0,22.92370112328557,36.94937246945506,14.025671346169485,1.575244859842151,15.600916206011632,0.0,15.600916206011632,0.5455552359019941,0.5472804593845157,0.0017252234825216872,0.09111047180398832,0.09456091876903151,0.003450446965043194,0.404959667026918,0.0,0.404959667026918,1.6805583497232237,1.0,0.6805583497232237
72,109,MP_tot_PEEP_Jmin,resistance_dominant,mixed,38.52461732929721,39.633348622237186,0.028779813267523633,8.265819914546244,3.024178664333135,0.2304731478481766,0.21809675940924506,0.3504162307619887,0.8377703840022825,S072,S109,12.0,3.0,9.0,0.6,1.0,0.4,10.0,10.0,0.0,22.92370112328557,35.32243099510493,12.39872987181936,1.1087312929399786,15.600916206011632,4.310917627132253,11.28999857887938,0.5455552359019941,0.33333333333333337,0.2122219025686607,0.09111047180398832,0.33333333333333337,0.24222286152934505,0.404959667026918,0.10876995704353669,0.2961897099833813,1.6805583497232237,1.1220447603883683,0.5585135893348554
72,145,MP_tot_PEEP_Jmin,resistance_dominant,severe_mixed,38.52461732929721,39.29586880981653,0.020019705164801303,3.6894988897244207,3.1804833375180976,0.31932699560750955,0.26252368328891146,0.07636943090684989,0.36879203598599686,S072,S145,12.0,9.0,3.0,0.6,1.0,0.4,10.0,5.0,5.0,22.92370112328557,23.185937051598586,0.26223592831301445,0.7712514805193251,15.600916206011632,16.109931758217957,0.5090155522063249,0.5455552359019941,0.2888851632524661,0.25667007264952796,0.09111047180398832,0.422229673495068,0.33111920169107967,0.404959667026918,0.4099650229439264,0.005005355917008403,1.6805583497232237,1.6948147802854154,0.014256430562191724
72,147,MP_tot_PEEP_Jmin,resistance_dominant,severe_mixed,38.52461732929721,39.180046895050936,0.017013266092984314,7.078271965809602,0.09246782380147067,0.3024861192417033,0.25410324510600835,0.22998654797637275,1.75477358014771,S072,S147,12.0,12.0,0.0,0.6,0.6,0.0,10.0,5.0,5.0,22.92370112328557,16.408390899428223,6.515310223857348,0.6554295657537281,15.600916206011632,22.7716559956227,7.170739789611069,0.5455552359019941,0.29382539449669154,0.2517298414053025,0.09111047180398832,0.4123492110066167,0.32123873920262835,0.404959667026918,0.5812054298102212,0.17624576278330317,1.6805583497232237,2.387805552366273,0.7072472026430492
73,81,MP_tot_PEEP_Jmin,resistance_dominant,resistance_dominant,49.515027915241326,47.57817348422754,0.03911649680030974,9.09060655377995,1.4927349085087087,0.020153512011056723,0.010076756005528265,0.26294647672704685,0.6193172655738286,S073,S081,12.0,6.0,6.0,1.0,0.6,0.4,10.0,15.0,5.0,31.26889536388557,39.915382395160435,8.646487031274866,1.936854431013785,18.24613255135575,7.662791089067098,10.58334146228865,0.5354209302020131,0.5436777708960535,0.008256840694040424,0.0708418604040262,0.08735554179210701,0.01651368138808082,0.3684968648829009,0.16105685712393647,0.20744000775896443,1.5835234132520517,1.1919758907281865,0.39154752252386515
73,112,MP_tot_PEEP_Jmin,resistance_dominant,mixed,49.515027915241326,50.93390382803844,0.02865546022161012,6.028974878496612,1.5956115264512007,0.26286749656622416,0.20189958505022126,0.18347971806406316,0.4800634028691524,S073,S112,12.0,6.0,6.0,1.0,1.0,0.0,10.0,10.0,0.0,31.26889536388557,40.312357681630495,9.043462317744925,1.4188759127971124,18.24613255135575,10.621546146407942,7.624586404947808,0.5354209302020131,0.33333333333333326,0.20208759686867983,0.0708418604040262,0.33333333333333326,0.2624914729293071,0.3684968648829009,0.20853587390960834,0.15996099097329256,1.5835234132520517,1.2634811446726164,0.3200422685794353
73,155,MP_tot_PEEP_Jmin,resistance_dominant,severe_mixed,49.515027915241326,48.17751600342125,0.02701224190178373,7.993649835421486,5.334336829530834,0.3439159914355764,0.2424238324848973,0.32105826489139255,0.7047505325817394,S073,S155,12.0,3.0,9.0,1.0,1.4,0.3999999999999999,10.0,10.0,0.0,31.26889536388557,43.25937011701781,11.99047475313224,1.337511911820073,18.24613255135575,4.9181458864034395,13.32798666495231,0.5354209302020131,0.2934266067865185,0.2419943234154946,0.0708418604040262,0.4131467864269628,0.3423049260229366,0.3684968648829009,0.10208384106092529,0.2664130238219756,1.5835234132520517,1.1136897248642252,0.46983368838782646
73,156,MP_tot_PEEP_Jmin,resistance_dominant,severe_mixed,49.515027915241326,49.17436611985637,0.006879967753791643,4.5514287266308955,2.6163761587004046,0.34310227567151574,0.24201697460286709,0.16302961603500182,0.4390851323340914,S073,S156,12.0,6.0,6.0,1.0,0.6,0.4,10.0,10.0,0.0,31.26889536388557,38.096038453831916,6.827143089946347,0.34066179538495334,18.24613255135575,11.078327666024457,7.167804885331293,0.5354209302020131,0.29230741429929485,0.24311351590271824,0.0708418604040262,0.41538517140141024,0.34454331099738406,0.3684968648829009,0.2252866389578346,0.1432102259250663,1.5835234132520517,1.2907999916959905,0.29272342155606124
74,82,MP_tot_PEEP_Jmin,resistance_dominant,resistance_dominant,56.873071816478806,54.28995615406056,0.04541895803964283,9.265364917512475,1.5309424683960984,0.006803176290082563,0.0034015881450413232,0.2358096677422595,0.5309076561733557,S074,S082,12.0,6.0,6.0,1.4,1.0,0.3999999999999999,10.0,15.0,5.0,37.26565349873675,45.47884522222708,8.213191723490333,2.583115662418244,19.60741831774206,8.811110931833488,10.796307385908571,0.5452618156395744,0.5397197709968485,0.005542044642725896,0.0905236312791489,0.0794395419936969,0.011084089285452,0.3447575045886807,0.16229725636229805,0.18246024822638265,1.5261525420024293,1.193740867622716,0.3324116743797134
74,83,MP_tot_PEEP_Jmin,resistance_dominant,resistance_dominant,56.873071816478806,58.357462206378415,0.026100056537996092,12.263743984938028,1.5371038947799036,0.0022020421352710595,0.0011010210676355436,0.24799044068742224,0.5499032017348366,S074,S083,12.0,6.0,6.0,1.4,1.4,0.0,10.0,15.0,5.0,37.26565349873675,49.47668397879449,12.211030480057744,1.484390389899609,19.60741831774206,8.880778227583928,10.726640090158131,0.5452618156395744,0.5452068647014237,5.495093815077734e-05,0.0905236312791489,0.09041372940284723,0.00010990187630167958,0.3447575045886807,0.15217896549677698,0.19257853909190373,1.5261525420024293,1.179494208451605,0.3466583335508244
74,84,MP_tot_PEEP_Jmin,resistance_dominant,resistance_dominant,56.873071816478806,54.40678501615436,0.04336475455876198,6.205021519351995,0.3939991402488019,0.007467036760284693,0.0037335183801422422,0.14583835029799536,0.3702624880388672,S074,S084,12.0,9.0,3.0,1.4,0.6,0.7999999999999999,10.0,15.0,5.0,37.26565349873675,41.3983873580131,4.132733859276357,2.466286800324447,19.60741831774206,13.008397658141254,6.599020659600805,0.5452618156395744,0.5437279076133826,0.0015339080261917992,0.0905236312791489,0.08745581522676524,0.003067816052383668,0.3447575045886807,0.2390951359151037,0.105662368673577,1.5261525420024293,1.3142247437235821,0.21192779827884722
74,104,MP_tot_PEEP_Jmin,resistance_dominant,mixed,56.873071816478806,56.34487871360726,0.009287226555582413,9.207736740949066,3.74234086150139,0.24838753214458803,0.20913956726103944,0.174805798216973,0.814299101440684,S074,S104,12.0,12.0,0.0,1.4,1.4,0.0,10.0,5.0,5.0,37.26565349873675,31.272064516417537,5.99358898231921,0.5281931028715476,19.60741831774206,25.07281419718972,5.465395879447662,0.5452618156395744,0.33333333333333337,0.21192848230624106,0.0905236312791489,0.33333333333333337,0.24280970205418445,0.3447575045886807,0.4449883426785095,0.1002308380898288,1.5261525420024293,1.8017639572221633,0.275611415219734
74,113,MP_tot_PEEP_Jmin,resistance_dominant,mixed,56.873071816478806,56.88536522268531,0.00021615512955185212,5.958515413340631,2.9669643004638147,0.24838753214458814,0.20913956726103933,0.18360598883743123,0.4424383457484531,S074,S113,12.0,6.0,6.0,1.4,1.4,0.0,10.0,10.0,0.0,37.26565349873675,46.2034266187477,8.937773120010952,0.012293406206502766,19.60741831774206,10.681938603937613,8.925479713804446,0.5452618156395744,0.33333333333333326,0.21192848230624117,0.0905236312791489,0.33333333333333326,0.24280970205418434,0.3447575045886807,0.1877800830164621,0.1569774215722186,1.5261525420024293,1.2311936448367935,0.29495889716563584
74,157,MP_tot_PEEP_Jmin,resistance_dominant,severe_mixed,56.873071816478806,58.45983728946642,0.027900119024832668,5.896334385914223,1.3614017199694928,0.33492519997699916,0.2524084011772449,0.15449651761941713,0.3874838332565824,S074,S157,12.0,6.0,6.0,1.4,1.0,0.3999999999999999,10.0,10.0,0.0,37.26565349873675,46.11015507760809,8.844501578871345,1.586765472987615,19.60741831774206,12.349682211858338,7.257736105883721,0.5452618156395744,0.2904210605071022,0.25484075513247223,0.0905236312791489,0.4191578789857956,0.3286342477066467,0.3447575045886807,0.211250711333806,0.13350679325487472,1.5261525420024293,1.2678299864980405,0.2583225555043889
74,159,MP_tot_PEEP_Jmin,resistance_dominant,severe_mixed,56.873071816478806,59.491717742677004,0.04604368715388173,1.7901604416693289,1.7235657053635194,0.32749804009528294,0.24869482123638664,0.017907178685569347,0.05554722745877427,S074,S159,12.0,9.0,3.0,1.4,0.6,0.7999999999999999,10.0,10.0,0.0,37.26565349873675,39.95089416124075,2.6852406625040004,2.618645926198198,19.60741831774206,19.540823581436257,0.06659473630580237,0.5452618156395744,0.29244675027637607,0.25281506536319837,0.0905236312791489,0.41510649944724787,0.32458286816809895,0.3447575045886807,0.3284629243007795,0.016294580287901206,1.5261525420024293,1.4891210570299132,0.03703148497251618
75,76,MP_tot_PEEP_Jmin,resistance_dominant,resistance_dominant,36.94937246945506,36.94937246945506,0.0,0.0,0.0,0.0,0.0,0.0,0.0,S075,S076,0.0,0.0,0.0,0.6,1.0,0.4,15.0,15.0,0.0,36.94937246945506,36.94937246945506,0.0,0.0,0.0,0.0,0.0,0.5472804593845157,0.5472804593845157,0.0,0.09456091876903151,0.09456091876903151,0.0,0.0,0.0,0.0,1.0,1.0,0.0
75,77,MP_tot_PEEP_Jmin,resistance_dominant,resistance_dominant,36.94937246945506,36.94937246945506,0.0,0.0,0.0,0.0,0.0,0.0,0.0,S075,S077,0.0,0.0,0.0,0.6,1.4,0.7999999999999999,15.0,15.0,0.0,36.94937246945506,36.94937246945506,0.0,0.0,0.0,0.0,0.0,0.5472804593845157,0.5472804593845157,0.0,0.09456091876903151,0.09456091876903151,0.0,0.0,0.0,0.0,1.0,1.0,0.0
75,108,MP_tot_PEEP_Jmin,resistance_dominant,mixed,36.94937246945506,35.83477067822741,0.03016564874407697,6.5648577970651765,2.4508444513769483,0.23877241456430187,0.2139471260511825,0.16285908051652365,0.19454201404586602,S075,S108,0.0,3.0,3.0,0.6,0.6,0.0,15.0,10.0,5.0,36.94937246945506,31.720757332539172,5.228615136915884,1.1146017912276491,0.0,4.114013345688228,4.114013345688228,0.5472804593845157,0.3333333333333332,0.21394712605118255,0.09456091876903151,0.3333333333333332,0.2387724145643017,0.0,0.11480506970811542,0.11480506970811542,1.0,1.1296946760305775,0.1296946760305775
76,77,MP_tot_PEEP_Jmin,resistance_dominant,resistance_dominant,36.94937246945506,36.94937246945506,0.0,0.0,0.0,0.0,0.0,0.0,0.0,S076,S077,0.0,0.0,0.0,1.0,1.4,0.3999999999999999,15.0,15.0,0.0,36.94937246945506,36.94937246945506,0.0,0.0,0.0,0.0,0.0,0.5472804593845157,0.5472804593845157,0.0,0.09456091876903151,0.09456091876903151,0.0,0.0,0.0,0.0,1.0,1.0,0.0
76,108,MP_tot_PEEP_Jmin,resistance_dominant,mixed,36.94937246945506,35.83477067822741,0.03016564874407697,6.5648577970651765,2.4508444513769483,0.23877241456430187,0.2139471260511825,0.16285908051652365,0.19454201404586602,S076,S108,0.0,3.0,3.0,1.0,0.6,0.4,15.0,10.0,5.0,36.94937246945506,31.720757332539172,5.228615136915884,1.1146017912276491,0.0,4.114013345688228,4.114013345688228,0.5472804593845157,0.3333333333333332,0.21394712605118255,0.09456091876903151,0.3333333333333332,0.2387724145643017,0.0,0.11480506970811542,0.11480506970811542,1.0,1.1296946760305775,0.1296946760305775
77,108,MP_tot_PEEP_Jmin,resistance_dominant,mixed,36.94937246945506,35.83477067822741,0.03016564874407697,6.5648577970651765,2.4508444513769483,0.23877241456430187,0.2139471260511825,0.16285908051652365,0.19454201404586602,S077,S108,0.0,3.0,3.0,1.4,0.6,0.7999999999999999,15.0,10.0,5.0,36.94937246945506,31.720757332539172,5.228615136915884,1.1146017912276491,0.0,4.114013345688228,4.114013345688228,0.5472804593845157,0.3333333333333332,0.21394712605118255,0.09456091876903151,0.3333333333333332,0.2387724145643017,0.0,0.11480506970811542,0.11480506970811542,1.0,1.1296946760305775,0.1296946760305775
78,101,MP_tot_PEEP_Jmin,resistance_dominant,mixed,41.75903596866105,41.18864882927409,0.01365901118538795,15.833404534383382,3.9531713211574235,0.2424007452753511,0.21213296069565774,0.4358241023468548,1.0551705775684763,S078,S101,3.0,9.0,6.0,0.6,1.4,0.7999999999999999,15.0,5.0,10.0,38.4323774323077,25.981757079694805,12.450620352612898,0.5703871393869591,3.3266585363533436,15.20689174957929,11.880233213225946,0.5447185779790862,0.33333333333333337,0.2113852446457528,0.08943715595817228,0.33333333333333337,0.2438961773751611,0.07966320244676875,0.36920103430951257,0.28953783186274384,1.0865587496431286,1.5852911218796566,0.498732372236528
78,110,MP_tot_PEEP_Jmin,resistance_dominant,mixed,41.75903596866105,42.409695132861266,0.015581278377415474,3.312306098455128,2.4972349656106765,0.24240074527535116,0.21213296069565768,0.0361998617847515,0.04693285431145333,S078,S110,3.0,3.0,0.0,0.6,1.4,0.7999999999999999,15.0,10.0,5.0,38.4323774323077,38.26796546366348,0.1644119686442238,0.6506591642002135,3.3266585363533436,4.141729669197789,0.8150711328444458,0.5447185779790862,0.3333333333333333,0.21138524464575287,0.08943715595817228,0.3333333333333333,0.24389617737516103,0.07966320244676875,0.09765997270724446,0.017996770260475706,1.0865587496431286,1.1082296803348608,0.021670930691732204
78,111,MP_tot_PEEP_Jmin,resistance_dominant,mixed,41.75903596866105,43.12209543090619,0.0326410663136016,6.751609503231521,0.06518296517754862,0.24240074527535105,0.2121329606956578,0.20860254839732617,0.3382300298275027,S078,S111,3.0,6.0,3.0,0.6,0.6,0.0,15.0,10.0,5.0,38.4323774323077,33.1090103564989,5.323367075808804,1.3630594622451397,3.3266585363533436,10.013085074407302,6.686426538053958,0.5447185779790862,0.33333333333333337,0.2113852446457528,0.08943715595817228,0.33333333333333337,0.2438961773751611,0.07966320244676875,0.23220311940664154,0.1525399169598728,1.0865587496431286,1.30242779734556,0.21586904770243143
78,153,MP_tot_PEEP_Jmin,resistance_dominant,severe_mixed,41.75903596866105,40.80590255196884,0.022824602977125952,4.66349457661536,3.4254333074229883,0.322801374242128,0.25233327517904613,0.05543821545200876,0.07351924581131919,S078,S153,3.0,3.0,0.0,0.6,0.6,0.0,15.0,10.0,5.0,38.4323774323077,36.241182746423135,2.191194685884568,0.9531334166922107,3.3266585363533436,4.564719805545712,1.2380612691923685,0.5447185779790862,0.2927253856031375,0.2519931923759487,0.08943715595817228,0.41454922879372513,0.3251120728355529,0.07966320244676875,0.11186420395265756,0.03220100150588881,1.0865587496431286,1.1259539413347714,0.03939519169164285
79,80,MP_tot_PEEP_Jmin,resistance_dominant,resistance_dominant,45.01047825154731,46.92531914907638,0.04254211401237982,1.4991895337128085,1.4151110529581246,0.005356061234853229,0.0026780306174265522,0.006612810373968783,0.00827545583863154,S079,S080,3.0,3.0,0.0,1.0,1.4,0.3999999999999999,15.0,15.0,0.0,41.214108845841,43.21302822412474,1.9989193782837447,1.9148408975290678,3.796369405706322,3.7122909249516365,0.08407848075468571,0.5427232040451674,0.5459639527355116,0.0032407486903441862,0.08544640809033464,0.09192790547102322,0.006481497380688581,0.08434412503883616,0.0791106164490456,0.0052335085897905614,1.0921133444837159,1.0859067526047423,0.006206591878973544
79,103,MP_tot_PEEP_Jmin,resistance_dominant,mixed,45.01047825154731,46.03711743286338,0.02280889297773188,19.20192866758339,0.37848657402105346,0.2489178646692319,0.20887440099871746,0.5495393572327822,1.8090706631332163,S079,S103,3.0,12.0,9.0,1.0,1.0,0.0,15.0,5.0,10.0,41.214108845841,23.417305933594722,17.796802912246275,1.026639181316071,3.796369405706322,22.619811499268657,18.823442093562335,0.5427232040451674,0.33333333333333326,0.20938987071183413,0.08544640809033464,0.33333333333333326,0.2478869252429986,0.08434412503883616,0.4913385711487142,0.40699444610987806,1.0921133444837159,1.965944227889086,0.8738308834053701
79,111,MP_tot_PEEP_Jmin,resistance_dominant,mixed,45.01047825154731,43.12209543090619,0.04195429362220125,8.837908063381484,2.6211923946804987,0.2489178646692318,0.20887440099871757,0.2026890204381422,0.33082390337338574,S079,S111,3.0,6.0,3.0,1.0,0.6,0.4,15.0,10.0,5.0,41.214108845841,33.1090103564989,8.105098489342097,1.8883828206411195,3.796369405706322,10.013085074407302,6.21671566870098,0.5427232040451674,0.33333333333333337,0.20938987071183401,0.08544640809033464,0.33333333333333337,0.2478869252429987,0.08434412503883616,0.23220311940664154,0.14785899436780536,1.0921133444837159,1.30242779734556,0.21031445286184414
79,146,MP_tot_PEEP_Jmin,resistance_dominant,severe_mixed,45.01047825154731,46.80700111405894,0.03991343643299038,16.30648404987484,2.5040475105340363,0.33183240137554193,0.2503316693518726,0.4371139429911533,1.0822416670862942,S079,S146,3.0,9.0,6.0,1.0,1.4,0.3999999999999999,15.0,5.0,10.0,41.214108845841,29.208195169011812,12.005913676829184,1.7965228625116296,3.796369405706322,17.59880594504712,13.802436539340796,0.5427232040451674,0.2933225646373279,0.24940063940783946,0.08544640809033464,0.4133548707253441,0.32790846263500945,0.08434412503883616,0.37598661580908554,0.2916424907702494,1.0921133444837159,1.6025297298656245,0.5104163853819086
79,154,MP_tot_PEEP_Jmin,resistance_dominant,severe_mixed,45.01047825154731,45.28180381435302,0.006028053318815374,4.078420928839943,2.841227578504455,0.33273872439249474,0.250784830860349,0.04857811881142668,0.06477659497372068,S079,S154,3.0,3.0,0.0,1.0,1.0,0.0,15.0,10.0,5.0,41.214108845841,40.24824105831121,0.9658677875297883,0.27132556280570697,3.796369405706322,5.033562756041808,1.2371933503354855,0.5427232040451674,0.2917533113648811,0.2509698926802863,0.08544640809033464,0.4164933772702379,0.3310469691799032,0.08434412503883616,0.11116082691136775,0.026816701872531587,1.0921133444837159,1.1250629250791166,0.03294958059540076
80,81,MP_tot_PEEP_Jmin,resistance_dominant,resistance_dominant,46.92531914907638,47.57817348422754,0.013912624293020105,2.4732343717232226,1.477265792392238,0.0008478188792111763,0.00042390943960546323,0.10103054188121584,0.1414255174979253,S080,S081,3.0,6.0,3.0,1.4,0.6,0.7999999999999999,15.0,15.0,0.0,43.21302822412474,39.915382395160435,3.2976458289643062,0.6528543351511615,3.7122909249516365,7.662791089067098,3.9505001641154616,0.5459639527355116,0.5436777708960535,0.002286181839458057,0.09192790547102322,0.08735554179210701,0.004572363678916211,0.0791106164490456,0.16105685712393647,0.08194624067489087,1.0859067526047423,1.1919758907281865,0.1060691381234442
80,103,MP_tot_PEEP_Jmin,resistance_dominant,mixed,46.92531914907638,46.03711743286338,0.018927984557575016,20.701118201296197,1.793597626979178,0.24356180343437867,0.211552431616144,0.556152167606751,1.8173461189718478,S080,S103,3.0,12.0,9.0,1.4,1.0,0.3999999999999999,15.0,5.0,10.0,43.21302822412474,23.417305933594722,19.79572229053002,0.8882017162129969,3.7122909249516365,22.619811499268657,18.90752057431702,0.5459639527355116,0.33333333333333326,0.2126306194021783,0.09192790547102322,0.33333333333333326,0.24140542786231003,0.0791106164490456,0.4913385711487142,0.4122279546996686,1.0859067526047423,1.965944227889086,0.8800374752843436
80,146,MP_tot_PEEP_Jmin,resistance_dominant,severe_mixed,46.92531914907638,46.80700111405894,0.0025214114078064196,17.805673583587648,3.919158563492161,0.3264763401406887,0.2530096999692992,0.4437267533651221,1.0905171229249258,S080,S146,3.0,9.0,6.0,1.4,1.4,0.0,15.0,5.0,10.0,43.21302822412474,29.208195169011812,14.004833055112929,0.1183180350174382,3.7122909249516365,17.59880594504712,13.886515020095482,0.5459639527355116,0.2933225646373279,0.25264138809818365,0.09192790547102322,0.4133548707253441,0.3214269652543209,0.0791106164490456,0.37598661580908554,0.29687599936003994,1.0859067526047423,1.6025297298656245,0.5166229772608821
80,154,MP_tot_PEEP_Jmin,resistance_dominant,severe_mixed,46.92531914907638,45.28180381435302,0.035024063011742136,5.577610462552752,4.2563386314625795,0.3273826631576415,0.2534628614777755,0.05519092918539546,0.07305205081235222,S080,S154,3.0,3.0,0.0,1.4,1.0,0.3999999999999999,15.0,10.0,5.0,43.21302822412474,40.24824105831121,2.964787165813533,1.6435153347233609,3.7122909249516365,5.033562756041808,1.3212718310901712,0.5459639527355116,0.2917533113648811,0.2542106413706305,0.09192790547102322,0.4164933772702379,0.3245654717992147,0.0791106164490456,0.11116082691136775,0.03205021046232215,1.0859067526047423,1.1250629250791166,0.03915617247437431
80,155,MP_tot_PEEP_Jmin,resistance_dominant,severe_mixed,46.92531914907638,48.17751600342125,0.026684887328454542,3.5701910900816856,2.364336128629887,0.32461029830373084,0.2520766790508201,0.04291875371687019,0.05599225049001455,S080,S155,3.0,3.0,0.0,1.4,1.4,0.0,15.0,10.0,5.0,43.21302822412474,43.25937011701781,0.04634189289306789,1.2521968543448736,3.7122909249516365,4.9181458864034395,1.205854961451803,0.5459639527355116,0.2934266067865185,0.2525373459489931,0.09192790547102322,0.4131467864269628,0.32121888095593953,0.0791106164490456,0.10208384106092529,0.022973224611879686,1.0859067526047423,1.1136897248642252,0.027782972259482897
80,156,MP_tot_PEEP_Jmin,resistance_dominant,severe_mixed,46.92531914907638,49.17436611985637,0.0479282189564876,7.012412198872276,0.3536245422005422,0.3237965825396702,0.2516698211687899,0.20094740257326088,0.3216576507376625,S080,S156,3.0,6.0,3.0,1.4,0.6,0.7999999999999999,15.0,10.0,5.0,43.21302822412474,38.096038453831916,5.116989770292825,2.249046970779993,3.7122909249516365,11.078327666024457,7.36603674107282,0.5459639527355116,0.29230741429929485,0.2536565384362167,0.09192790547102322,0.41538517140141024,0.32345726593038704,0.0791106164490456,0.2252866389578346,0.146176022508789,1.0859067526047423,1.2907999916959905,0.20489323909124812
81,103,MP_tot_PEEP_Jmin,resistance_dominant,mixed,47.57817348422754,46.03711743286338,0.0323899792385899,18.227883829572974,3.270863419371416,0.24271398455516752,0.21197634105574947,0.45512162572553516,1.6759206014739225,S081,S103,6.0,12.0,6.0,0.6,1.0,0.4,15.0,5.0,10.0,39.915382395160435,23.417305933594722,16.498076461565713,1.5410560513641585,7.662791089067098,22.619811499268657,14.957020410201558,0.5436777708960535,0.33333333333333326,0.21034443756272025,0.08735554179210701,0.33333333333333326,0.24597779154122623,0.16105685712393647,0.4913385711487142,0.33028171402477774,1.1919758907281865,1.965944227889086,0.7739683371608994
81,146,MP_tot_PEEP_Jmin,resistance_dominant,severe_mixed,47.57817348422754,46.80700111405894,0.016208532478117266,15.332439211864427,5.396424355884399,0.32562852126147757,0.25343360940890464,0.3426962114839063,0.9490916054270004,S081,S146,6.0,9.0,3.0,0.6,1.4,0.7999999999999999,15.0,5.0,10.0,39.915382395160435,29.208195169011812,10.707187226148623,0.7711723701685997,7.662791089067098,17.59880594504712,9.93601485598002,0.5436777708960535,0.2933225646373279,0.2503552062587256,0.08735554179210701,0.4133548707253441,0.3259993289332371,0.16105685712393647,0.37598661580908554,0.21492975868514907,1.1919758907281865,1.6025297298656245,0.4105538391374379
81,154,MP_tot_PEEP_Jmin,resistance_dominant,severe_mixed,47.57817348422754,45.28180381435302,0.048265191824477735,3.104376090829529,5.733604423854818,0.3265348442784303,0.253886770917381,0.045839612695820375,0.06837346668557309,S081,S154,6.0,3.0,3.0,0.6,1.0,0.4,15.0,10.0,5.0,39.915382395160435,40.24824105831121,0.3328586631507733,2.2963696698745224,7.662791089067098,5.033562756041808,2.6292283330252904,0.5436777708960535,0.2917533113648811,0.25192445953117243,0.08735554179210701,0.4164933772702379,0.32913783547813086,0.16105685712393647,0.11116082691136775,0.04989603021256872,1.1919758907281865,1.1250629250791166,0.0669129656490699
81,155,MP_tot_PEEP_Jmin,resistance_dominant,severe_mixed,47.57817348422754,48.17751600342125,0.01259700562890246,1.096956718358463,3.841601921022125,0.3237624794245197,0.25250058849042556,0.058111788164345646,0.08543326700791076,S081,S155,6.0,3.0,3.0,0.6,1.4,0.7999999999999999,15.0,10.0,5.0,39.915382395160435,43.25937011701781,3.343987721857374,0.5993425191937121,7.662791089067098,4.9181458864034395,2.7446452026636585,0.5436777708960535,0.2934266067865185,0.250251164109535,0.08735554179210701,0.4131467864269628,0.32579124463485576,0.16105685712393647,0.10208384106092529,0.05897301606301118,1.1919758907281865,1.1136897248642252,0.07828616586396131
81,156,MP_tot_PEEP_Jmin,resistance_dominant,severe_mixed,47.57817348422754,49.17436611985637,0.03354884222610982,4.539177827149054,1.123641250191696,0.32294876366045905,0.25209373060839535,0.09991686069204506,0.1802321332397372,S081,S156,6.0,6.0,0.0,0.6,0.6,0.0,15.0,10.0,5.0,39.915382395160435,38.096038453831916,1.819343941328519,1.5961926356288316,7.662791089067098,11.078327666024457,3.4155365769573587,0.5436777708960535,0.29230741429929485,0.25137035659675866,0.08735554179210701,0.41538517140141024,0.3280296296093032,0.16105685712393647,0.2252866389578346,0.06422978183389813,1.1919758907281865,1.2907999916959905,0.09882410096780392
82,84,MP_tot_PEEP_Jmin,resistance_dominant,resistance_dominant,54.28995615406056,54.40678501615436,0.002151942465421554,3.06034339816048,1.1369433281472965,0.014270213050367256,0.0071351065251835655,0.08997131744426415,0.16064516813448848,S082,S084,6.0,9.0,3.0,1.0,0.6,0.4,15.0,15.0,0.0,45.47884522222708,41.3983873580131,4.080457864213976,0.11682886209379717,8.811110931833488,13.008397658141254,4.197286726307766,0.5397197709968485,0.5437279076133826,0.004008136616534097,0.0794395419936969,0.08745581522676524,0.008016273233068333,0.16229725636229805,0.2390951359151037,0.07679787955280565,1.193740867622716,1.3142247437235821,0.1204838761008662
82,104,MP_tot_PEEP_Jmin,resistance_dominant,mixed,54.28995615406056,56.34487871360726,0.03785087896765598,18.47310165846154,2.2113983931052914,0.2551907084346706,0.20573797911599812,0.4106154659592325,1.3452067576140396,S082,S104,6.0,12.0,6.0,1.0,1.4,0.3999999999999999,15.0,5.0,10.0,45.47884522222708,31.272064516417537,14.206780705809543,2.0549225595466964,8.811110931833488,25.07281419718972,16.261703265356232,0.5397197709968485,0.33333333333333337,0.20638643766351517,0.0794395419936969,0.33333333333333337,0.25389379133963647,0.16229725636229805,0.4449883426785095,0.2826910863162114,1.193740867622716,1.8017639572221633,0.6080230895994474
82,113,MP_tot_PEEP_Jmin,resistance_dominant,mixed,54.28995615406056,56.88536522268531,0.0478064314743534,3.3068495041718435,1.4360218320677163,0.25519070843467073,0.205737979115998,0.05220367890482827,0.08846931042490258,S082,S113,6.0,6.0,0.0,1.0,1.4,0.3999999999999999,15.0,10.0,5.0,45.47884522222708,46.2034266187477,0.7245813965206196,2.595409068624747,8.811110931833488,10.681938603937613,1.8708276721041255,0.5397197709968485,0.33333333333333326,0.20638643766351528,0.0794395419936969,0.33333333333333326,0.25389379133963635,0.16229725636229805,0.1877800830164621,0.025482826654164042,1.193740867622716,1.2311936448367935,0.03745277721407758
82,114,MP_tot_PEEP_Jmin,resistance_dominant,mixed,54.28995615406056,52.194478566615956,0.03859788690007768,11.110958329697848,2.2248540753740826,0.25519070843467073,0.20573797911599795,0.22957993740271435,0.5111840206230926,S082,S114,6.0,9.0,3.0,1.0,0.6,0.4,15.0,10.0,5.0,45.47884522222708,34.497263380458705,10.981581841768374,2.0954775874446057,8.811110931833488,17.697215186157244,8.886104254323756,0.5397197709968485,0.3333333333333332,0.20638643766351533,0.0794395419936969,0.3333333333333332,0.2538937913396363,0.16229725636229805,0.33906297509170896,0.1767657187294109,1.193740867622716,1.513003451635587,0.3192625840128711
82,148,MP_tot_PEEP_Jmin,resistance_dominant,severe_mixed,54.28995615406056,53.13890214163661,0.021201969829512498,20.562194051105376,3.3282825724321157,0.34381977196872326,0.25005251088302427,0.45254578589337646,1.6642549134090712,S082,S148,6.0,12.0,6.0,1.0,1.0,0.0,15.0,5.0,10.0,45.47884522222708,27.093879731129867,18.384965491097212,1.1510540124239483,8.811110931833488,26.04502241050674,17.23391147867325,0.5397197709968485,0.2887847733483835,0.25093499764846505,0.0794395419936969,0.4224304533032329,0.342990911309536,0.16229725636229805,0.4901309842850394,0.32783372792274135,1.193740867622716,1.96128803511968,0.7675471674969641
83,104,MP_tot_PEEP_Jmin,resistance_dominant,mixed,58.357462206378415,56.34487871360726,0.03448716610831619,21.471480725887094,5.279444756281293,0.24618549000931697,0.21024058832867498,0.4227962389043952,1.3642023031755206,S083,S104,6.0,12.0,6.0,1.4,1.4,0.0,15.0,5.0,10.0,49.47668397879449,31.272064516417537,18.204619462376954,2.0125834927711566,8.880778227583928,25.07281419718972,16.192035969605794,0.5452068647014237,0.33333333333333337,0.21187353136809028,0.09041372940284723,0.33333333333333337,0.24291960393048614,0.15217896549677698,0.4449883426785095,0.2928093771817325,1.179494208451605,1.8017639572221633,0.6222697487705584
83,113,MP_tot_PEEP_Jmin,resistance_dominant,mixed,58.357462206378415,56.88536522268531,0.025225514065143968,6.305228571597397,4.504068195243718,0.24618549000931708,0.21024058832867487,0.064384451849991,0.10746485598638356,S083,S113,6.0,6.0,0.0,1.4,1.4,0.0,15.0,10.0,5.0,49.47668397879449,46.2034266187477,3.2732573600467916,1.4720969836931062,8.880778227583928,10.681938603937613,1.8011603763536854,0.5452068647014237,0.33333333333333326,0.2118735313680904,0.09041372940284723,0.33333333333333326,0.24291960393048603,0.15217896549677698,0.1877800830164621,0.035601117519685116,1.179494208451605,1.2311936448367935,0.05169943638518859
83,120,MP_tot_PEEP_Jmin,resistance_dominant,mixed,58.357462206378415,60.66500861715883,0.03954158257636168,8.391243478773262,0.4895347488106694,0.24618549000931703,0.21024058832867493,0.19310955013976358,0.23932561126880691,S083,S120,6.0,0.0,6.0,1.4,0.6,0.7999999999999999,15.0,15.0,0.0,49.47668397879449,60.66500861715883,11.188324638364342,2.307546410780418,8.880778227583928,0.0,8.880778227583928,0.5452068647014237,0.3333333333333333,0.21187353136809034,0.09041372940284723,0.3333333333333333,0.2429196039304861,0.15217896549677698,0.0,0.15217896549677698,1.179494208451605,1.0,0.1794942084516049
83,121,MP_tot_PEEP_Jmin,resistance_dominant,mixed,58.357462206378415,60.66500861715883,0.03954158257636168,8.391243478773262,0.4895347488106694,0.24618549000931703,0.21024058832867493,0.19310955013976358,0.23932561126880691,S083,S121,6.0,0.0,6.0,1.4,1.0,0.3999999999999999,15.0,15.0,0.0,49.47668397879449,60.66500861715883,11.188324638364342,2.307546410780418,8.880778227583928,0.0,8.880778227583928,0.5452068647014237,0.3333333333333333,0.21187353136809034,0.09041372940284723,0.3333333333333333,0.2429196039304861,0.15217896549677698,0.0,0.15217896549677698,1.179494208451605,1.0,0.1794942084516049
83,122,MP_tot_PEEP_Jmin,resistance_dominant,mixed,58.357462206378415,60.66500861715883,0.03954158257636168,8.391243478773262,0.4895347488106694,0.24618549000931703,0.21024058832867493,0.19310955013976358,0.23932561126880691,S083,S122,6.0,0.0,6.0,1.4,1.4,0.0,15.0,15.0,0.0,49.47668397879449,60.66500861715883,11.188324638364342,2.307546410780418,8.880778227583928,0.0,8.880778227583928,0.5452068647014237,0.3333333333333333,0.21187353136809034,0.09041372940284723,0.3333333333333333,0.2429196039304861,0.15217896549677698,0.0,0.15217896549677698,1.179494208451605,1.0,0.1794942084516049
83,157,MP_tot_PEEP_Jmin,resistance_dominant,severe_mixed,58.357462206378415,58.45983728946642,0.0017542757895461847,6.367409599023805,2.8985056147493964,0.3327231578417281,0.25350942224488043,0.09349392306800511,0.16241936847825422,S083,S157,6.0,6.0,0.0,1.4,1.0,0.3999999999999999,15.0,10.0,5.0,49.47668397879449,46.11015507760809,3.366528901186399,0.10237508308800614,8.880778227583928,12.349682211858338,3.4689039842744105,0.5452068647014237,0.2904210605071022,0.25478580419432145,0.09041372940284723,0.4191578789857956,0.3287441495829484,0.15217896549677698,0.211250711333806,0.05907174583702901,1.179494208451605,1.2678299864980405,0.08833577804643555
83,159,MP_tot_PEEP_Jmin,resistance_dominant,severe_mixed,58.357462206378415,59.491717742677004,0.01943634101646415,10.473583543268699,0.18646181058361577,0.32529599796001185,0.2497958423040222,0.2300832620018529,0.49435597427606237,S083,S159,6.0,9.0,3.0,1.4,0.6,0.7999999999999999,15.0,10.0,5.0,49.47668397879449,39.95089416124075,9.525789817553743,1.134255536298589,8.880778227583928,19.540823581436257,10.660045353852329,0.5452068647014237,0.29244675027637607,0.2527601144250476,0.09041372940284723,0.41510649944724787,0.32469277004440067,0.15217896549677698,0.3284629243007795,0.17628395880400252,1.179494208451605,1.4891210570299132,0.30962684857830824
84,104,MP_tot_PEEP_Jmin,resistance_dominant,mixed,54.40678501615436,56.34487871360726,0.03562227940646455,15.41275826030106,3.348341721252588,0.24092049538430332,0.21287308564118168,0.32064414851496836,1.1845615894795511,S084,S104,9.0,12.0,3.0,0.6,1.4,0.7999999999999999,15.0,5.0,10.0,41.3983873580131,31.272064516417537,10.126322841595567,1.9380936974528993,13.008397658141254,25.07281419718972,12.064416539048468,0.5437279076133826,0.33333333333333337,0.21039457428004926,0.08745581522676524,0.33333333333333337,0.24587751810656813,0.2390951359151037,0.4449883426785095,0.2058932067634058,1.3142247437235821,1.8017639572221633,0.4875392134985812
84,113,MP_tot_PEEP_Jmin,resistance_dominant,mixed,54.40678501615436,56.88536522268531,0.04555645414069246,0.24650610601136336,2.5729651602150128,0.24092049538430343,0.21287308564118157,0.03776763853943588,0.0721758577095859,S084,S113,9.0,6.0,3.0,0.6,1.4,0.7999999999999999,15.0,10.0,5.0,41.3983873580131,46.2034266187477,4.8050392607345955,2.4785802065309497,13.008397658141254,10.681938603937613,2.3264590542036405,0.5437279076133826,0.33333333333333326,0.21039457428004937,0.08745581522676524,0.33333333333333326,0.24587751810656802,0.2390951359151037,0.1877800830164621,0.051315052898641605,1.3142247437235821,1.2311936448367935,0.08303109888678861
84,114,MP_tot_PEEP_Jmin,resistance_dominant,mixed,54.40678501615436,52.194478566615956,0.04066232637862224,8.050614931537368,3.361797403521379,0.2409204953843035,0.21287308564118151,0.1396086199584502,0.35053885248860417,S084,S114,9.0,9.0,0.0,0.6,0.6,0.0,15.0,10.0,5.0,41.3983873580131,34.497263380458705,6.901123977554398,2.212306449538403,13.008397658141254,17.697215186157244,4.68881752801599,0.5437279076133826,0.3333333333333332,0.21039457428004943,0.08745581522676524,0.3333333333333332,0.24587751810656797,0.2390951359151037,0.33906297509170896,0.09996783917660526,1.3142247437235821,1.513003451635587,0.19877870791200491
84,148,MP_tot_PEEP_Jmin,resistance_dominant,severe_mixed,54.40678501615436,53.13890214163661,0.023303763935716624,17.501850652944896,4.465225900579412,0.32954955891835597,0.25718761740820784,0.36257446844911234,1.5036097452745827,S084,S148,9.0,12.0,3.0,0.6,1.0,0.4,15.0,5.0,10.0,41.3983873580131,27.093879731129867,14.304507626883236,1.2678828745177455,13.008397658141254,26.04502241050674,13.036624752365485,0.5437279076133826,0.2887847733483835,0.25494313426499915,0.08745581522676524,0.4224304533032329,0.33497463807646766,0.2390951359151037,0.4901309842850394,0.25103584836993564,1.3142247437235821,1.96128803511968,0.6470632913960979
85,87,MP_tot_PEEP_Jmin,resistance_dominant,resistance_dominant,64.78780617699456,62.2448705644417,0.039250219487379945,5.146641958310411,0.8273882931160585,0.021057825882552797,0.010528912941276447,0.08844367192751512,0.19883133172783207,S085,S087,9.0,12.0,3.0,1.0,0.6,0.4,15.0,15.0,0.0,49.74358159861309,42.88139232086587,6.86218927774722,2.542935612552867,15.044224578381478,19.363478243575837,4.31925366519436,0.5377719479451163,0.5445075008441111,0.0067355528989948565,0.07554389589023253,0.08901500168822228,0.013471105797989755,0.2322076555159467,0.3110855250880305,0.07887786957208381,1.3024354920756434,1.4515589908715174,0.14912349879587405
85,115,MP_tot_PEEP_Jmin,resistance_dominant,mixed,64.78780617699456,64.23416992598334,0.008545377343056526,7.106163286855676,3.218502307410027,0.25897566298090674,0.20384550184287992,0.09794869281811114,0.22360469436170516,S085,S115,9.0,9.0,0.0,1.0,1.0,0.0,15.0,10.0,5.0,49.74358159861309,45.3022843681562,4.44129723045689,0.5536362510112269,15.044224578381478,18.931885557827137,3.887660979445659,0.5377719479451163,0.3333333333333333,0.20443861461178298,0.07554389589023253,0.3333333333333333,0.2577894374431008,0.2322076555159467,0.29473231427513175,0.06252465875918506,1.3024354920756434,1.41790134475282,0.11546585267717657
85,117,MP_tot_PEEP_Jmin,resistance_dominant,mixed,64.78780617699456,63.051920085356365,0.026793407495477043,13.384008596014244,1.2618294934577108,0.25897566298090674,0.20384550184287992,0.24436812897963428,0.732297309283243,S085,S117,9.0,12.0,3.0,1.0,0.6,0.4,15.0,10.0,5.0,49.74358159861309,35.88551640441835,13.858065194194744,1.7358860916382,15.044224578381478,27.166403680938018,12.12217910255654,0.5377719479451163,0.3333333333333333,0.20443861461178298,0.07554389589023253,0.3333333333333333,0.2577894374431008,0.2322076555159467,0.4308576748203952,0.19865001930444853,1.3024354920756434,1.7570297547005118,0.45459426262486846
85,149,MP_tot_PEEP_Jmin,resistance_dominant,severe_mixed,64.78780617699456,64.040144942646,0.01154015359473703,19.745907588452734,5.873544445202377,0.34173129507449734,0.24522331788967522,0.33478430246393337,1.243316408785911,S085,S149,9.0,12.0,3.0,1.0,1.4,0.3999999999999999,15.0,5.0,10.0,49.74358159861309,35.123557221014146,14.620024377598945,0.7476612343485698,15.044224578381478,28.916587721631853,13.872363143250375,0.5377719479451163,0.29327894642789787,0.24449300151721842,0.07554389589023253,0.4134421071442042,0.3378982112539717,0.2322076555159467,0.4515384490077184,0.2193307934917717,1.3024354920756434,1.823281865776718,0.5208463737010747
85,158,MP_tot_PEEP_Jmin,resistance_dominant,severe_mixed,64.78780617699456,64.69446153194616,0.0014407749012737797,2.552744068945536,5.034920310402271,0.341155691661843,0.24493551618334797,0.02188019637045846,0.041800933648775684,S085,S158,9.0,6.0,3.0,1.0,1.4,0.3999999999999999,15.0,10.0,5.0,49.74358159861309,52.13241319502141,2.388831596408316,0.09334464504840412,15.044224578381478,12.56204833692476,2.482176241456717,0.5377719479451163,0.29309755361667894,0.24467439432843735,0.07554389589023253,0.41380489276664206,0.33826099687640954,0.2322076555159467,0.1941750196146484,0.038032635901298295,1.3024354920756434,1.2409642594124997,0.06147123266314369
86,116,MP_tot_PEEP_Jmin,resistance_dominant,mixed,71.24580164136111,73.75951457805132,0.035282260551208366,5.71266295087694,1.5974980545543502,0.24756197853236742,0.20955234406714973,0.08162101255306559,0.17272178667694815,S086,S116,9.0,9.0,0.0,1.4,1.4,0.0,15.0,10.0,5.0,55.740339733464246,54.13888777383187,1.601451959632378,2.5137129366902116,15.505461907896873,19.62062680421946,4.115164896322586,0.5447863238430982,0.33333333333333337,0.21145299050976485,0.08957264768619635,0.33333333333333337,0.24376068564713702,0.2176333419048136,0.2660080793164274,0.0483747374116138,1.2781730786364047,1.3624128165725473,0.08423973793614259
86,123,MP_tot_PEEP_Jmin,resistance_dominant,mixed,71.24580164136111,68.24076807187969,0.04217839508085317,5.081754686730612,4.698951798391633,0.24756197853236742,0.20955234406714973,0.16173951198778214,0.24880060399621695,S086,S123,9.0,3.0,6.0,1.4,0.6,0.7999999999999999,15.0,15.0,0.0,55.740339733464246,62.51601264910504,6.775672915640797,3.0050335694814265,15.505461907896873,5.724755422774623,9.780706485122248,0.5447863238430982,0.3333333333333333,0.2114529905097649,0.08957264768619635,0.3333333333333333,0.24376068564713696,0.2176333419048136,0.08389054790157985,0.13374279400323374,1.2781730786364047,1.0915726256392424,0.18660045299716232
86,124,MP_tot_PEEP_Jmin,resistance_dominant,mixed,71.24580164136111,73.28469291685524,0.02861770418076766,8.68342834929637,0.8555848409379934,0.24756197853236747,0.20955234406714968,0.16486603953519208,0.25272345649952355,S086,S124,9.0,3.0,6.0,1.4,1.0,0.3999999999999999,15.0,15.0,0.0,55.740339733464246,67.31824419919273,11.577904465728487,2.038891275494123,15.505461907896873,5.966448717662513,9.53901319023436,0.5447863238430982,0.3333333333333333,0.2114529905097649,0.08957264768619635,0.3333333333333333,0.24376068564713696,0.2176333419048136,0.08141466492097765,0.13621867698383594,1.2781730786364047,1.0886304862617622,0.18954259237464255
86,160,MP_tot_PEEP_Jmin,resistance_dominant,severe_mixed,71.24580164136111,73.92042746435463,0.037540820109753514,7.157208735494827,0.7143122759420919,0.33547093125369476,0.25350682042781336,0.1172539899745868,0.26256853927975854,S086,S160,9.0,9.0,0.0,1.4,1.0,0.3999999999999999,15.0,10.0,5.0,55.740339733464246,51.97206909690503,3.7682706365592153,2.6746258229935194,15.505461907896873,21.948358367449615,6.442896459552742,0.5447863238430982,0.2896545746526239,0.2551317491904743,0.08957264768619635,0.4206908506947524,0.3311182030085561,0.2176333419048136,0.2969187154394283,0.07928537353461473,1.2781730786364047,1.4223106516410877,0.144137573004683
86,162,MP_tot_PEEP_Jmin,resistance_dominant,severe_mixed,71.24580164136111,71.75795742043057,0.00718857486715585,13.934754887665182,0.5119907562190207,0.3251857642454715,0.24836423692370174,0.24744995085669097,0.7037947146639187,S086,S162,9.0,12.0,3.0,1.4,0.6,0.7999999999999999,15.0,10.0,5.0,55.740339733464246,41.80574986864949,13.934589864814754,0.5121557790694595,15.505461907896873,29.952207551781072,14.4467456438842,0.5447863238430982,0.2928916520293099,0.25189467181378833,0.08957264768619635,0.41421669594138033,0.324644048255184,0.2176333419048136,0.4174060777161033,0.19977273581128968,1.2781730786364047,1.716461435230528,0.43828835659412335
86,165,MP_tot_PEEP_Jmin,resistance_dominant,severe_mixed,71.24580164136111,68.7726540780287,0.03471288842789375,9.774235758423337,5.731226149473542,0.3261556731683296,0.24884919138513067,0.2705508288597934,0.3708974381818735,S086,S165,9.0,0.0,9.0,1.4,0.6,0.7999999999999999,15.0,15.0,0.0,55.740339733464246,68.7726540780287,13.032314344564448,2.473147563332418,15.505461907896873,0.0,15.505461907896873,0.5447863238430982,0.29403648601535226,0.25074983782774596,0.08957264768619635,0.41192702796929537,0.32235438028309904,0.2176333419048136,0.0,0.2176333419048136,1.2781730786364047,1.0,0.2781730786364047
86,166,MP_tot_PEEP_Jmin,resistance_dominant,severe_mixed,71.24580164136111,68.7726540780287,0.03471288842789375,9.774235758423337,5.731226149473542,0.3261556731683296,0.24884919138513067,0.2705508288597934,0.3708974381818735,S086,S166,9.0,0.0,9.0,1.4,1.0,0.3999999999999999,15.0,15.0,0.0,55.740339733464246,68.7726540780287,13.032314344564448,2.473147563332418,15.505461907896873,0.0,15.505461907896873,0.5447863238430982,0.29403648601535226,0.25074983782774596,0.08957264768619635,0.41192702796929537,0.32235438028309904,0.2176333419048136,0.0,0.2176333419048136,1.2781730786364047,1.0,0.2781730786364047
86,167,MP_tot_PEEP_Jmin,resistance_dominant,severe_mixed,71.24580164136111,68.7726540780287,0.03471288842789375,9.774235758423337,5.731226149473542,0.3261556731683296,0.24884919138513067,0.2705508288597934,0.3708974381818735,S086,S167,9.0,0.0,9.0,1.4,1.4,0.0,15.0,15.0,0.0,55.740339733464246,68.7726540780287,13.032314344564448,2.473147563332418,15.505461907896873,0.0,15.505461907896873,0.5447863238430982,0.29403648601535226,0.25074983782774596,0.08957264768619635,0.41192702796929537,0.32235438028309904,0.2176333419048136,0.0,0.2176333419048136,1.2781730786364047,1.0,0.2781730786364047
87,115,MP_tot_PEEP_Jmin,resistance_dominant,mixed,62.2448705644417,64.23416992598334,0.031959249710096706,1.9595213285452644,2.3911140142939686,0.23791783709835393,0.21437441478415636,0.009505020890596017,0.024773362633873086,S087,S115,12.0,9.0,3.0,0.6,1.0,0.4,15.0,10.0,5.0,42.88139232086587,45.3022843681562,2.42089204729033,1.98929936154164,19.363478243575837,18.931885557827137,0.4315926857487007,0.5445075008441111,0.3333333333333333,0.21117416751077783,0.08901500168822228,0.3333333333333333,0.24431833164511102,0.3110855250880305,0.29473231427513175,0.016353210812898755,1.4515589908715174,1.41790134475282,0.03365764611869748
87,117,MP_tot_PEEP_Jmin,resistance_dominant,mixed,62.2448705644417,63.051920085356365,0.01296571932106653,8.237366637703833,0.43444120034165223,0.23791783709835393,0.21437441478415636,0.15592445705211916,0.5334659775554109,S087,S117,12.0,12.0,0.0,0.6,0.6,0.0,15.0,10.0,5.0,42.88139232086587,35.88551640441835,6.995875916447524,0.8070495209146671,19.363478243575837,27.166403680938018,7.80292543736218,0.5445075008441111,0.3333333333333333,0.21117416751077783,0.08901500168822228,0.3333333333333333,0.24431833164511102,0.3110855250880305,0.4308576748203952,0.11977214973236472,1.4515589908715174,1.7570297547005118,0.3054707638289944
87,120,MP_tot_PEEP_Jmin,resistance_dominant,mixed,62.2448705644417,60.66500861715883,0.025381399831930638,13.337712222219729,6.025766021356112,0.23791783709835393,0.21437441478415636,0.3758109208970188,0.6020786544953571,S087,S120,12.0,0.0,12.0,0.6,0.6,0.0,15.0,15.0,0.0,42.88139232086587,60.66500861715883,17.783616296292962,1.5798619472828648,19.363478243575837,0.0,19.363478243575837,0.5445075008441111,0.3333333333333333,0.21117416751077783,0.08901500168822228,0.3333333333333333,0.24431833164511102,0.3110855250880305,0.0,0.3110855250880305,1.4515589908715174,1.0,0.4515589908715174
87,121,MP_tot_PEEP_Jmin,resistance_dominant,mixed,62.2448705644417,60.66500861715883,0.025381399831930638,13.337712222219729,6.025766021356112,0.23791783709835393,0.21437441478415636,0.3758109208970188,0.6020786544953571,S087,S121,12.0,0.0,12.0,0.6,1.0,0.4,15.0,15.0,0.0,42.88139232086587,60.66500861715883,17.783616296292962,1.5798619472828648,19.363478243575837,0.0,19.363478243575837,0.5445075008441111,0.3333333333333333,0.21117416751077783,0.08901500168822228,0.3333333333333333,0.24431833164511102,0.3110855250880305,0.0,0.3110855250880305,1.4515589908715174,1.0,0.4515589908715174
87,122,MP_tot_PEEP_Jmin,resistance_dominant,mixed,62.2448705644417,60.66500861715883,0.025381399831930638,13.337712222219729,6.025766021356112,0.23791783709835393,0.21437441478415636,0.3758109208970188,0.6020786544953571,S087,S122,12.0,0.0,12.0,0.6,1.4,0.7999999999999999,15.0,15.0,0.0,42.88139232086587,60.66500861715883,17.783616296292962,1.5798619472828648,19.363478243575837,0.0,19.363478243575837,0.5445075008441111,0.3333333333333333,0.21117416751077783,0.08901500168822228,0.3333333333333333,0.24431833164511102,0.3110855250880305,0.0,0.3110855250880305,1.4515589908715174,1.0,0.4515589908715174
87,149,MP_tot_PEEP_Jmin,resistance_dominant,severe_mixed,62.2448705644417,64.040144942646,0.028842125655087703,14.599265630142323,5.0461561520863185,0.3206734691919445,0.25575223083095167,0.24634063053641825,1.044485077058079,S087,S149,12.0,12.0,0.0,0.6,1.4,0.7999999999999999,15.0,5.0,10.0,42.88139232086587,35.123557221014146,7.757835099851725,1.7952743782042972,19.363478243575837,28.916587721631853,9.553109478056015,0.5445075008441111,0.29327894642789787,0.2512285544162133,0.08901500168822228,0.4134421071442042,0.3244271054559819,0.3110855250880305,0.4515384490077184,0.1404529239196879,1.4515589908715174,1.823281865776718,0.3717228749052006
87,158,MP_tot_PEEP_Jmin,resistance_dominant,severe_mixed,62.2448705644417,64.69446153194616,0.03935410171619552,2.593897889364875,4.207532017286212,0.3200978657792902,0.2554644291246244,0.11032386829797358,0.24063226537660776,S087,S158,12.0,6.0,6.0,0.6,1.4,0.7999999999999999,15.0,10.0,5.0,42.88139232086587,52.13241319502141,9.251020874155536,2.449590967504463,19.363478243575837,12.56204833692476,6.801429906651077,0.5445075008441111,0.29309755361667894,0.2514099472274322,0.08901500168822228,0.41380489276664206,0.32478989107841977,0.3110855250880305,0.1941750196146484,0.11691050547338211,1.4515589908715174,1.2409642594124997,0.21059473145901775
87,159,MP_tot_PEEP_Jmin,resistance_dominant,severe_mixed,62.2448705644417,59.491717742677004,0.044230999226102866,5.5271147998222325,5.349769461961827,0.31702834504904875,0.2539296687595036,0.047381891244597685,0.13160293104951215,S087,S159,12.0,9.0,3.0,0.6,0.6,0.0,15.0,10.0,5.0,42.88139232086587,39.95089416124075,2.930498159625124,2.7531528217646937,19.363478243575837,19.540823581436257,0.1773453378604195,0.5445075008441111,0.29244675027637607,0.2520607505677351,0.08901500168822228,0.41510649944724787,0.3260914977590256,0.3110855250880305,0.3284629243007795,0.017377399212749,1.4515589908715174,1.4891210570299132,0.037562066158395746
88,116,MP_tot_PEEP_Jmin,resistance_dominant,mixed,76.50402832034933,73.75951457805132,0.03587410758039779,4.413646632028062,7.288730173158889,0.2611704841982769,0.2027480912341949,0.004891880651759606,0.011744866915924801,S088,S116,12.0,9.0,3.0,1.0,1.4,0.3999999999999999,15.0,10.0,5.0,54.00831797499907,54.13888777383187,0.13056979883279496,2.744513742298011,22.495710345350282,19.62062680421946,2.8750835411308238,0.5365382445534624,0.33333333333333337,0.20320491122012907,0.07307648910692466,0.33333333333333337,0.2602568442264087,0.2940460893268628,0.2660080793164274,0.028038010010435432,1.4165230688310593,1.3624128165725473,0.05411025225851196
88,118,MP_tot_PEEP_Jmin,resistance_dominant,mixed,76.50402832034933,79.53414691607149,0.03960730777514072,6.978097778128124,0.23187226208870015,0.26117048419827693,0.20274809123419485,0.1087941749117664,0.3167968825040197,S088,S118,12.0,12.0,0.0,1.0,1.0,0.0,15.0,10.0,5.0,54.00831797499907,50.29221105468176,3.7161069203173156,3.0301185957221577,22.495710345350282,29.241935861389717,6.746225516039434,0.5365382445534624,0.33333333333333326,0.20320491122012918,0.07307648910692466,0.33333333333333326,0.2602568442264086,0.2940460893268628,0.36766517269931,0.07361908337244716,1.4165230688310593,1.5814406495191777,0.16491758068811846
88,124,MP_tot_PEEP_Jmin,resistance_dominant,mixed,76.50402832034933,73.28469291685524,0.04208059986088063,9.982444668145249,6.546816959542532,0.26117048419827693,0.20274809123419485,0.25137893274001727,0.4371901100923965,S088,S124,12.0,3.0,9.0,1.0,1.0,0.0,15.0,15.0,0.0,54.00831797499907,67.31824419919273,13.30992622419366,3.2193354034940995,22.495710345350282,5.966448717662513,16.52926162768777,0.5365382445534624,0.3333333333333333,0.20320491122012913,0.07307648910692466,0.3333333333333333,0.26025684422640866,0.2940460893268628,0.08141466492097765,0.21263142440588517,1.4165230688310593,1.0886304862617622,0.3278925825692971
88,125,MP_tot_PEEP_Jmin,resistance_dominant,mixed,76.50402832034933,76.85859817801543,0.004634656049500864,12.927979136703868,3.9547565212352396,0.26117048419827693,0.20274809123419485,0.26200459277725957,0.45031951663858294,S088,S125,12.0,3.0,9.0,1.0,1.4,0.3999999999999999,15.0,15.0,0.0,54.00831797499907,71.24562349060422,17.237305515605144,0.3545698576660925,22.495710345350282,5.6129746874111826,16.8827356579391,0.5365382445534624,0.33333333333333326,0.20320491122012918,0.07307648910692466,0.33333333333333326,0.2602568442264086,0.2940460893268628,0.07302988631682737,0.22101620301003544,1.4165230688310593,1.0787834313521227,0.33773963747893654
88,126,MP_tot_PEEP_Jmin,resistance_dominant,mixed,76.50402832034933,77.60158590963164,0.014346402580089542,7.769024029539345,1.4921170872308451,0.26117048419827693,0.20274809123419485,0.14190187144116034,0.2812160387088014,S088,S126,12.0,6.0,6.0,1.0,0.6,0.4,15.0,15.0,0.0,54.00831797499907,64.36701668105152,10.35869870605245,1.097557589282303,22.495710345350282,13.234569228580112,9.26114111677017,0.5365382445534624,0.33333333333333337,0.20320491122012907,0.07307648910692466,0.33333333333333337,0.2602568442264087,0.2940460893268628,0.17054508710675054,0.12350100222011229,1.4165230688310593,1.2056110397994588,0.21091202903160045
88,160,MP_tot_PEEP_Jmin,resistance_dominant,severe_mixed,76.50402832034933,73.92042746435463,0.03377078191459743,5.858192416645949,6.405544394546631,0.3490794369196042,0.24670256759485854,0.03074109676976161,0.07810188568688559,S088,S160,12.0,9.0,3.0,1.0,1.0,0.0,15.0,10.0,5.0,54.00831797499907,51.97206909690503,2.0362488780940424,2.5836008559947032,22.495710345350282,21.948358367449615,0.5473519779006679,0.5365382445534624,0.2896545746526239,0.24688366990083854,0.07307648910692466,0.4206908506947524,0.34761436158782777,0.2940460893268628,0.2969187154394283,0.0028726261125655017,1.4165230688310593,1.4223106516410877,0.0057875828100284465
88,168,MP_tot_PEEP_Jmin,resistance_dominant,severe_mixed,76.50402832034933,77.6056527158257,0.014399560646185507,12.92810778468101,3.207744866083978,0.3412500300982444,0.24278786418417864,0.25070127765805106,0.43634218659537405,S088,S168,12.0,3.0,9.0,1.0,0.6,0.4,15.0,15.0,0.0,54.00831797499907,71.24579502124041,17.237477046241338,1.1016243954763638,22.495710345350282,6.359857694585306,16.135852650764978,0.5365382445534624,0.29310909572425903,0.2434291488292034,0.07307648910692466,0.41378180855148194,0.3407053194445573,0.2940460893268628,0.08195095939562112,0.2120951299312417,1.4165230688310593,1.089266428884529,0.3272566399465302
89,127,MP_tot_PEEP_Jmin,resistance_dominant,mixed,85.59033745402445,87.90408810869553,0.027032848841306793,8.975613219819778,0.6781204186022052,0.24820990149453181,0.2092283825860673,0.13579265697055332,0.25606569753007835,S089,S127,12.0,6.0,6.0,1.4,1.0,0.3999999999999999,15.0,15.0,0.0,62.00399548813399,73.97147978122703,11.967484293093044,2.3137506546710824,23.58634196589047,13.9326083274685,9.653733638421969,0.5445717613040484,0.33333333333333337,0.21123842797071501,0.08914352260809677,0.33333333333333337,0.2441898107252366,0.2755724847861485,0.1584978426741711,0.11707464211197738,1.3804003561416345,1.1883510829940758,0.1920492731475587
89,129,MP_tot_PEEP_Jmin,resistance_dominant,mixed,85.59033745402445,88.74746213041423,0.03688646137288172,3.1605189186478597,2.103618370173791,0.24820990149453181,0.2092283825860673,0.02444568843919448,0.05355877883717297,S089,S129,12.0,9.0,3.0,1.4,0.6,0.7999999999999999,15.0,15.0,0.0,62.00399548813399,66.2180207129978,4.214025224863811,3.1571246763897847,23.58634196589047,22.529441417416436,1.056900548474033,0.5445717613040484,0.33333333333333337,0.21123842797071501,0.08914352260809677,0.33333333333333337,0.2441898107252366,0.2755724847861485,0.2538601203526188,0.021712364433529696,1.3804003561416345,1.3402312720137555,0.04016908412787901
89,161,MP_tot_PEEP_Jmin,resistance_dominant,severe_mixed,85.59033745402445,83.93716362458883,0.019314958657846534,5.8326924340838815,6.487327048410457,0.3308990354797016,0.2505729495786523,0.024031777165428425,0.05664353400497979,S089,S161,12.0,9.0,3.0,1.4,1.4,0.0,15.0,10.0,5.0,62.00399548813399,61.00545627302491,0.9985392151090764,1.653173829435616,23.58634196589047,22.931707351563915,0.6546346143265538,0.5445717613040484,0.292915602549,0.2516561587550484,0.08914352260809677,0.4141687949020001,0.3250252722939033,0.2755724847861485,0.27320088458226416,0.0023716002038843276,1.3804003561416345,1.3758960059069953,0.004504350234639132
89,169,MP_tot_PEEP_Jmin,resistance_dominant,severe_mixed,85.59033745402445,83.5682443962102,0.02362524927420025,10.938407961717878,5.668229045053565,0.3306464167624848,0.250446640220044,0.22817325812965272,0.3856904767902092,S089,S169,12.0,3.0,9.0,1.4,1.0,0.3999999999999999,15.0,15.0,0.0,62.00399548813399,76.58853943709114,14.584543948957155,2.0220930578142458,23.58634196589047,6.979704959119031,16.606637006771436,0.5445717613040484,0.2923147560270261,0.2522570052770223,0.08914352260809677,0.4153704879459476,0.32622696533785084,0.2755724847861485,0.08352101937222889,0.1920514654139196,1.3804003561416345,1.091132498548978,0.2892678575926564
89,170,MP_tot_PEEP_Jmin,resistance_dominant,severe_mixed,85.59033745402445,87.29915787060905,0.019965108999628698,13.949537020424508,2.9410252568902706,0.3286400281656667,0.24944344592163487,0.23680198057665758,0.39643953092494866,S089,S170,12.0,3.0,9.0,1.4,1.4,0.0,15.0,15.0,0.0,62.00399548813399,80.60337818203334,18.59938269389935,1.7088204165846008,23.58634196589047,6.695779688575707,16.890562277314764,0.5445717613040484,0.2934682687773148,0.2511034925267336,0.08914352260809677,0.4130634624453703,0.3239199398372735,0.2755724847861485,0.07669924718517783,0.19887323760097064,1.3804003561416345,1.0830707079479234,0.2973296481937111
89,171,MP_tot_PEEP_Jmin,resistance_dominant,severe_mixed,85.59033745402445,88.38753940855582,0.03268128199674308,8.786205357238629,0.13153316454820185,0.3287153207031954,0.2494810921903992,0.12684038839886286,0.24189363517320106,S089,S171,12.0,6.0,6.0,1.4,0.6,0.7999999999999999,15.0,15.0,0.0,62.00399548813399,73.71893596445216,11.71494047631817,2.797201954531374,23.58634196589047,14.668603444103654,8.917738521786815,0.5445717613040484,0.292656583453964,0.2519151778500844,0.08914352260809677,0.41468683309207194,0.32554331048397517,0.2755724847861485,0.1659578210034858,0.10961466378266269,1.3804003561416345,1.1989801297617344,0.18142022637990007
90,91,MP_tot_PEEP_Jmin,mixed,mixed,10.110834769526457,10.110834769526457,0.0,0.0,0.0,0.0,0.0,0.0,0.0,S090,S091,0.0,0.0,0.0,0.6,1.0,0.4,5.0,5.0,0.0,10.110834769526457,10.110834769526457,0.0,0.0,0.0,0.0,0.0,0.3333333333333334,0.3333333333333334,0.0,0.3333333333333334,0.3333333333333334,0.0,0.0,0.0,0.0,1.0,1.0,0.0
90,92,MP_tot_PEEP_Jmin,mixed,mixed,10.110834769526457,10.110834769526457,0.0,0.0,0.0,0.0,0.0,0.0,0.0,S090,S092,0.0,0.0,0.0,0.6,1.4,0.7999999999999999,5.0,5.0,0.0,10.110834769526457,10.110834769526457,0.0,0.0,0.0,0.0,0.0,0.3333333333333334,0.3333333333333334,0.0,0.3333333333333334,0.3333333333333334,0.0,0.0,0.0,0.0,1.0,1.0,0.0
91,92,MP_tot_PEEP_Jmin,mixed,mixed,10.110834769526457,10.110834769526457,0.0,0.0,0.0,0.0,0.0,0.0,0.0,S091,S092,0.0,0.0,0.0,1.0,1.4,0.3999999999999999,5.0,5.0,0.0,10.110834769526457,10.110834769526457,0.0,0.0,0.0,0.0,0.0,0.3333333333333334,0.3333333333333334,0.0,0.3333333333333334,0.3333333333333334,0.0,0.0,0.0,0.0,1.0,1.0,0.0
94,138,MP_tot_PEEP_Jmin,mixed,severe_mixed,16.09283909714548,15.468261401116752,0.03881090789875064,0.3693865379664292,0.25519115806230097,0.08023477910529159,0.04011738955264582,0.020450102029061334,0.04097827053506098,S094,S138,3.0,3.0,0.0,1.0,0.6,0.4,5.0,5.0,0.0,13.437452560543498,12.69867948461064,0.7387730759328583,0.6245776960287266,2.6553865366019855,2.769581916506114,0.11419537990412865,0.3333333333333334,0.2917718137588914,0.04156151957444204,0.3333333333333334,0.41645637248221723,0.0831230391488838,0.16500423079933693,0.1790493349372904,0.014045104137953457,1.197610858504462,1.2180999937719927,0.02048913526753071
95,96,MP_tot_PEEP_Jmin,mixed,mixed,18.071626857233632,18.753439721707288,0.037728361140919806,1.7196517023882256,2.4014645668618773,5.551115123125783e-17,5.551115123125783e-17,0.27424137595938336,0.7887541647955776,S095,S096,3.0,6.0,3.0,1.4,0.6,0.7999999999999999,5.0,5.0,0.0,15.401142206249233,11.961838801472782,3.4393034047764512,0.6818128644736561,2.6704846509844034,6.7916009202345045,4.121116269250101,0.33333333333333337,0.33333333333333326,1.1102230246251565e-16,0.33333333333333337,0.33333333333333326,1.1102230246251565e-16,0.14777223279792728,0.3621522782496888,0.21438004545176154,1.173395233627595,1.567772316025384,0.394377082397789
95,139,MP_tot_PEEP_Jmin,mixed,severe_mixed,18.071626857233632,18.457472245500618,0.021350893935292926,0.01554525685660213,0.40139064512358047,0.08653766783241101,0.04326883391620556,0.029109471218014105,0.054954512491870666,S095,S139,3.0,3.0,0.0,1.4,1.0,0.3999999999999999,5.0,5.0,0.0,15.401142206249233,15.370051692536029,0.03109051371320426,0.38584538826698633,2.6704846509844034,3.0874205529645846,0.41693590198018127,0.33333333333333337,0.2906291624171965,0.042704170916136874,0.33333333333333337,0.41874167516560684,0.08540834183227347,0.14777223279792728,0.16727212220065538,0.019499889402728093,1.173395233627595,1.2008724898735308,0.027477256245935777
96,139,MP_tot_PEEP_Jmin,mixed,severe_mixed,18.753439721707288,18.457472245500618,0.015782036820908354,1.7041064455316235,2.000073921738297,0.08653766783241107,0.04326883391620551,0.24513190474136926,0.7337996523037069,S096,S139,6.0,3.0,3.0,0.6,1.0,0.4,5.0,5.0,0.0,11.961838801472782,15.370051692536029,3.408212891063247,0.29596747620666974,6.7916009202345045,3.0874205529645846,3.70418036726992,0.33333333333333326,0.2906291624171965,0.04270417091613676,0.33333333333333326,0.41874167516560684,0.08540834183227358,0.3621522782496888,0.16727212220065538,0.19488015604903344,1.567772316025384,1.2008724898735308,0.36689982615185324
98,142,MP_tot_PEEP_Jmin,mixed,severe_mixed,28.430898210482862,27.735392177771217,0.02446303411037511,0.7067276354523582,0.011221602740707937,0.0885581852705063,0.04427909263525326,0.039408236642345884,0.12933288640096352,S098,S142,6.0,6.0,0.0,1.4,1.0,0.3999999999999999,5.0,5.0,0.0,20.691449642972024,19.277994372067308,1.4134552709047163,0.6955060327116449,7.7394485675108395,8.457397805703904,0.7179492381930643,0.33333333333333337,0.28933614450207523,0.04399718883125814,0.33333333333333337,0.42132771099584965,0.08799437766251628,0.27221962915885645,0.30493161053919265,0.03271198138033621,1.374040905835691,1.438707349036173,0.06466644320048198
98,144,MP_tot_PEEP_Jmin,mixed,severe_mixed,28.430898210482862,29.32723034213984,0.031526690610375656,2.759814607574828,3.656146739231801,0.07459408322524258,0.03729704161262154,0.22313888104592228,1.1179315624862785,S098,S144,6.0,9.0,3.0,1.4,0.6,0.7999999999999999,5.0,5.0,0.0,20.691449642972024,15.171820427822368,5.519629215149656,0.8963321316569761,7.7394485675108395,14.155409914317463,6.415961346806624,0.33333333333333337,0.2927010094021838,0.04063232393114957,0.33333333333333337,0.41459798119563224,0.08126464786229887,0.27221962915885645,0.48267121542595093,0.21045158626709448,1.374040905835691,1.9330066870788303,0.5589657812431392
100,102,MP_tot_PEEP_Jmin,mixed,mixed,34.05598042881401,34.536278206011644,0.014103184555252597,3.1389226545792406,3.619220431776874,1.1102230246251565e-16,1.1102230246251565e-16,0.16840832991795607,1.610378567696916,S100,S102,9.0,12.0,3.0,1.0,0.6,0.4,5.0,5.0,0.0,20.09068814257768,13.812842833419198,6.277845309158481,0.48029777719763445,13.965292286236334,20.72343537259245,6.758143086356117,0.3333333333333334,0.3333333333333333,1.1102230246251565e-16,0.3333333333333334,0.3333333333333333,1.1102230246251565e-16,0.4100687195139627,0.6000483100401124,0.1899795905261497,1.6951126903732106,2.5003019742216686,0.805189283848458
100,150,MP_tot_PEEP_Jmin,mixed,severe_mixed,34.05598042881401,34.38632703901432,0.00970010570950439,12.878873954720701,1.086418331515631,0.07859369463596227,0.039296847317981165,0.5816294111613362,1.390225380746421,S100,S150,9.0,0.0,9.0,1.0,0.6,0.4,5.0,10.0,5.0,20.09068814257768,34.38632703901432,14.295638896436639,0.33034661020030853,13.965292286236334,0.0,13.965292286236334,0.3333333333333334,0.2940364860153521,0.03929684731798133,0.3333333333333334,0.41192702796929587,0.07859369463596244,0.4100687195139627,0.0,0.4100687195139627,1.6951126903732106,1.0,0.6951126903732106
100,151,MP_tot_PEEP_Jmin,mixed,severe_mixed,34.05598042881401,34.38632703901432,0.00970010570950439,12.878873954720701,1.086418331515631,0.07859369463596227,0.039296847317981165,0.5816294111613362,1.390225380746421,S100,S151,9.0,0.0,9.0,1.0,1.0,0.0,5.0,10.0,5.0,20.09068814257768,34.38632703901432,14.295638896436639,0.33034661020030853,13.965292286236334,0.0,13.965292286236334,0.3333333333333334,0.2940364860153521,0.03929684731798133,0.3333333333333334,0.41192702796929587,0.07859369463596244,0.4100687195139627,0.0,0.4100687195139627,1.6951126903732106,1.0,0.6951126903732106
100,152,MP_tot_PEEP_Jmin,mixed,severe_mixed,34.05598042881401,34.38632703901432,0.00970010570950439,12.878873954720701,1.086418331515631,0.07859369463596227,0.039296847317981165,0.5816294111613362,1.390225380746421,S100,S152,9.0,0.0,9.0,1.0,1.4,0.3999999999999999,5.0,10.0,5.0,20.09068814257768,34.38632703901432,14.295638896436639,0.33034661020030853,13.965292286236334,0.0,13.965292286236334,0.3333333333333334,0.2940364860153521,0.03929684731798133,0.3333333333333334,0.41192702796929587,0.07859369463596244,0.4100687195139627,0.0,0.4100687195139627,1.6951126903732106,1.0,0.6951126903732106
101,109,MP_tot_PEEP_Jmin,mixed,mixed,41.18864882927409,39.633348622237186,0.03776040854079937,10.557408790222555,0.33856533222448704,0.0,0.0,0.384554686523747,0.9875151031767617,S101,S109,9.0,3.0,6.0,1.4,1.0,0.3999999999999999,5.0,10.0,5.0,25.981757079694805,35.32243099510493,9.340673915410125,1.5553002070369075,15.20689174957929,4.310917627132253,10.895974122447036,0.33333333333333337,0.33333333333333337,0.0,0.33333333333333337,0.33333333333333337,0.0,0.36920103430951257,0.10876995704353669,0.26043107726597586,1.5852911218796566,1.1220447603883683,0.4632463614912883
101,110,MP_tot_PEEP_Jmin,mixed,mixed,41.18864882927409,42.409695132861266,0.029645213870655933,12.521098435928254,1.455936355546747,5.551115123125783e-17,5.551115123125783e-17,0.39962424056210333,1.008237723257023,S101,S110,9.0,3.0,6.0,1.4,1.4,0.0,5.0,10.0,5.0,25.981757079694805,38.26796546366348,12.286208383968674,1.2210463035871726,15.20689174957929,4.141729669197789,11.065162080381501,0.33333333333333337,0.3333333333333333,5.551115123125783e-17,0.33333333333333337,0.3333333333333333,5.551115123125783e-17,0.36920103430951257,0.09765997270724446,0.2715410616022681,1.5852911218796566,1.1082296803348608,0.4770614415447958
101,111,MP_tot_PEEP_Jmin,mixed,mixed,41.18864882927409,43.12209543090619,0.046941248537823756,9.081795031151861,3.887988355979875,5.551115123125783e-17,5.551115123125783e-17,0.22722155394952864,0.7169405477409736,S101,S111,9.0,6.0,3.0,1.4,0.6,0.7999999999999999,5.0,10.0,5.0,25.981757079694805,33.1090103564989,7.127253276804094,1.9334466016320988,15.20689174957929,10.013085074407302,5.193806675171988,0.33333333333333337,0.33333333333333337,0.0,0.33333333333333337,0.33333333333333337,0.0,0.36920103430951257,0.23220311940664154,0.13699791490287103,1.5852911218796566,1.30242779734556,0.28286332453409657
101,145,MP_tot_PEEP_Jmin,mixed,severe_mixed,41.18864882927409,39.29586880981653,0.045953923550711415,1.3979100140481098,0.4948700054094495,0.08885384775933292,0.0444269238796664,0.042230975145091554,0.21904731681151768,S101,S145,9.0,9.0,0.0,1.4,1.0,0.3999999999999999,5.0,5.0,0.0,25.981757079694805,23.185937051598586,2.7958200280962195,1.892780019457561,15.20689174957929,16.109931758217957,0.9030400086386674,0.33333333333333337,0.2888851632524661,0.044448170080867266,0.33333333333333337,0.422229673495068,0.08889634016173464,0.36920103430951257,0.4099650229439264,0.04076398863441383,1.5852911218796566,1.6948147802854154,0.10952365840575884
101,147,MP_tot_PEEP_Jmin,mixed,severe_mixed,41.18864882927409,39.180046895050936,0.04876590981531737,4.786683090133291,2.778081155910119,0.07201297139352675,0.03600648569676329,0.1958480922146144,1.6050288609732308,S101,S147,9.0,12.0,3.0,1.4,0.6,0.7999999999999999,5.0,5.0,0.0,25.981757079694805,16.408390899428223,9.573366180266582,2.008601934223158,15.20689174957929,22.7716559956227,7.564764246043412,0.33333333333333337,0.29382539449669154,0.03950793883664183,0.33333333333333337,0.4123492110066167,0.07901587767328333,0.36920103430951257,0.5812054298102212,0.2120043955007086,1.5852911218796566,2.387805552366273,0.8025144304866163
101,153,MP_tot_PEEP_Jmin,mixed,severe_mixed,41.18864882927409,40.80590255196884,0.009292518404566397,11.169909957768022,0.5277380137344352,0.08040062896677691,0.0402003144833884,0.38038588689484604,0.9816513317571571,S101,S153,9.0,3.0,6.0,1.4,0.6,0.7999999999999999,5.0,10.0,5.0,25.981757079694805,36.241182746423135,10.25942566672833,0.3827462773052517,15.20689174957929,4.564719805545712,10.642171944033578,0.33333333333333337,0.2927253856031375,0.04060794773019588,0.33333333333333337,0.41454922879372513,0.08121589546039176,0.36920103430951257,0.11186420395265756,0.257336830356855,1.5852911218796566,1.1259539413347714,0.45933718054488515
102,108,MP_tot_PEEP_Jmin,mixed,mixed,34.536278206011644,35.83477067822741,0.03759792715561741,14.240750138316514,2.3686718885877056,1.1102230246251565e-16,1.1102230246251565e-16,0.5871786605627686,2.806061934397471,S102,S108,12.0,3.0,9.0,0.6,0.6,0.0,5.0,10.0,5.0,13.812842833419198,31.720757332539172,17.907914499119975,1.298492472215763,20.72343537259245,4.114013345688228,16.609422026904223,0.3333333333333333,0.3333333333333332,1.1102230246251565e-16,0.3333333333333333,0.3333333333333332,1.1102230246251565e-16,0.6000483100401124,0.11480506970811542,0.48524324033199695,2.5003019742216686,1.1296946760305775,1.370607298191091
102,150,MP_tot_PEEP_Jmin,mixed,severe_mixed,34.536278206011644,34.38632703901432,0.004341845004341675,16.017796609299943,4.705638763292505,0.07859369463596216,0.039296847317981276,0.7500377410792922,3.000603948443337,S102,S150,12.0,0.0,12.0,0.6,0.6,0.0,5.0,10.0,5.0,13.812842833419198,34.38632703901432,20.573484205595122,0.1499511669973259,20.72343537259245,0.0,20.72343537259245,0.3333333333333333,0.2940364860153521,0.03929684731798122,0.3333333333333333,0.41192702796929587,0.07859369463596255,0.6000483100401124,0.0,0.6000483100401124,2.5003019742216686,1.0,1.5003019742216686
102,151,MP_tot_PEEP_Jmin,mixed,severe_mixed,34.536278206011644,34.38632703901432,0.004341845004341675,16.017796609299943,4.705638763292505,0.07859369463596216,0.039296847317981276,0.7500377410792922,3.000603948443337,S102,S151,12.0,0.0,12.0,0.6,1.0,0.4,5.0,10.0,5.0,13.812842833419198,34.38632703901432,20.573484205595122,0.1499511669973259,20.72343537259245,0.0,20.72343537259245,0.3333333333333333,0.2940364860153521,0.03929684731798122,0.3333333333333333,0.41192702796929587,0.07859369463596255,0.6000483100401124,0.0,0.6000483100401124,2.5003019742216686,1.0,1.5003019742216686
102,152,MP_tot_PEEP_Jmin,mixed,severe_mixed,34.536278206011644,34.38632703901432,0.004341845004341675,16.017796609299943,4.705638763292505,0.07859369463596216,0.039296847317981276,0.7500377410792922,3.000603948443337,S102,S152,12.0,0.0,12.0,0.6,1.4,0.7999999999999999,5.0,10.0,5.0,13.812842833419198,34.38632703901432,20.573484205595122,0.1499511669973259,20.72343537259245,0.0,20.72343537259245,0.3333333333333333,0.2940364860153521,0.03929684731798122,0.3333333333333333,0.41192702796929587,0.07859369463596255,0.6000483100401124,0.0,0.6000483100401124,2.5003019742216686,1.0,1.5003019742216686
103,146,MP_tot_PEEP_Jmin,mixed,severe_mixed,46.03711743286338,46.80700111405894,0.0167231078774272,2.895444617708545,2.125560936512983,0.08291453670631005,0.04145726835315516,0.11242541424162888,0.7268289960469221,S103,S146,12.0,9.0,3.0,1.0,1.4,0.3999999999999999,5.0,5.0,0.0,23.417305933594722,29.208195169011812,5.79088923541709,0.7698836811955587,22.619811499268657,17.59880594504712,5.021005554221539,0.33333333333333326,0.2933225646373279,0.04001076869600534,0.33333333333333326,0.4133548707253441,0.08002153739201084,0.4913385711487142,0.37598661580908554,0.11535195533962866,1.965944227889086,1.6025297298656245,0.3634144980234615
103,154,MP_tot_PEEP_Jmin,mixed,severe_mixed,46.03711743286338,45.28180381435302,0.0164066227563411,15.123507738743443,2.4627410044834015,0.08382085972326281,0.041910429861631515,0.5009612384213555,1.7442940681594956,S103,S154,12.0,3.0,9.0,1.0,1.0,0.0,5.0,10.0,5.0,23.417305933594722,40.24824105831121,16.830935124716486,0.7553136185103639,22.619811499268657,5.033562756041808,17.58624874322685,0.33333333333333326,0.2917533113648811,0.041580021968452174,0.33333333333333326,0.4164933772702379,0.08316004393690463,0.4913385711487142,0.11116082691136775,0.38017774423734646,1.965944227889086,1.1250629250791166,0.8408813028099693
103,155,MP_tot_PEEP_Jmin,mixed,severe_mixed,46.03711743286338,48.17751600342125,0.04649288856278297,17.13092711121451,0.5707385016507089,0.08104849486935217,0.040524247434676086,0.5132334138898808,1.7613538684818333,S103,S155,12.0,3.0,9.0,1.0,1.4,0.3999999999999999,5.0,10.0,5.0,23.417305933594722,43.25937011701781,19.842064183423087,2.1403985705578705,22.619811499268657,4.9181458864034395,17.701665612865217,0.33333333333333326,0.2934266067865185,0.039906726546814764,0.33333333333333326,0.4131467864269628,0.07981345309362953,0.4913385711487142,0.10208384106092529,0.38925473008778894,1.965944227889086,1.1136897248642252,0.8522545030248607
104,113,MP_tot_PEEP_Jmin,mixed,mixed,56.34487871360726,56.88536522268531,0.009592469119070501,15.166252154289698,0.7753765610375751,1.1102230246251565e-16,1.1102230246251565e-16,0.35841178705440424,1.256737447189137,S104,S113,12.0,6.0,6.0,1.4,1.4,0.0,5.0,10.0,5.0,31.272064516417537,46.2034266187477,14.931362102330162,0.5404865090780504,25.07281419718972,10.681938603937613,14.390875593252108,0.33333333333333337,0.33333333333333326,1.1102230246251565e-16,0.33333333333333337,0.33333333333333326,1.1102230246251565e-16,0.4449883426785095,0.1877800830164621,0.2572082596620474,1.8017639572221633,1.2311936448367935,0.5705703123853698
104,157,MP_tot_PEEP_Jmin,mixed,severe_mixed,56.34487871360726,58.45983728946642,0.037535950456281685,15.104071126863289,2.380939141531897,0.08653766783241112,0.04326883391620545,0.32930231583639014,1.2017829346972664,S104,S157,12.0,6.0,6.0,1.4,1.0,0.3999999999999999,5.0,10.0,5.0,31.272064516417537,46.11015507760809,14.838090561190555,2.1149585758591627,25.07281419718972,12.349682211858338,12.723131985331383,0.33333333333333337,0.2904210605071022,0.04291227282623117,0.33333333333333337,0.4191578789857956,0.08582454565246223,0.4449883426785095,0.211250711333806,0.23373763134470352,1.8017639572221633,1.2678299864980405,0.5339339707241229
105,106,MP_tot_PEEP_Jmin,mixed,mixed,30.332504308579374,30.332504308579374,0.0,0.0,0.0,0.0,0.0,0.0,0.0,S105,S106,0.0,0.0,0.0,0.6,1.0,0.4,10.0,10.0,0.0,30.332504308579374,30.332504308579374,0.0,0.0,0.0,0.0,0.0,0.3333333333333333,0.3333333333333333,0.0,0.3333333333333333,0.3333333333333333,0.0,0.0,0.0,0.0,1.0,1.0,0.0
105,107,MP_tot_PEEP_Jmin,mixed,mixed,30.332504308579374,30.332504308579374,0.0,0.0,0.0,0.0,0.0,0.0,0.0,S105,S107,0.0,0.0,0.0,0.6,1.4,0.7999999999999999,10.0,10.0,0.0,30.332504308579374,30.332504308579374,0.0,0.0,0.0,0.0,0.0,0.3333333333333333,0.3333333333333333,0.0,0.3333333333333333,0.3333333333333333,0.0,0.0,0.0,0.0,1.0,1.0,0.0
105,144,MP_tot_PEEP_Jmin,mixed,severe_mixed,30.332504308579374,29.32723034213984,0.03314180577418395,12.63575932514173,1.5196505891757361,0.07459408322524258,0.03729704161262154,0.6510832751107077,1.86601337415766,S105,S144,0.0,9.0,9.0,0.6,0.6,0.0,10.0,5.0,5.0,30.332504308579374,15.171820427822368,15.160683880757006,1.0052739664395354,0.0,14.155409914317463,14.155409914317463,0.3333333333333333,0.2927010094021838,0.04063232393114952,0.3333333333333333,0.41459798119563224,0.08126464786229892,0.0,0.48267121542595093,0.48267121542595093,1.0,1.9330066870788303,0.9330066870788303
106,107,MP_tot_PEEP_Jmin,mixed,mixed,30.332504308579374,30.332504308579374,0.0,0.0,0.0,0.0,0.0,0.0,0.0,S106,S107,0.0,0.0,0.0,1.0,1.4,0.3999999999999999,10.0,10.0,0.0,30.332504308579374,30.332504308579374,0.0,0.0,0.0,0.0,0.0,0.3333333333333333,0.3333333333333333,0.0,0.3333333333333333,0.3333333333333333,0.0,0.0,0.0,0.0,1.0,1.0,0.0
106,144,MP_tot_PEEP_Jmin,mixed,severe_mixed,30.332504308579374,29.32723034213984,0.03314180577418395,12.63575932514173,1.5196505891757361,0.07459408322524258,0.03729704161262154,0.6510832751107077,1.86601337415766,S106,S144,0.0,9.0,9.0,1.0,0.6,0.4,10.0,5.0,5.0,30.332504308579374,15.171820427822368,15.160683880757006,1.0052739664395354,0.0,14.155409914317463,14.155409914317463,0.3333333333333333,0.2927010094021838,0.04063232393114952,0.3333333333333333,0.41459798119563224,0.08126464786229892,0.0,0.48267121542595093,0.48267121542595093,1.0,1.9330066870788303,0.9330066870788303
107,144,MP_tot_PEEP_Jmin,mixed,severe_mixed,30.332504308579374,29.32723034213984,0.03314180577418395,12.63575932514173,1.5196505891757361,0.07459408322524258,0.03729704161262154,0.6510832751107077,1.86601337415766,S107,S144,0.0,9.0,9.0,1.4,0.6,0.7999999999999999,10.0,5.0,5.0,30.332504308579374,15.171820427822368,15.160683880757006,1.0052739664395354,0.0,14.155409914317463,14.155409914317463,0.3333333333333333,0.2927010094021838,0.04063232393114952,0.3333333333333333,0.41459798119563224,0.08126464786229892,0.0,0.48267121542595093,0.48267121542595093,1.0,1.9330066870788303,0.9330066870788303
108,150,MP_tot_PEEP_Jmin,mixed,severe_mixed,35.83477067822741,34.38632703901432,0.04042006162727137,1.7770464709834286,2.3369668747047996,0.07859369463596227,0.039296847317981165,0.16285908051652365,0.19454201404586602,S108,S150,3.0,0.0,3.0,0.6,0.6,0.0,10.0,10.0,0.0,31.720757332539172,34.38632703901432,2.6655697064751465,1.4484436392130888,4.114013345688228,0.0,4.114013345688228,0.3333333333333332,0.2940364860153521,0.03929684731798111,0.3333333333333332,0.41192702796929587,0.07859369463596266,0.11480506970811542,0.0,0.11480506970811542,1.1296946760305775,1.0,0.1296946760305775
108,151,MP_tot_PEEP_Jmin,mixed,severe_mixed,35.83477067822741,34.38632703901432,0.04042006162727137,1.7770464709834286,2.3369668747047996,0.07859369463596227,0.039296847317981165,0.16285908051652365,0.19454201404586602,S108,S151,3.0,0.0,3.0,0.6,1.0,0.4,10.0,10.0,0.0,31.720757332539172,34.38632703901432,2.6655697064751465,1.4484436392130888,4.114013345688228,0.0,4.114013345688228,0.3333333333333332,0.2940364860153521,0.03929684731798111,0.3333333333333332,0.41192702796929587,0.07859369463596266,0.11480506970811542,0.0,0.11480506970811542,1.1296946760305775,1.0,0.1296946760305775
108,152,MP_tot_PEEP_Jmin,mixed,severe_mixed,35.83477067822741,34.38632703901432,0.04042006162727137,1.7770464709834286,2.3369668747047996,0.07859369463596227,0.039296847317981165,0.16285908051652365,0.19454201404586602,S108,S152,3.0,0.0,3.0,0.6,1.4,0.7999999999999999,10.0,10.0,0.0,31.720757332539172,34.38632703901432,2.6655697064751465,1.4484436392130888,4.114013345688228,0.0,4.114013345688228,0.3333333333333332,0.2940364860153521,0.03929684731798111,0.3333333333333332,0.41192702796929587,0.07859369463596266,0.11480506970811542,0.0,0.11480506970811542,1.1296946760305775,1.0,0.1296946760305775
109,145,MP_tot_PEEP_Jmin,mixed,severe_mixed,39.633348622237186,39.29586880981653,0.00851504665016629,11.955318804270664,0.15630467318496244,0.08885384775933292,0.0444269238796664,0.4267856616688386,1.2065624199882794,S109,S145,3.0,9.0,6.0,1.0,1.0,0.0,10.0,5.0,5.0,35.32243099510493,23.185937051598586,12.136493943506345,0.3374798124206535,4.310917627132253,16.109931758217957,11.799014131085706,0.33333333333333337,0.2888851632524661,0.044448170080867266,0.33333333333333337,0.422229673495068,0.08889634016173464,0.10876995704353669,0.4099650229439264,0.3011950659003897,1.1220447603883683,1.6948147802854154,0.5727700198970471
109,147,MP_tot_PEEP_Jmin,mixed,severe_mixed,39.633348622237186,39.180046895050936,0.01143738147151955,15.344091880355846,3.116646488134606,0.07201297139352675,0.03600648569676329,0.5804027787383614,2.5925439641499928,S109,S147,3.0,12.0,9.0,1.0,0.6,0.4,10.0,5.0,5.0,35.32243099510493,16.408390899428223,18.914040095676707,0.4533017271862505,4.310917627132253,22.7716559956227,18.46073836849045,0.33333333333333337,0.29382539449669154,0.03950793883664183,0.33333333333333337,0.4123492110066167,0.07901587767328333,0.10876995704353669,0.5812054298102212,0.47243547276668446,1.1220447603883683,2.387805552366273,1.2657607919779046
109,153,MP_tot_PEEP_Jmin,mixed,severe_mixed,39.633348622237186,40.80590255196884,0.029585033071713954,0.6125011675454672,0.8663033459589222,0.08040062896677691,0.0402003144833884,0.004168799628901015,0.005863771419604591,S109,S153,3.0,3.0,0.0,1.0,0.6,0.4,10.0,10.0,0.0,35.32243099510493,36.241182746423135,0.9187517513182044,1.1725539297316558,4.310917627132253,4.564719805545712,0.2538021784134594,0.33333333333333337,0.2927253856031375,0.04060794773019588,0.33333333333333337,0.41454922879372513,0.08121589546039176,0.10876995704353669,0.11186420395265756,0.0030942469091208707,1.1220447603883683,1.1259539413347714,0.003909180946403135
110,111,MP_tot_PEEP_Jmin,mixed,mixed,42.409695132861266,43.12209543090619,0.016798052799321374,3.4393034047763926,2.432052000433128,1.1102230246251565e-16,1.1102230246251565e-16,0.17240268661257466,0.2912971755160494,S110,S111,3.0,6.0,3.0,1.4,0.6,0.7999999999999999,10.0,10.0,0.0,38.26796546366348,33.1090103564989,5.15895510716458,0.7124002980449262,4.141729669197789,10.013085074407302,5.8713554052095125,0.3333333333333333,0.33333333333333337,5.551115123125783e-17,0.3333333333333333,0.33333333333333337,5.551115123125783e-17,0.09765997270724446,0.23220311940664154,0.1345431466993971,1.1082296803348608,1.30242779734556,0.19419811701069922
110,153,MP_tot_PEEP_Jmin,mixed,severe_mixed,42.409695132861266,40.80590255196884,0.037816649609671946,1.351188478160232,0.9281983418123119,0.08040062896677685,0.040200314483388455,0.019238353667257263,0.026586391499865858,S110,S153,3.0,3.0,0.0,1.4,0.6,0.7999999999999999,10.0,10.0,0.0,38.26796546366348,36.241182746423135,2.0267827172403443,1.6037925808924243,4.141729669197789,4.564719805545712,0.4229901363479227,0.3333333333333333,0.2927253856031375,0.040607947730195826,0.3333333333333333,0.41454922879372513,0.08121589546039182,0.09765997270724446,0.11186420395265756,0.014204231245413104,1.1082296803348608,1.1259539413347714,0.017724260999910646
112,114,MP_tot_PEEP_Jmin,mixed,mixed,50.93390382803844,52.194478566615956,0.024749226818219807,3.876729534114535,3.198939505634769,1.1102230246251565e-16,1.1102230246251565e-16,0.15160222345034408,0.3742834604444558,S112,S114,6.0,9.0,3.0,1.0,0.6,0.4,10.0,10.0,0.0,40.312357681630495,34.497263380458705,5.81509430117179,1.2605747385775175,10.621546146407942,17.697215186157244,7.075669039749302,0.33333333333333326,0.3333333333333332,5.551115123125783e-17,0.33333333333333326,0.3333333333333332,5.551115123125783e-17,0.20853587390960834,0.33906297509170896,0.13052710118210062,1.2634811446726164,1.513003451635587,0.24952230696297062
112,148,MP_tot_PEEP_Jmin,mixed,severe_mixed,50.93390382803844,53.13890214163661,0.04329136680829779,13.327965255522063,2.095511008576736,0.08862906353405259,0.04431453176702621,0.3745680719410062,1.5273543532304343,S112,S148,6.0,12.0,6.0,1.0,1.0,0.0,10.0,5.0,5.0,40.312357681630495,27.093879731129867,13.218477950500628,2.2049983135981748,10.621546146407942,26.04502241050674,15.423476264098797,0.33333333333333326,0.2887847733483835,0.044548559984949776,0.33333333333333326,0.4224304533032329,0.08909711996989966,0.20853587390960834,0.4901309842850394,0.28159511037543106,1.2634811446726164,1.96128803511968,0.6978068904470636
112,156,MP_tot_PEEP_Jmin,mixed,severe_mixed,50.93390382803844,49.17436611985637,0.034545510474173854,1.4775461518657167,1.0207646322492039,0.08023477910529159,0.04011738955264582,0.020450102029061334,0.04097827053506098,S112,S156,6.0,6.0,0.0,1.0,0.6,0.4,10.0,10.0,0.0,40.312357681630495,38.096038453831916,2.2163192277985786,1.7595377081820658,10.621546146407942,11.078327666024457,0.4567815196165146,0.33333333333333326,0.29230741429929485,0.041025919034038405,0.33333333333333326,0.41538517140141024,0.08205183806807698,0.20853587390960834,0.2252866389578346,0.016750765048226257,1.2634811446726164,1.2907999916959905,0.02731884702337406
113,157,MP_tot_PEEP_Jmin,mixed,severe_mixed,56.88536522268531,58.45983728946642,0.027677981157677944,0.06218102742640852,1.6055625804943219,0.08653766783241101,0.04326883391620556,0.029109471218014105,0.054954512491870666,S113,S157,6.0,6.0,0.0,1.4,1.0,0.3999999999999999,10.0,10.0,0.0,46.2034266187477,46.11015507760809,0.09327154113960745,1.5744720667811123,10.681938603937613,12.349682211858338,1.667743607920725,0.33333333333333326,0.2904210605071022,0.04291227282623106,0.33333333333333326,0.4191578789857956,0.08582454565246234,0.1877800830164621,0.211250711333806,0.023470628317343895,1.2311936448367935,1.2678299864980405,0.03663634166124696
113,159,MP_tot_PEEP_Jmin,mixed,severe_mixed,56.88536522268531,59.491717742677004,0.04581762830894699,4.168354971671302,4.690530005827334,0.0791105079506948,0.039555253975347315,0.16569881015186189,0.3868911182896788,S113,S159,6.0,9.0,3.0,1.4,0.6,0.7999999999999999,10.0,10.0,0.0,46.2034266187477,39.95089416124075,6.252532457506952,2.6063525199916953,10.681938603937613,19.540823581436257,8.858884977498644,0.33333333333333326,0.29244675027637607,0.04088658305695719,0.33333333333333326,0.41510649944724787,0.08177316611391461,0.1877800830164621,0.3284629243007795,0.1406828412843174,1.2311936448367935,1.4891210570299132,0.25792741219311965
114,148,MP_tot_PEEP_Jmin,mixed,severe_mixed,52.194478566615956,53.13890214163661,0.018094319570896505,9.451235721407528,1.103428497058033,0.08862906353405248,0.04431453176702632,0.22296584849066214,1.1530708927859785,S114,S148,9.0,12.0,3.0,0.6,1.0,0.4,10.0,5.0,5.0,34.497263380458705,27.093879731129867,7.403383649328838,0.9444235750206573,17.697215186157244,26.04502241050674,8.347807224349495,0.3333333333333332,0.2887847733483835,0.04454855998494972,0.3333333333333332,0.4224304533032329,0.08909711996989972,0.33906297509170896,0.4901309842850394,0.1510680091933304,1.513003451635587,1.96128803511968,0.44828458348409295
115,117,MP_tot_PEEP_Jmin,mixed,mixed,64.23416992598334,63.051920085356365,0.018405310475550204,6.277845309158568,1.9566728139523164,0.0,0.0,0.14641943616152314,0.5086926149215378,S115,S117,9.0,12.0,3.0,1.0,0.6,0.4,10.0,10.0,0.0,45.3022843681562,35.88551640441835,9.416767963737854,1.182249840626973,18.931885557827137,27.166403680938018,8.234518123110881,0.3333333333333333,0.3333333333333333,0.0,0.3333333333333333,0.3333333333333333,0.0,0.29473231427513175,0.4308576748203952,0.13612536054526347,1.41790134475282,1.7570297547005118,0.3391284099476919
115,149,MP_tot_PEEP_Jmin,mixed,severe_mixed,64.23416992598334,64.040144942646,0.0030205883186614963,12.639744301597059,2.65504213779235,0.0827556320935906,0.0413778160467953,0.23683560964582223,1.0197117144242058,S115,S149,9.0,12.0,3.0,1.0,1.4,0.3999999999999999,10.0,5.0,5.0,45.3022843681562,35.123557221014146,10.178727147142055,0.19402498333734286,18.931885557827137,28.916587721631853,9.984702163804716,0.3333333333333333,0.29327894642789787,0.040054386905435446,0.3333333333333333,0.4134421071442042,0.08010877381087089,0.29473231427513175,0.4515384490077184,0.15680613473258664,1.41790134475282,1.823281865776718,0.4053805210238981
115,158,MP_tot_PEEP_Jmin,mixed,severe_mixed,64.23416992598334,64.69446153194616,0.007165837224847992,4.55341921791014,1.8164180029922434,0.08218002868093627,0.04109001434046805,0.1198288891885696,0.26540562801048084,S115,S158,9.0,6.0,3.0,1.0,1.4,0.3999999999999999,10.0,10.0,0.0,45.3022843681562,52.13241319502141,6.830128826865206,0.4602916059628228,18.931885557827137,12.56204833692476,6.369837220902376,0.3333333333333333,0.29309755361667894,0.040235779716654374,0.3333333333333333,0.41380489276664206,0.08047155943330875,0.29473231427513175,0.1941750196146484,0.10055729466048335,1.41790134475282,1.2409642594124997,0.17693708534032027
116,124,MP_tot_PEEP_Jmin,mixed,mixed,73.75951457805132,73.28469291685524,0.006437429312168786,14.39609130017331,0.7419132136163569,5.551115123125783e-17,5.551115123125783e-17,0.24648705208825766,0.4254452431764717,S116,S124,9.0,3.0,6.0,1.4,1.0,0.3999999999999999,10.0,15.0,5.0,54.13888777383187,67.31824419919273,13.179356425360865,0.4748216611960885,19.62062680421946,5.966448717662513,13.654178086556946,0.33333333333333337,0.3333333333333333,5.551115123125783e-17,0.33333333333333337,0.3333333333333333,5.551115123125783e-17,0.2660080793164274,0.08141466492097765,0.18459341439544974,1.3624128165725473,1.0886304862617622,0.27378233031078514
116,125,MP_tot_PEEP_Jmin,mixed,mixed,73.75951457805132,76.85859817801543,0.04201605199942978,17.34162576873193,3.3339736519236496,5.551115123125783e-17,5.551115123125783e-17,0.25711271212549996,0.43857464972265814,S116,S125,9.0,3.0,6.0,1.4,1.4,0.0,10.0,15.0,5.0,54.13888777383187,71.24562349060422,17.10673571677235,3.0990835999641035,19.62062680421946,5.6129746874111826,14.007652116808277,0.33333333333333337,0.33333333333333326,1.1102230246251565e-16,0.33333333333333337,0.33333333333333326,1.1102230246251565e-16,0.2660080793164274,0.07302988631682737,0.1929781929996,1.3624128165725473,1.0787834313521227,0.2836293852204246
116,160,MP_tot_PEEP_Jmin,mixed,severe_mixed,73.75951457805132,73.92042746435463,0.0021815881954189375,1.4445457846178869,0.8831857786122583,0.08790895272132732,0.04395447636066363,0.03563297742152122,0.08984675260281039,S116,S160,9.0,9.0,0.0,1.4,1.0,0.3999999999999999,10.0,10.0,0.0,54.13888777383187,51.97206909690503,2.1668186769268374,0.1609128863033078,19.62062680421946,21.948358367449615,2.327731563230156,0.33333333333333337,0.2896545746526239,0.04367875868070947,0.33333333333333337,0.4206908506947524,0.08735751736141906,0.2660080793164274,0.2969187154394283,0.030910636123000934,1.3624128165725473,1.4223106516410877,0.059897835068540406
116,162,MP_tot_PEEP_Jmin,mixed,severe_mixed,73.75951457805132,71.75795742043057,0.027136257187575865,8.222091936788242,2.109488810773371,0.07762378571310408,0.03881189285655201,0.16582893830362538,0.5310729279869706,S116,S162,9.0,12.0,3.0,1.4,0.6,0.7999999999999999,10.0,10.0,0.0,54.13888777383187,41.80574986864949,12.333137905182376,2.001557157620752,19.62062680421946,29.952207551781072,10.331580747561613,0.33333333333333337,0.2928916520293099,0.04044168130402348,0.33333333333333337,0.41421669594138033,0.08088336260804696,0.2660080793164274,0.4174060777161033,0.15139799839967588,1.3624128165725473,1.716461435230528,0.35404861865798076
117,120,MP_tot_PEEP_Jmin,mixed,mixed,63.051920085356365,60.66500861715883,0.037856285184753403,21.57507885992356,5.59132482101446,0.0,0.0,0.5317353779491379,1.135544632050768,S117,S120,12.0,0.0,12.0,0.6,0.6,0.0,10.0,15.0,5.0,35.88551640441835,60.66500861715883,24.779492212740486,2.386911468197532,27.166403680938018,0.0,27.166403680938018,0.3333333333333333,0.3333333333333333,0.0,0.3333333333333333,0.3333333333333333,0.0,0.4308576748203952,0.0,0.4308576748203952,1.7570297547005118,1.0,0.7570297547005118
117,121,MP_tot_PEEP_Jmin,mixed,mixed,63.051920085356365,60.66500861715883,0.037856285184753403,21.57507885992356,5.59132482101446,0.0,0.0,0.5317353779491379,1.135544632050768,S117,S121,12.0,0.0,12.0,0.6,1.0,0.4,10.0,15.0,5.0,35.88551640441835,60.66500861715883,24.779492212740486,2.386911468197532,27.166403680938018,0.0,27.166403680938018,0.3333333333333333,0.3333333333333333,0.0,0.3333333333333333,0.3333333333333333,0.0,0.4308576748203952,0.0,0.4308576748203952,1.7570297547005118,1.0,0.7570297547005118
117,122,MP_tot_PEEP_Jmin,mixed,mixed,63.051920085356365,60.66500861715883,0.037856285184753403,21.57507885992356,5.59132482101446,0.0,0.0,0.5317353779491379,1.135544632050768,S117,S122,12.0,0.0,12.0,0.6,1.4,0.7999999999999999,10.0,15.0,5.0,35.88551640441835,60.66500861715883,24.779492212740486,2.386911468197532,27.166403680938018,0.0,27.166403680938018,0.3333333333333333,0.3333333333333333,0.0,0.3333333333333333,0.3333333333333333,0.0,0.4308576748203952,0.0,0.4308576748203952,1.7570297547005118,1.0,0.7570297547005118
117,149,MP_tot_PEEP_Jmin,mixed,severe_mixed,63.051920085356365,64.040144942646,0.015673192124075263,6.3618989924384906,4.611714951744666,0.0827556320935906,0.0413778160467953,0.09041617348429909,0.511019099502668,S117,S149,12.0,12.0,0.0,0.6,1.4,0.7999999999999999,10.0,5.0,5.0,35.88551640441835,35.123557221014146,0.7619591834042012,0.9882248572896302,27.166403680938018,28.916587721631853,1.750184040693835,0.3333333333333333,0.29327894642789787,0.040054386905435446,0.3333333333333333,0.4134421071442042,0.08010877381087089,0.4308576748203952,0.4515384490077184,0.02068077418732317,1.7570297547005118,1.823281865776718,0.06625211107620621
117,158,MP_tot_PEEP_Jmin,mixed,severe_mixed,63.051920085356365,64.69446153194616,0.02605061740175731,10.831264527068708,3.77309081694456,0.08218002868093627,0.04109001434046805,0.26624832535009274,0.7740982429320187,S117,S158,12.0,6.0,6.0,0.6,1.4,0.7999999999999999,10.0,10.0,0.0,35.88551640441835,52.13241319502141,16.24689679060306,1.6425414465897958,27.166403680938018,12.56204833692476,14.604355344013257,0.3333333333333333,0.29309755361667894,0.040235779716654374,0.3333333333333333,0.41380489276664206,0.08047155943330875,0.4308576748203952,0.1941750196146484,0.23668265520574683,1.7570297547005118,1.2409642594124997,0.5160654952880122
118,125,MP_tot_PEEP_Jmin,mixed,mixed,79.53414691607149,76.85859817801543,0.033640251914431686,19.906076914831992,3.7228842591465394,0.0,0.0,0.370798767689026,0.7671163991426027,S118,S125,12.0,3.0,9.0,1.0,1.4,0.3999999999999999,10.0,15.0,5.0,50.29221105468176,71.24562349060422,20.95341243592246,2.675548738056065,29.241935861389717,5.6129746874111826,23.628961173978535,0.33333333333333326,0.33333333333333326,0.0,0.33333333333333326,0.33333333333333326,0.0,0.36766517269931,0.07302988631682737,0.2946352863824826,1.5814406495191777,1.0787834313521227,0.502657218167055
118,126,MP_tot_PEEP_Jmin,mixed,mixed,79.53414691607149,77.60158590963164,0.024298506759356985,14.747121807667469,1.260244825142145,0.0,0.0,0.25069604635292675,0.5980129212128211,S118,S126,12.0,6.0,6.0,1.0,0.6,0.4,10.0,15.0,5.0,50.29221105468176,64.36701668105152,14.074805626369766,1.9325610064398546,29.241935861389717,13.234569228580112,16.007366632809607,0.33333333333333326,0.33333333333333337,1.1102230246251565e-16,0.33333333333333326,0.33333333333333337,1.1102230246251565e-16,0.36766517269931,0.17054508710675054,0.19712008559255945,1.5814406495191777,1.2056110397994588,0.3758296097197189
118,168,MP_tot_PEEP_Jmin,mixed,severe_mixed,79.53414691607149,77.6056527158257,0.024247373927086185,19.906205562809134,2.9758726039952776,0.08007954589996746,0.04003977294998379,0.3594954525698174,0.7531390690993938,S118,S168,12.0,3.0,9.0,1.0,0.6,0.4,10.0,15.0,5.0,50.29221105468176,71.24579502124041,20.953583966558654,1.9284942002457939,29.241935861389717,6.359857694585306,22.882078166804412,0.33333333333333326,0.29310909572425903,0.04022423760907423,0.33333333333333326,0.41378180855148194,0.08044847521814869,0.36766517269931,0.08195095939562112,0.28571421330368885,1.5814406495191777,1.089266428884529,0.49217422063464866
119,128,MP_tot_PEEP_Jmin,mixed,mixed,93.03214319895945,95.4506670044142,0.02599664720485344,19.986779487093308,2.6534138574143498,5.551115123125783e-17,5.551115123125783e-17,0.2462710718494769,0.5260759463522648,S119,S128,12.0,6.0,6.0,1.4,1.4,0.0,10.0,15.0,5.0,62.07434892891607,81.8262383640498,19.751889435133727,2.418523805454754,30.957794270043358,13.624428640364396,17.333365629678962,0.3333333333333333,0.33333333333333337,5.551115123125783e-17,0.3333333333333333,0.33333333333333337,5.551115123125783e-17,0.3327644962863719,0.14273790920428375,0.19002658708208814,1.4987212077809215,1.1665043989893378,0.3322168087915838
119,129,MP_tot_PEEP_Jmin,mixed,mixed,93.03214319895945,88.74746213041423,0.046055921332285664,8.2806162488043,0.14773660382263643,0.0,0.0,0.11587182675957725,0.2944401156530416,S119,S129,12.0,9.0,3.0,1.4,0.6,0.7999999999999999,10.0,15.0,5.0,62.07434892891607,66.2180207129978,4.143671784081725,4.284681068545211,30.957794270043358,22.529441417416436,8.428352852626922,0.3333333333333333,0.33333333333333337,5.551115123125783e-17,0.3333333333333333,0.33333333333333337,5.551115123125783e-17,0.3327644962863719,0.2538601203526188,0.0789043759337531,1.4987212077809215,1.3402312720137555,0.15848993576716608
119,163,MP_tot_PEEP_Jmin,mixed,severe_mixed,93.03214319895945,91.66357433901754,0.014710709792152887,2.8269105418094327,0.044886410962831746,0.0885581852705063,0.04427909263525326,0.039408236642345884,0.12933288640096352,S119,S163,12.0,12.0,0.0,1.4,1.0,0.3999999999999999,10.0,10.0,0.0,62.07434892891607,57.83398311620192,4.240365812714153,1.3685688599419024,30.957794270043358,33.829591222815615,2.8717969527722573,0.3333333333333333,0.2892248365452657,0.04410849678806761,0.3333333333333333,0.4215503269094688,0.0882169935761355,0.3327644962863719,0.3690625362010971,0.03629803991472519,1.4987212077809215,1.5849431320482301,0.08622192426730857
119,171,MP_tot_PEEP_Jmin,mixed,severe_mixed,93.03214319895945,88.38753940855582,0.0499247209695108,13.906302687395069,2.3828881385446294,0.08050541920866361,0.040252709604331915,0.21826652671924562,0.4827749719890697,S119,S171,12.0,6.0,6.0,1.4,0.6,0.7999999999999999,10.0,15.0,5.0,62.07434892891607,73.71893596445216,11.644587035536084,4.644603790403622,30.957794270043358,14.668603444103654,16.289190825939706,0.3333333333333333,0.292656583453964,0.04067674987936931,0.3333333333333333,0.41468683309207194,0.08135349975873862,0.3327644962863719,0.1659578210034858,0.1668066752828861,1.4987212077809215,1.1989801297617344,0.29974107801918715
120,121,MP_tot_PEEP_Jmin,mixed,mixed,60.66500861715883,60.66500861715883,0.0,0.0,0.0,0.0,0.0,0.0,0.0,S120,S121,0.0,0.0,0.0,0.6,1.0,0.4,15.0,15.0,0.0,60.66500861715883,60.66500861715883,0.0,0.0,0.0,0.0,0.0,0.3333333333333333,0.3333333333333333,0.0,0.3333333333333333,0.3333333333333333,0.0,0.0,0.0,0.0,1.0,1.0,0.0
120,122,MP_tot_PEEP_Jmin,mixed,mixed,60.66500861715883,60.66500861715883,0.0,0.0,0.0,0.0,0.0,0.0,0.0,S120,S122,0.0,0.0,0.0,0.6,1.4,0.7999999999999999,15.0,15.0,0.0,60.66500861715883,60.66500861715883,0.0,0.0,0.0,0.0,0.0,0.3333333333333333,0.3333333333333333,0.0,0.3333333333333333,0.3333333333333333,0.0,0.0,0.0,0.0,1.0,1.0,0.0
120,157,MP_tot_PEEP_Jmin,mixed,severe_mixed,60.66500861715883,58.45983728946642,0.036349971391394294,14.758653077797067,2.408970865938727,0.08653766783241107,0.04326883391620551,0.2866034732077687,0.40174497974706114,S120,S157,0.0,6.0,6.0,0.6,1.0,0.4,15.0,10.0,5.0,60.66500861715883,46.11015507760809,14.554853539550741,2.205171327692412,0.0,12.349682211858338,12.349682211858338,0.3333333333333333,0.2904210605071022,0.04291227282623111,0.3333333333333333,0.4191578789857956,0.08582454565246228,0.0,0.211250711333806,0.211250711333806,1.0,1.2678299864980405,0.26782998649804046
120,159,MP_tot_PEEP_Jmin,mixed,severe_mixed,60.66500861715883,59.491717742677004,0.0193404880544263,18.86482702204196,0.6759965593942852,0.07911050795069485,0.03955525397534726,0.42319281214161647,0.7336815855448693,S120,S159,0.0,9.0,9.0,0.6,0.6,0.0,15.0,10.0,5.0,60.66500861715883,39.95089416124075,20.714114455918086,1.173290874481829,0.0,19.540823581436257,19.540823581436257,0.3333333333333333,0.29244675027637607,0.04088658305695725,0.3333333333333333,0.41510649944724787,0.08177316611391455,0.0,0.3284629243007795,0.3284629243007795,1.0,1.4891210570299132,0.48912105702991315
121,122,MP_tot_PEEP_Jmin,mixed,mixed,60.66500861715883,60.66500861715883,0.0,0.0,0.0,0.0,0.0,0.0,0.0,S121,S122,0.0,0.0,0.0,1.0,1.4,0.3999999999999999,15.0,15.0,0.0,60.66500861715883,60.66500861715883,0.0,0.0,0.0,0.0,0.0,0.3333333333333333,0.3333333333333333,0.0,0.3333333333333333,0.3333333333333333,0.0,0.0,0.0,0.0,1.0,1.0,0.0
121,157,MP_tot_PEEP_Jmin,mixed,severe_mixed,60.66500861715883,58.45983728946642,0.036349971391394294,14.758653077797067,2.408970865938727,0.08653766783241107,0.04326883391620551,0.2866034732077687,0.40174497974706114,S121,S157,0.0,6.0,6.0,1.0,1.0,0.0,15.0,10.0,5.0,60.66500861715883,46.11015507760809,14.554853539550741,2.205171327692412,0.0,12.349682211858338,12.349682211858338,0.3333333333333333,0.2904210605071022,0.04291227282623111,0.3333333333333333,0.4191578789857956,0.08582454565246228,0.0,0.211250711333806,0.211250711333806,1.0,1.2678299864980405,0.26782998649804046
121,159,MP_tot_PEEP_Jmin,mixed,severe_mixed,60.66500861715883,59.491717742677004,0.0193404880544263,18.86482702204196,0.6759965593942852,0.07911050795069485,0.03955525397534726,0.42319281214161647,0.7336815855448693,S121,S159,0.0,9.0,9.0,1.0,0.6,0.4,15.0,10.0,5.0,60.66500861715883,39.95089416124075,20.714114455918086,1.173290874481829,0.0,19.540823581436257,19.540823581436257,0.3333333333333333,0.29244675027637607,0.04088658305695725,0.3333333333333333,0.41510649944724787,0.08177316611391455,0.0,0.3284629243007795,0.3284629243007795,1.0,1.4891210570299132,0.48912105702991315
122,157,MP_tot_PEEP_Jmin,mixed,severe_mixed,60.66500861715883,58.45983728946642,0.036349971391394294,14.758653077797067,2.408970865938727,0.08653766783241107,0.04326883391620551,0.2866034732077687,0.40174497974706114,S122,S157,0.0,6.0,6.0,1.4,1.0,0.3999999999999999,15.0,10.0,5.0,60.66500861715883,46.11015507760809,14.554853539550741,2.205171327692412,0.0,12.349682211858338,12.349682211858338,0.3333333333333333,0.2904210605071022,0.04291227282623111,0.3333333333333333,0.4191578789857956,0.08582454565246228,0.0,0.211250711333806,0.211250711333806,1.0,1.2678299864980405,0.26782998649804046
122,159,MP_tot_PEEP_Jmin,mixed,severe_mixed,60.66500861715883,59.491717742677004,0.0193404880544263,18.86482702204196,0.6759965593942852,0.07911050795069485,0.03955525397534726,0.42319281214161647,0.7336815855448693,S122,S159,0.0,9.0,9.0,1.4,0.6,0.7999999999999999,15.0,10.0,5.0,60.66500861715883,39.95089416124075,20.714114455918086,1.173290874481829,0.0,19.540823581436257,19.540823581436257,0.3333333333333333,0.29244675027637607,0.04088658305695725,0.3333333333333333,0.41510649944724787,0.08177316611391455,0.0,0.3284629243007795,0.3284629243007795,1.0,1.4891210570299132,0.48912105702991315
123,165,MP_tot_PEEP_Jmin,mixed,severe_mixed,68.24076807187969,68.7726540780287,0.007794255855806896,4.692481071692725,1.0322743510819095,0.07859369463596216,0.03929684731798094,0.1088113168720113,0.12209683418565653,S123,S165,3.0,0.0,3.0,0.6,0.6,0.0,15.0,15.0,0.0,62.51601264910504,68.7726540780287,6.2566414289236505,0.5318860061490085,5.724755422774623,0.0,5.724755422774623,0.3333333333333333,0.29403648601535226,0.039296847317981054,0.3333333333333333,0.41192702796929537,0.07859369463596205,0.08389054790157985,0.0,0.08389054790157985,1.0915726256392424,1.0,0.0915726256392424
123,166,MP_tot_PEEP_Jmin,mixed,severe_mixed,68.24076807187969,68.7726540780287,0.007794255855806896,4.692481071692725,1.0322743510819095,0.07859369463596216,0.03929684731798094,0.1088113168720113,0.12209683418565653,S123,S166,3.0,0.0,3.0,0.6,1.0,0.4,15.0,15.0,0.0,62.51601264910504,68.7726540780287,6.2566414289236505,0.5318860061490085,5.724755422774623,0.0,5.724755422774623,0.3333333333333333,0.29403648601535226,0.039296847317981054,0.3333333333333333,0.41192702796929537,0.07859369463596205,0.08389054790157985,0.0,0.08389054790157985,1.0915726256392424,1.0,0.0915726256392424
123,167,MP_tot_PEEP_Jmin,mixed,severe_mixed,68.24076807187969,68.7726540780287,0.007794255855806896,4.692481071692725,1.0322743510819095,0.07859369463596216,0.03929684731798094,0.1088113168720113,0.12209683418565653,S123,S167,3.0,0.0,3.0,0.6,1.4,0.7999999999999999,15.0,15.0,0.0,62.51601264910504,68.7726540780287,6.2566414289236505,0.5318860061490085,5.724755422774623,0.0,5.724755422774623,0.3333333333333333,0.29403648601535226,0.039296847317981054,0.3333333333333333,0.41192702796929537,0.07859369463596205,0.08389054790157985,0.0,0.08389054790157985,1.0915726256392424,1.0,0.0915726256392424
124,125,MP_tot_PEEP_Jmin,mixed,mixed,73.28469291685524,76.85859817801543,0.04876741811847322,2.94553446855862,2.5920604383072927,0.0,0.0,0.010625660037242302,0.01312940654618644,S124,S125,3.0,3.0,0.0,1.0,1.4,0.3999999999999999,15.0,15.0,0.0,67.31824419919273,71.24562349060422,3.9273792914114836,3.573905261160192,5.966448717662513,5.6129746874111826,0.3534740302513306,0.3333333333333333,0.33333333333333326,5.551115123125783e-17,0.3333333333333333,0.33333333333333326,5.551115123125783e-17,0.08141466492097765,0.07302988631682737,0.008384778604150281,1.0886304862617622,1.0787834313521227,0.009847054909639441
124,160,MP_tot_PEEP_Jmin,mixed,severe_mixed,73.28469291685524,73.92042746435463,0.008674861314090046,15.840637084791197,0.14127256499590146,0.08790895272132726,0.043954476360663686,0.2821200295097789,0.5152919957792821,S124,S160,3.0,9.0,6.0,1.0,1.0,0.0,15.0,10.0,5.0,67.31824419919273,51.97206909690503,15.346175102287702,0.6357345474993963,5.966448717662513,21.948358367449615,15.981909649787102,0.3333333333333333,0.2896545746526239,0.04367875868070942,0.3333333333333333,0.4206908506947524,0.08735751736141911,0.08141466492097765,0.2969187154394283,0.21550405051845067,1.0886304862617622,1.4223106516410877,0.33368016537932554
124,162,MP_tot_PEEP_Jmin,mixed,severe_mixed,73.28469291685524,71.75795742043057,0.020832938444005127,22.618183236961553,1.367575597157014,0.07762378571310402,0.038811892856552066,0.41231599039188305,0.9565181711634423,S124,S162,3.0,12.0,9.0,1.0,0.6,0.4,15.0,10.0,5.0,67.31824419919273,41.80574986864949,25.51249433054324,1.5267354964246636,5.966448717662513,29.952207551781072,23.98575883411856,0.3333333333333333,0.2928916520293099,0.040441681304023425,0.3333333333333333,0.41421669594138033,0.08088336260804702,0.08141466492097765,0.4174060777161033,0.3359914127951256,1.0886304862617622,1.716461435230528,0.6278309489687659
125,126,MP_tot_PEEP_Jmin,mixed,mixed,76.85859817801543,77.60158590963164,0.009666943572082143,5.158955107164523,2.4626394340043944,0.0,0.0,0.12010272133609923,0.16910347792978153,S125,S126,3.0,6.0,3.0,1.4,0.6,0.7999999999999999,15.0,15.0,0.0,71.24562349060422,64.36701668105152,6.878606809552693,0.7429877316162106,5.6129746874111826,13.234569228580112,7.621594541168929,0.33333333333333326,0.33333333333333337,1.1102230246251565e-16,0.33333333333333326,0.33333333333333337,1.1102230246251565e-16,0.07302988631682737,0.17054508710675054,0.09751520078992316,1.0787834313521227,1.2056110397994588,0.1268276084473361
125,160,MP_tot_PEEP_Jmin,mixed,severe_mixed,76.85859817801543,73.92042746435463,0.0382282631131988,18.786171553349817,2.4507878733113913,0.08790895272132726,0.043954476360663686,0.2927456895470212,0.5284214023254685,S125,S160,3.0,9.0,6.0,1.4,1.0,0.3999999999999999,15.0,10.0,5.0,71.24562349060422,51.97206909690503,19.273554393699186,2.9381707136607957,5.6129746874111826,21.948358367449615,16.335383680038433,0.33333333333333326,0.2896545746526239,0.04367875868070936,0.33333333333333326,0.4206908506947524,0.08735751736141917,0.07302988631682737,0.2969187154394283,0.22388882912260094,1.0787834313521227,1.4223106516410877,0.343527220288965
125,168,MP_tot_PEEP_Jmin,mixed,severe_mixed,76.85859817801543,77.6056527158257,0.009719856405395098,0.00012864797714229326,0.7470116551512618,0.08007954589996746,0.04003977294998379,0.01130331511920854,0.013977330043208891,S125,S168,3.0,3.0,0.0,1.4,0.6,0.7999999999999999,15.0,15.0,0.0,71.24562349060422,71.24579502124041,0.0001715306361944613,0.7470545378102713,5.6129746874111826,6.359857694585306,0.746883007174123,0.33333333333333326,0.29310909572425903,0.04022423760907423,0.33333333333333326,0.41378180855148194,0.08044847521814869,0.07302988631682737,0.08195095939562112,0.008921073078793751,1.0787834313521227,1.089266428884529,0.010482997532406335
126,160,MP_tot_PEEP_Jmin,mixed,severe_mixed,77.60158590963164,73.92042746435463,0.0474366393692492,13.627216446185294,4.913427307315786,0.08790895272132726,0.043954476360663686,0.17264296821092195,0.359317924395687,S126,S160,6.0,9.0,3.0,0.6,1.0,0.4,15.0,10.0,5.0,64.36701668105152,51.97206909690503,12.394947584146493,3.6811584452770063,13.234569228580112,21.948358367449615,8.713789138869503,0.33333333333333337,0.2896545746526239,0.04367875868070947,0.33333333333333337,0.4206908506947524,0.08735751736141906,0.17054508710675054,0.2969187154394283,0.1263736283326778,1.2056110397994588,1.4223106516410877,0.2166996118416289
126,168,MP_tot_PEEP_Jmin,mixed,severe_mixed,77.60158590963164,77.6056527158257,5.2406225290248716e-05,5.1590837551416655,1.7156277788531327,0.08007954589996746,0.04003977294998379,0.10879940621689069,0.15512614788657264,S126,S168,6.0,3.0,3.0,0.6,0.6,0.0,15.0,15.0,0.0,64.36701668105152,71.24579502124041,6.878778340188887,0.004066806194060746,13.234569228580112,6.359857694585306,6.874711533994806,0.33333333333333337,0.29310909572425903,0.04022423760907434,0.33333333333333337,0.41378180855148194,0.08044847521814857,0.17054508710675054,0.08195095939562112,0.08859412771112941,1.2056110397994588,1.089266428884529,0.11634461091492976
127,129,MP_tot_PEEP_Jmin,mixed,mixed,87.90408810869553,88.74746213041423,0.009594252552575825,5.815094301171918,2.7817387887759963,0.0,0.0,0.11134696853135884,0.20250691869290538,S127,S129,6.0,9.0,3.0,1.0,0.6,0.4,15.0,15.0,0.0,73.97147978122703,66.2180207129978,7.753459068229233,0.8433740217187022,13.9326083274685,22.529441417416436,8.596833089947935,0.33333333333333337,0.33333333333333337,0.0,0.33333333333333337,0.33333333333333337,0.0,0.1584978426741711,0.2538601203526188,0.09536227767844768,1.1883510829940758,1.3402312720137555,0.1518801890196797
127,161,MP_tot_PEEP_Jmin,mixed,severe_mixed,87.90408810869553,83.93716362458883,0.045127872542190535,14.808305653903659,5.809206629808251,0.0826891339851698,0.041344566992584986,0.15982443413598174,0.31270923153505814,S127,S161,6.0,9.0,3.0,1.0,1.4,0.3999999999999999,15.0,10.0,5.0,73.97147978122703,61.00545627302491,12.96602350820212,3.9669244841066984,13.9326083274685,22.931707351563915,8.999099024095415,0.33333333333333337,0.292915602549,0.04041773078433336,0.33333333333333337,0.4141687949020001,0.08083546156866672,0.1584978426741711,0.27320088458226416,0.11470304190809305,1.1883510829940758,1.3758960059069953,0.18754492291291958
127,163,MP_tot_PEEP_Jmin,mixed,severe_mixed,87.90408810869553,91.66357433901754,0.042768047666603574,16.92262109178565,2.9743618035614645,0.0885581852705063,0.04427909263525326,0.26662703193328197,0.6262799207469105,S127,S163,6.0,12.0,6.0,1.0,1.0,0.0,15.0,10.0,5.0,73.97147978122703,57.83398311620192,16.13749666502511,3.759486230322011,13.9326083274685,33.829591222815615,19.896982895347115,0.33333333333333337,0.2892248365452657,0.044108496788067664,0.33333333333333337,0.4215503269094688,0.08821699357613544,0.1584978426741711,0.3690625362010971,0.21056469352692597,1.1883510829940758,1.5849431320482301,0.39659204905415435
127,169,MP_tot_PEEP_Jmin,mixed,severe_mixed,87.90408810869553,83.5682443962102,0.04932471066788103,1.9627947418981009,4.990108626451359,0.08243651526795298,0.041218257633976685,0.0923806011590994,0.12962477926013083,S127,S169,6.0,3.0,3.0,1.0,1.0,0.0,15.0,15.0,0.0,73.97147978122703,76.58853943709114,2.617059655864111,4.335843712485328,13.9326083274685,6.979704959119031,6.952903368349469,0.33333333333333337,0.2923147560270261,0.04101857730630726,0.33333333333333337,0.4153704879459476,0.08203715461261424,0.1584978426741711,0.08352101937222889,0.07497682330194222,1.1883510829940758,1.091132498548978,0.09721858444509768
127,170,MP_tot_PEEP_Jmin,mixed,severe_mixed,87.90408810869553,87.29915787060905,0.006881707678242117,4.97392380060473,2.2629048382880654,0.08043012667113486,0.04021506333556757,0.10100932360610428,0.1403738333948703,S127,S170,6.0,3.0,3.0,1.0,1.4,0.3999999999999999,15.0,15.0,0.0,73.97147978122703,80.60337818203334,6.631898400806307,0.6049302380864816,13.9326083274685,6.695779688575707,7.236828638892794,0.33333333333333337,0.2934682687773148,0.03986506455601857,0.33333333333333337,0.4130634624453703,0.07973012911203692,0.1584978426741711,0.07669924718517783,0.08179859548899328,1.1883510829940758,1.0830707079479234,0.1052803750461524
127,171,MP_tot_PEEP_Jmin,mixed,severe_mixed,87.90408810869553,88.38753940855582,0.005499759001680247,0.18940786258114883,0.5465872540540033,0.08050541920866361,0.040252709604331915,0.008952268571690458,0.01417206235687729,S127,S171,6.0,6.0,0.0,1.0,0.6,0.4,15.0,15.0,0.0,73.97147978122703,73.71893596445216,0.2525438167748746,0.4834512998602918,13.9326083274685,14.668603444103654,0.7359951166351539,0.33333333333333337,0.292656583453964,0.04067674987936937,0.33333333333333337,0.41468683309207194,0.08135349975873857,0.1584978426741711,0.1659578210034858,0.007459978329314693,1.1883510829940758,1.1989801297617344,0.010629046767658634
128,163,MP_tot_PEEP_Jmin,mixed,severe_mixed,95.4506670044142,91.66357433901754,0.03967591620099961,22.81369002890274,2.608527446451518,0.08855818527050635,0.0442790926352532,0.28567930849182277,0.6554088327532284,S128,S163,6.0,12.0,6.0,1.4,1.0,0.3999999999999999,15.0,10.0,5.0,81.8262383640498,57.83398311620192,23.99225524784788,3.7870926653966563,13.624428640364396,33.829591222815615,20.20516258245122,0.33333333333333337,0.2892248365452657,0.044108496788067664,0.33333333333333337,0.4215503269094688,0.08821699357613544,0.14273790920428375,0.3690625362010971,0.22632462699681333,1.1665043989893378,1.5849431320482301,0.41843873305889234
129,163,MP_tot_PEEP_Jmin,mixed,severe_mixed,88.74746213041423,91.66357433901754,0.03285854196391653,11.107526790613733,0.19262301478546817,0.0885581852705063,0.04427909263525326,0.15528006340192313,0.42377300205400514,S129,S163,9.0,12.0,3.0,0.6,1.0,0.4,15.0,10.0,5.0,66.2180207129978,57.83398311620192,8.384037596795878,2.916112208603309,22.529441417416436,33.829591222815615,11.30014980539918,0.33333333333333337,0.2892248365452657,0.044108496788067664,0.33333333333333337,0.4215503269094688,0.08821699357613544,0.2538601203526188,0.3690625362010971,0.11520241584847829,1.3402312720137555,1.5849431320482301,0.24471186003447465
129,170,MP_tot_PEEP_Jmin,mixed,severe_mixed,88.74746213041423,87.29915787060905,0.016319387901784766,10.789018101776648,5.044643627064062,0.08043012667113486,0.04021506333556757,0.2123562921374631,0.3428807520877757,S129,S170,9.0,3.0,6.0,0.6,1.4,0.7999999999999999,15.0,15.0,0.0,66.2180207129978,80.60337818203334,14.38535746903554,1.4483042598051838,22.529441417416436,6.695779688575707,15.83366172884073,0.33333333333333337,0.2934682687773148,0.03986506455601857,0.33333333333333337,0.4130634624453703,0.07973012911203692,0.2538601203526188,0.07669924718517783,0.17716087316744095,1.3402312720137555,1.0830707079479234,0.2571605640658321
129,171,MP_tot_PEEP_Jmin,mixed,severe_mixed,88.74746213041423,88.38753940855582,0.00405558326084305,5.625686438590769,2.235151534721993,0.08050541920866361,0.040252709604331915,0.10239469995966838,0.1883348563360281,S129,S171,9.0,6.0,3.0,0.6,0.6,0.0,15.0,15.0,0.0,66.2180207129978,73.71893596445216,7.500915251454359,0.35992272185841045,22.529441417416436,14.668603444103654,7.860837973312782,0.33333333333333337,0.292656583453964,0.04067674987936937,0.33333333333333337,0.41468683309207194,0.08135349975873857,0.2538601203526188,0.1659578210034858,0.08790229934913299,1.3402312720137555,1.1989801297617344,0.14125114225202107
130,132,MP_tot_PEEP_Jmin,mixed,mixed,104.52319419267899,101.67839673422799,0.027216901286109502,9.416767963737584,0.2941251961281921,0.0,0.0,0.1137189604415702,0.26311731684126904,S130,S132,9.0,12.0,3.0,1.0,0.6,0.4,15.0,15.0,0.0,80.62471536326107,68.06902474494433,12.555690618316746,2.844797458450998,23.89847882941791,33.60937198928366,9.710893159865748,0.33333333333333337,0.3333333333333333,5.551115123125783e-17,0.33333333333333337,0.3333333333333333,5.551115123125783e-17,0.22864282912521064,0.33054584915548474,0.1019030200302741,1.2964162877566936,1.493754275387645,0.19733798763095134
130,164,MP_tot_PEEP_Jmin,mixed,severe_mixed,104.52319419267899,105.9056222813493,0.013226041352333044,13.882870288426886,1.7542261875238694,0.08289350605605267,0.04144675302802647,0.15282815696304047,0.3781303855314122,S130,S164,9.0,12.0,3.0,1.0,1.4,0.3999999999999999,15.0,10.0,5.0,80.62471536326107,69.8784993510284,10.74621601223268,1.3824280886703093,23.89847882941791,36.0271229303209,12.128644100902989,0.33333333333333337,0.292814618635354,0.04051871469797935,0.33333333333333337,0.414370762729292,0.08103742939595865,0.22864282912521064,0.34018140070610325,0.11153857158089261,1.2964162877566936,1.5155680683602242,0.21915178060353058
130,172,MP_tot_PEEP_Jmin,mixed,severe_mixed,104.52319419267899,100.64639141416649,0.03709035882854829,2.834782074669448,4.821730136735624,0.08493331418559846,0.0424666570927994,0.07908287918555446,0.138648017905052,S130,S172,9.0,6.0,3.0,1.0,1.0,0.0,15.0,15.0,0.0,80.62471536326107,84.40442479615369,3.7797094328926164,3.8768027785124985,23.89847882941791,16.24196661801279,7.656512211405122,0.33333333333333337,0.2911317762235656,0.04220155710976775,0.33333333333333337,0.4177364475528687,0.08440311421953534,0.22864282912521064,0.16137654206772337,0.06726628705748727,1.2964162877566936,1.192430274327904,0.10398601342878955
130,173,MP_tot_PEEP_Jmin,mixed,severe_mixed,104.52319419267899,108.55141822730724,0.03853904452252567,8.857040192082678,1.0758773039340497,0.08152646301811861,0.04076323150905953,0.09463542594116942,0.16273442003860472,S130,S173,9.0,6.0,3.0,1.0,1.4,0.3999999999999999,15.0,15.0,0.0,80.62471536326107,92.434102286038,11.809386922776923,4.028224034628252,23.89847882941791,16.11731594126925,7.7811628881486605,0.33333333333333337,0.29310431426005573,0.04022901907327764,0.33333333333333337,0.4137913714798886,0.08045803814655522,0.22864282912521064,0.148476327665471,0.08016650145973964,1.2964162877566936,1.1743654727277395,0.1220508150289541
130,174,MP_tot_PEEP_Jmin,mixed,severe_mixed,104.52319419267899,101.11831415621887,0.032575353850969456,3.324478841697932,2.2967204225607816,0.0802347791052917,0.04011738955264593,0.020450102029061168,0.04097827053506142,S130,S174,9.0,9.0,0.0,1.0,0.6,0.4,15.0,15.0,0.0,80.62471536326107,76.19207690766386,4.432638455597214,3.4048800364601135,23.89847882941791,24.926237248555033,1.0277584191371218,0.33333333333333337,0.29255320980828864,0.04078012352504473,0.33333333333333337,0.4148935803834229,0.08156024705008952,0.22864282912521064,0.24650566474087174,0.0178628356156611,1.2964162877566936,1.3271499906579889,0.03073370290129529
131,175,MP_tot_PEEP_Jmin,mixed,severe_mixed,116.44121509635508,120.00709513189754,0.03062386486255488,0.1399073117093934,3.612515806112256,0.08653766783241085,0.04326883391620534,0.02910947121801416,0.054954512491870666,S131,S175,9.0,9.0,0.0,1.4,1.0,0.3999999999999999,15.0,15.0,0.0,92.40685323749543,92.22031015521624,0.18654308227918648,3.565880035542463,24.03436185885965,27.786784976681293,3.7524231178216425,0.33333333333333337,0.29032504030365736,0.043008293029676015,0.33333333333333337,0.4193499193926853,0.08601658605935192,0.20640768682267033,0.2315428512467647,0.025135164424094386,1.260092850441393,1.301308734810296,0.041215884368903
131,177,MP_tot_PEEP_Jmin,mixed,severe_mixed,116.44121509635508,115.79797695881511,0.005524144840018097,10.306226539964833,2.792170709114984,0.07954736560988002,0.039773682804939925,0.12877576887527825,0.282589922577436,S131,S177,9.0,12.0,3.0,1.4,0.6,0.7999999999999999,15.0,15.0,0.0,92.40685323749543,78.66521785087566,13.741635386619762,0.6432381375399672,24.03436185885965,37.132759107939464,13.098397249079813,0.33333333333333337,0.2926890417391635,0.04064429159416988,0.33333333333333337,0.41462191652167313,0.08128858318833976,0.20640768682267033,0.3206684614287015,0.11426077460603115,1.260092850441393,1.4720352923744697,0.21194244193307665
132,164,MP_tot_PEEP_Jmin,mixed,severe_mixed,101.67839673422799,105.9056222813493,0.04157447090920049,4.466102324689302,2.0483513836520615,0.08289350605605267,0.04144675302802647,0.03910919652147027,0.11501306869014316,S132,S164,12.0,12.0,0.0,0.6,1.4,0.7999999999999999,15.0,10.0,5.0,68.06902474494433,69.8784993510284,1.8094746060840663,4.227225547121307,33.60937198928366,36.0271229303209,2.417750941037241,0.3333333333333333,0.292814618635354,0.0405187146979793,0.3333333333333333,0.414370762729292,0.0810374293959587,0.33054584915548474,0.34018140070610325,0.009635551550618515,1.493754275387645,1.5155680683602242,0.021813792972579238
132,172,MP_tot_PEEP_Jmin,mixed,severe_mixed,101.67839673422799,100.64639141416649,0.010149700951314242,12.251550038407032,5.115855332863816,0.08493331418559846,0.0424666570927994,0.19280183962712466,0.40176533474632103,S132,S172,12.0,6.0,6.0,0.6,1.0,0.4,15.0,15.0,0.0,68.06902474494433,84.40442479615369,16.335400051209362,1.0320053200615007,33.60937198928366,16.24196661801279,17.36740537127087,0.3333333333333333,0.2911317762235656,0.042201557109767696,0.3333333333333333,0.4177364475528687,0.08440311421953539,0.33054584915548474,0.16137654206772337,0.16916930708776137,1.493754275387645,1.192430274327904,0.3013240010597409
132,174,MP_tot_PEEP_Jmin,mixed,severe_mixed,101.67839673422799,101.11831415621887,0.0055083734204925275,6.092289122039652,2.5908456186889737,0.0802347791052917,0.04011738955264593,0.09326885841250904,0.22213904630620762,S132,S174,12.0,9.0,3.0,0.6,0.6,0.0,15.0,15.0,0.0,68.06902474494433,76.19207690766386,8.123052162719532,0.5600825780091157,33.60937198928366,24.926237248555033,8.683134740728626,0.3333333333333333,0.29255320980828864,0.040780123525044676,0.3333333333333333,0.4148935803834229,0.08156024705008957,0.33054584915548474,0.24650566474087174,0.084040184414613,1.493754275387645,1.3271499906579889,0.16660428472965605
133,175,MP_tot_PEEP_Jmin,mixed,severe_mixed,123.1420111688058,120.00709513189754,0.025457729715091616,3.7067694074408593,4.370505839388571,0.08653766783241079,0.043268833916205396,0.0673559329395656,0.1461453688090506,S133,S175,12.0,9.0,3.0,1.0,1.0,0.0,15.0,15.0,0.0,87.2779509452951,92.22031015521624,4.942359209921136,3.134916036908251,35.86406022351072,27.786784976681293,8.077275246829426,0.3333333333333334,0.29032504030365736,0.04300829302967607,0.3333333333333334,0.4193499193926853,0.08601658605935186,0.29124146896015424,0.2315428512467647,0.059698617713389523,1.4109177614170836,1.301308734810296,0.10960902660678751
134,178,MP_tot_PEEP_Jmin,mixed,severe_mixed,139.83024245383788,141.65035554940323,0.013016591143838002,2.213454447496659,2.5579312447309093,0.08755493615757526,0.043777468078787685,0.03382431180107337,0.07766755483718124,S134,S178,12.0,12.0,0.0,1.4,1.0,0.3999999999999999,15.0,15.0,0.0,102.98746811094095,100.03619551427872,2.9512725966622355,1.8201130955653468,36.84277434289691,41.6141600351245,4.7713856922275895,0.3333333333333333,0.28977927303509365,0.04355406029823966,0.3333333333333333,0.42044145392981264,0.08710812059647932,0.26348216019907,0.2937808371445335,0.03029867694546351,1.3577403641306034,1.4159910302584897,0.05825066612788632
135,136,MP_tot_PEEP_Jmin,severe_mixed,severe_mixed,11.46210901300477,11.46210901300477,0.0,0.0,0.0,0.0,0.0,0.0,0.0,S135,S136,0.0,0.0,0.0,0.6,1.0,0.4,5.0,5.0,0.0,11.46210901300477,11.46210901300477,0.0,0.0,0.0,0.0,0.0,0.2940364860153522,0.2940364860153522,0.0,0.41192702796929564,0.41192702796929564,0.0,0.0,0.0,0.0,1.0,1.0,0.0
135,137,MP_tot_PEEP_Jmin,severe_mixed,severe_mixed,11.46210901300477,11.46210901300477,0.0,0.0,0.0,0.0,0.0,0.0,0.0,S135,S137,0.0,0.0,0.0,0.6,1.4,0.7999999999999999,5.0,5.0,0.0,11.46210901300477,11.46210901300477,0.0,0.0,0.0,0.0,0.0,0.2940364860153522,0.2940364860153522,0.0,0.41192702796929564,0.41192702796929564,0.0,0.0,0.0,0.0,1.0,1.0,0.0
136,137,MP_tot_PEEP_Jmin,severe_mixed,severe_mixed,11.46210901300477,11.46210901300477,0.0,0.0,0.0,0.0,0.0,0.0,0.0,S136,S137,0.0,0.0,0.0,1.0,1.4,0.3999999999999999,5.0,5.0,0.0,11.46210901300477,11.46210901300477,0.0,0.0,0.0,0.0,0.0,0.2940364860153522,0.2940364860153522,0.0,0.41192702796929564,0.41192702796929564,0.0,0.0,0.0,0.0,1.0,1.0,0.0
140,141,MP_tot_PEEP_Jmin,severe_mixed,severe_mixed,20.517983149238322,21.423301844161767,0.04412318152025834,1.7211105543953193,2.626429249318763,0.004556242967832247,0.0022781214839159847,0.2525137271174392,0.7132457637270428,S140,S141,3.0,6.0,3.0,1.4,0.6,0.7999999999999999,5.0,5.0,0.0,17.377471065007136,13.935249956216497,3.4422211087906387,0.9053186949234444,3.14051208423119,7.488051887945268,4.347539803714078,0.2935900461201762,0.2917919291514803,0.0017981169686959175,0.4128199077596478,0.41641614169703944,0.0035962339373916685,0.15306144182830045,0.34952837533705833,0.19646693350875788,1.1807231945593746,1.5373460764228963,0.35662288186352176
145,147,MP_tot_PEEP_Jmin,severe_mixed,severe_mixed,39.29586880981653,39.180046895050936,0.002947432345271456,3.3887730760851813,3.2729511613195683,0.016840876365806168,0.008420438182903112,0.15361711706952286,1.3859815441617132,S145,S147,9.0,12.0,3.0,1.0,0.6,0.4,5.0,5.0,0.0,23.185937051598586,16.408390899428223,6.777546152170363,0.115821914765597,16.109931758217957,22.7716559956227,6.661724237404744,0.2888851632524661,0.29382539449669154,0.004940231244225435,0.422229673495068,0.4123492110066167,0.009880462488451314,0.4099650229439264,0.5812054298102212,0.17124040686629477,1.6948147802854154,2.387805552366273,0.6929907720808575
145,153,MP_tot_PEEP_Jmin,severe_mixed,severe_mixed,39.29586880981653,40.80590255196884,0.03842728988791531,12.567819971816132,1.0226080191438847,0.008453218792556005,0.004226609396278003,0.4226168620399376,1.2006986485686748,S145,S153,9.0,3.0,6.0,1.0,0.6,0.4,5.0,10.0,5.0,23.185937051598586,36.241182746423135,13.05524569482455,1.5100337421523093,16.109931758217957,4.564719805545712,11.545211952672245,0.2888851632524661,0.2927253856031375,0.003840222350671385,0.422229673495068,0.41454922879372513,0.007680444701342881,0.4099650229439264,0.11186420395265756,0.29810081899126883,1.6948147802854154,1.1259539413347714,0.568860838950644
146,154,MP_tot_PEEP_Jmin,severe_mixed,severe_mixed,46.80700111405894,45.28180381435302,0.03258481131891645,12.228063121034898,0.33718006797041866,0.0009063230169527592,0.00045316150847635184,0.38853582417972665,1.0174650721125735,S146,S154,9.0,3.0,6.0,1.4,1.0,0.3999999999999999,5.0,10.0,5.0,29.208195169011812,40.24824105831121,11.040045889299396,1.5251972997059227,17.59880594504712,5.033562756041808,12.565243189005312,0.2933225646373279,0.2917533113648811,0.0015692532724468355,0.4133548707253441,0.4164933772702379,0.003138506544893782,0.37598661580908554,0.11116082691136775,0.2648257888977178,1.6025297298656245,1.1250629250791166,0.4774668047865078
146,155,MP_tot_PEEP_Jmin,severe_mixed,severe_mixed,46.80700111405894,48.17751600342125,0.029280125979928764,14.235482493505964,1.554822434862274,0.0018660418369578768,0.0009330209184790772,0.40080799964825187,1.0345248724349112,S146,S155,9.0,3.0,6.0,1.4,1.4,0.0,5.0,10.0,5.0,29.208195169011812,43.25937011701781,14.051174948005997,1.3705148893623118,17.59880594504712,4.9181458864034395,12.680660058643678,0.2933225646373279,0.2934266067865185,0.0001040421491905752,0.4133548707253441,0.4131467864269628,0.00020808429838131692,0.37598661580908554,0.10208384106092529,0.27390277474816027,1.6025297298656245,1.1136897248642252,0.48884000500139924
147,153,MP_tot_PEEP_Jmin,severe_mixed,severe_mixed,39.180046895050936,40.80590255196884,0.04149703192732211,15.956593047901313,2.2503431421756837,0.008387657573250162,0.004193828786625109,0.5762339791094604,2.586680192730388,S147,S153,12.0,3.0,9.0,0.6,0.6,0.0,5.0,10.0,5.0,16.408390899428223,36.241182746423135,19.832791846994912,1.6258556569179063,22.7716559956227,4.564719805545712,18.206936190076988,0.29382539449669154,0.2927253856031375,0.0011000088935540497,0.4123492110066167,0.41454922879372513,0.0022000177871084325,0.5812054298102212,0.11186420395265756,0.4693412258575636,2.387805552366273,1.1259539413347714,1.2618516110315015
149,158,MP_tot_PEEP_Jmin,severe_mixed,severe_mixed,64.040144942646,64.69446153194616,0.010217287763576551,17.1931635195072,0.8386241348001064,0.0005756034126543352,0.0002878017063272509,0.35666449883439183,1.2851173424346867,S149,S158,12.0,6.0,6.0,1.4,1.4,0.0,5.0,10.0,5.0,35.123557221014146,52.13241319502141,17.00885597400726,0.6543165893001657,28.916587721631853,12.56204833692476,16.354539384707092,0.29327894642789787,0.29309755361667894,0.0001813928112189278,0.4134421071442042,0.41380489276664206,0.0003627856224378556,0.4515384490077184,0.1941750196146484,0.25736342939307,1.823281865776718,1.2409642594124997,0.5823176063642184
150,151,MP_tot_PEEP_Jmin,severe_mixed,severe_mixed,34.38632703901432,34.38632703901432,0.0,0.0,0.0,0.0,0.0,0.0,0.0,S150,S151,0.0,0.0,0.0,0.6,1.0,0.4,10.0,10.0,0.0,34.38632703901432,34.38632703901432,0.0,0.0,0.0,0.0,0.0,0.2940364860153521,0.2940364860153521,0.0,0.41192702796929587,0.41192702796929587,0.0,0.0,0.0,0.0,1.0,1.0,0.0
150,152,MP_tot_PEEP_Jmin,severe_mixed,severe_mixed,34.38632703901432,34.38632703901432,0.0,0.0,0.0,0.0,0.0,0.0,0.0,S150,S152,0.0,0.0,0.0,0.6,1.4,0.7999999999999999,10.0,10.0,0.0,34.38632703901432,34.38632703901432,0.0,0.0,0.0,0.0,0.0,0.2940364860153521,0.2940364860153521,0.0,0.41192702796929587,0.41192702796929587,0.0,0.0,0.0,0.0,1.0,1.0,0.0
151,152,MP_tot_PEEP_Jmin,severe_mixed,severe_mixed,34.38632703901432,34.38632703901432,0.0,0.0,0.0,0.0,0.0,0.0,0.0,S151,S152,0.0,0.0,0.0,1.0,1.4,0.3999999999999999,10.0,10.0,0.0,34.38632703901432,34.38632703901432,0.0,0.0,0.0,0.0,0.0,0.2940364860153521,0.2940364860153521,0.0,0.41192702796929587,0.41192702796929587,0.0,0.0,0.0,0.0,1.0,1.0,0.0
155,156,MP_tot_PEEP_Jmin,severe_mixed,severe_mixed,48.17751600342125,49.17436611985637,0.02069118956577856,3.4422211087905907,2.717960670830429,0.0008137157640606407,0.00040685788203020934,0.1580286488563907,0.26566540024764795,S155,S156,3.0,6.0,3.0,1.4,0.6,0.7999999999999999,10.0,10.0,0.0,43.25937011701781,38.096038453831916,5.163331663185893,0.9968501164351196,4.9181458864034395,11.078327666024457,6.160181779621017,0.2934266067865185,0.29230741429929485,0.0011191924872236414,0.4131467864269628,0.41538517140141024,0.0022383849744474493,0.10208384106092529,0.2252866389578346,0.12320279789690931,1.1136897248642252,1.2907999916959905,0.17711026683176523
157,159,MP_tot_PEEP_Jmin,severe_mixed,severe_mixed,58.45983728946642,59.491717742677004,0.01765110032895203,4.106173944244894,3.084967425333012,0.0074271598817162165,0.003713579940858247,0.13658933893384778,0.33193660579780815,S157,S159,6.0,9.0,3.0,1.0,0.6,0.4,10.0,10.0,0.0,46.11015507760809,39.95089416124075,6.159260916367344,1.031880453210583,12.349682211858338,19.540823581436257,7.1911413695779185,0.2904210605071022,0.29244675027637607,0.002025689769273864,0.4191578789857956,0.41510649944724787,0.004051379538547728,0.211250711333806,0.3284629243007795,0.11721221296697351,1.2678299864980405,1.4891210570299132,0.2212910705318727
160,162,MP_tot_PEEP_Jmin,severe_mixed,severe_mixed,73.92042746435463,71.75795742043057,0.029254025147065477,6.7775461521703555,1.2263030321611126,0.01028516700822324,0.00514258350411162,0.13019596088210417,0.4412261753841602,S160,S162,9.0,12.0,3.0,1.0,0.6,0.4,10.0,10.0,0.0,51.97206909690503,41.80574986864949,10.166319228255539,2.16247004392406,21.948358367449615,29.952207551781072,8.003849184331457,0.2896545746526239,0.2928916520293099,0.003237077376685993,0.4206908506947524,0.41421669594138033,0.006474154753372097,0.2969187154394283,0.4174060777161033,0.12048736227667495,1.4223106516410877,1.716461435230528,0.29415078358944036
160,168,MP_tot_PEEP_Jmin,severe_mixed,severe_mixed,73.92042746435463,77.6056527158257,0.049853949414025364,18.78630020132696,3.197799528462653,0.007829406821359797,0.003914703410679898,0.2814423744278126,0.5144440722822596,S160,S168,9.0,3.0,6.0,1.0,0.6,0.4,10.0,15.0,5.0,51.97206909690503,71.24579502124041,19.27372592433538,3.685225251471067,21.948358367449615,6.359857694585306,15.58850067286431,0.2896545746526239,0.29310909572425903,0.0034545210716351304,0.4206908506947524,0.41378180855148194,0.006909042143270483,0.2969187154394283,0.08195095939562112,0.2149677560438072,1.4223106516410877,1.089266428884529,0.33304422275655865
161,169,MP_tot_PEEP_Jmin,severe_mixed,severe_mixed,83.93716362458883,83.5682443962102,0.004395183402058124,16.77110039580176,0.819098003356892,0.0002526187172168237,0.00012630935860830084,0.25220503529508115,0.44233401079518897,S161,S169,9.0,3.0,6.0,1.4,1.0,0.3999999999999999,10.0,15.0,5.0,61.00545627302491,76.58853943709114,15.583083164066231,0.3689192283786298,22.931707351563915,6.979704959119031,15.952002392444884,0.292915602549,0.2923147560270261,0.0006008465219738968,0.4141687949020001,0.4153704879459476,0.001201693043947516,0.27320088458226416,0.08352101937222889,0.18967986521003527,1.3758960059069953,1.091132498548978,0.28476350735801725
161,170,MP_tot_PEEP_Jmin,severe_mixed,severe_mixed,83.93716362458883,87.29915787060905,0.0400537032804304,19.78222945450839,3.546301791520186,0.0022590073140349443,0.0011295036570174166,0.260833757742086,0.45308306492992845,S161,S170,9.0,3.0,6.0,1.4,1.4,0.0,10.0,15.0,5.0,61.00545627302491,80.60337818203334,19.597921909008427,3.361994246020217,22.931707351563915,6.695779688575707,16.23592766298821,0.292915602549,0.2934682687773148,0.000552666228314791,0.4141687949020001,0.4130634624453703,0.001105332456629804,0.27320088458226416,0.07669924718517783,0.19650163739708632,1.3758960059069953,1.0830707079479234,0.292825297959072
162,165,MP_tot_PEEP_Jmin,severe_mixed,severe_mixed,71.75795742043057,68.7726540780287,0.04160240131851797,23.70899064608852,6.243216905692563,0.000969908922858087,0.0004849544614289325,0.5180007797164844,1.0746921528457922,S162,S165,12.0,0.0,12.0,0.6,0.6,0.0,10.0,15.0,5.0,41.80574986864949,68.7726540780287,26.9669042093792,2.9853033424018776,29.952207551781072,0.0,29.952207551781072,0.2928916520293099,0.29403648601535226,0.0011448339860423706,0.41421669594138033,0.41192702796929537,0.0022896679720849633,0.4174060777161033,0.0,0.4174060777161033,1.716461435230528,1.0,0.7164614352305281
162,166,MP_tot_PEEP_Jmin,severe_mixed,severe_mixed,71.75795742043057,68.7726540780287,0.04160240131851797,23.70899064608852,6.243216905692563,0.000969908922858087,0.0004849544614289325,0.5180007797164844,1.0746921528457922,S162,S166,12.0,0.0,12.0,0.6,1.0,0.4,10.0,15.0,5.0,41.80574986864949,68.7726540780287,26.9669042093792,2.9853033424018776,29.952207551781072,0.0,29.952207551781072,0.2928916520293099,0.29403648601535226,0.0011448339860423706,0.41421669594138033,0.41192702796929537,0.0022896679720849633,0.4174060777161033,0.0,0.4174060777161033,1.716461435230528,1.0,0.7164614352305281
162,167,MP_tot_PEEP_Jmin,severe_mixed,severe_mixed,71.75795742043057,68.7726540780287,0.04160240131851797,23.70899064608852,6.243216905692563,0.000969908922858087,0.0004849544614289325,0.5180007797164844,1.0746921528457922,S162,S167,12.0,0.0,12.0,0.6,1.4,0.7999999999999999,10.0,15.0,5.0,41.80574986864949,68.7726540780287,26.9669042093792,2.9853033424018776,29.952207551781072,0.0,29.952207551781072,0.2928916520293099,0.29403648601535226,0.0011448339860423706,0.41421669594138033,0.41192702796929537,0.0022896679720849633,0.4174060777161033,0.0,0.4174060777161033,1.716461435230528,1.0,0.7164614352305281
163,170,MP_tot_PEEP_Jmin,severe_mixed,severe_mixed,91.66357433901754,87.29915787060905,0.047613422233205825,21.89654489239038,5.23726664184953,0.008128058599371435,0.00406402929968569,0.36763635553938623,0.7666537541417808,S163,S170,12.0,3.0,9.0,1.0,1.4,0.3999999999999999,10.0,15.0,5.0,57.83398311620192,80.60337818203334,22.769395065831418,4.364416468408493,33.829591222815615,6.695779688575707,27.13381153423991,0.2892248365452657,0.2934682687773148,0.004243432232049094,0.4215503269094688,0.4130634624453703,0.00848686446409852,0.3690625362010971,0.07669924718517783,0.29236328901591924,1.5849431320482301,1.0830707079479234,0.5018724241003067
163,171,MP_tot_PEEP_Jmin,severe_mixed,severe_mixed,91.66357433901754,88.38753940855582,0.035739768540394366,16.7332132292045,2.427774549507461,0.008052766061842687,0.004026383030921343,0.2576747633615915,0.6121078583900332,S163,S171,12.0,6.0,6.0,1.0,0.6,0.4,10.0,15.0,5.0,57.83398311620192,73.71893596445216,15.884952848250236,3.2760349304617193,33.829591222815615,14.668603444103654,19.160987778711963,0.2892248365452657,0.292656583453964,0.0034317469086982966,0.4215503269094688,0.41468683309207194,0.006863493817396871,0.3690625362010971,0.1659578210034858,0.20310471519761128,1.5849431320482301,1.1989801297617344,0.3859630022864957
164,172,MP_tot_PEEP_Jmin,severe_mixed,severe_mixed,105.9056222813493,100.64639141416649,0.04965960025437662,16.717652363096335,3.067503949211755,0.002039808129545795,0.0010199040647729252,0.23191103614859493,0.5167784034364642,S164,S172,12.0,6.0,6.0,1.4,1.0,0.3999999999999999,10.0,15.0,5.0,69.8784993510284,84.40442479615369,14.525925445125296,5.259230867182808,36.0271229303209,16.24196661801279,19.78515631230811,0.292814618635354,0.2911317762235656,0.0016828424117883989,0.414370762729292,0.4177364475528687,0.0033656848235766867,0.34018140070610325,0.16137654206772337,0.1788048586383799,1.5155680683602242,1.192430274327904,0.3231377940323201
164,173,MP_tot_PEEP_Jmin,severe_mixed,severe_mixed,105.9056222813493,108.55141822730724,0.02498258250094703,22.739910480509565,2.830103491457919,0.001367043037934057,0.0006835215189669452,0.2474635829042099,0.5408648055700169,S164,S173,12.0,6.0,6.0,1.4,1.4,0.0,10.0,15.0,5.0,69.8784993510284,92.434102286038,22.555602935009603,2.6457959459579428,36.0271229303209,16.11731594126925,19.90980698905165,0.292814618635354,0.29310431426005573,0.0002896956247017135,0.414370762729292,0.4137913714798886,0.000579391249403427,0.34018140070610325,0.148476327665471,0.19170507304063225,1.5155680683602242,1.1743654727277395,0.3412025956324847
164,174,MP_tot_PEEP_Jmin,severe_mixed,severe_mixed,105.9056222813493,101.11831415621887,0.04520353142737258,10.558391446728955,0.5424942350369122,0.00265872695076097,0.0013293634753805406,0.1323780549339793,0.3371521149963508,S164,S174,12.0,9.0,3.0,1.4,0.6,0.7999999999999999,10.0,15.0,5.0,69.8784993510284,76.19207690766386,6.313577556635465,4.787308125130423,36.0271229303209,24.926237248555033,11.100885681765867,0.292814618635354,0.29255320980828864,0.00026140882706537916,0.414370762729292,0.4148935803834229,0.0005228176541308693,0.34018140070610325,0.24650566474087174,0.09367573596523152,1.5155680683602242,1.3271499906579889,0.1884180777022353
165,166,MP_tot_PEEP_Jmin,severe_mixed,severe_mixed,68.7726540780287,68.7726540780287,0.0,0.0,0.0,0.0,0.0,0.0,0.0,S165,S166,0.0,0.0,0.0,0.6,1.0,0.4,15.0,15.0,0.0,68.7726540780287,68.7726540780287,0.0,0.0,0.0,0.0,0.0,0.29403648601535226,0.29403648601535226,0.0,0.41192702796929537,0.41192702796929537,0.0,0.0,0.0,0.0,1.0,1.0,0.0
165,167,MP_tot_PEEP_Jmin,severe_mixed,severe_mixed,68.7726540780287,68.7726540780287,0.0,0.0,0.0,0.0,0.0,0.0,0.0,S165,S167,0.0,0.0,0.0,0.6,1.4,0.7999999999999999,15.0,15.0,0.0,68.7726540780287,68.7726540780287,0.0,0.0,0.0,0.0,0.0,0.29403648601535226,0.29403648601535226,0.0,0.41192702796929537,0.41192702796929537,0.0,0.0,0.0,0.0,1.0,1.0,0.0
166,167,MP_tot_PEEP_Jmin,severe_mixed,severe_mixed,68.7726540780287,68.7726540780287,0.0,0.0,0.0,0.0,0.0,0.0,0.0,S166,S167,0.0,0.0,0.0,1.0,1.4,0.3999999999999999,15.0,15.0,0.0,68.7726540780287,68.7726540780287,0.0,0.0,0.0,0.0,0.0,0.29403648601535226,0.29403648601535226,0.0,0.41192702796929537,0.41192702796929537,0.0,0.0,0.0,0.0,1.0,1.0,0.0
169,170,MP_tot_PEEP_Jmin,severe_mixed,severe_mixed,83.5682443962102,87.29915787060905,0.04464511012951281,3.0111290587066293,2.727203788163294,0.0020063885968181205,0.0010031942984091158,0.008628722447004883,0.010749054134739477,S169,S170,3.0,3.0,0.0,1.0,1.4,0.3999999999999999,15.0,15.0,0.0,76.58853943709114,80.60337818203334,4.014838744942196,3.7309134743988466,6.979704959119031,6.695779688575707,0.2839252705433246,0.2923147560270261,0.2934682687773148,0.0011535127502886877,0.4153704879459476,0.4130634624453703,0.00230702550057732,0.08352101937222889,0.07669924718517783,0.006821772187051059,1.091132498548978,1.0830707079479234,0.008061790601054719
170,171,MP_tot_PEEP_Jmin,severe_mixed,severe_mixed,87.29915787060905,88.38753940855582,0.012467262737630578,5.163331663185879,2.8094920923420688,7.529253752874832e-05,3.76462687643464e-05,0.10996159217779473,0.1545458957517476,S170,S171,3.0,6.0,3.0,1.4,0.6,0.7999999999999999,15.0,15.0,0.0,80.60337818203334,73.71893596445216,6.8844422175811815,1.0883815379467734,6.695779688575707,14.668603444103654,7.972823755527948,0.2934682687773148,0.292656583453964,0.000811685323350797,0.4130634624453703,0.41468683309207194,0.0016233706467016495,0.07669924718517783,0.1659578210034858,0.08925857381830797,1.0830707079479234,1.1989801297617344,0.11590942181381103
172,174,MP_tot_PEEP_Jmin,severe_mixed,severe_mixed,100.64639141416649,101.11831415621887,0.004688918652934034,6.15926091636738,2.5250097141748427,0.004698535080306765,0.0023492675401534657,0.09953298121461562,0.1796262884401134,S172,S174,6.0,9.0,3.0,1.0,0.6,0.4,15.0,15.0,0.0,84.40442479615369,76.19207690766386,8.21234788848983,0.47192274205238505,16.24196661801279,24.926237248555033,8.684270630542244,0.2911317762235656,0.29255320980828864,0.0014214335847230197,0.4177364475528687,0.4148935803834229,0.0028428671694458174,0.16137654206772337,0.24650566474087174,0.08512912267314837,1.192430274327904,1.3271499906579889,0.13471971633008484
175,177,MP_tot_PEEP_Jmin,severe_mixed,severe_mixed,120.00709513189754,115.79797695881511,0.035073910992148155,10.166319228255439,0.8203450969972721,0.006990302222530831,0.0034951511112654154,0.09966629765726409,0.22763541008556532,S175,S177,9.0,12.0,3.0,1.0,0.6,0.4,15.0,15.0,0.0,92.22031015521624,78.66521785087566,13.555092304340576,4.20911817308243,27.786784976681293,37.132759107939464,9.34597413125817,0.29032504030365736,0.2926890417391635,0.0023640014355061356,0.4193499193926853,0.41462191652167313,0.00472800287101216,0.2315428512467647,0.3206684614287015,0.08912561018193677,1.301308734810296,1.4720352923744697,0.17072655756417365
