idx_i,idx_j,match_variable,phenotype_i,phenotype_j,MP_tot_PEEP_Jmin_i,MP_tot_PEEP_Jmin_j,relative_difference,delta_MP_vent,delta_MP_tot,delta_EII,delta_REF1,delta_ECF,delta_HBR,scenario_id_i,scenario_id_j,Pmus_peak_cmH2O_i,Pmus_peak_cmH2O_j,abs_delta_Pmus_peak_cmH2O,Tmus_s_i,Tmus_s_j,abs_delta_Tmus_s,PS_cmH2O_i,PS_cmH2O_j,abs_delta_PS_cmH2O,MP_vent_PEEP_Jmin_i,MP_vent_PEEP_Jmin_j,abs_delta_MP_vent_PEEP_Jmin,abs_delta_MP_tot_PEEP_Jmin,MP_mus_Jmin_i,MP_mus_Jmin_j,abs_delta_MP_mus_Jmin,EF1_PEEP_i,EF1_PEEP_j,abs_delta_EF1_PEEP,EII_PEEP_i,EII_PEEP_j,abs_delta_EII_PEEP,ECF_PEEP_i,ECF_PEEP_j,abs_delta_ECF_PEEP,ratio_PEEP_i,ratio_PEEP_j,abs_delta_ratio_PEEP
0,1,MP_tot_PEEP_Jmin,compliance_dominant,compliance_dominant,8.951112354889899,8.951112354889899,0.0,0.0,0.0,0.0,0.0,0.0,0.0,S000,S001,0.0,0.0,0.0,0.6,1.0,0.4,5.0,5.0,0.0,8.951112354889899,8.951112354889899,0.0,0.0,0.0,0.0,0.0,0.3767999565234181,0.3767999565234181,0.0,0.246400086953164,0.246400086953164,0.0,0.0,0.0,0.0,1.0,1.0,0.0
0,2,MP_tot_PEEP_Jmin,compliance_dominant,compliance_dominant,8.951112354889899,8.951112354889899,0.0,0.0,0.0,0.0,0.0,0.0,0.0,S000,S002,0.0,0.0,0.0,0.6,1.4,0.7999999999999999,5.0,5.0,0.0,8.951112354889899,8.951112354889899,0.0,0.0,0.0,0.0,0.0,0.3767999565234181,0.3767999565234181,0.0,0.246400086953164,0.246400086953164,0.0,0.0,0.0,0.0,1.0,1.0,0.0
1,2,MP_tot_PEEP_Jmin,compliance_dominant,compliance_dominant,8.951112354889899,8.951112354889899,0.0,0.0,0.0,0.0,0.0,0.0,0.0,S001,S002,0.0,0.0,0.0,1.0,1.4,0.3999999999999999,5.0,5.0,0.0,8.951112354889899,8.951112354889899,0.0,0.0,0.0,0.0,0.0,0.3767999565234181,0.3767999565234181,0.0,0.246400086953164,0.246400086953164,0.0,0.0,0.0,0.0,1.0,1.0,0.0
4,52,MP_tot_PEEP_Jmin,compliance_dominant,resistance_dominant,14.562170363841787,14.984089591260005,0.02897365000383829,0.8409557824930234,1.262875009911241,0.19491778410112115,0.16800286329201064,0.17793230951445382,0.4693121353190126,S004,S052,3.0,6.0,3.0,1.0,1.0,0.0,5.0,5.0,0.0,12.103501331638366,10.42158976665232,1.6819115649860468,0.4219192274182184,2.4586690322034204,4.562499824607685,2.1038307924042647,0.36846371329605376,0.5355691066817989,0.16710539338574515,0.2630725734078924,0.07113821336359803,0.19193436004429437,0.16883946353960763,0.30448962526685125,0.13565016172724362,1.203137006791291,1.4377930744507972,0.2346560676595062
5,54,MP_tot_PEEP_Jmin,compliance_dominant,resistance_dominant,16.007333862246934,15.749248848058748,0.016122923180660075,2.5330070824087807,2.2749220682205955,0.14075997925206402,0.1844056781220076,0.36180561223767704,1.376500549066427,S005,S054,3.0,9.0,6.0,1.4,0.6,0.7999999999999999,5.0,5.0,0.0,13.4507760902722,8.384761925454638,5.066014164817561,0.2580850141881861,2.5565577719747328,7.364486922604112,4.807929150629379,0.37647690887123514,0.5451759732452676,0.16869906437403243,0.24704618225752975,0.09035194649053518,0.15669423576699457,0.15971165429393194,0.4676087725613567,0.3078971182674247,1.1900676774943622,1.878317952027576,0.6882502745332137
5,94,MP_tot_PEEP_Jmin,compliance_dominant,mixed,16.007333862246934,16.096894097732676,0.005594950180739853,0.005337066828719372,0.0948973023144557,0.0785476655852938,0.039273832792646846,0.007902071393345922,0.01521761922146414,S005,S094,3.0,3.0,0.0,1.4,1.0,0.3999999999999999,5.0,5.0,0.0,13.4507760902722,13.440101956614761,0.010674133657438745,0.08956023548574166,2.5565577719747328,2.65679214111791,0.1002343691431773,0.37647690887123514,0.33333333333333326,0.04314357553790188,0.24704618225752975,0.33333333333333326,0.08628715107580351,0.15971165429393194,0.165049985729367,0.005338331435435051,1.1900676774943622,1.1976764871050947,0.007608809610732514
5,138,MP_tot_PEEP_Jmin,compliance_dominant,severe_mixed,16.007333862246934,15.475128139129005,0.033247618104169666,0.37288982151403083,0.1593159016039003,0.15871961992360495,0.07935980996180242,0.028221558984139805,0.05593429735434885,S005,S138,3.0,3.0,0.0,1.4,0.6,0.7999999999999999,5.0,5.0,0.0,13.4507760902722,12.704996447244138,0.7457796430280617,0.5322057231179294,2.5565577719747328,2.7701316918848637,0.21357391991013097,0.37647690887123514,0.291804331732377,0.08467257713885812,0.24704618225752975,0.41639133653524596,0.1693451542777162,0.15971165429393194,0.17900541223180957,0.01929375793787763,1.1900676774943622,1.2180348261715366,0.027967148677174425
6,53,MP_tot_PEEP_Jmin,compliance_dominant,resistance_dominant,16.835084301733144,17.32782283025527,0.029268551299823205,0.5631194499129766,0.07038092139084817,0.153569114949495,0.16175223045018344,0.05385827578978769,0.190817584448969,S006,S053,6.0,6.0,0.0,0.6,1.4,0.7999999999999999,5.0,5.0,0.0,11.298335729281964,12.424574629107918,1.1262388998259532,0.49273852852212485,5.536748572451176,4.90324820114735,0.6335003713038256,0.3714556510193533,0.5470596716225854,0.1756040206032321,0.25708869796129324,0.09411934324517085,0.1629693547161224,0.328881547203252,0.282969663827935,0.04591188337531704,1.4900499246186811,1.3946411323941963,0.09540879222448484
6,94,MP_tot_PEEP_Jmin,compliance_dominant,mixed,16.835084301733144,16.096894097732676,0.043848322394469515,1.0708831136663983,1.8090733176668685,0.09479654540840246,0.047398272704201105,0.21163950467385562,0.5847468750271734,S006,S094,6.0,3.0,3.0,0.6,1.0,0.4,5.0,5.0,0.0,11.298335729281964,13.440101956614761,2.1417662273327966,0.7381902040004675,5.536748572451176,2.65679214111791,2.8799564313332655,0.3714556510193533,0.33333333333333326,0.038122317686020035,0.25708869796129324,0.33333333333333326,0.07624463537204001,0.328881547203252,0.165049985729367,0.16383156147388503,1.4900499246186811,1.1976764871050947,0.29237343751358646
7,9,MP_tot_PEEP_Jmin,compliance_dominant,compliance_dominant,21.943163705688846,22.912385627495162,0.0441696527814283,1.3919714459544394,2.361193367760757,0.04114501547262969,0.020572507736314805,0.158915880512138,0.7975465819376555,S007,S009,6.0,9.0,3.0,1.0,0.6,0.4,5.0,5.0,0.0,15.255890308386853,12.471947416477974,2.783942891908879,0.9692219218063158,6.687273397301988,10.440438211017186,3.7531648137151983,0.3657182521383937,0.3747367126327906,0.009018460494396918,0.2685634957232124,0.25052657473441853,0.018036920988793892,0.3047542955516614,0.4556678811519532,0.15091358560029183,1.438340422100813,1.8371137130696407,0.39877329096882774
7,55,MP_tot_PEEP_Jmin,compliance_dominant,resistance_dominant,21.943163705688846,21.222511729675276,0.03284175361763075,1.3522392168352688,0.6315872408217036,0.19816515888601827,0.17003499000886824,0.11298628436352598,0.50501229781471,S007,S055,6.0,9.0,3.0,1.0,1.0,0.0,5.0,5.0,0.0,15.255890308386853,12.551411874716315,2.7044784336705376,0.7206519760135706,6.687273397301988,8.671099854958962,1.9838264576569742,0.3657182521383937,0.5348533304400352,0.16913507830164154,0.2685634957232124,0.06970666088007026,0.19885683484314215,0.3047542955516614,0.4085802833052145,0.10382598775355312,1.438340422100813,1.6908465710081675,0.25250614890735457
7,57,MP_tot_PEEP_Jmin,compliance_dominant,resistance_dominant,21.943163705688846,20.963407277332347,0.04464973426336392,3.065094795644387,2.085338367287891,0.14590414279431924,0.1961654980547176,0.25464251960521456,1.7176857534350747,S007,S057,6.0,12.0,6.0,1.0,0.6,0.4,5.0,5.0,0.0,15.255890308386853,9.125700717098079,6.130189591288774,0.9797564283564988,6.687273397301988,11.837706560234263,5.150433162932275,0.3657182521383937,0.5492229331264358,0.18350468098804207,0.2685634957232124,0.09844586625287159,0.17011762947034081,0.3047542955516614,0.5646842807387676,0.25992998518710625,1.438340422100813,2.29718329881835,0.8588428767175371
7,63,MP_tot_PEEP_Jmin,compliance_dominant,resistance_dominant,21.943163705688846,21.98391445815485,0.0018571047006972184,5.436884738498632,1.1362809603134068,0.1785141105329897,0.1798605141853824,0.3126823386762388,0.694001877944914,S007,S063,6.0,3.0,3.0,1.0,0.6,0.4,5.0,10.0,5.0,15.255890308386853,19.597244839038087,4.341354530651234,0.04075075246600335,6.687273397301988,2.386669619116762,4.300603778185226,0.3657182521383937,0.5436994000084219,0.17798114787002817,0.2685634957232124,0.08739880001684386,0.18116469570636856,0.3047542955516614,0.1085643607129046,0.1961899348387568,1.438340422100813,1.121785977504474,0.31655444459633886
7,141,MP_tot_PEEP_Jmin,compliance_dominant,severe_mixed,21.943163705688846,21.429121284128843,0.023426085155931066,0.6576716771511659,0.14362925559116135,0.14178543099212604,0.07089271549606296,0.05077896579152552,0.197677910115428,S007,S141,6.0,6.0,0.0,1.0,0.6,0.4,5.0,5.0,0.0,15.255890308386853,13.940546954084521,1.3153433543023318,0.5140424215600028,6.687273397301988,7.488574330044317,0.801300932742329,0.3657182521383937,0.29182191450367734,0.07389633763471637,0.2685634957232124,0.4163561709926453,0.1477926752694329,0.3047542955516614,0.349457835006544,0.04470353945488259,1.438340422100813,1.537179377158527,0.098838955057714
8,56,MP_tot_PEEP_Jmin,compliance_dominant,resistance_dominant,25.176292593056747,25.094825890326852,0.003235849854730472,1.197275328627403,1.1158086258975004,0.1698638374723221,0.1706731303626352,0.1048353492305878,0.4213192026880386,S008,S056,6.0,9.0,3.0,1.4,1.4,0.0,5.0,5.0,0.0,17.950439825654527,15.555889168399721,2.394550657254806,0.08146670272989454,7.225852767402225,9.538936721927126,2.3130839545249007,0.3765190221084439,0.5471910143288715,0.17067199222042762,0.2469619557831123,0.0943820286577433,0.152579927125369,0.28701019980181713,0.38011567657873413,0.093105476776917,1.4025446082426978,1.6132042095867174,0.21065960134401962
8,64,MP_tot_PEEP_Jmin,compliance_dominant,resistance_dominant,25.176292593056747,24.415719520229185,0.030209891707300724,5.478493296285363,0.9877902354433878,0.17458627636928842,0.16831191091415199,0.28688739682207987,0.6158541274125187,S008,S064,6.0,3.0,3.0,1.4,1.0,0.3999999999999999,5.0,10.0,5.0,17.950439825654527,21.680569813668942,3.730129988014415,0.7605730728275617,7.225852767402225,2.7351497065602457,4.490703060841979,0.3765190221084439,0.541337645272174,0.16481862316373008,0.2469619557831123,0.08267529054434782,0.1642866652387645,0.28701019980181713,0.11202412872961162,0.1749860710722055,1.4025446082426978,1.1261567260485845,0.27638788219411325
8,65,MP_tot_PEEP_Jmin,compliance_dominant,resistance_dominant,25.176292593056747,25.9019922414519,0.02882472253262939,6.479985727513169,1.973316741052198,0.16724458361904737,0.1719827572892726,0.2963945233295847,0.6291495464337875,S008,S065,6.0,3.0,3.0,1.4,1.4,0.0,5.0,10.0,5.0,17.950439825654527,23.18280846051065,5.2323686348561225,0.7256996483951532,7.225852767402225,2.719183780941253,4.506668986460972,0.3765190221084439,0.5460740143494351,0.16955499224099124,0.2469619557831123,0.09214802869887022,0.15481392708424208,0.28701019980181713,0.10497971567567858,0.18203048412613854,1.4025446082426978,1.1172931133677388,0.28525149487495893
8,97,MP_tot_PEEP_Jmin,compliance_dominant,mixed,25.176292593056747,24.075046430493487,0.04374139514357916,0.5942860754505901,0.5069600871126703,0.07772828423453704,0.03886414211726852,0.01997154290261044,0.06750790665682072,S008,S097,6.0,6.0,0.0,1.4,1.0,0.3999999999999999,5.0,5.0,0.0,17.950439825654527,16.761867674753347,1.1885721509011802,1.1012461625632604,7.225852767402225,7.313178755740147,0.0873259883379216,0.3765190221084439,0.3333333333333333,0.04318568877511059,0.2469619557831123,0.3333333333333333,0.086371377550221,0.28701019980181713,0.30376592530584967,0.016755725504032537,1.4025446082426978,1.4362985615711081,0.03375395332841036
8,99,MP_tot_PEEP_Jmin,compliance_dominant,mixed,25.176292593056747,25.75833620586701,0.023118718161497003,2.528855261180315,3.1108988739905747,0.07772828423453698,0.038864142117268574,0.22018776004782104,1.19070338877564,S008,S099,6.0,9.0,3.0,1.4,0.6,0.7999999999999999,5.0,5.0,0.0,17.950439825654527,12.892729303293898,5.05771052236063,0.5820436128102635,7.225852767402225,12.865606902573118,5.639754135170893,0.3765190221084439,0.3333333333333333,0.04318568877511059,0.2469619557831123,0.3333333333333333,0.086371377550221,0.28701019980181713,0.49947352188231403,0.2124633220804969,1.4025446082426978,1.9978963026305179,0.5953516943878201
9,63,MP_tot_PEEP_Jmin,compliance_dominant,resistance_dominant,22.912385627495162,21.98391445815485,0.040522675570986155,6.8288561844530715,1.2249124074473503,0.13736909506036002,0.1592880064490676,0.4715982191883768,1.4915484598825695,S009,S063,9.0,3.0,6.0,0.6,0.6,0.0,5.0,10.0,5.0,12.471947416477974,19.597244839038087,7.125297422560113,0.9284711693403125,10.440438211017186,2.386669619116762,8.053768591900425,0.3747367126327906,0.5436994000084219,0.16896268737563125,0.25052657473441853,0.08739880001684386,0.16312777471757467,0.4556678811519532,0.1085643607129046,0.34710352043904863,1.8371137130696407,1.121785977504474,0.7153277355651666
10,12,MP_tot_PEEP_Jmin,compliance_dominant,compliance_dominant,31.094092380431018,30.413230521484156,0.02189682369939059,2.381360090730664,1.7004982317837936,0.049617372833376805,0.02480868641668832,0.13125540153880844,1.0793286712363823,S010,S012,9.0,12.0,3.0,1.0,0.6,0.4,5.0,5.0,0.0,18.40827928513533,13.645559103674001,4.762720181461328,0.6808618589468622,12.685813095295693,16.76767141781015,4.0818583225144565,0.36505105021374445,0.37857155704150697,0.013520506827762513,0.26989789957251126,0.24285688591698584,0.027041013655525414,0.4079814564158005,0.551328192707622,0.14334673629182149,1.6891362793229387,2.2288006149411306,0.5396643356181918
10,18,MP_tot_PEEP_Jmin,compliance_dominant,compliance_dominant,31.094092380431018,32.01518781557444,0.029622843589514565,9.871696754408134,0.5873168792231809,0.01844787576196366,0.009223937880981803,0.4281990597362768,1.1999614665749694,S010,S018,9.0,3.0,6.0,1.0,0.6,0.4,5.0,10.0,5.0,18.40827928513533,28.613754595463693,10.205475310328364,0.9210954351434246,12.685813095295693,3.4014332201107447,9.284379875184948,0.36505105021374445,0.373342838704843,0.008291788491098573,0.26989789957251126,0.2533143225903138,0.01658357698219748,0.4079814564158005,0.10624436251022235,0.3017370939055782,1.6891362793229387,1.118874061380606,0.5702622179423327
10,67,MP_tot_PEEP_Jmin,compliance_dominant,resistance_dominant,31.094092380431018,31.563835800917047,0.015107159737573208,7.379395674608954,1.3821154044653774,0.19427639150777293,0.17159856739801915,0.2921207119393753,0.974948858528426,S010,S067,9.0,6.0,3.0,1.0,1.0,0.0,5.0,10.0,5.0,18.40827928513533,24.875302975764935,6.467023690629606,0.46974342048602935,12.685813095295693,6.688532825152115,5.997280270143578,0.36505105021374445,0.5380363649468707,0.17298531473312623,0.26989789957251126,0.07607272989374156,0.1938251696787697,0.4079814564158005,0.21190494296506854,0.196076513450732,1.6891362793229387,1.2688824667449679,0.4202538125779709
10,69,MP_tot_PEEP_Jmin,compliance_dominant,resistance_dominant,31.094092380431018,32.007656066461955,0.029380619149568285,5.342567833411325,2.844349590609095,0.17142547938528607,0.1830240234592626,0.167645517242416,0.6779357388317542,S010,S069,9.0,9.0,0.0,1.0,0.6,0.4,5.0,10.0,5.0,18.40827928513533,21.820061213968483,3.411781928833154,0.9135636860309369,12.685813095295693,10.187594852493465,2.4982182428022277,0.36505105021374445,0.5438008979700626,0.17874984775631814,0.26989789957251126,0.08760179594012525,0.18229610363238602,0.4079814564158005,0.31828618850876,0.08969526790704052,1.6891362793229387,1.466891213209416,0.22224506611352268
10,105,MP_tot_PEEP_Jmin,compliance_dominant,mixed,31.094092380431018,30.355008715428696,0.023769263175774918,11.032532834384796,1.653280260910897,0.06459657018142784,0.03229828509071381,0.5795267466865227,1.378272558645878,S010,S105,9.0,0.0,9.0,1.0,0.6,0.4,5.0,10.0,5.0,18.40827928513533,30.355008715428696,11.946729430293367,0.7390836650023225,12.685813095295693,0.0,12.685813095295693,0.36505105021374445,0.33333333333333326,0.031717716880411195,0.26989789957251126,0.33333333333333326,0.063435433760822,0.4079814564158005,0.0,0.4079814564158005,1.6891362793229387,1.0,0.6891362793229387
10,106,MP_tot_PEEP_Jmin,compliance_dominant,mixed,31.094092380431018,30.355008715428696,0.023769263175774918,11.032532834384796,1.653280260910897,0.06459657018142784,0.03229828509071381,0.5795267466865227,1.378272558645878,S010,S106,9.0,0.0,9.0,1.0,1.0,0.0,5.0,10.0,5.0,18.40827928513533,30.355008715428696,11.946729430293367,0.7390836650023225,12.685813095295693,0.0,12.685813095295693,0.36505105021374445,0.33333333333333326,0.031717716880411195,0.26989789957251126,0.33333333333333326,0.063435433760822,0.4079814564158005,0.0,0.4079814564158005,1.6891362793229387,1.0,0.6891362793229387
10,107,MP_tot_PEEP_Jmin,compliance_dominant,mixed,31.094092380431018,30.355008715428696,0.023769263175774918,11.032532834384796,1.653280260910897,0.06459657018142784,0.03229828509071381,0.5795267466865227,1.378272558645878,S010,S107,9.0,0.0,9.0,1.0,1.4,0.3999999999999999,5.0,10.0,5.0,18.40827928513533,30.355008715428696,11.946729430293367,0.7390836650023225,12.685813095295693,0.0,12.685813095295693,0.36505105021374445,0.33333333333333326,0.031717716880411195,0.26989789957251126,0.33333333333333326,0.063435433760822,0.4079814564158005,0.0,0.4079814564158005,1.6891362793229387,1.0,0.6891362793229387
10,143,MP_tot_PEEP_Jmin,compliance_dominant,severe_mixed,31.094092380431018,32.30689098018161,0.039004148598782276,2.444650742893849,1.2318521431432607,0.14747303566044917,0.0737365178302245,0.1434116175172307,0.6048609072092774,S010,S143,9.0,6.0,3.0,1.0,1.4,0.3999999999999999,5.0,5.0,0.0,18.40827928513533,23.297580770923027,4.889301485787698,1.2127985997505952,12.685813095295693,9.009310209258583,3.6765028860371096,0.36505105021374445,0.2934158249170065,0.07163522529673794,0.26989789957251126,0.41316835016598685,0.1432704505934756,0.4079814564158005,0.2788665184398359,0.12911493797596463,1.6891362793229387,1.3867058257183005,0.30243045360463827
11,19,MP_tot_PEEP_Jmin,compliance_dominant,compliance_dominant,36.45798854731932,35.614290927751654,0.02314163927262792,9.829561906009836,0.1459526823133679,0.004441165092244681,0.002220582546122285,0.39440731352010605,1.056393165409933,S011,S019,9.0,3.0,6.0,1.4,1.0,0.3999999999999999,5.0,10.0,5.0,22.45010356103684,31.581920529792388,9.131816968755547,0.8436976195676635,14.007884986282475,4.03237039795927,9.975514588323204,0.3766434677412843,0.37111922681598436,0.005524240925299961,0.2467130645174313,0.25776154636803134,0.011048481850600034,0.38421990747244467,0.11322338007906635,0.2709965273933783,1.623956363862561,1.1276797082101255,0.4962766556524354
11,20,MP_tot_PEEP_Jmin,compliance_dominant,compliance_dominant,36.45798854731932,37.65957959996624,0.03295823770111081,11.17683666464368,1.2256986105842955,0.002469459204565816,0.0012347296022830467,0.40181875404126544,1.0668232208224486,S011,S020,9.0,3.0,6.0,1.4,1.4,0.0,5.0,10.0,5.0,22.45010356103684,33.60283266774315,11.15272910670631,1.2015910526469256,14.007884986282475,4.05674693222309,9.951138054059385,0.3766434677412843,0.3755858411905969,0.0010576265506874183,0.2467130645174313,0.24882831761880625,0.0021152531013749476,0.38421990747244467,0.10772151402950676,0.2764983934429379,1.623956363862561,1.1207263379351153,0.5032300259274456
11,68,MP_tot_PEEP_Jmin,compliance_dominant,resistance_dominant,36.45798854731932,34.77419077813491,0.046184604150582384,7.361468399113807,0.2479939215178959,0.16903885684182712,0.17035716938978662,0.2845714948220317,0.8769766707303481,S011,S068,9.0,6.0,3.0,1.4,1.4,0.0,5.0,10.0,5.0,22.45010356103684,27.87978026944834,5.429676708411499,1.6837977691844088,14.007884986282475,6.894410508686567,7.113474477595908,0.3766434677412843,0.5455144109200091,0.16887094317872475,0.2467130645174313,0.09102882184001833,0.155684242677413,0.38421990747244467,0.19826228459704634,0.18595762287539833,1.623956363862561,1.2472907046631823,0.37666565919937867
11,75,MP_tot_PEEP_Jmin,compliance_dominant,resistance_dominant,36.45798854731932,36.971673303145884,0.014089772263761857,16.503703196841,2.495818210558525,0.1601643130285827,0.17479444129640875,0.5551428720224402,1.2479127277251214,S011,S075,9.0,0.0,9.0,1.4,0.6,0.7999999999999999,5.0,15.0,10.0,22.45010356103684,36.971673303145884,14.521569742109044,0.5136847558265671,14.007884986282475,0.0,14.007884986282475,0.3766434677412843,0.5473561423910588,0.17071267464977447,0.2467130645174313,0.09471228478211735,0.15200077973531395,0.38421990747244467,0.0,0.38421990747244467,1.623956363862561,1.0,0.6239563638625609
11,76,MP_tot_PEEP_Jmin,compliance_dominant,resistance_dominant,36.45798854731932,36.971673303145884,0.014089772263761857,16.503703196841,2.495818210558525,0.1601643130285827,0.17479444129640875,0.5551428720224402,1.2479127277251214,S011,S076,9.0,0.0,9.0,1.4,1.0,0.3999999999999999,5.0,15.0,10.0,22.45010356103684,36.971673303145884,14.521569742109044,0.5136847558265671,14.007884986282475,0.0,14.007884986282475,0.3766434677412843,0.5473561423910588,0.17071267464977447,0.2467130645174313,0.09471228478211735,0.15200077973531395,0.38421990747244467,0.0,0.38421990747244467,1.623956363862561,1.0,0.6239563638625609
11,77,MP_tot_PEEP_Jmin,compliance_dominant,resistance_dominant,36.45798854731932,36.971673303145884,0.014089772263761857,16.503703196841,2.495818210558525,0.1601643130285827,0.17479444129640875,0.5551428720224402,1.2479127277251214,S011,S077,9.0,0.0,9.0,1.4,1.4,0.0,5.0,15.0,10.0,22.45010356103684,36.971673303145884,14.521569742109044,0.5136847558265671,14.007884986282475,0.0,14.007884986282475,0.3766434677412843,0.5473561423910588,0.17071267464977447,0.2467130645174313,0.09471228478211735,0.15200077973531395,0.38421990747244467,0.0,0.38421990747244467,1.623956363862561,1.0,0.6239563638625609
11,108,MP_tot_PEEP_Jmin,compliance_dominant,mixed,36.45798854731932,35.85792330220579,0.016459088090795077,9.936418384706553,0.04425145279241249,0.07845673552263321,0.03922836776131661,0.3923194591248741,1.0534216067286337,S011,S108,9.0,3.0,6.0,1.4,0.6,0.7999999999999999,5.0,10.0,5.0,22.45010356103684,31.74220524783746,9.29210168680062,0.6000652451135267,14.007884986282475,4.115718054368333,9.892166931914142,0.3766434677412843,0.33333333333333337,0.04331013440795095,0.2467130645174313,0.33333333333333337,0.08662026881590207,0.38421990747244467,0.11477848339630856,0.26944142407613614,1.623956363862561,1.1296607473309916,0.4942956165315693
12,67,MP_tot_PEEP_Jmin,compliance_dominant,resistance_dominant,30.413230521484156,31.563835800917047,0.037832392669371134,9.760755765339617,0.31838282731841616,0.14465901867439612,0.14678988098133083,0.4233761134781837,2.0542775297648084,S012,S067,12.0,6.0,6.0,0.6,1.0,0.4,5.0,10.0,5.0,13.645559103674001,24.875302975764935,11.229743872090934,1.1506052794328916,16.76767141781015,6.688532825152115,10.079138592658033,0.37857155704150697,0.5380363649468707,0.15946480790536371,0.24285688591698584,0.07607272989374156,0.16678415602324428,0.551328192707622,0.21190494296506854,0.33942324974255345,2.2288006149411306,1.2688824667449679,0.9599181481961627
12,105,MP_tot_PEEP_Jmin,compliance_dominant,mixed,30.413230521484156,30.355008715428696,0.0019143578323365508,13.413892925115459,3.3537784926946905,0.11421394301480464,0.05710697150740213,0.7107821482253311,2.4576012298822603,S012,S105,12.0,0.0,12.0,0.6,0.6,0.0,5.0,10.0,5.0,13.645559103674001,30.355008715428696,16.709449611754692,0.058221806055460235,16.76767141781015,0.0,16.76767141781015,0.37857155704150697,0.33333333333333326,0.04523822370817371,0.24285688591698584,0.33333333333333326,0.09047644741634742,0.551328192707622,0.0,0.551328192707622,2.2288006149411306,1.0,1.2288006149411306
12,106,MP_tot_PEEP_Jmin,compliance_dominant,mixed,30.413230521484156,30.355008715428696,0.0019143578323365508,13.413892925115459,3.3537784926946905,0.11421394301480464,0.05710697150740213,0.7107821482253311,2.4576012298822603,S012,S106,12.0,0.0,12.0,0.6,1.0,0.4,5.0,10.0,5.0,13.645559103674001,30.355008715428696,16.709449611754692,0.058221806055460235,16.76767141781015,0.0,16.76767141781015,0.37857155704150697,0.33333333333333326,0.04523822370817371,0.24285688591698584,0.33333333333333326,0.09047644741634742,0.551328192707622,0.0,0.551328192707622,2.2288006149411306,1.0,1.2288006149411306
12,107,MP_tot_PEEP_Jmin,compliance_dominant,mixed,30.413230521484156,30.355008715428696,0.0019143578323365508,13.413892925115459,3.3537784926946905,0.11421394301480464,0.05710697150740213,0.7107821482253311,2.4576012298822603,S012,S107,12.0,0.0,12.0,0.6,1.4,0.7999999999999999,5.0,10.0,5.0,13.645559103674001,30.355008715428696,16.709449611754692,0.058221806055460235,16.76767141781015,0.0,16.76767141781015,0.37857155704150697,0.33333333333333326,0.04523822370817371,0.24285688591698584,0.33333333333333326,0.09047644741634742,0.551328192707622,0.0,0.551328192707622,2.2288006149411306,1.0,1.2288006149411306
12,144,MP_tot_PEEP_Jmin,compliance_dominant,severe_mixed,30.413230521484156,29.331425375403256,0.03557021492066433,0.7652691786254451,1.847074324706341,0.1887624712225573,0.09438123561127865,0.059764224669654475,0.5921245550091294,S012,S144,12.0,9.0,3.0,0.6,0.6,0.0,5.0,5.0,0.0,13.645559103674001,15.176097460924892,1.5305383572508902,1.0818051460808995,16.76767141781015,14.155327914478361,2.612343503331788,0.37857155704150697,0.29272740614312176,0.08584415089838521,0.24285688591698584,0.4145451877137564,0.17168830179677058,0.551328192707622,0.48259938728885415,0.06872880541876786,2.2288006149411306,1.9327383374365654,0.29606227750456515
13,70,MP_tot_PEEP_Jmin,compliance_dominant,resistance_dominant,42.01495638806837,39.930185493636564,0.049619732439466484,7.933023294298721,0.6611154761102291,0.1957587997249063,0.1694414451830224,0.26693702818077186,1.2635906390095755,S013,S070,12.0,9.0,3.0,1.0,1.0,0.0,5.0,10.0,5.0,21.56066826188382,28.070036137860953,6.509367875977134,2.0847708944318057,20.45428812618455,11.860149355775608,8.594138770408943,0.3651884826550315,0.5362951879621178,0.17110670530708633,0.26962303468993704,0.07259037592423558,0.19703265876570147,0.4868334965591745,0.29702214525564097,0.18981135130353355,1.9486852576988447,1.4225199175920762,0.5261653401067685
13,78,MP_tot_PEEP_Jmin,compliance_dominant,resistance_dominant,42.01495638806837,41.781256482179295,0.00556230271264646,18.059829033882654,0.93324650344465,0.17622894922522364,0.17920637043286358,0.5514113468806425,1.7819860920597093,S013,S078,12.0,3.0,9.0,1.0,0.6,0.4,5.0,15.0,10.0,21.56066826188382,38.45355088643275,16.892882624548932,0.2336999058890754,20.45428812618455,3.327705595746544,17.126582530438007,0.3651884826550315,0.5447981568535765,0.17960967419854496,0.26962303468993704,0.08959631370715286,0.18002672098278416,0.4868334965591745,0.07964589569406295,0.4071876008651116,1.9486852576988447,1.086538317503485,0.8621469401953596
13,101,MP_tot_PEEP_Jmin,compliance_dominant,mixed,42.01495638806837,41.194989700003134,0.019516066623791482,2.2121780327019884,3.0321447207672314,0.06601248828785783,0.03300624414392894,0.11554637600159179,0.7266988869133697,S013,S101,12.0,9.0,3.0,1.0,1.4,0.3999999999999999,5.0,5.0,0.0,21.56066826188382,25.985024327287796,4.424356065403977,0.8199666880652359,20.45428812618455,15.209965372715338,5.244322753469213,0.3651884826550315,0.3333333333333333,0.031855149321698195,0.26962303468993704,0.3333333333333333,0.06371029864339628,0.4868334965591745,0.3692188172270421,0.11761467933213243,1.9486852576988447,1.5853358142421599,0.36334944345668485
13,110,MP_tot_PEEP_Jmin,compliance_dominant,mixed,42.01495638806837,42.43321464881269,0.009954985002985646,14.74523437561438,1.564191861591926,0.06601248828785788,0.03300624414392889,0.515162745619919,1.7349897289359255,S013,S110,12.0,3.0,9.0,1.0,1.4,0.3999999999999999,5.0,10.0,5.0,21.56066826188382,38.28835275983443,16.727684497950612,0.4182582607443166,20.45428812618455,4.14486188897825,16.309426237206303,0.3651884826550315,0.33333333333333337,0.03185514932169814,0.26962303468993704,0.33333333333333337,0.06371029864339633,0.4868334965591745,0.09767965786429585,0.3891538386948787,1.9486852576988447,1.1082538576411762,0.8404314000576685
13,111,MP_tot_PEEP_Jmin,compliance_dominant,mixed,42.01495638806837,43.14537917458853,0.02690524717148535,11.305933722555658,0.8676229907132722,0.06601248828785794,0.03300624414392883,0.3428570736195204,1.4438770840592643,S013,S111,12.0,6.0,6.0,1.0,0.6,0.4,5.0,10.0,5.0,21.56066826188382,33.129401780246354,11.568733518362535,1.1304227865201568,20.45428812618455,10.015977394342173,10.438310731842378,0.3651884826550315,0.3333333333333333,0.031855149321698195,0.26962303468993704,0.3333333333333333,0.06371029864339628,0.4868334965591745,0.23214484577392044,0.25468865078525404,1.9486852576988447,1.302328954225617,0.6463563034732278
13,153,MP_tot_PEEP_Jmin,compliance_dominant,severe_mixed,42.01495638806837,40.82777149210426,0.028256244871439438,13.39410825670598,2.4940719588461526,0.14634873893355838,0.07317436946677908,0.4959861043212861,1.7084888925079924,S013,S153,12.0,3.0,9.0,1.0,0.6,0.4,5.0,10.0,5.0,21.56066826188382,36.261663581471836,14.700995319588017,1.1871848959641085,20.45428812618455,4.566107910632431,15.888180215552119,0.3651884826550315,0.29275761727643645,0.07243086537859506,0.26962303468993704,0.41448476544712703,0.14486173075719,0.4868334965591745,0.11183828418152769,0.3749952123776468,1.9486852576988447,1.1259210819264651,0.8227641757723796
14,23,MP_tot_PEEP_Jmin,compliance_dominant,compliance_dominant,49.852421725034624,50.578559358715545,0.014565744422327085,13.42666853233482,0.7502451916182835,0.000905538819470697,0.00045276940973526525,0.3541489225445752,1.3195197237887886,S014,S023,12.0,6.0,6.0,1.4,1.4,0.0,5.0,10.0,5.0,26.94976729641916,40.3523282708166,13.402560974397439,0.7261376336809207,22.902654428615474,10.226231087898931,12.676423340716543,0.37677852789121025,0.375056593902085,0.001721933989125235,0.24644294421757965,0.2498868121958297,0.0034438679782500536,0.4594090645172076,0.20218510012062607,0.2572239643965815,1.8498275393887562,1.253423569992483,0.5964039693962733
14,73,MP_tot_PEEP_Jmin,compliance_dominant,resistance_dominant,49.852421725034624,49.5147685983877,0.006773053644400314,7.368295885095058,2.715640754910325,0.1833361576871188,0.1622120500850095,0.16274896792717636,0.8240689298759185,S014,S073,12.0,12.0,0.0,1.4,1.0,0.3999999999999999,5.0,10.0,5.0,26.94976729641916,31.26476929995695,4.3150020035377885,0.33765312664692715,22.902654428615474,18.24999929843074,4.652655130184733,0.37677852789121025,0.5354518143354543,0.15867328644424405,0.24644294421757965,0.07090362867090866,0.175539315546671,0.4594090645172076,0.36857688756370355,0.09083217695350404,1.8498275393887562,1.58372409926773,0.26610344012102627
14,81,MP_tot_PEEP_Jmin,compliance_dominant,resistance_dominant,49.852421725034624,47.60003499292712,0.04518108958739735,16.476687704080156,1.2386397986721605,0.16310244726943943,0.17232890529384925,0.4258240606807042,1.4437550983372034,S014,S081,12.0,6.0,6.0,1.4,0.6,0.7999999999999999,5.0,15.0,10.0,26.94976729641916,39.93542846971964,12.985661173300478,2.252386732107503,22.902654428615474,7.6646065232074845,15.238047905407988,0.37677852789121025,0.5437575343617088,0.16697900647049857,0.24644294421757965,0.08751506872341747,0.15892787549416218,0.4594090645172076,0.16102102707164745,0.29838803744556014,1.8498275393887562,1.1919249853302323,0.6579025540585239
14,112,MP_tot_PEEP_Jmin,compliance_dominant,mixed,49.852421725034624,50.94747443431593,0.021965887942639244,13.405320265019942,1.1298344008761063,0.0794532044047645,0.03972660220238211,0.3462468511512293,1.3043021045673244,S014,S112,12.0,6.0,6.0,1.4,1.0,0.3999999999999999,5.0,10.0,5.0,26.94976729641916,40.32030586984429,13.37053857342513,1.0950527092813047,22.902654428615474,10.62716856447164,12.275485864143834,0.37677852789121025,0.33333333333333326,0.04344519455787699,0.24644294421757965,0.33333333333333326,0.08689038911575361,0.4594090645172076,0.20859068447392276,0.2508183800432848,1.8498275393887562,1.263568649473459,0.5862588899152972
14,114,MP_tot_PEEP_Jmin,compliance_dominant,mixed,49.852421725034624,52.2173763325768,0.04743911179653994,9.53618189356061,4.33430548486664,0.0794532044047645,0.03972660220238211,0.194800278523322,0.930426118571795,S014,S114,12.0,9.0,3.0,1.4,0.6,0.7999999999999999,5.0,10.0,5.0,26.94976729641916,34.51659831265528,7.566831016236122,2.364954607542174,22.902654428615474,17.700778019921504,5.20187640869397,0.37677852789121025,0.3333333333333333,0.04344519455787693,0.24644294421757965,0.3333333333333333,0.08689038911575367,0.4594090645172076,0.33898252388599115,0.12042654063121644,1.8498275393887562,1.512819306803812,0.33700823258494417
14,155,MP_tot_PEEP_Jmin,compliance_dominant,severe_mixed,49.852421725034624,48.20074019443028,0.03313142016880014,15.378075647857568,2.603277530428336,0.16045828706180976,0.08022914353090477,0.4838707179543298,1.52909020881631,S014,S155,12.0,3.0,9.0,1.4,1.4,0.0,5.0,10.0,5.0,26.94976729641916,43.279438944100725,16.329671647681565,1.6516815306043426,22.902654428615474,4.9213012503295674,17.981353178285907,0.37677852789121025,0.2934478770633482,0.08333065082786206,0.24644294421757965,0.41310424587330385,0.1666613016557242,0.4594090645172076,0.10210011776744948,0.3573089467497581,1.8498275393887562,1.1137099133074682,0.7361176260812881
14,156,MP_tot_PEEP_Jmin,compliance_dominant,severe_mixed,49.852421725034624,49.19551610927187,0.01317700510891874,11.935109246278696,0.11298158520268231,0.15962515874307565,0.07981257937153768,0.3259273635604354,1.2635854264344397,S014,S156,12.0,6.0,6.0,1.4,0.6,0.7999999999999999,5.0,10.0,5.0,26.94976729641916,38.114989341732425,11.165222045313264,0.6569056157627529,22.902654428615474,11.080526767539455,11.822127661076019,0.37677852789121025,0.29233950968725864,0.08443901820395161,0.24644294421757965,0.41532098062548284,0.1688780364079032,0.4594090645172076,0.22523448565775103,0.23417457885945656,1.8498275393887562,1.2907131015620483,0.5591144378267079
15,16,MP_tot_PEEP_Jmin,compliance_dominant,compliance_dominant,26.8533370646697,26.8533370646697,0.0,0.0,0.0,0.0,0.0,0.0,0.0,S015,S016,0.0,0.0,0.0,0.6,1.0,0.4,10.0,10.0,0.0,26.8533370646697,26.8533370646697,0.0,0.0,0.0,0.0,0.0,0.3767999565234179,0.3767999565234179,0.0,0.2464000869531641,0.2464000869531641,0.0,0.0,0.0,0.0,1.0,1.0,0.0
15,17,MP_tot_PEEP_Jmin,compliance_dominant,compliance_dominant,26.8533370646697,26.8533370646697,0.0,0.0,0.0,0.0,0.0,0.0,0.0,S015,S017,0.0,0.0,0.0,0.6,1.4,0.7999999999999999,10.0,10.0,0.0,26.8533370646697,26.8533370646697,0.0,0.0,0.0,0.0,0.0,0.3767999565234179,0.3767999565234179,0.0,0.2464000869531641,0.2464000869531641,0.0,0.0,0.0,0.0,1.0,1.0,0.0
15,65,MP_tot_PEEP_Jmin,compliance_dominant,resistance_dominant,26.8533370646697,25.9019922414519,0.03542743387634532,2.4470190694393654,0.2721647115018868,0.15803962147341505,0.1673802762164564,0.1496162384281899,0.17593967005160827,S015,S065,0.0,3.0,3.0,0.6,1.4,0.7999999999999999,10.0,10.0,0.0,26.8533370646697,23.18280846051065,3.670528604159049,0.9513448232177986,0.0,2.719183780941253,2.719183780941253,0.3767999565234179,0.5460740143494351,0.16927405782601723,0.2464000869531641,0.09214802869887022,0.1542520582542939,0.0,0.10497971567567858,0.10497971567567858,1.0,1.1172931133677388,0.11729311336773884
15,66,MP_tot_PEEP_Jmin,compliance_dominant,resistance_dominant,26.8533370646697,26.491187596451198,0.013486199772726661,4.0964560254442794,1.6860785445036335,0.15383497020609563,0.16948260185011615,0.29520344334486615,0.41884915662167854,S015,S066,0.0,6.0,6.0,0.6,0.6,0.0,10.0,10.0,0.0,26.8533370646697,20.708653026503274,6.1446840381664245,0.3621494682185009,0.0,5.782534569947916,5.782534569947916,0.3767999565234179,0.5428897064668698,0.16608974994345194,0.2464000869531641,0.08577941293373996,0.16062067401942415,0.0,0.2182814397766959,0.2182814397766959,1.0,1.2792327710811195,0.27923277108111955
15,99,MP_tot_PEEP_Jmin,compliance_dominant,mixed,26.8533370646697,25.75833620586701,0.04077708689112442,11.45586005813285,1.4097468444402637,0.0869332463801693,0.04346662319008476,0.6661985218055957,1.9957926052610357,S015,S099,0.0,9.0,9.0,0.6,0.6,0.0,10.0,5.0,5.0,26.8533370646697,12.892729303293898,13.960607761375801,1.0950008588026883,0.0,12.865606902573118,12.865606902573118,0.3767999565234179,0.3333333333333333,0.0434666231900846,0.2464000869531641,0.3333333333333333,0.08693324638016922,0.0,0.49947352188231403,0.49947352188231403,1.0,1.9978963026305179,0.9978963026305179
15,142,MP_tot_PEEP_Jmin,compliance_dominant,severe_mixed,26.8533370646697,27.73455743403539,0.03281604693090802,8.264723313199353,0.19483132767514988,0.17545384845544,0.08772692422771994,0.4674547408907842,0.8777746734102785,S015,S142,0.0,6.0,6.0,0.6,1.0,0.4,10.0,5.0,5.0,26.8533370646697,19.27500279316089,7.578334271508808,0.8812203693656926,0.0,8.459554640874504,8.459554640874504,0.3767999565234179,0.2893507673925597,0.0874491891308582,0.2464000869531641,0.4212984652148805,0.17489837826171642,0.0,0.3050185553165914,0.3050185553165914,1.0,1.4388873367051391,0.43888733670513913
16,17,MP_tot_PEEP_Jmin,compliance_dominant,compliance_dominant,26.8533370646697,26.8533370646697,0.0,0.0,0.0,0.0,0.0,0.0,0.0,S016,S017,0.0,0.0,0.0,1.0,1.4,0.3999999999999999,10.0,10.0,0.0,26.8533370646697,26.8533370646697,0.0,0.0,0.0,0.0,0.0,0.3767999565234179,0.3767999565234179,0.0,0.2464000869531641,0.2464000869531641,0.0,0.0,0.0,0.0,1.0,1.0,0.0
16,65,MP_tot_PEEP_Jmin,compliance_dominant,resistance_dominant,26.8533370646697,25.9019922414519,0.03542743387634532,2.4470190694393654,0.2721647115018868,0.15803962147341505,0.1673802762164564,0.1496162384281899,0.17593967005160827,S016,S065,0.0,3.0,3.0,1.0,1.4,0.3999999999999999,10.0,10.0,0.0,26.8533370646697,23.18280846051065,3.670528604159049,0.9513448232177986,0.0,2.719183780941253,2.719183780941253,0.3767999565234179,0.5460740143494351,0.16927405782601723,0.2464000869531641,0.09214802869887022,0.1542520582542939,0.0,0.10497971567567858,0.10497971567567858,1.0,1.1172931133677388,0.11729311336773884
16,66,MP_tot_PEEP_Jmin,compliance_dominant,resistance_dominant,26.8533370646697,26.491187596451198,0.013486199772726661,4.0964560254442794,1.6860785445036335,0.15383497020609563,0.16948260185011615,0.29520344334486615,0.41884915662167854,S016,S066,0.0,6.0,6.0,1.0,0.6,0.4,10.0,10.0,0.0,26.8533370646697,20.708653026503274,6.1446840381664245,0.3621494682185009,0.0,5.782534569947916,5.782534569947916,0.3767999565234179,0.5428897064668698,0.16608974994345194,0.2464000869531641,0.08577941293373996,0.16062067401942415,0.0,0.2182814397766959,0.2182814397766959,1.0,1.2792327710811195,0.27923277108111955
16,99,MP_tot_PEEP_Jmin,compliance_dominant,mixed,26.8533370646697,25.75833620586701,0.04077708689112442,11.45586005813285,1.4097468444402637,0.0869332463801693,0.04346662319008476,0.6661985218055957,1.9957926052610357,S016,S099,0.0,9.0,9.0,1.0,0.6,0.4,10.0,5.0,5.0,26.8533370646697,12.892729303293898,13.960607761375801,1.0950008588026883,0.0,12.865606902573118,12.865606902573118,0.3767999565234179,0.3333333333333333,0.0434666231900846,0.2464000869531641,0.3333333333333333,0.08693324638016922,0.0,0.49947352188231403,0.49947352188231403,1.0,1.9978963026305179,0.9978963026305179
16,142,MP_tot_PEEP_Jmin,compliance_dominant,severe_mixed,26.8533370646697,27.73455743403539,0.03281604693090802,8.264723313199353,0.19483132767514988,0.17545384845544,0.08772692422771994,0.4674547408907842,0.8777746734102785,S016,S142,0.0,6.0,6.0,1.0,1.0,0.0,10.0,5.0,5.0,26.8533370646697,19.27500279316089,7.578334271508808,0.8812203693656926,0.0,8.459554640874504,8.459554640874504,0.3767999565234179,0.2893507673925597,0.0874491891308582,0.2464000869531641,0.4212984652148805,0.17489837826171642,0.0,0.3050185553165914,0.3050185553165914,1.0,1.4388873367051391,0.43888733670513913
17,65,MP_tot_PEEP_Jmin,compliance_dominant,resistance_dominant,26.8533370646697,25.9019922414519,0.03542743387634532,2.4470190694393654,0.2721647115018868,0.15803962147341505,0.1673802762164564,0.1496162384281899,0.17593967005160827,S017,S065,0.0,3.0,3.0,1.4,1.4,0.0,10.0,10.0,0.0,26.8533370646697,23.18280846051065,3.670528604159049,0.9513448232177986,0.0,2.719183780941253,2.719183780941253,0.3767999565234179,0.5460740143494351,0.16927405782601723,0.2464000869531641,0.09214802869887022,0.1542520582542939,0.0,0.10497971567567858,0.10497971567567858,1.0,1.1172931133677388,0.11729311336773884
17,66,MP_tot_PEEP_Jmin,compliance_dominant,resistance_dominant,26.8533370646697,26.491187596451198,0.013486199772726661,4.0964560254442794,1.6860785445036335,0.15383497020609563,0.16948260185011615,0.29520344334486615,0.41884915662167854,S017,S066,0.0,6.0,6.0,1.4,0.6,0.7999999999999999,10.0,10.0,0.0,26.8533370646697,20.708653026503274,6.1446840381664245,0.3621494682185009,0.0,5.782534569947916,5.782534569947916,0.3767999565234179,0.5428897064668698,0.16608974994345194,0.2464000869531641,0.08577941293373996,0.16062067401942415,0.0,0.2182814397766959,0.2182814397766959,1.0,1.2792327710811195,0.27923277108111955
17,99,MP_tot_PEEP_Jmin,compliance_dominant,mixed,26.8533370646697,25.75833620586701,0.04077708689112442,11.45586005813285,1.4097468444402637,0.0869332463801693,0.04346662319008476,0.6661985218055957,1.9957926052610357,S017,S099,0.0,9.0,9.0,1.4,0.6,0.7999999999999999,10.0,5.0,5.0,26.8533370646697,12.892729303293898,13.960607761375801,1.0950008588026883,0.0,12.865606902573118,12.865606902573118,0.3767999565234179,0.3333333333333333,0.0434666231900846,0.2464000869531641,0.3333333333333333,0.08693324638016922,0.0,0.49947352188231403,0.49947352188231403,1.0,1.9978963026305179,0.9978963026305179
17,142,MP_tot_PEEP_Jmin,compliance_dominant,severe_mixed,26.8533370646697,27.73455743403539,0.03281604693090802,8.264723313199353,0.19483132767514988,0.17545384845544,0.08772692422771994,0.4674547408907842,0.8777746734102785,S017,S142,0.0,6.0,6.0,1.4,1.0,0.3999999999999999,10.0,5.0,5.0,26.8533370646697,19.27500279316089,7.578334271508808,0.8812203693656926,0.0,8.459554640874504,8.459554640874504,0.3767999565234179,0.2893507673925597,0.0874491891308582,0.2464000869531641,0.4212984652148805,0.17489837826171642,0.0,0.3050185553165914,0.3050185553165914,1.0,1.4388873367051391,0.43888733670513913
18,67,MP_tot_PEEP_Jmin,compliance_dominant,resistance_dominant,32.01518781557444,31.563835800917047,0.014098059247924382,2.49230107979918,0.7947985252421965,0.17582851574580927,0.16237462951703735,0.13607834779690156,0.22501260804654333,S018,S067,3.0,6.0,3.0,0.6,1.0,0.4,10.0,10.0,0.0,28.613754595463693,24.875302975764935,3.7384516196987576,0.4513520146573953,3.4014332201107447,6.688532825152115,3.2870996050413703,0.373342838704843,0.5380363649468707,0.16469352624202765,0.2533143225903138,0.07607272989374156,0.17724159269657222,0.10624436251022235,0.21190494296506854,0.10566058045484619,1.118874061380606,1.2688824667449679,0.15000840536436177
18,69,MP_tot_PEEP_Jmin,compliance_dominant,resistance_dominant,32.01518781557444,32.007656066461955,0.0002352555029779897,4.5291289209968095,2.2570327113859143,0.1529776036233224,0.1738000855782808,0.26055354249386087,0.5220257277432152,S018,S069,3.0,9.0,6.0,0.6,0.6,0.0,10.0,10.0,0.0,28.613754595463693,21.820061213968483,6.79369338149521,0.007531749112487773,3.4014332201107447,10.187594852493465,6.78616163238272,0.373342838704843,0.5438008979700626,0.17045805926521956,0.2533143225903138,0.08760179594012525,0.16571252665018854,0.10624436251022235,0.31828618850876,0.21204182599853766,1.118874061380606,1.466891213209416,0.34801715182881
18,143,MP_tot_PEEP_Jmin,compliance_dominant,severe_mixed,32.01518781557444,32.30689098018161,0.009111399448522543,7.427046011514285,1.8191690223664416,0.16592091142241283,0.0829604557112063,0.28478744221904617,0.595100559365692,S018,S143,3.0,6.0,3.0,0.6,1.4,0.7999999999999999,10.0,5.0,5.0,28.613754595463693,23.297580770923027,5.316173824540666,0.2917031646071706,3.4014332201107447,9.009310209258583,5.607876989147838,0.373342838704843,0.2934158249170065,0.07992701378783651,0.2533143225903138,0.41316835016598685,0.15985402757567307,0.10624436251022235,0.2788665184398359,0.17262215592961355,1.118874061380606,1.3867058257183005,0.2678317643376944
19,59,MP_tot_PEEP_Jmin,compliance_dominant,resistance_dominant,35.614290927751654,34.31787189720249,0.0364016521676404,11.711011832682496,0.11271404113080408,0.17251907078274448,0.17305822751157257,0.4651353142949589,1.4813543929333959,S019,S059,3.0,12.0,9.0,1.0,1.4,0.3999999999999999,10.0,5.0,5.0,31.581920529792388,18.68720370769152,12.894716822100868,1.296419030549167,4.03237039795927,15.630668189510962,11.59829779155169,0.37111922681598436,0.5473335329659968,0.1762143061500125,0.25776154636803134,0.09466706593199381,0.16309448043603753,0.11322338007906635,0.45546729227068233,0.342243912191616,1.1276797082101255,1.8364369776242926,0.7087572694141671
19,68,MP_tot_PEEP_Jmin,compliance_dominant,resistance_dominant,35.614290927751654,34.77419077813491,0.02358884952450691,2.468093506896029,0.3939466038312638,0.1734800219340718,0.1725777519359089,0.10983581869807432,0.17941649467958487,S019,S068,3.0,6.0,3.0,1.0,1.4,0.3999999999999999,10.0,10.0,0.0,31.581920529792388,27.87978026944834,3.7021402603440485,0.8401001496167453,4.03237039795927,6.894410508686567,2.862040110727297,0.37111922681598436,0.5455144109200091,0.17439518410402471,0.25776154636803134,0.09102882184001833,0.16673272452801302,0.11322338007906635,0.19826228459704634,0.08503890451797999,1.1276797082101255,1.2472907046631823,0.11961099645305673
19,75,MP_tot_PEEP_Jmin,compliance_dominant,resistance_dominant,35.614290927751654,36.971673303145884,0.03811341851920798,6.674141290831162,2.641770892871893,0.16460547812082738,0.17701502384253104,0.16073555850233415,0.1915195623151884,S019,S075,3.0,0.0,3.0,1.0,0.6,0.4,10.0,15.0,5.0,31.581920529792388,36.971673303145884,5.3897527733534965,1.3573823753942307,4.03237039795927,0.0,4.03237039795927,0.37111922681598436,0.5473561423910588,0.17623691557507443,0.25776154636803134,0.09471228478211735,0.16304926158591398,0.11322338007906635,0.0,0.11322338007906635,1.1276797082101255,1.0,0.12767970821012553
19,76,MP_tot_PEEP_Jmin,compliance_dominant,resistance_dominant,35.614290927751654,36.971673303145884,0.03811341851920798,6.674141290831162,2.641770892871893,0.16460547812082738,0.17701502384253104,0.16073555850233415,0.1915195623151884,S019,S076,3.0,0.0,3.0,1.0,1.0,0.0,10.0,15.0,5.0,31.581920529792388,36.971673303145884,5.3897527733534965,1.3573823753942307,4.03237039795927,0.0,4.03237039795927,0.37111922681598436,0.5473561423910588,0.17623691557507443,0.25776154636803134,0.09471228478211735,0.16304926158591398,0.11322338007906635,0.0,0.11322338007906635,1.1276797082101255,1.0,0.12767970821012553
19,77,MP_tot_PEEP_Jmin,compliance_dominant,resistance_dominant,35.614290927751654,36.971673303145884,0.03811341851920798,6.674141290831162,2.641770892871893,0.16460547812082738,0.17701502384253104,0.16073555850233415,0.1915195623151884,S019,S077,3.0,0.0,3.0,1.0,1.4,0.3999999999999999,10.0,15.0,5.0,31.581920529792388,36.971673303145884,5.3897527733534965,1.3573823753942307,4.03237039795927,0.0,4.03237039795927,0.37111922681598436,0.5473561423910588,0.17623691557507443,0.25776154636803134,0.09471228478211735,0.16304926158591398,0.11322338007906635,0.0,0.11322338007906635,1.1276797082101255,1.0,0.12767970821012553
19,100,MP_tot_PEEP_Jmin,compliance_dominant,mixed,35.614290927751654,34.052793236758596,0.04384469409094131,11.012796990082304,1.0760075441748782,0.07401557043038859,0.03700778521519427,0.4210466868142406,1.1995793061605455,S019,S100,3.0,9.0,6.0,1.0,1.0,0.0,10.0,5.0,5.0,31.581920529792388,20.083633392891905,11.498287136900483,1.5614976909930576,4.03237039795927,13.969159843866693,9.936789445907422,0.37111922681598436,0.33333333333333337,0.03778589348265099,0.25776154636803134,0.33333333333333337,0.07557178696530203,0.11322338007906635,0.41022067548889224,0.2969972954098259,1.1276797082101255,1.6955494342378665,0.567869726027741
19,102,MP_tot_PEEP_Jmin,compliance_dominant,mixed,35.614290927751654,34.54075209954161,0.030143484546354078,14.145850190745017,2.545004519270851,0.07401557043038853,0.03700778521519432,0.589236707524023,2.8080367433281515,S019,S102,3.0,12.0,9.0,1.0,0.6,0.4,10.0,5.0,5.0,31.581920529792388,13.817526991566478,17.76439353822591,1.0735388282100402,4.03237039795927,20.723225107975146,16.690854710015877,0.37111922681598436,0.33333333333333337,0.03778589348265099,0.25776154636803134,0.33333333333333337,0.07557178696530203,0.11322338007906635,0.599964501301353,0.4867411212222867,1.1276797082101255,2.4997781528216696,1.372098444611544
19,108,MP_tot_PEEP_Jmin,compliance_dominant,mixed,35.614290927751654,35.85792330220579,0.0068408598938099795,0.10685647869671655,0.19020413510578038,0.07401557043038853,0.03700778521519432,0.002087854395231903,0.00297155868129928,S019,S108,3.0,3.0,0.0,1.0,0.6,0.4,10.0,10.0,0.0,31.581920529792388,31.74220524783746,0.16028471804507305,0.24363237445413688,4.03237039795927,4.115718054368333,0.08334765640906294,0.37111922681598436,0.33333333333333337,0.03778589348265099,0.25776154636803134,0.33333333333333337,0.07557178696530203,0.11322338007906635,0.11477848339630856,0.0015551033172422069,1.1276797082101255,1.1296607473309916,0.0019810391208661127
19,150,MP_tot_PEEP_Jmin,compliance_dominant,severe_mixed,35.614290927751654,34.40833782121126,0.033861494223957136,1.8842781942792506,2.1480922036800187,0.1525494251575773,0.0762747125787887,0.16073555850233415,0.1915195623151884,S019,S150,3.0,0.0,3.0,1.0,0.6,0.4,10.0,10.0,0.0,31.581920529792388,34.40833782121126,2.826417291418874,1.2059531065403917,4.03237039795927,0.0,4.03237039795927,0.37111922681598436,0.2940664059697388,0.07705282084624554,0.25776154636803134,0.4118671880605223,0.15410564169249097,0.11322338007906635,0.0,0.11322338007906635,1.1276797082101255,1.0,0.12767970821012553
19,151,MP_tot_PEEP_Jmin,compliance_dominant,severe_mixed,35.614290927751654,34.40833782121126,0.033861494223957136,1.8842781942792506,2.1480922036800187,0.1525494251575773,0.0762747125787887,0.16073555850233415,0.1915195623151884,S019,S151,3.0,0.0,3.0,1.0,1.0,0.0,10.0,10.0,0.0,31.581920529792388,34.40833782121126,2.826417291418874,1.2059531065403917,4.03237039795927,0.0,4.03237039795927,0.37111922681598436,0.2940664059697388,0.07705282084624554,0.25776154636803134,0.4118671880605223,0.15410564169249097,0.11322338007906635,0.0,0.11322338007906635,1.1276797082101255,1.0,0.12767970821012553
19,152,MP_tot_PEEP_Jmin,compliance_dominant,severe_mixed,35.614290927751654,34.40833782121126,0.033861494223957136,1.8842781942792506,2.1480922036800187,0.1525494251575773,0.0762747125787887,0.16073555850233415,0.1915195623151884,S019,S152,3.0,0.0,3.0,1.0,1.4,0.3999999999999999,10.0,10.0,0.0,31.581920529792388,34.40833782121126,2.826417291418874,1.2059531065403917,4.03237039795927,0.0,4.03237039795927,0.37111922681598436,0.2940664059697388,0.07705282084624554,0.25776154636803134,0.4118671880605223,0.15410564169249097,0.11322338007906635,0.0,0.11322338007906635,1.1276797082101255,1.0,0.12767970821012553
20,21,MP_tot_PEEP_Jmin,compliance_dominant,compliance_dominant,37.65957959996624,38.600582134706215,0.024987069551376934,2.152440360990255,2.017222715235093,0.0039734921917879695,0.0019867460958939986,0.13556656203595785,0.2251640351323163,S020,S021,3.0,6.0,3.0,1.4,0.6,0.7999999999999999,10.0,10.0,0.0,33.60283266774315,30.374172126257765,3.228660541485386,0.9410025347399724,4.05674693222309,8.226410008448442,4.169663076225351,0.3755858411905969,0.3725796934359014,0.0030061477546954873,0.24882831761880625,0.254840613128197,0.006012295509390753,0.10772151402950676,0.2131162162202726,0.10539470219076584,1.1207263379351153,1.2708356946899932,0.1501093567548779
20,72,MP_tot_PEEP_Jmin,compliance_dominant,resistance_dominant,37.65957959996624,38.533319868187036,0.023201009610356246,7.114242177539682,4.430861356990633,0.14942201282873677,0.17769613219176578,0.351761821129988,0.8394633102956446,S020,S072,3.0,12.0,9.0,1.4,0.6,0.7999999999999999,10.0,10.0,0.0,33.60283266774315,22.931469401433624,10.671363266309527,0.8737402682207929,4.05674693222309,15.601850466753405,11.545103534530314,0.3755858411905969,0.5456222908029612,0.1700364496123643,0.24882831761880625,0.0912445816059224,0.15758373601288383,0.10772151402950676,0.4048924546372718,0.29717094060776506,1.1207263379351153,1.6803685447988788,0.5596422068637634
20,75,MP_tot_PEEP_Jmin,compliance_dominant,resistance_dominant,37.65957959996624,36.971673303145884,0.018266435900972593,5.326866532197318,1.2701195999742296,0.15769485382401688,0.1735597116941257,0.15332411798117473,0.18108950690267278,S020,S075,3.0,0.0,3.0,1.4,0.6,0.7999999999999999,10.0,15.0,5.0,33.60283266774315,36.971673303145884,3.3688406354027336,0.6879062968203584,4.05674693222309,0.0,4.05674693222309,0.3755858411905969,0.5473561423910588,0.17177030120046188,0.24882831761880625,0.09471228478211735,0.1541160328366889,0.10772151402950676,0.0,0.10772151402950676,1.1207263379351153,1.0,0.12072633793511534
20,76,MP_tot_PEEP_Jmin,compliance_dominant,resistance_dominant,37.65957959996624,36.971673303145884,0.018266435900972593,5.326866532197318,1.2701195999742296,0.15769485382401688,0.1735597116941257,0.15332411798117473,0.18108950690267278,S020,S076,3.0,0.0,3.0,1.4,1.0,0.3999999999999999,10.0,15.0,5.0,33.60283266774315,36.971673303145884,3.3688406354027336,0.6879062968203584,4.05674693222309,0.0,4.05674693222309,0.3755858411905969,0.5473561423910588,0.17177030120046188,0.24882831761880625,0.09471228478211735,0.1541160328366889,0.10772151402950676,0.0,0.10772151402950676,1.1207263379351153,1.0,0.12072633793511534
20,77,MP_tot_PEEP_Jmin,compliance_dominant,resistance_dominant,37.65957959996624,36.971673303145884,0.018266435900972593,5.326866532197318,1.2701195999742296,0.15769485382401688,0.1735597116941257,0.15332411798117473,0.18108950690267278,S020,S077,3.0,0.0,3.0,1.4,1.4,0.0,10.0,15.0,5.0,33.60283266774315,36.971673303145884,3.3688406354027336,0.6879062968203584,4.05674693222309,0.0,4.05674693222309,0.3755858411905969,0.5473561423910588,0.17177030120046188,0.24882831761880625,0.09471228478211735,0.1541160328366889,0.10772151402950676,0.0,0.10772151402950676,1.1207263379351153,1.0,0.12072633793511534
20,108,MP_tot_PEEP_Jmin,compliance_dominant,mixed,37.65957959996624,35.85792330220579,0.04784058443823062,1.2404182799371277,1.181447157791883,0.08092619472719903,0.040463097363599654,0.009499294916391315,0.013401614093814906,S020,S108,3.0,3.0,0.0,1.4,0.6,0.7999999999999999,10.0,10.0,0.0,33.60283266774315,31.74220524783746,1.8606274199056898,1.8016562977604522,4.05674693222309,4.115718054368333,0.058971122145242916,0.3755858411905969,0.33333333333333337,0.04225250785726353,0.24882831761880625,0.33333333333333337,0.08450501571452712,0.10772151402950676,0.11477848339630856,0.0070569693668017935,1.1207263379351153,1.1296607473309916,0.008934409395876308
20,145,MP_tot_PEEP_Jmin,compliance_dominant,severe_mixed,37.65957959996624,39.29056612724852,0.04330867589620509,10.812997835392366,1.243040140093587,0.16974630899158544,0.0848731544957928,0.42832968478402067,1.2092752355279397,S020,S145,3.0,9.0,6.0,1.4,1.0,0.3999999999999999,10.0,5.0,5.0,33.60283266774315,23.17778121953947,10.425051448203682,1.6309865272822748,4.05674693222309,16.11278490770904,12.056037975485951,0.3755858411905969,0.2888971118959652,0.08668872929463173,0.24882831761880625,0.4222057762080695,0.17337745858926323,0.10772151402950676,0.41009296876826157,0.3023714547387548,1.1207263379351153,1.6951823712153065,0.5744560332801911
20,147,MP_tot_PEEP_Jmin,compliance_dominant,severe_mixed,37.65957959996624,39.18204041295226,0.04042692003357848,14.196064461279468,4.517581051684438,0.15290029207957623,0.07645014603978828,0.5817686425348617,2.593816765753331,S020,S147,3.0,12.0,9.0,1.4,0.6,0.7999999999999999,10.0,5.0,5.0,33.60283266774315,16.411647967765266,17.191184699977885,1.5224608129860187,4.05674693222309,22.770392445186992,18.7136455129639,0.3755858411905969,0.2938485058928819,0.08173733529771499,0.24882831761880625,0.41230298821423594,0.1634746705954297,0.10772151402950676,0.5811436108278799,0.47342209679837316,1.1207263379351153,2.387453136328002,1.2667267983928867
21,70,MP_tot_PEEP_Jmin,compliance_dominant,resistance_dominant,38.600582134706215,39.930185493636564,0.034445163399100344,1.536090658931215,2.0976486883959566,0.1768716010937772,0.15999784586745763,0.09903176017673604,0.2275263343531253,S021,S070,6.0,9.0,3.0,0.6,1.0,0.4,10.0,10.0,0.0,30.374172126257765,28.070036137860953,2.304135988396812,1.329603358930349,8.226410008448442,11.860149355775608,3.6337393473271664,0.3725796934359014,0.5362951879621178,0.16371549452621642,0.254840613128197,0.07259037592423558,0.18225023720396144,0.2131162162202726,0.29702214525564097,0.08390592903536837,1.2708356946899932,1.4225199175920762,0.15168422290208294
21,72,MP_tot_PEEP_Jmin,compliance_dominant,resistance_dominant,38.600582134706215,38.533319868187036,0.0017425194854432853,4.961801816549427,2.41363864175554,0.1454485206369488,0.17570938609587178,0.21619525909403015,0.6142992751633283,S021,S072,6.0,12.0,6.0,0.6,0.6,0.0,10.0,10.0,0.0,30.374172126257765,22.931469401433624,7.442702724824141,0.06726226651917955,8.226410008448442,15.601850466753405,7.375440458304963,0.3725796934359014,0.5456222908029612,0.1730425973670598,0.254840613128197,0.0912445816059224,0.1635960315222746,0.2131162162202726,0.4048924546372718,0.1917762384169992,1.2708356946899932,1.6803685447988788,0.4095328501088855
21,75,MP_tot_PEEP_Jmin,compliance_dominant,resistance_dominant,38.600582134706215,36.971673303145884,0.042199074249083944,7.479306893187573,0.7471031152608631,0.15372136163222888,0.1715729655982317,0.2888906800171326,0.4062535420349891,S021,S075,6.0,0.0,6.0,0.6,0.6,0.0,10.0,15.0,5.0,30.374172126257765,36.971673303145884,6.5975011768881195,1.6289088315603308,8.226410008448442,0.0,8.226410008448442,0.3725796934359014,0.5473561423910588,0.17477644895515737,0.254840613128197,0.09471228478211735,0.16012832834607965,0.2131162162202726,0.0,0.2131162162202726,1.2708356946899932,1.0,0.27083569468999324
21,76,MP_tot_PEEP_Jmin,compliance_dominant,resistance_dominant,38.600582134706215,36.971673303145884,0.042199074249083944,7.479306893187573,0.7471031152608631,0.15372136163222888,0.1715729655982317,0.2888906800171326,0.4062535420349891,S021,S076,6.0,0.0,6.0,0.6,1.0,0.4,10.0,15.0,5.0,30.374172126257765,36.971673303145884,6.5975011768881195,1.6289088315603308,8.226410008448442,0.0,8.226410008448442,0.3725796934359014,0.5473561423910588,0.17477644895515737,0.254840613128197,0.09471228478211735,0.16012832834607965,0.2131162162202726,0.0,0.2131162162202726,1.2708356946899932,1.0,0.27083569468999324
21,77,MP_tot_PEEP_Jmin,compliance_dominant,resistance_dominant,38.600582134706215,36.971673303145884,0.042199074249083944,7.479306893187573,0.7471031152608631,0.15372136163222888,0.1715729655982317,0.2888906800171326,0.4062535420349891,S021,S077,6.0,0.0,6.0,0.6,1.4,0.7999999999999999,10.0,15.0,5.0,30.374172126257765,36.971673303145884,6.5975011768881195,1.6289088315603308,8.226410008448442,0.0,8.226410008448442,0.3725796934359014,0.5473561423910588,0.17477644895515737,0.254840613128197,0.09471228478211735,0.16012832834607965,0.2131162162202726,0.0,0.2131162162202726,1.2708356946899932,1.0,0.27083569468999324
21,109,MP_tot_PEEP_Jmin,compliance_dominant,mixed,38.600582134706215,39.65144433812015,0.027223998844025023,3.3089901109191473,0.6036328520456244,0.08489968691898706,0.0424498434594936,0.13412058153199546,0.2231434814375699,S021,S109,6.0,3.0,3.0,0.6,1.0,0.4,10.0,10.0,0.0,30.374172126257765,35.33765729263649,4.963485166378728,1.050862203413935,8.226410008448442,4.313787045483664,3.912622962964777,0.3725796934359014,0.3333333333333334,0.03924636010256799,0.254840613128197,0.3333333333333334,0.07849272020513642,0.2131162162202726,0.10879268378469813,0.10432353243557448,1.2708356946899932,1.1220733737316124,0.14876232095838082
21,145,MP_tot_PEEP_Jmin,compliance_dominant,severe_mixed,38.600582134706215,39.29056612724852,0.017874963391340412,8.660557474402111,0.7741825751415057,0.1737198011833734,0.0868599005916868,0.2927631227480628,0.9841112003956234,S021,S145,6.0,9.0,3.0,0.6,1.0,0.4,10.0,5.0,5.0,30.374172126257765,23.17778121953947,7.196390906718296,0.6899839925423024,8.226410008448442,16.11278490770904,7.8863748992606,0.3725796934359014,0.2888971118959652,0.08368258153993624,0.254840613128197,0.4222057762080695,0.16736516307987248,0.2131162162202726,0.41009296876826157,0.19697675254798896,1.2708356946899932,1.6951823712153065,0.4243466765253132
21,147,MP_tot_PEEP_Jmin,compliance_dominant,severe_mixed,38.600582134706215,39.18204041295226,0.01506345878973806,12.043624100289213,2.500358336449345,0.1568737842713642,0.07843689213568228,0.44620208049890386,2.3686527306210143,S021,S147,6.0,12.0,6.0,0.6,0.6,0.0,10.0,5.0,5.0,30.374172126257765,16.411647967765266,13.9625241584925,0.5814582782460462,8.226410008448442,22.770392445186992,14.54398243673855,0.3725796934359014,0.2938485058928819,0.0787311875430195,0.254840613128197,0.41230298821423594,0.15746237508603894,0.2131162162202726,0.5811436108278799,0.3680273946076073,1.2708356946899932,2.387453136328002,1.1166174416380088
22,24,MP_tot_PEEP_Jmin,compliance_dominant,compliance_dominant,46.145180123728785,46.60952002206497,0.010062587188762795,2.783942891908822,1.8563113442905959,0.021527176777443396,0.010763588388721823,0.11432294559707878,0.26939652645665957,S022,S024,6.0,9.0,3.0,1.0,0.6,0.4,10.0,10.0,0.0,36.310503994915095,32.13458965705187,4.175914337863226,0.46433989833618483,9.834676128813681,14.4749303650131,4.640254236199418,0.3680230835066687,0.3734385615346183,0.005415478027949616,0.2639538329866624,0.25312287693076346,0.010830956055898955,0.21312466659451812,0.3105573787964489,0.09743271220193078,1.2708493423883878,1.4504470266928275,0.1795976843044398
22,71,MP_tot_PEEP_Jmin,compliance_dominant,resistance_dominant,46.145180123728785,45.102432261622,0.022597113269703855,2.489167944352701,0.20183611006957136,0.1804468861362616,0.17523831227444042,0.07688151760943429,0.17047225718268888,S022,S071,6.0,9.0,3.0,1.0,1.4,0.3999999999999999,10.0,10.0,0.0,36.310503994915095,32.57675207838605,3.7337519165290445,1.0427478621067863,9.834676128813681,12.525680183235952,2.6910040544222706,0.3680230835066687,0.5453051409658479,0.17728205745917924,0.2639538329866624,0.09061028193169572,0.17334355105496668,0.21312466659451812,0.27771629056675395,0.06459162397223583,1.2708493423883878,1.3844975138435134,0.11364817145512562
22,79,MP_tot_PEEP_Jmin,compliance_dominant,resistance_dominant,46.145180123728785,45.029483726106264,0.024177961698946922,6.716485476178633,0.6799755541973909,0.18091390062628968,0.1750048050294265,0.17951205605171472,0.28344937653957136,S022,S079,6.0,3.0,3.0,1.0,1.0,0.0,10.0,15.0,5.0,36.310503994915095,41.23131751927381,4.920813524358714,1.1156963976225214,9.834676128813681,3.798166206832455,6.036509921981226,0.3680230835066687,0.542787560131209,0.1747644766245403,0.2639538329866624,0.08557512026241788,0.17837871272424455,0.21312466659451812,0.08434842890793422,0.12877623768658392,1.2708493423883878,1.0921184777822581,0.17873086460612964
22,80,MP_tot_PEEP_Jmin,compliance_dominant,resistance_dominant,46.145180123728785,46.94906731644032,0.01742082684596912,8.218724123020372,2.098812928917539,0.17557364305557963,0.1776749338147815,0.18611424733353804,0.2917117414955708,S022,S080,6.0,3.0,3.0,1.0,1.4,0.3999999999999999,10.0,15.0,5.0,36.310503994915095,43.23430238172947,6.923798386814376,0.8038871927115352,9.834676128813681,3.71476493471086,6.119911194102821,0.3680230835066687,0.5460214314274244,0.17799834792075575,0.2639538329866624,0.0920428628548487,0.17191097013181372,0.21312466659451812,0.07912329567003022,0.13400137092448788,1.2708493423883878,1.0859217040652582,0.18492763832312953
22,81,MP_tot_PEEP_Jmin,compliance_dominant,resistance_dominant,46.145180123728785,47.60003499292712,0.031527775280049665,5.744568689013004,3.574499083406799,0.17468407368344177,0.1781197185008504,0.08514278323907404,0.15037403314227227,S022,S081,6.0,6.0,0.0,1.0,0.6,0.4,10.0,15.0,5.0,36.310503994915095,39.93542846971964,3.624924474804544,1.4548548691983356,9.834676128813681,7.6646065232074845,2.170069605606197,0.3680230835066687,0.5437575343617088,0.17573445085504014,0.2639538329866624,0.08751506872341747,0.17643876426324495,0.21312466659451812,0.16102102707164745,0.05210363952287067,1.2708493423883878,1.1919249853302323,0.07892435705815548
22,103,MP_tot_PEEP_Jmin,compliance_dominant,mixed,46.145180123728785,46.03013451652804,0.002493122941383641,12.504303107761496,0.28575616892238287,0.0678715779907621,0.03393578899538102,0.37018507322374233,1.527017984402191,S022,S103,6.0,12.0,6.0,1.0,1.0,0.0,10.0,5.0,5.0,36.310503994915095,23.405399111030473,12.905104883884622,0.11504560720074863,9.834676128813681,22.624735405497564,12.790059276683882,0.3680230835066687,0.3333333333333333,0.034689750173335365,0.2639538329866624,0.3333333333333333,0.0693795003466709,0.21312466659451812,0.4915200801199853,0.2783954135254672,1.2708493423883878,1.9666459989923863,0.6957966566039986
22,146,MP_tot_PEEP_Jmin,compliance_dominant,severe_mixed,46.145180123728785,46.81362245899952,0.014485637145167544,9.60117857018541,1.833880426182219,0.15077739651427807,0.0753886982571389,0.2576117745506113,0.7988599220741375,S022,S146,6.0,9.0,3.0,1.0,1.4,0.3999999999999999,10.0,5.0,5.0,36.310503994915095,29.211648186182643,7.098855808732452,0.6684423352707327,9.834676128813681,17.60197427281688,7.767298144003197,0.3680230835066687,0.29332622668457015,0.07469685682209853,0.2639538329866624,0.4133475466308596,0.14939371364419718,0.21312466659451812,0.3760011156631407,0.1628764490686226,1.2708493423883878,1.6025669678283596,0.33171762543997185
22,154,MP_tot_PEEP_Jmin,compliance_dominant,severe_mixed,46.145180123728785,45.29860715525632,0.01834585900851517,2.6346676439093315,2.163906790427127,0.1516404344608155,0.07582021723040772,0.13091942340089469,0.21865149840963594,S022,S154,6.0,3.0,3.0,1.0,1.0,0.0,10.0,10.0,0.0,36.310503994915095,40.262505460779096,3.952001465864001,0.846572968472465,9.834676128813681,5.0361016944772246,4.798574434336457,0.3680230835066687,0.2917782453532468,0.07624483815342187,0.2639538329866624,0.4164435092935063,0.1524896763068439,0.21312466659451812,0.11117564116743156,0.10194902542708656,1.2708493423883878,1.1250816767819638,0.14576766560642396
22,155,MP_tot_PEEP_Jmin,compliance_dominant,severe_mixed,46.145180123728785,48.20074019443028,0.04454549890562645,4.645956632790416,0.26741824569369754,0.1488766606478074,0.07443833032390362,0.14318944051269958,0.23570914362137896,S022,S155,6.0,3.0,3.0,1.0,1.4,0.3999999999999999,10.0,10.0,0.0,36.310503994915095,43.279438944100725,6.9689349491856305,2.055560070701496,9.834676128813681,4.9213012503295674,4.913374878484114,0.3680230835066687,0.2934478770633482,0.0745752064433205,0.2639538329866624,0.41310424587330385,0.14915041288664144,0.21312466659451812,0.10210011776744948,0.11102454882706864,1.2708493423883878,1.1137099133074682,0.1571394290809196
23,73,MP_tot_PEEP_Jmin,compliance_dominant,resistance_dominant,50.578559358715545,49.5147685983877,0.021032444850458926,6.058372647239761,1.9653955632920415,0.1842416965065895,0.16266481949474476,0.19139995461739884,0.49545079391287006,S023,S073,6.0,12.0,6.0,1.4,1.0,0.3999999999999999,10.0,10.0,0.0,40.3523282708166,31.26476929995695,9.08755897085965,1.0637907603278478,10.226231087898931,18.24999929843074,8.02376821053181,0.375056593902085,0.5354518143354543,0.1603952204333693,0.2498868121958297,0.07090362867090866,0.17898318352492104,0.20218510012062607,0.36857688756370355,0.16639178744307748,1.253423569992483,1.58372409926773,0.330300529275247
23,112,MP_tot_PEEP_Jmin,compliance_dominant,mixed,50.578559358715545,50.94747443431593,0.007293902402082034,0.02134826731487749,0.3795892092578228,0.0785476655852938,0.039273832792646846,0.007902071393345922,0.01521761922146414,S023,S112,6.0,6.0,0.0,1.4,1.0,0.3999999999999999,10.0,10.0,0.0,40.3523282708166,40.32030586984429,0.03202240097230913,0.36891507560038406,10.226231087898931,10.62716856447164,0.4009374765727092,0.375056593902085,0.33333333333333326,0.04172326056875175,0.2498868121958297,0.33333333333333326,0.08344652113750356,0.20218510012062607,0.20859068447392276,0.006405584353296689,1.253423569992483,1.263568649473459,0.010145079480976094
23,114,MP_tot_PEEP_Jmin,compliance_dominant,mixed,50.578559358715545,52.2173763325768,0.03240141662079304,3.8904866387742096,3.5840602932483563,0.0785476655852938,0.039273832792646846,0.1593486440212532,0.38909360521699354,S023,S114,6.0,9.0,3.0,1.4,0.6,0.7999999999999999,10.0,10.0,0.0,40.3523282708166,34.51659831265528,5.835729958161316,1.6388169738612532,10.226231087898931,17.700778019921504,7.474546932022573,0.375056593902085,0.3333333333333333,0.0417232605687517,0.2498868121958297,0.3333333333333333,0.08344652113750362,0.20218510012062607,0.33898252388599115,0.13679742376536508,1.253423569992483,1.512819306803812,0.2593957368113291
23,155,MP_tot_PEEP_Jmin,compliance_dominant,severe_mixed,50.578559358715545,48.20074019443028,0.0470123940743584,1.9514071155227484,3.3535227220466197,0.15955274824233906,0.0797763741211695,0.12972179540975456,0.2095704850275215,S023,S155,6.0,3.0,3.0,1.4,1.4,0.0,10.0,10.0,0.0,40.3523282708166,43.279438944100725,2.927110673284126,2.3778191642852633,10.226231087898931,4.9213012503295674,5.304929837569364,0.375056593902085,0.2934478770633482,0.08160871683873683,0.2498868121958297,0.41310424587330385,0.16321743367747416,0.20218510012062607,0.10210011776744948,0.10008498235317659,1.253423569992483,1.1137099133074682,0.1397136566850148
23,156,MP_tot_PEEP_Jmin,compliance_dominant,severe_mixed,50.578559358715545,49.19551610927187,0.0273444571569307,1.4915592860561233,0.6372636064156012,0.15871961992360495,0.07935980996180242,0.028221558984139805,0.05593429735434885,S023,S156,6.0,6.0,0.0,1.4,0.6,0.7999999999999999,10.0,10.0,0.0,40.3523282708166,38.114989341732425,2.2373389290841743,1.3830432494436735,10.226231087898931,11.080526767539455,0.8542956796405239,0.375056593902085,0.29233950968725864,0.08271708421482638,0.2498868121958297,0.41532098062548284,0.16543416842965314,0.20218510012062607,0.22523448565775103,0.02304938553712496,1.253423569992483,1.2907131015620483,0.03728953156956538
24,71,MP_tot_PEEP_Jmin,compliance_dominant,resistance_dominant,46.60952002206497,45.102432261622,0.03233433340934459,0.294774947556121,1.6544752342210245,0.15891970935881822,0.1644747238857186,0.03744142798764449,0.09892426927397069,S024,S071,9.0,9.0,0.0,0.6,1.4,0.7999999999999999,10.0,10.0,0.0,32.13458965705187,32.57675207838605,0.4421624213341815,1.507087760442971,14.4749303650131,12.525680183235952,1.9492501817771473,0.3734385615346183,0.5453051409658479,0.17186657943122963,0.25312287693076346,0.09061028193169572,0.16251259499906773,0.3105573787964489,0.27771629056675395,0.03284108822969495,1.4504470266928275,1.3844975138435134,0.06594951284931416
24,79,MP_tot_PEEP_Jmin,compliance_dominant,resistance_dominant,46.60952002206497,45.029483726106264,0.03389943288861838,9.500428368087455,1.176335790093205,0.15938672384884628,0.16424121664070468,0.2938350016487935,0.5528459029962309,S024,S079,9.0,3.0,6.0,0.6,1.0,0.4,10.0,15.0,5.0,32.13458965705187,41.23131751927381,9.09672786222194,1.5800362959587062,14.4749303650131,3.798166206832455,10.676764158180644,0.3734385615346183,0.542787560131209,0.1693489985965907,0.25312287693076346,0.08557512026241788,0.1675477566683456,0.3105573787964489,0.08434842890793422,0.2262089498885147,1.4504470266928275,1.0921184777822581,0.3583285489105694
24,80,MP_tot_PEEP_Jmin,compliance_dominant,resistance_dominant,46.60952002206497,46.94906731644032,0.0072849343699443484,11.002667014929195,0.24250158462694316,0.15404646627813623,0.16691134542605968,0.3004371929306168,0.5611082679522303,S024,S080,9.0,3.0,6.0,0.6,1.4,0.7999999999999999,10.0,15.0,5.0,32.13458965705187,43.23430238172947,11.099712724677602,0.33954729437535036,14.4749303650131,3.71476493471086,10.760165430302239,0.3734385615346183,0.5460214314274244,0.17258286989280613,0.25312287693076346,0.0920428628548487,0.16108001407591477,0.3105573787964489,0.07912329567003022,0.23143408312641867,1.4504470266928275,1.0859217040652582,0.3645253226275693
24,81,MP_tot_PEEP_Jmin,compliance_dominant,resistance_dominant,46.60952002206497,47.60003499292712,0.021251344583536592,8.528511580921826,1.7181877391162033,0.15315689690599837,0.16735613011212858,0.19946572883615282,0.41977055959893184,S024,S081,9.0,6.0,3.0,0.6,0.6,0.0,10.0,15.0,5.0,32.13458965705187,39.93542846971964,7.80083881266777,0.9905149708621508,14.4749303650131,7.6646065232074845,6.810323841805615,0.3734385615346183,0.5437575343617088,0.17031897282709052,0.25312287693076346,0.08751506872341747,0.165607808207346,0.3105573787964489,0.16102102707164745,0.14953635172480145,1.4504470266928275,1.1919249853302323,0.25852204136259527
24,103,MP_tot_PEEP_Jmin,compliance_dominant,mixed,46.60952002206497,46.03013451652804,0.012430625873483616,9.720360215852674,1.570555175368213,0.0893987547682055,0.044699377384102845,0.25586212762666355,1.2576214579455314,S024,S103,9.0,12.0,3.0,0.6,1.0,0.4,10.0,5.0,5.0,32.13458965705187,23.405399111030473,8.729190546021396,0.5793855055369335,14.4749303650131,22.624735405497564,8.149805040484464,0.3734385615346183,0.3333333333333333,0.04010522820128498,0.25312287693076346,0.3333333333333333,0.08021045640256985,0.3105573787964489,0.4915200801199853,0.18096270132353642,1.4504470266928275,1.9666459989923863,0.5161989722995588
24,146,MP_tot_PEEP_Jmin,compliance_dominant,severe_mixed,46.60952002206497,46.81362245899952,0.004378986027702617,6.817235678276589,3.690191770472815,0.17230457329172147,0.08615228664586072,0.1432888289535325,0.5294633956174779,S024,S146,9.0,9.0,0.0,0.6,1.4,0.7999999999999999,10.0,5.0,5.0,32.13458965705187,29.211648186182643,2.922941470869226,0.20410243693454788,14.4749303650131,17.60197427281688,3.1270439078037793,0.3734385615346183,0.29332622668457015,0.08011233485004815,0.25312287693076346,0.4133475466308596,0.16022466970009613,0.3105573787964489,0.3760011156631407,0.0654437368666918,1.4504470266928275,1.6025669678283596,0.15211994113553207
24,154,MP_tot_PEEP_Jmin,compliance_dominant,severe_mixed,46.60952002206497,45.29860715525632,0.028125431589685175,5.4186105358181536,4.020218134717723,0.17316761123825888,0.08658380561912954,0.24524236899797347,0.4880480248662955,S024,S154,9.0,3.0,6.0,0.6,1.0,0.4,10.0,10.0,0.0,32.13458965705187,40.262505460779096,8.127915803727227,1.3109128668086498,14.4749303650131,5.0361016944772246,9.438828670535875,0.3734385615346183,0.2917782453532468,0.08166031618137148,0.25312287693076346,0.4164435092935063,0.16332063236274286,0.3105573787964489,0.11117564116743156,0.19938173762901734,1.4504470266928275,1.1250816767819638,0.32536534991086374
24,155,MP_tot_PEEP_Jmin,compliance_dominant,severe_mixed,46.60952002206497,48.20074019443028,0.0341393812167992,7.429899524699238,2.1237295899842934,0.1704038374252508,0.08520191871262545,0.25751238610977834,0.5051056700780385,S024,S155,9.0,3.0,6.0,0.6,1.4,0.7999999999999999,10.0,10.0,0.0,32.13458965705187,43.279438944100725,11.144849287048856,1.5912201723653112,14.4749303650131,4.9213012503295674,9.553629114683531,0.3734385615346183,0.2934478770633482,0.07999068447127011,0.25312287693076346,0.41310424587330385,0.1599813689425404,0.3105573787964489,0.10210011776744948,0.20845726102899942,1.4504470266928275,1.1137099133074682,0.3367371133853594
25,27,MP_tot_PEEP_Jmin,compliance_dominant,compliance_dominant,58.44600465260107,56.04200147765059,0.04113203612872612,4.762720181461294,0.022643084219829746,0.029631387802821235,0.014815693901410576,0.10613528300444336,0.34386796873392544,S025,S027,9.0,12.0,3.0,1.0,0.6,0.4,10.0,10.0,0.0,41.039087460037834,33.89500718784589,7.1440802721919425,2.404003174950482,17.406917192563238,22.146994289804702,4.740077097241464,0.3663957264822041,0.3751585900640619,0.008762863581857794,0.2672085470355919,0.24968281987187638,0.017525727163715504,0.2978290354666453,0.39518564123083416,0.09735660576418886,1.4241545870022907,1.6533998994915744,0.2292453124892837
25,33,MP_tot_PEEP_Jmin,compliance_dominant,compliance_dominant,58.44600465260107,60.80016144184077,0.04027917396976311,14.681031487773325,2.0203782333194695,0.01834099435511624,0.009170497177558024,0.28739492627129903,0.5233342551945466,S025,S033,9.0,3.0,6.0,1.0,0.6,0.4,10.0,15.0,5.0,41.039087460037834,56.05389750373139,15.014810043693558,2.3541567892397026,17.406917192563238,4.74626393810938,12.660653254453859,0.3663957264822041,0.3743797875321674,0.007984061049963298,0.2672085470355919,0.25124042493566523,0.01596812209992665,0.2978290354666453,0.0780633443325555,0.21976569113408978,1.4241545870022907,1.0846732189816672,0.33948136802062345
25,74,MP_tot_PEEP_Jmin,compliance_dominant,resistance_dominant,58.44600465260107,56.886716691913165,0.02667911981248678,2.5102423818093875,0.30416676978322243,0.1832005027523162,0.17656792435159402,0.05227700721465567,0.15305038428495643,S025,S074,9.0,12.0,3.0,1.0,1.4,0.3999999999999999,10.0,10.0,0.0,41.039087460037834,37.273723887323754,3.7653635727140795,1.5592879606879038,17.406917192563238,19.6129928045894,2.2060756120261615,0.3663957264822041,0.5452714559928777,0.17887572951067365,0.2672085470355919,0.09054291198575565,0.17666563504983623,0.2978290354666453,0.3447728036548385,0.04694376818819318,1.4241545870022907,1.5261881765255951,0.10203358952330444
25,83,MP_tot_PEEP_Jmin,compliance_dominant,resistance_dominant,58.44600465260107,58.38250427653884,0.0010864793314730656,9.763306955209572,1.241962578872112,0.18093164872604867,0.17770235136472784,0.19570978068944056,0.39687501388365987,S025,S083,9.0,6.0,3.0,1.0,1.4,0.3999999999999999,10.0,15.0,5.0,41.039087460037834,49.49693146031306,8.457844000275223,0.06350037606222969,17.406917192563238,8.885572816225782,8.521344376337456,0.3663957264822041,0.5452501647245316,0.1788544382423275,0.2672085470355919,0.09050032944906305,0.17670821758652883,0.2978290354666453,0.1521958149334898,0.1456332205331555,1.4241545870022907,1.1795176499648325,0.24463693703745815
25,104,MP_tot_PEEP_Jmin,compliance_dominant,mixed,58.44600465260107,56.349966208111,0.03586281828755917,11.722431461579397,4.053302802923291,0.06516515760558123,0.03258257880279053,0.22708255970992153,0.9674075458976406,S025,S104,9.0,12.0,3.0,1.0,1.4,0.3999999999999999,10.0,5.0,5.0,41.039087460037834,31.27392035689165,9.765167103146183,2.0960384444900697,17.406917192563238,25.076045851219348,7.66912865865611,0.3663957264822041,0.33333333333333337,0.03306239314887072,0.2672085470355919,0.33333333333333337,0.06612478629774149,0.2978290354666453,0.4450055171037513,0.147176481637106,1.4241545870022907,1.8018197132005387,0.377665126198248
25,113,MP_tot_PEEP_Jmin,compliance_dominant,mixed,58.44600465260107,56.909466592662845,0.02628987334671202,3.4550728961349186,3.2640745080056988,0.06516515760558117,0.032582578802790585,0.13131692320373228,0.2893892548306538,S025,S113,9.0,6.0,3.0,1.0,1.4,0.3999999999999999,10.0,10.0,0.0,41.039087460037834,46.22169680424022,5.182609344202383,1.5365380599382235,17.406917192563238,10.687769788422617,6.719147404140621,0.3663957264822041,0.33333333333333326,0.03306239314887083,0.2672085470355919,0.33333333333333326,0.06612478629774138,0.2978290354666453,0.18780302168217047,0.11002601378447482,1.4241545870022907,1.2312284171151884,0.19292616988710232
25,120,MP_tot_PEEP_Jmin,compliance_dominant,mixed,58.44600465260107,60.71001743085728,0.03873682712297173,18.173121433117743,0.7662042405545009,0.06516515760558117,0.032582578802790585,0.3888396798060677,0.6362318805034364,S025,S120,9.0,0.0,9.0,1.0,0.6,0.4,10.0,15.0,5.0,41.039087460037834,60.71001743085728,19.670929970819444,2.264012778256209,17.406917192563238,0.0,17.406917192563238,0.3663957264822041,0.3333333333333333,0.03306239314887077,0.2672085470355919,0.3333333333333333,0.06612478629774143,0.2978290354666453,0.0,0.2978290354666453,1.4241545870022907,1.0,0.4241545870022907
25,121,MP_tot_PEEP_Jmin,compliance_dominant,mixed,58.44600465260107,60.71001743085728,0.03873682712297173,18.173121433117743,0.7662042405545009,0.06516515760558117,0.032582578802790585,0.3888396798060677,0.6362318805034364,S025,S121,9.0,0.0,9.0,1.0,1.0,0.0,10.0,15.0,5.0,41.039087460037834,60.71001743085728,19.670929970819444,2.264012778256209,17.406917192563238,0.0,17.406917192563238,0.3663957264822041,0.3333333333333333,0.03306239314887077,0.2672085470355919,0.3333333333333333,0.06612478629774143,0.2978290354666453,0.0,0.2978290354666453,1.4241545870022907,1.0,0.4241545870022907
25,122,MP_tot_PEEP_Jmin,compliance_dominant,mixed,58.44600465260107,60.71001743085728,0.03873682712297173,18.173121433117743,0.7662042405545009,0.06516515760558117,0.032582578802790585,0.3888396798060677,0.6362318805034364,S025,S122,9.0,0.0,9.0,1.0,1.4,0.3999999999999999,10.0,15.0,5.0,41.039087460037834,60.71001743085728,19.670929970819444,2.264012778256209,17.406917192563238,0.0,17.406917192563238,0.3663957264822041,0.3333333333333333,0.03306239314887077,0.2672085470355919,0.3333333333333333,0.06612478629774143,0.2978290354666453,0.0,0.2978290354666453,1.4241545870022907,1.0,0.4241545870022907
25,157,MP_tot_PEEP_Jmin,compliance_dominant,severe_mixed,58.44600465260107,58.47117845356627,0.00043071893647529924,3.385057093539423,1.6673547458045164,0.15165730461257643,0.07582865230628816,0.10218526753559115,0.23438680400572331,S025,S157,9.0,6.0,3.0,1.0,1.0,0.0,10.0,10.0,0.0,41.039087460037834,46.11667310034697,5.077585640309138,0.025173800965198723,17.406917192563238,12.354505353219306,5.052411839343932,0.3663957264822041,0.2904420934767309,0.0759536330054732,0.2672085470355919,0.4191158130465382,0.15190726601094634,0.2978290354666453,0.21129222430552502,0.08653681116112028,1.4241545870022907,1.2678967176651421,0.15625786933714858
25,159,MP_tot_PEEP_Jmin,compliance_dominant,severe_mixed,58.44600465260107,59.511571672714055,0.018231648620750756,0.7138482386965599,1.4224911394612647,0.14421688174176867,0.07210844087088436,0.0342771057035644,0.09722122557007506,S025,S159,9.0,9.0,0.0,1.0,0.6,0.4,10.0,10.0,0.0,41.039087460037834,39.968315101992985,1.0707723580448487,1.0655670201129865,17.406917192563238,19.543256570721066,2.136339378157828,0.3663957264822041,0.2924774396243925,0.0739182868578116,0.2672085470355919,0.41504512075121525,0.14783657371562337,0.2978290354666453,0.3283942268942229,0.030565191427577576,1.4241545870022907,1.488968737382341,0.06481415038005034
26,34,MP_tot_PEEP_Jmin,compliance_dominant,compliance_dominant,65.61027634091761,65.61752384655134,0.00011046296461349216,13.607373146200441,0.7049924428880274,0.0004396206474970854,0.00021981032374862597,0.26007917853297036,0.4648627382232944,S026,S034,9.0,3.0,6.0,1.4,1.0,0.3999999999999999,10.0,15.0,5.0,47.10182387389009,60.011452082836215,12.909628208946124,0.007247505633728224,18.50845246702753,5.606071763715112,12.90238070331242,0.37485878057471406,0.37248347960856143,0.002375300966152627,0.2502824388505719,0.25503304078287703,0.004750601932305143,0.28209685279872543,0.0854355884690969,0.19666126432962855,1.3929455580442458,1.0934166991323062,0.2995288589119396
26,35,MP_tot_PEEP_Jmin,compliance_dominant,compliance_dominant,65.61027634091761,68.2629376925754,0.0404305773363048,15.62828528415125,2.676768909595154,0.004595809632053471,0.002297904816026819,0.2651665990184649,0.47125982058900906,S026,S035,9.0,3.0,6.0,1.4,1.4,0.0,10.0,15.0,5.0,47.10182387389009,62.70600160010395,15.604177726213862,2.652661351657798,18.50845246702753,5.556936092471443,12.951516374556089,0.37485878057471406,0.37553609333009197,0.0006773127553779124,0.2502824388505719,0.24892781333981598,0.001354625510755908,0.28209685279872543,0.08140487767311311,0.20069197512561232,1.3929455580442458,1.0886188873580203,0.30432667068622554
26,85,MP_tot_PEEP_Jmin,compliance_dominant,resistance_dominant,65.61027634091761,64.7998048081221,0.012352813888242319,5.911738547720677,2.4524849372853765,0.1811002432322236,0.16501049326024447,0.08343298435859287,0.18609463694891804,S026,S085,9.0,9.0,0.0,1.4,1.0,0.3999999999999999,10.0,15.0,5.0,47.10182387389009,49.75060595152985,2.6487820776397584,0.8104715327955034,18.50845246702753,15.04919885659225,3.4592536104352813,0.37485878057471406,0.5378192178167646,0.1629604372420505,0.2502824388505719,0.07563843563352916,0.1746440032170427,0.28209685279872543,0.23224142265789605,0.04985543014082938,1.3929455580442458,1.3024927750880888,0.090452782956157
26,115,MP_tot_PEEP_Jmin,compliance_dominant,mixed,65.61027634091761,64.24309900401613,0.02083785365873916,1.1992462845585834,0.7675541946221784,0.07777271845697714,0.03888635922848854,0.014576726020279374,0.03769786721232382,S026,S115,9.0,9.0,0.0,1.4,1.0,0.3999999999999999,10.0,10.0,0.0,47.10182387389009,45.30295444705219,1.7988694268379035,1.3671773369014772,18.50845246702753,18.940144556963947,0.4316920899364156,0.37485878057471406,0.3333333333333334,0.04152544724138063,0.2502824388505719,0.3333333333333334,0.08305089448276154,0.28209685279872543,0.2948199082952071,0.012723055496481672,1.3929455580442458,1.4180774695191287,0.025131911474882918
26,117,MP_tot_PEEP_Jmin,compliance_dominant,mixed,65.61027634091761,63.07391477617039,0.038657992409116326,7.465352685884,1.1963147781947896,0.07777271845697709,0.0388863592284886,0.16080362331114906,0.5457034536114862,S026,S117,9.0,12.0,3.0,1.4,0.6,0.7999999999999999,10.0,10.0,0.0,47.10182387389009,35.90379484506408,11.198029028826014,2.5363615647472173,18.50845246702753,27.170119931106324,8.661667464078793,0.37485878057471406,0.3333333333333334,0.04152544724138063,0.2502824388505719,0.3333333333333334,0.08305089448276154,0.28209685279872543,0.4307663481412972,0.1486694953425718,1.3929455580442458,1.7567478604519033,0.36380230240765754
26,123,MP_tot_PEEP_Jmin,compliance_dominant,mixed,65.61027634091761,68.28705456755347,0.04079815504399115,15.518493689625043,2.737482982748631,0.07777271845697703,0.038886359228488654,0.26204981377216774,0.4673493428568778,S026,S123,9.0,3.0,6.0,1.4,0.6,0.7999999999999999,10.0,15.0,5.0,47.10182387389009,62.55961280740234,15.457788933512248,2.676778226635861,18.50845246702753,5.727441760151123,12.781010706876408,0.37485878057471406,0.33333333333333337,0.041525447241380686,0.2502824388505719,0.33333333333333337,0.08305089448276148,0.28209685279872543,0.08387302390506841,0.19822382889365703,1.3929455580442458,1.0915517456571187,0.30139381238712715
26,149,MP_tot_PEEP_Jmin,compliance_dominant,severe_mixed,65.61027634091761,64.04569324377006,0.023846616481506894,13.838358115205594,3.426832939905303,0.16052483341710394,0.08026241670855205,0.2513256437569794,1.0572372340526082,S026,S149,9.0,12.0,3.0,1.4,1.4,0.0,10.0,5.0,5.0,47.10182387389009,35.125715601442245,11.976108272447846,1.5645830971475476,18.50845246702753,28.919977642327822,10.41152517530029,0.37485878057471406,0.2932800180314615,0.08157876254325258,0.2502824388505719,0.4134399639370771,0.16315752508650522,0.28209685279872543,0.4515522617930436,0.16945540899431816,1.3929455580442458,1.8233277855594887,0.4303822275152429
26,158,MP_tot_PEEP_Jmin,compliance_dominant,severe_mixed,65.61027634091761,64.71848187360195,0.013592298600935753,3.365810795400048,2.574699865015674,0.1599210663694422,0.07996053318472124,0.1053282941572507,0.22792806897515794,S026,S158,9.0,6.0,3.0,1.4,1.4,0.0,10.0,10.0,0.0,47.10182387389009,52.15054006699015,5.048716193100063,0.8917944673156626,18.50845246702753,12.567941806611802,5.940510660415729,0.37485878057471406,0.2931129045116228,0.08174587606309125,0.2502824388505719,0.41377419097675455,0.16349175212618267,0.28209685279872543,0.1941940144881264,0.08790283831059903,1.3929455580442458,1.2409935120608069,0.15195204598343892
26,165,MP_tot_PEEP_Jmin,compliance_dominant,severe_mixed,65.61027634091761,68.81667564242248,0.0488703825120946,20.21129081589015,1.7028383488626133,0.15630657318416669,0.07815328659208343,0.37083901910574024,0.5894183370663693,S026,S165,9.0,0.0,9.0,1.4,0.6,0.7999999999999999,10.0,15.0,5.0,47.10182387389009,68.81667564242248,21.71485176853239,3.2063993015048737,18.50845246702753,0.0,18.50845246702753,0.37485878057471406,0.2940664059697385,0.08079237460497557,0.2502824388505719,0.4118671880605228,0.16158474920995092,0.28209685279872543,0.0,0.28209685279872543,1.3929455580442458,1.0,0.3929455580442458
26,166,MP_tot_PEEP_Jmin,compliance_dominant,severe_mixed,65.61027634091761,68.81667564242248,0.0488703825120946,20.21129081589015,1.7028383488626133,0.15630657318416669,0.07815328659208343,0.37083901910574024,0.5894183370663693,S026,S166,9.0,0.0,9.0,1.4,1.0,0.3999999999999999,10.0,15.0,5.0,47.10182387389009,68.81667564242248,21.71485176853239,3.2063993015048737,18.50845246702753,0.0,18.50845246702753,0.37485878057471406,0.2940664059697385,0.08079237460497557,0.2502824388505719,0.4118671880605228,0.16158474920995092,0.28209685279872543,0.0,0.28209685279872543,1.3929455580442458,1.0,0.3929455580442458
26,167,MP_tot_PEEP_Jmin,compliance_dominant,severe_mixed,65.61027634091761,68.81667564242248,0.0488703825120946,20.21129081589015,1.7028383488626133,0.15630657318416669,0.07815328659208343,0.37083901910574024,0.5894183370663693,S026,S167,9.0,0.0,9.0,1.4,1.4,0.0,10.0,15.0,5.0,47.10182387389009,68.81667564242248,21.71485176853239,3.2063993015048737,18.50845246702753,0.0,18.50845246702753,0.37485878057471406,0.2940664059697385,0.08079237460497557,0.2502824388505719,0.4118671880605228,0.16158474920995092,0.28209685279872543,0.0,0.28209685279872543,1.3929455580442458,1.0,0.3929455580442458
27,30,MP_tot_PEEP_Jmin,compliance_dominant,compliance_dominant,56.04200147765059,53.70667412933936,0.041671019712644405,17.683334138440582,4.463660151364124,0.007863299028233905,0.003931649514116842,0.49497496281051107,0.9800998492373618,S027,S030,12.0,0.0,12.0,0.6,0.6,0.0,10.0,15.0,5.0,33.89500718784589,53.70667412933936,19.81166694149347,2.3353273483112247,22.146994289804702,0.0,22.146994289804702,0.3751585900640619,0.3767999565234175,0.001641366459355642,0.24968281987187638,0.24640008695316487,0.003282732918711506,0.39518564123083416,0.0,0.39518564123083416,1.6533998994915744,1.0,0.6533998994915744
27,31,MP_tot_PEEP_Jmin,compliance_dominant,compliance_dominant,56.04200147765059,53.70667412933936,0.041671019712644405,17.683334138440582,4.463660151364124,0.007863299028233905,0.003931649514116842,0.49497496281051107,0.9800998492373618,S027,S031,12.0,0.0,12.0,0.6,1.0,0.4,10.0,15.0,5.0,33.89500718784589,53.70667412933936,19.81166694149347,2.3353273483112247,22.146994289804702,0.0,22.146994289804702,0.3751585900640619,0.3767999565234175,0.001641366459355642,0.24968281987187638,0.24640008695316487,0.003282732918711506,0.39518564123083416,0.0,0.39518564123083416,1.6533998994915744,1.0,0.6533998994915744
27,32,MP_tot_PEEP_Jmin,compliance_dominant,compliance_dominant,56.04200147765059,53.70667412933936,0.041671019712644405,17.683334138440582,4.463660151364124,0.007863299028233905,0.003931649514116842,0.49497496281051107,0.9800998492373618,S027,S032,12.0,0.0,12.0,0.6,1.4,0.7999999999999999,10.0,15.0,5.0,33.89500718784589,53.70667412933936,19.81166694149347,2.3353273483112247,22.146994289804702,0.0,22.146994289804702,0.3751585900640619,0.3767999565234175,0.001641366459355642,0.24968281987187638,0.24640008695316487,0.003282732918711506,0.39518564123083416,0.0,0.39518564123083416,1.6533998994915744,1.0,0.6533998994915744
27,74,MP_tot_PEEP_Jmin,compliance_dominant,resistance_dominant,56.04200147765059,56.886716691913165,0.015072895185576992,2.2524777996519063,0.2815236855633927,0.153569114949495,0.16175223045018344,0.05385827578978769,0.190817584448969,S027,S074,12.0,12.0,0.0,0.6,1.4,0.7999999999999999,10.0,10.0,0.0,33.89500718784589,37.273723887323754,3.378716699477863,0.8447152142625782,22.146994289804702,19.6129928045894,2.5340014852153026,0.3751585900640619,0.5452714559928777,0.17011286592881586,0.24968281987187638,0.09054291198575565,0.15913990788612073,0.39518564123083416,0.3447728036548385,0.050412837575995684,1.6533998994915744,1.5261881765255951,0.12721172296597927
27,82,MP_tot_PEEP_Jmin,compliance_dominant,resistance_dominant,56.04200147765059,54.305527561098415,0.030985223060683742,11.52154984298748,1.8108786211206862,0.16027821606387366,0.1583976798929942,0.2896641405810768,0.7217462337956411,S027,S082,12.0,6.0,6.0,0.6,1.0,0.4,10.0,15.0,5.0,33.89500718784589,45.490961735401875,11.595954547555984,1.7364739165521712,22.146994289804702,8.814565825696546,13.332428464108157,0.3751585900640619,0.5397746333015333,0.16461604323747142,0.24968281987187638,0.07954926660306644,0.17013355326880994,0.39518564123083416,0.16231433928672173,0.23287130194411243,1.6533998994915744,1.1937652115812907,0.4596346879102837
27,83,MP_tot_PEEP_Jmin,compliance_dominant,resistance_dominant,56.04200147765059,58.38250427653884,0.041763369208389876,14.526027136670866,1.2646056630919418,0.15130026092322743,0.16288665746331726,0.3018450636938839,0.7407429826175853,S027,S083,12.0,6.0,6.0,0.6,1.4,0.7999999999999999,10.0,15.0,5.0,33.89500718784589,49.49693146031306,15.601924272467166,2.3405027988882523,22.146994289804702,8.885572816225782,13.26142147357892,0.3751585900640619,0.5452501647245316,0.1700915746604697,0.24968281987187638,0.09050032944906305,0.15918249042281332,0.39518564123083416,0.1521958149334898,0.24298982629734436,1.6533998994915744,1.1795176499648325,0.47388224952674185
27,84,MP_tot_PEEP_Jmin,compliance_dominant,resistance_dominant,56.04200147765059,54.42800883538935,0.028799696650821688,8.466308081190967,0.669983426230921,0.14597167117786186,0.1655509523360001,0.19977151946564492,0.5612506926156826,S027,S084,12.0,9.0,3.0,0.6,0.6,0.0,10.0,15.0,5.0,33.89500718784589,41.41730605300653,7.522298865160636,1.6139926422612376,22.146994289804702,13.01070278238281,9.136291507421893,0.3751585900640619,0.5438055062563539,0.16864691619229205,0.24968281987187638,0.08761101251270786,0.1620718073591685,0.39518564123083416,0.23904425425027104,0.15614138698056312,1.6533998994915744,1.3141368674662595,0.33926303202531494
27,104,MP_tot_PEEP_Jmin,compliance_dominant,mixed,56.04200147765059,56.349966208111,0.005495248605338049,6.959711280118103,4.030659718703461,0.09479654540840246,0.047398272704201105,0.12094727670547817,0.6235395771637151,S027,S104,12.0,12.0,0.0,0.6,1.4,0.7999999999999999,10.0,5.0,5.0,33.89500718784589,31.27392035689165,2.6210868309542406,0.3079647304604123,22.146994289804702,25.076045851219348,2.9290515614146457,0.3751585900640619,0.33333333333333337,0.04182525673072851,0.24968281987187638,0.33333333333333337,0.083650513461457,0.39518564123083416,0.4450055171037513,0.04981987587291714,1.6533998994915744,1.8018197132005387,0.1484198137089643
27,113,MP_tot_PEEP_Jmin,compliance_dominant,mixed,56.04200147765059,56.909466592662845,0.015478838944719017,8.217793077596212,3.241431423785869,0.0947965454084024,0.04739827270420116,0.23745220620817564,0.6332572235645793,S027,S113,12.0,6.0,6.0,0.6,1.4,0.7999999999999999,10.0,10.0,0.0,33.89500718784589,46.22169680424022,12.326689616394326,0.8674651150122585,22.146994289804702,10.687769788422617,11.459224501382085,0.3751585900640619,0.33333333333333326,0.04182525673072862,0.24968281987187638,0.33333333333333326,0.08365051346145688,0.39518564123083416,0.18780302168217047,0.2073826195486637,1.6533998994915744,1.2312284171151884,0.422171482376386
27,157,MP_tot_PEEP_Jmin,compliance_dominant,severe_mixed,56.04200147765059,58.47117845356627,0.043345649903036215,8.147777275000717,1.6447116615846866,0.18128869241539766,0.09064434620769873,0.2083205505400345,0.5782547727396488,S027,S157,12.0,6.0,6.0,0.6,1.0,0.4,10.0,10.0,0.0,33.89500718784589,46.11667310034697,12.22166591250108,2.4291769759156807,22.146994289804702,12.354505353219306,9.792488936585396,0.3751585900640619,0.2904420934767309,0.08471649658733099,0.24968281987187638,0.4191158130465382,0.16943299317466184,0.39518564123083416,0.21129222430552502,0.18389341692530914,1.6533998994915744,1.2678967176651421,0.3855031818264323
28,36,MP_tot_PEEP_Jmin,compliance_dominant,compliance_dominant,72.51676451436852,69.31719232256916,0.044121827734956334,13.289060041818871,2.543962102943375,0.01899335225640353,0.00949667612820182,0.2676434775097098,0.6274602520780292,S028,S036,12.0,6.0,6.0,1.0,0.6,0.4,10.0,15.0,5.0,45.76767092516056,58.40112087812343,12.63344995296287,3.199572191799362,26.749093589207952,10.916071444445713,15.83302214476224,0.3656088748575319,0.37339766363932547,0.007788788781793565,0.2687822502849361,0.25320467272134894,0.01557757756358713,0.3688677200140096,0.1574799999637539,0.2113877200502557,1.5844538961344168,1.186915444092697,0.3975384520417198
28,86,MP_tot_PEEP_Jmin,compliance_dominant,resistance_dominant,72.51676451436852,71.27198418344143,0.017165414635679777,11.3078897873988,0.07121984273561566,0.18327982848300392,0.17747765521037528,0.19657296804630897,0.5057447872068517,S028,S086,12.0,9.0,3.0,1.0,1.4,0.3999999999999999,10.0,15.0,5.0,45.76767092516056,55.759560538896665,9.991889613736106,1.2447803309270853,26.749093589207952,15.512423644544775,11.236669944663177,0.3656088748575319,0.5448184489649515,0.17920957410741956,0.2687822502849361,0.08963689792990294,0.17914535235503315,0.3688677200140096,0.217651070364739,0.1512166496492706,1.5844538961344168,1.27820204274608,0.3062518533883367
28,116,MP_tot_PEEP_Jmin,compliance_dominant,mixed,72.51676451436852,73.78376454697916,0.017471822427482887,5.591579948990322,1.5287899418845043,0.06421576388145589,0.03210788194072811,0.11494643344211558,0.3329994973480972,S028,S116,12.0,9.0,3.0,1.0,1.4,0.3999999999999999,10.0,10.0,0.0,45.76767092516056,54.15504084864603,8.387369923485473,1.267000032610639,26.749093589207952,19.62872369833313,7.120369890874823,0.3656088748575319,0.33333333333333337,0.03227554152419854,0.2687822502849361,0.33333333333333337,0.0645510830483973,0.3688677200140096,0.2660303905452702,0.10283732946873936,1.5844538961344168,1.362454231235685,0.22199966489873169
28,124,MP_tot_PEEP_Jmin,compliance_dominant,mixed,72.51676451436852,73.3243308169836,0.011136270461364483,20.003381033576943,0.7749306057816057,0.06421576388145595,0.032107881940728056,0.36144049099034187,0.7584830248780485,S028,S124,12.0,3.0,9.0,1.0,1.0,0.0,10.0,15.0,5.0,45.76767092516056,67.35354886713421,21.58587794197365,0.8075663026150863,26.749093589207952,5.970781949849396,20.778311639358556,0.3656088748575319,0.33333333333333326,0.03227554152419865,0.2687822502849361,0.33333333333333326,0.06455108304839718,0.3688677200140096,0.08142975030692576,0.2874379697070838,1.5844538961344168,1.0886483644926823,0.49580553164173446
28,160,MP_tot_PEEP_Jmin,compliance_dominant,severe_mixed,72.51676451436852,73.92605171614103,0.019433950359068725,4.135446543169493,0.6584360698122325,0.15208387455529782,0.07604193727764902,0.07925980000136595,0.2430021121382011,S028,S160,12.0,9.0,3.0,1.0,1.0,0.0,10.0,10.0,0.0,45.76767092516056,51.9708407399148,6.20316981475424,1.4092872017725142,26.749093589207952,21.95521097622622,4.793882612981733,0.3656088748575319,0.28967279920342925,0.07593607565410265,0.2687822502849361,0.42065440159314144,0.15187215130820536,0.3688677200140096,0.2969888214851398,0.0718788985288698,1.5844538961344168,1.4224524880422826,0.16200140809213415
28,162,MP_tot_PEEP_Jmin,compliance_dominant,severe_mixed,72.51676451436852,71.77593818243083,0.010215931955856843,2.6306867086046637,0.5745170223646454,0.14178543099212604,0.07089271549606296,0.05077896579152552,0.197677910115428,S028,S162,12.0,12.0,0.0,1.0,0.6,0.4,10.0,10.0,0.0,45.76767092516056,41.82164086225356,3.946030062906999,0.7408263319376829,26.749093589207952,29.954297320177268,3.205203730969316,0.3656088748575319,0.2929204241856895,0.07268845067184243,0.2687822502849361,0.414159151628621,0.14537690134368492,0.3688677200140096,0.4173306274874916,0.04846290747348203,1.5844538961344168,1.7162391695447023,0.13178527341028556
29,37,MP_tot_PEEP_Jmin,compliance_dominant,compliance_dominant,82.75473054657247,79.29830889665864,0.04176705823443701,13.83629287594087,2.0850393333426354,0.006301866087826513,0.003150933043913229,0.23902361549701537,0.5440756083392393,S029,S037,12.0,6.0,6.0,1.4,1.0,0.3999999999999999,10.0,15.0,5.0,53.85131947696358,66.31623003633325,12.46491055936967,3.4564216499138354,28.9034110696089,12.98207886032538,15.92133220928352,0.3748269450263899,0.36965159324820535,0.005175351778184567,0.2503461099472201,0.26069681350358914,0.010350703556369023,0.3492659679840625,0.16371192577692412,0.1855540422071384,1.5367261443235973,1.1957602061096173,0.34096593821398
29,38,MP_tot_PEEP_Jmin,compliance_dominant,compliance_dominant,82.75473054657247,84.93193847926422,0.026309165872595772,17.878117151842375,2.2013154906291277,0.0021377058562229156,0.0010688529281113746,0.24861519806960822,0.5591454429931284,S029,S038,12.0,6.0,6.0,1.4,1.4,0.0,10.0,15.0,5.0,53.85131947696358,71.70532907086857,17.85400959390499,2.1772079326917435,28.9034110696089,13.22660940839564,15.67680166121326,0.3748269450263899,0.37480682348472927,2.0121541660644837e-05,0.2503461099472201,0.2503863530305414,4.0243083321289674e-05,0.3492659679840625,0.15573186771928987,0.19353410026477263,1.5367261443235973,1.1844578301192006,0.35226831420439675
29,39,MP_tot_PEEP_Jmin,compliance_dominant,compliance_dominant,82.75473054657247,79.25776677152447,0.04225696527499404,9.660378538077559,0.7336100125223339,0.0071714026844507395,0.0035857013422253003,0.15712008174064201,0.398835674450406,S029,S039,12.0,9.0,3.0,1.4,0.6,0.7999999999999999,10.0,15.0,5.0,53.85131947696358,60.74834425251549,6.897024775551905,3.496963775048002,28.9034110696089,18.50942251900899,10.39398855059991,0.3748269450263899,0.37344290793073653,0.0013840370956533787,0.2503461099472201,0.2531141841385269,0.0027680741913067575,0.3492659679840625,0.23353449476271398,0.11573147322134852,1.5367261443235973,1.304690156526242,0.23203598779735524
29,89,MP_tot_PEEP_Jmin,compliance_dominant,resistance_dominant,82.75473054657247,85.6175070371481,0.03459350869331296,10.615762561801162,5.307668911860091,0.17043316844092177,0.17038846487833548,0.10947306486195452,0.2978445767805604,S029,S089,12.0,12.0,0.0,1.4,1.4,0.0,10.0,15.0,5.0,53.85131947696358,62.02218961748028,8.170870140516698,2.8627764905756266,28.9034110696089,23.595317419667833,5.308093649941068,0.3748269450263899,0.544594954523324,0.16976800949693405,0.2503461099472201,0.08918990904664778,0.16115620090057234,0.3492659679840625,0.27558986749556014,0.07367610048850237,1.5367261443235973,1.3804334797786266,0.1562926645449707
29,118,MP_tot_PEEP_Jmin,compliance_dominant,mixed,82.75473054657247,79.5383180472206,0.038866811336443804,2.3771443018023604,2.027840348450681,0.07772828423453704,0.03886414211726852,0.01997154290261044,0.06750790665682072,S029,S118,12.0,12.0,0.0,1.4,1.0,0.3999999999999999,10.0,10.0,0.0,53.85131947696358,50.285603024260034,3.5657164527035476,3.2164124993518755,28.9034110696089,29.252715022960587,0.3493039533516864,0.3748269450263899,0.33333333333333337,0.04149361169305654,0.2503461099472201,0.33333333333333337,0.08298722338611325,0.3492659679840625,0.36778141330061476,0.018515445316552248,1.5367261443235973,1.5817314154281445,0.04500527110454722
29,161,MP_tot_PEEP_Jmin,compliance_dominant,severe_mixed,82.75473054657247,83.96156285872623,0.014583242603570228,4.780214475277305,1.183274925484909,0.16039417099855796,0.08019708549927912,0.0854393156399118,0.2411928375565231,S029,S161,12.0,9.0,3.0,1.4,1.4,0.0,10.0,10.0,0.0,53.85131947696358,61.02164118987954,7.170321712915957,1.2068323121537503,28.9034110696089,22.939921668846686,5.963489400762214,0.3748269450263899,0.29292675535005536,0.08190018967633456,0.2503461099472201,0.41414648929988923,0.1638003793526691,0.3492659679840625,0.273219326651237,0.07604664133282552,1.5367261443235973,1.3759309192859153,0.16079522503768207
29,169,MP_tot_PEEP_Jmin,compliance_dominant,severe_mixed,82.75473054657247,83.60580954582926,0.010284354666321067,21.56579472007568,0.35403929888357766,0.16011025219803682,0.08005512609901849,0.33765467475169564,0.6835652701801425,S029,S169,12.0,3.0,9.0,1.4,1.0,0.3999999999999999,10.0,15.0,5.0,53.85131947696358,76.62223249517965,22.770913018216064,0.8510789992567851,28.9034110696089,6.9835770506496235,21.91983401895928,0.3748269450263899,0.2923414501747442,0.08248549485164569,0.2503461099472201,0.41531709965051183,0.16497098970329171,0.3492659679840625,0.08352980598580909,0.26573616199825345,1.5367261443235973,1.0911429597289397,0.4455831845946576
30,31,MP_tot_PEEP_Jmin,compliance_dominant,compliance_dominant,53.70667412933936,53.70667412933936,0.0,0.0,0.0,0.0,0.0,0.0,0.0,S030,S031,0.0,0.0,0.0,0.6,1.0,0.4,15.0,15.0,0.0,53.70667412933936,53.70667412933936,0.0,0.0,0.0,0.0,0.0,0.3767999565234175,0.3767999565234175,0.0,0.24640008695316487,0.24640008695316487,0.0,0.0,0.0,0.0,1.0,1.0,0.0
30,32,MP_tot_PEEP_Jmin,compliance_dominant,compliance_dominant,53.70667412933936,53.70667412933936,0.0,0.0,0.0,0.0,0.0,0.0,0.0,S030,S032,0.0,0.0,0.0,0.6,1.4,0.7999999999999999,15.0,15.0,0.0,53.70667412933936,53.70667412933936,0.0,0.0,0.0,0.0,0.0,0.3767999565234175,0.3767999565234175,0.0,0.24640008695316487,0.24640008695316487,0.0,0.0,0.0,0.0,1.0,1.0,0.0
30,82,MP_tot_PEEP_Jmin,compliance_dominant,resistance_dominant,53.70667412933936,54.305527561098415,0.011150447155168495,6.161784295453103,2.6527815302434377,0.16814151509210756,0.16232932940711103,0.20531082222943423,0.25835361544172075,S030,S082,0.0,6.0,6.0,0.6,1.0,0.4,15.0,15.0,0.0,53.70667412933936,45.490961735401875,8.215712393937487,0.5988534317590535,0.0,8.814565825696546,8.814565825696546,0.3767999565234175,0.5397746333015333,0.16297467677811578,0.24640008695316487,0.07954926660306644,0.16685082035009843,0.0,0.16231433928672173,0.16231433928672173,1.0,1.1937652115812907,0.19376521158129068
30,84,MP_tot_PEEP_Jmin,compliance_dominant,resistance_dominant,53.70667412933936,54.42800883538935,0.013431006811422156,9.217026057249615,3.793676725133203,0.15383497020609577,0.16948260185011693,0.29520344334486615,0.4188491566216792,S030,S084,0.0,9.0,9.0,0.6,0.6,0.0,15.0,15.0,0.0,53.70667412933936,41.41730605300653,12.289368076332835,0.7213347060499871,0.0,13.01070278238281,13.01070278238281,0.3767999565234175,0.5438055062563539,0.1670055497329364,0.24640008695316487,0.08761101251270786,0.158789074440457,0.0,0.23904425425027104,0.23904425425027104,1.0,1.3141368674662595,0.31413686746625946
30,104,MP_tot_PEEP_Jmin,compliance_dominant,mixed,53.70667412933936,56.349966208111,0.04921719919587491,24.643045418558685,0.4330004326606627,0.08693324638016856,0.043466623190084264,0.6159222395159892,1.603639426401077,S030,S104,0.0,12.0,12.0,0.6,1.4,0.7999999999999999,15.0,5.0,10.0,53.70667412933936,31.27392035689165,22.43275377244771,2.643292078771637,0.0,25.076045851219348,25.076045851219348,0.3767999565234175,0.33333333333333337,0.04346662319008415,0.24640008695316487,0.33333333333333337,0.0869332463801685,0.0,0.4450055171037513,0.4450055171037513,1.0,1.8018197132005387,0.8018197132005387
30,114,MP_tot_PEEP_Jmin,compliance_dominant,mixed,53.70667412933936,52.2173763325768,0.027730218281175917,17.26894005523432,0.4318379646871833,0.08693324638016856,0.043466623190084264,0.43478203076456273,0.7692289602057178,S030,S114,0.0,9.0,9.0,0.6,0.6,0.0,15.0,10.0,5.0,53.70667412933936,34.51659831265528,19.19007581668408,1.489297796762564,0.0,17.700778019921504,17.700778019921504,0.3767999565234175,0.3333333333333333,0.04346662319008421,0.24640008695316487,0.3333333333333333,0.08693324638016844,0.0,0.33898252388599115,0.33898252388599115,1.0,1.512819306803812,0.512819306803812
30,148,MP_tot_PEEP_Jmin,compliance_dominant,severe_mixed,53.70667412933936,53.12887678472654,0.010758389976287403,26.73972577404547,0.6914086352370106,0.1755305093047365,0.08776525465236834,0.6579752539339674,1.923765053558248,S030,S148,0.0,12.0,12.0,0.6,1.0,0.4,15.0,5.0,10.0,53.70667412933936,27.08055964591808,26.626114483421283,0.5777973446128186,0.0,26.04831713880846,26.04831713880846,0.3767999565234175,0.28879545551745817,0.08800450100595936,0.24640008695316487,0.42240908896508356,0.17600900201191869,0.0,0.4902854853181616,0.4902854853181616,1.0,1.961882526779124,0.961882526779124
31,32,MP_tot_PEEP_Jmin,compliance_dominant,compliance_dominant,53.70667412933936,53.70667412933936,0.0,0.0,0.0,0.0,0.0,0.0,0.0,S031,S032,0.0,0.0,0.0,1.0,1.4,0.3999999999999999,15.0,15.0,0.0,53.70667412933936,53.70667412933936,0.0,0.0,0.0,0.0,0.0,0.3767999565234175,0.3767999565234175,0.0,0.24640008695316487,0.24640008695316487,0.0,0.0,0.0,0.0,1.0,1.0,0.0
31,82,MP_tot_PEEP_Jmin,compliance_dominant,resistance_dominant,53.70667412933936,54.305527561098415,0.011150447155168495,6.161784295453103,2.6527815302434377,0.16814151509210756,0.16232932940711103,0.20531082222943423,0.25835361544172075,S031,S082,0.0,6.0,6.0,1.0,1.0,0.0,15.0,15.0,0.0,53.70667412933936,45.490961735401875,8.215712393937487,0.5988534317590535,0.0,8.814565825696546,8.814565825696546,0.3767999565234175,0.5397746333015333,0.16297467677811578,0.24640008695316487,0.07954926660306644,0.16685082035009843,0.0,0.16231433928672173,0.16231433928672173,1.0,1.1937652115812907,0.19376521158129068
31,84,MP_tot_PEEP_Jmin,compliance_dominant,resistance_dominant,53.70667412933936,54.42800883538935,0.013431006811422156,9.217026057249615,3.793676725133203,0.15383497020609577,0.16948260185011693,0.29520344334486615,0.4188491566216792,S031,S084,0.0,9.0,9.0,1.0,0.6,0.4,15.0,15.0,0.0,53.70667412933936,41.41730605300653,12.289368076332835,0.7213347060499871,0.0,13.01070278238281,13.01070278238281,0.3767999565234175,0.5438055062563539,0.1670055497329364,0.24640008695316487,0.08761101251270786,0.158789074440457,0.0,0.23904425425027104,0.23904425425027104,1.0,1.3141368674662595,0.31413686746625946
31,104,MP_tot_PEEP_Jmin,compliance_dominant,mixed,53.70667412933936,56.349966208111,0.04921719919587491,24.643045418558685,0.4330004326606627,0.08693324638016856,0.043466623190084264,0.6159222395159892,1.603639426401077,S031,S104,0.0,12.0,12.0,1.0,1.4,0.3999999999999999,15.0,5.0,10.0,53.70667412933936,31.27392035689165,22.43275377244771,2.643292078771637,0.0,25.076045851219348,25.076045851219348,0.3767999565234175,0.33333333333333337,0.04346662319008415,0.24640008695316487,0.33333333333333337,0.0869332463801685,0.0,0.4450055171037513,0.4450055171037513,1.0,1.8018197132005387,0.8018197132005387
31,114,MP_tot_PEEP_Jmin,compliance_dominant,mixed,53.70667412933936,52.2173763325768,0.027730218281175917,17.26894005523432,0.4318379646871833,0.08693324638016856,0.043466623190084264,0.43478203076456273,0.7692289602057178,S031,S114,0.0,9.0,9.0,1.0,0.6,0.4,15.0,10.0,5.0,53.70667412933936,34.51659831265528,19.19007581668408,1.489297796762564,0.0,17.700778019921504,17.700778019921504,0.3767999565234175,0.3333333333333333,0.04346662319008421,0.24640008695316487,0.3333333333333333,0.08693324638016844,0.0,0.33898252388599115,0.33898252388599115,1.0,1.512819306803812,0.512819306803812
31,148,MP_tot_PEEP_Jmin,compliance_dominant,severe_mixed,53.70667412933936,53.12887678472654,0.010758389976287403,26.73972577404547,0.6914086352370106,0.1755305093047365,0.08776525465236834,0.6579752539339674,1.923765053558248,S031,S148,0.0,12.0,12.0,1.0,1.0,0.0,15.0,5.0,10.0,53.70667412933936,27.08055964591808,26.626114483421283,0.5777973446128186,0.0,26.04831713880846,26.04831713880846,0.3767999565234175,0.28879545551745817,0.08800450100595936,0.24640008695316487,0.42240908896508356,0.17600900201191869,0.0,0.4902854853181616,0.4902854853181616,1.0,1.961882526779124,0.961882526779124
32,82,MP_tot_PEEP_Jmin,compliance_dominant,resistance_dominant,53.70667412933936,54.305527561098415,0.011150447155168495,6.161784295453103,2.6527815302434377,0.16814151509210756,0.16232932940711103,0.20531082222943423,0.25835361544172075,S032,S082,0.0,6.0,6.0,1.4,1.0,0.3999999999999999,15.0,15.0,0.0,53.70667412933936,45.490961735401875,8.215712393937487,0.5988534317590535,0.0,8.814565825696546,8.814565825696546,0.3767999565234175,0.5397746333015333,0.16297467677811578,0.24640008695316487,0.07954926660306644,0.16685082035009843,0.0,0.16231433928672173,0.16231433928672173,1.0,1.1937652115812907,0.19376521158129068
32,84,MP_tot_PEEP_Jmin,compliance_dominant,resistance_dominant,53.70667412933936,54.42800883538935,0.013431006811422156,9.217026057249615,3.793676725133203,0.15383497020609577,0.16948260185011693,0.29520344334486615,0.4188491566216792,S032,S084,0.0,9.0,9.0,1.4,0.6,0.7999999999999999,15.0,15.0,0.0,53.70667412933936,41.41730605300653,12.289368076332835,0.7213347060499871,0.0,13.01070278238281,13.01070278238281,0.3767999565234175,0.5438055062563539,0.1670055497329364,0.24640008695316487,0.08761101251270786,0.158789074440457,0.0,0.23904425425027104,0.23904425425027104,1.0,1.3141368674662595,0.31413686746625946
32,104,MP_tot_PEEP_Jmin,compliance_dominant,mixed,53.70667412933936,56.349966208111,0.04921719919587491,24.643045418558685,0.4330004326606627,0.08693324638016856,0.043466623190084264,0.6159222395159892,1.603639426401077,S032,S104,0.0,12.0,12.0,1.4,1.4,0.0,15.0,5.0,10.0,53.70667412933936,31.27392035689165,22.43275377244771,2.643292078771637,0.0,25.076045851219348,25.076045851219348,0.3767999565234175,0.33333333333333337,0.04346662319008415,0.24640008695316487,0.33333333333333337,0.0869332463801685,0.0,0.4450055171037513,0.4450055171037513,1.0,1.8018197132005387,0.8018197132005387
32,114,MP_tot_PEEP_Jmin,compliance_dominant,mixed,53.70667412933936,52.2173763325768,0.027730218281175917,17.26894005523432,0.4318379646871833,0.08693324638016856,0.043466623190084264,0.43478203076456273,0.7692289602057178,S032,S114,0.0,9.0,9.0,1.4,0.6,0.7999999999999999,15.0,10.0,5.0,53.70667412933936,34.51659831265528,19.19007581668408,1.489297796762564,0.0,17.700778019921504,17.700778019921504,0.3767999565234175,0.3333333333333333,0.04346662319008421,0.24640008695316487,0.3333333333333333,0.08693324638016844,0.0,0.33898252388599115,0.33898252388599115,1.0,1.512819306803812,0.512819306803812
32,148,MP_tot_PEEP_Jmin,compliance_dominant,severe_mixed,53.70667412933936,53.12887678472654,0.010758389976287403,26.73972577404547,0.6914086352370106,0.1755305093047365,0.08776525465236834,0.6579752539339674,1.923765053558248,S032,S148,0.0,12.0,12.0,1.4,1.0,0.3999999999999999,15.0,5.0,10.0,53.70667412933936,27.08055964591808,26.626114483421283,0.5777973446128186,0.0,26.04831713880846,26.04831713880846,0.3767999565234175,0.28879545551745817,0.08800450100595936,0.24640008695316487,0.42240908896508356,0.17600900201191869,0.0,0.4902854853181616,0.4902854853181616,1.0,1.961882526779124,0.961882526779124
33,83,MP_tot_PEEP_Jmin,compliance_dominant,resistance_dominant,60.80016144184077,58.38250427653884,0.039763992528450365,4.917724532563753,0.7784156544473575,0.16259065437093242,0.16853185418716982,0.09168514558185846,0.1264592413108867,S033,S083,3.0,6.0,3.0,0.6,1.4,0.7999999999999999,15.0,15.0,0.0,56.05389750373139,49.49693146031306,6.556966043418335,2.4176571653019323,4.74626393810938,8.885572816225782,4.139308878116402,0.3743797875321674,0.5452501647245316,0.1708703771923642,0.25124042493566523,0.09050032944906305,0.16074009548660217,0.0780633443325555,0.1521958149334898,0.0741324706009343,1.0846732189816672,1.1795176499648325,0.0948444309831653
33,87,MP_tot_PEEP_Jmin,compliance_dominant,resistance_dominant,60.80016144184077,62.265178009565844,0.024095603251423178,9.86603540057854,4.753695034584581,0.15426792595394437,0.17269321839566382,0.2742993442779532,0.4890095356745836,S033,S087,3.0,12.0,9.0,0.6,0.6,0.0,15.0,15.0,0.0,56.05389750373139,42.899183636293344,13.154713867438048,1.4650165677250726,4.74626393810938,19.36599437327252,14.619730435163142,0.3743797875321674,0.5445816155093243,0.17020182797715688,0.25124042493566523,0.08916323101864845,0.16207719391701678,0.0780633443325555,0.3110244761574007,0.23296113182484518,1.0846732189816672,1.451430370737605,0.3667571517559378
33,117,MP_tot_PEEP_Jmin,compliance_dominant,mixed,60.80016144184077,63.07391477617039,0.03739715948788408,18.10455989775583,4.319296095241107,0.08350615196069741,0.04175307598034861,0.4301978888821206,1.0222241653689657,S033,S117,3.0,12.0,9.0,0.6,0.6,0.0,15.0,10.0,5.0,56.05389750373139,35.90379484506408,20.150102658667315,2.2737533343296192,4.74626393810938,27.170119931106324,22.423855992996945,0.3743797875321674,0.3333333333333334,0.04104645419883396,0.25124042493566523,0.3333333333333334,0.0820929083976682,0.0780633443325555,0.4307663481412972,0.3527030038087417,1.0846732189816672,1.7567478604519033,0.6720746414702361
33,120,MP_tot_PEEP_Jmin,compliance_dominant,mixed,60.80016144184077,60.71001743085728,0.001482627822785013,3.492089945344418,1.2541739927649687,0.08350615196069741,0.04175307598034861,0.10144475353476869,0.1128976253088898,S033,S120,3.0,0.0,3.0,0.6,0.6,0.0,15.0,15.0,0.0,56.05389750373139,60.71001743085728,4.656119927125886,0.09014401098349367,4.74626393810938,0.0,4.74626393810938,0.3743797875321674,0.3333333333333333,0.04104645419883407,0.25124042493566523,0.3333333333333333,0.08209290839766809,0.0780633443325555,0.0,0.0780633443325555,1.0846732189816672,1.0,0.08467321898166724
33,121,MP_tot_PEEP_Jmin,compliance_dominant,mixed,60.80016144184077,60.71001743085728,0.001482627822785013,3.492089945344418,1.2541739927649687,0.08350615196069741,0.04175307598034861,0.10144475353476869,0.1128976253088898,S033,S121,3.0,0.0,3.0,0.6,1.0,0.4,15.0,15.0,0.0,56.05389750373139,60.71001743085728,4.656119927125886,0.09014401098349367,4.74626393810938,0.0,4.74626393810938,0.3743797875321674,0.3333333333333333,0.04104645419883407,0.25124042493566523,0.3333333333333333,0.08209290839766809,0.0780633443325555,0.0,0.0780633443325555,1.0846732189816672,1.0,0.08467321898166724
33,122,MP_tot_PEEP_Jmin,compliance_dominant,mixed,60.80016144184077,60.71001743085728,0.001482627822785013,3.492089945344418,1.2541739927649687,0.08350615196069741,0.04175307598034861,0.10144475353476869,0.1128976253088898,S033,S122,3.0,0.0,3.0,0.6,1.4,0.7999999999999999,15.0,15.0,0.0,56.05389750373139,60.71001743085728,4.656119927125886,0.09014401098349367,4.74626393810938,0.0,4.74626393810938,0.3743797875321674,0.3333333333333333,0.04104645419883407,0.25124042493566523,0.3333333333333333,0.08209290839766809,0.0780633443325555,0.0,0.0780633443325555,1.0846732189816672,1.0,0.08467321898166724
33,157,MP_tot_PEEP_Jmin,compliance_dominant,severe_mixed,60.80016144184077,58.47117845356627,0.038305539542067245,11.295974394233902,3.687732979123986,0.16999829896769267,0.08499914948384618,0.18520965873570788,0.28894745118882326,S033,S157,3.0,6.0,3.0,0.6,1.0,0.4,15.0,10.0,5.0,56.05389750373139,46.11667310034697,9.93722440338442,2.328982988274504,4.74626393810938,12.354505353219306,7.608241415109926,0.3743797875321674,0.2904420934767309,0.0839376940554365,0.25124042493566523,0.4191158130465382,0.167875388110873,0.0780633443325555,0.21129222430552502,0.1332288799729695,1.0846732189816672,1.2678967176651421,0.18322349868347487
33,159,MP_tot_PEEP_Jmin,compliance_dominant,severe_mixed,60.80016144184077,59.511571672714055,0.021193854400523827,15.394879726469885,0.5978870938582048,0.1625578760968849,0.08127893804844238,0.32167203197486344,0.6205554807646216,S033,S159,3.0,9.0,6.0,0.6,0.6,0.0,15.0,10.0,5.0,56.05389750373139,39.968315101992985,16.085582401738407,1.288589769126716,4.74626393810938,19.543256570721066,14.796992632611687,0.3743797875321674,0.2924774396243925,0.0819023479077749,0.25124042493566523,0.41504512075121525,0.16380469581555002,0.0780633443325555,0.3283942268942229,0.25033088256166736,1.0846732189816672,1.488968737382341,0.4042955184006738
34,35,MP_tot_PEEP_Jmin,compliance_dominant,compliance_dominant,65.61752384655134,68.2629376925754,0.04031566098425863,2.020912137950809,1.9717764667071265,0.005035430279550557,0.002517715139775445,0.005087420485494529,0.006397082365714679,S034,S035,3.0,3.0,0.0,1.0,1.4,0.3999999999999999,15.0,15.0,0.0,60.011452082836215,62.70600160010395,2.6945495172677383,2.64541384602407,5.606071763715112,5.556936092471443,0.049135671243668355,0.37248347960856143,0.37553609333009197,0.0030526137215305393,0.25503304078287703,0.24892781333981598,0.006105227443061051,0.0854355884690969,0.08140487767311311,0.004030710795983786,1.0934166991323062,1.0886188873580203,0.004797811774285954
34,85,MP_tot_PEEP_Jmin,compliance_dominant,resistance_dominant,65.61752384655134,64.7998048081221,0.012461900274406782,7.695634598479764,1.747492494397349,0.18153986387972068,0.1652303035839931,0.1766461941743775,0.27876810127437635,S034,S085,3.0,9.0,6.0,1.0,1.0,0.0,15.0,15.0,0.0,60.011452082836215,49.75060595152985,10.260846131306366,0.8177190384292317,5.606071763715112,15.04919885659225,9.443127092877138,0.37248347960856143,0.5378192178167646,0.16533573820820313,0.25503304078287703,0.07563843563352916,0.17939460514934785,0.0854355884690969,0.23224142265789605,0.14680583418879917,1.0934166991323062,1.3024927750880888,0.2090760759557826
34,115,MP_tot_PEEP_Jmin,compliance_dominant,mixed,65.61752384655134,64.24309900401613,0.020946002865779294,14.806619430759024,1.4725466375102059,0.07733309780948006,0.03866654890473992,0.27465590455324973,0.5025606054356182,S034,S115,3.0,9.0,6.0,1.0,1.0,0.0,15.0,10.0,5.0,60.011452082836215,45.30295444705219,14.708497635784028,1.3744248425352055,5.606071763715112,18.940144556963947,13.334072793248836,0.37248347960856143,0.3333333333333334,0.039150146275228004,0.25503304078287703,0.3333333333333334,0.0783002925504564,0.0854355884690969,0.2948199082952071,0.20938431982611022,1.0934166991323062,1.4180774695191287,0.3246607703868225
34,117,MP_tot_PEEP_Jmin,compliance_dominant,mixed,65.61752384655134,63.07391477617039,0.038764173368218774,21.07272583208444,0.49132233530676217,0.07733309780948,0.03866654890473997,0.4208828018441194,1.0105661918347806,S034,S117,3.0,12.0,9.0,1.0,0.6,0.4,15.0,10.0,5.0,60.011452082836215,35.90379484506408,24.107657237772138,2.5436090703809455,5.606071763715112,27.170119931106324,21.564048167391213,0.37248347960856143,0.3333333333333334,0.039150146275228004,0.25503304078287703,0.3333333333333334,0.0783002925504564,0.0854355884690969,0.4307663481412972,0.34533075967220034,1.0934166991323062,1.7567478604519033,0.6633311613195971
34,123,MP_tot_PEEP_Jmin,compliance_dominant,mixed,65.61752384655134,68.28705456755347,0.04068319809270638,1.9111205434246017,2.0324905398606035,0.07733309780947994,0.03866654890474003,0.0019706352391973686,0.0024866046335834113,S034,S123,3.0,3.0,0.0,1.0,0.6,0.4,15.0,15.0,0.0,60.011452082836215,62.55961280740234,2.5481607245661237,2.6695307210021326,5.606071763715112,5.727441760151123,0.12136999643601154,0.37248347960856143,0.33333333333333337,0.03915014627522806,0.25503304078287703,0.33333333333333337,0.07830029255045634,0.0854355884690969,0.08387302390506841,0.001562564564028479,1.0934166991323062,1.0915517456571187,0.0018649534751875585
34,149,MP_tot_PEEP_Jmin,compliance_dominant,severe_mixed,65.61752384655134,64.04569324377006,0.023954433368394878,27.445731261406035,4.1318253827933304,0.16008521276960685,0.08004260638480343,0.5114048222899498,1.5220999722759025,S034,S149,3.0,12.0,9.0,1.0,1.4,0.3999999999999999,15.0,5.0,10.0,60.011452082836215,35.125715601442245,24.88573648139397,1.5718306027812758,5.606071763715112,28.919977642327822,23.31390587861271,0.37248347960856143,0.2932800180314615,0.07920346157709995,0.25503304078287703,0.4134399639370771,0.15840692315420007,0.0854355884690969,0.4515522617930436,0.3661166733239467,1.0934166991323062,1.8233277855594887,0.7299110864271825
34,158,MP_tot_PEEP_Jmin,compliance_dominant,severe_mixed,65.61752384655134,64.71848187360195,0.013701248085066864,10.241562350800393,3.2796923079037015,0.15948144572194511,0.07974072286097261,0.15475088437571966,0.23693466924813644,S034,S158,3.0,6.0,3.0,1.0,1.4,0.3999999999999999,15.0,10.0,5.0,60.011452082836215,52.15054006699015,7.860912015846061,0.8990419729493908,5.606071763715112,12.567941806611802,6.961870042896691,0.37248347960856143,0.2931129045116228,0.07937057509693862,0.25503304078287703,0.41377419097675455,0.15874115019387752,0.0854355884690969,0.1941940144881264,0.1087584260190295,1.0934166991323062,1.2409935120608069,0.14757681292850067
34,165,MP_tot_PEEP_Jmin,compliance_dominant,severe_mixed,65.61752384655134,68.81667564242248,0.048754533977119645,6.603917669689707,0.9978459059745859,0.1558669525366696,0.0779334762683348,0.11075984057276987,0.12455559884307488,S034,S165,3.0,0.0,3.0,1.0,0.6,0.4,15.0,15.0,0.0,60.011452082836215,68.81667564242248,8.805223559586267,3.1991517958711455,5.606071763715112,0.0,5.606071763715112,0.37248347960856143,0.2940664059697385,0.07841707363882294,0.25503304078287703,0.4118671880605228,0.15683414727764577,0.0854355884690969,0.0,0.0854355884690969,1.0934166991323062,1.0,0.09341669913230621
34,166,MP_tot_PEEP_Jmin,compliance_dominant,severe_mixed,65.61752384655134,68.81667564242248,0.048754533977119645,6.603917669689707,0.9978459059745859,0.1558669525366696,0.0779334762683348,0.11075984057276987,0.12455559884307488,S034,S166,3.0,0.0,3.0,1.0,1.0,0.0,15.0,15.0,0.0,60.011452082836215,68.81667564242248,8.805223559586267,3.1991517958711455,5.606071763715112,0.0,5.606071763715112,0.37248347960856143,0.2940664059697385,0.07841707363882294,0.25503304078287703,0.4118671880605228,0.15683414727764577,0.0854355884690969,0.0,0.0854355884690969,1.0934166991323062,1.0,0.09341669913230621
34,167,MP_tot_PEEP_Jmin,compliance_dominant,severe_mixed,65.61752384655134,68.81667564242248,0.048754533977119645,6.603917669689707,0.9978459059745859,0.1558669525366696,0.0779334762683348,0.11075984057276987,0.12455559884307488,S034,S167,3.0,0.0,3.0,1.0,1.4,0.3999999999999999,15.0,15.0,0.0,60.011452082836215,68.81667564242248,8.805223559586267,3.1991517958711455,5.606071763715112,0.0,5.606071763715112,0.37248347960856143,0.2940664059697385,0.07841707363882294,0.25503304078287703,0.4118671880605228,0.15683414727764577,0.0854355884690969,0.0,0.0854355884690969,1.0934166991323062,1.0,0.09341669913230621
35,36,MP_tot_PEEP_Jmin,compliance_dominant,compliance_dominant,68.2629376925754,69.31719232256916,0.015444026665562263,3.2286605414853895,2.1304748104888773,0.0008405880488289164,0.0004202940244144582,0.0938284476497323,0.1310620756462355,S035,S036,3.0,6.0,3.0,1.4,0.6,0.7999999999999999,15.0,15.0,0.0,62.70600160010395,58.40112087812343,4.304880721980524,1.0542546299937499,5.556936092471443,10.916071444445713,5.3591353519742695,0.37553609333009197,0.37339766363932547,0.002138429690766497,0.24892781333981598,0.25320467272134894,0.004276859381532966,0.08140487767311311,0.1574799999637539,0.07607512229064078,1.0886188873580203,1.186915444092697,0.09829655673467674
35,86,MP_tot_PEEP_Jmin,compliance_dominant,resistance_dominant,68.2629376925754,71.27198418344143,0.04408023727923014,5.209830795905461,4.745656756167868,0.1651270642754293,0.16840127310658792,0.16489895711313313,0.2527775405174131,S035,S086,3.0,9.0,6.0,1.4,1.4,0.0,15.0,15.0,0.0,62.70600160010395,55.759560538896665,6.946441061207288,3.0090464908660266,5.556936092471443,15.512423644544775,9.955487552073333,0.37553609333009197,0.5448184489649515,0.1692823556348595,0.24892781333981598,0.08963689792990294,0.15929091540991303,0.08140487767311311,0.217651070364739,0.13624619269162588,1.0886188873580203,1.27820204274608,0.1895831553880598
35,123,MP_tot_PEEP_Jmin,compliance_dominant,mixed,68.2629376925754,68.28705456755347,0.0003532938340080515,0.10979159452620735,0.06071407315347699,0.0823685280890305,0.04118426404451547,0.00311678524629716,0.003910477732131268,S035,S123,3.0,3.0,0.0,1.4,0.6,0.7999999999999999,15.0,15.0,0.0,62.70600160010395,62.55961280740234,0.14638879270161453,0.024116874978062697,5.556936092471443,5.727441760151123,0.1705056676796799,0.37553609333009197,0.33333333333333337,0.0422027599967586,0.24892781333981598,0.33333333333333337,0.08440551999351739,0.08140487767311311,0.08387302390506841,0.0024681462319553066,1.0886188873580203,1.0915517456571187,0.0029328582990983953
35,165,MP_tot_PEEP_Jmin,compliance_dominant,severe_mixed,68.2629376925754,68.81667564242248,0.008111838847909746,4.583005531738898,0.9739305607325406,0.16090238281622016,0.08045119140811025,0.10567242008727534,0.1181585164773602,S035,S165,3.0,0.0,3.0,1.4,0.6,0.7999999999999999,15.0,15.0,0.0,62.70600160010395,68.81667564242248,6.110674042318529,0.5537379498470756,5.556936092471443,0.0,5.556936092471443,0.37553609333009197,0.2940664059697385,0.08146968736035348,0.24892781333981598,0.4118671880605228,0.16293937472070683,0.08140487767311311,0.0,0.08140487767311311,1.0886188873580203,1.0,0.08861888735802026
35,166,MP_tot_PEEP_Jmin,compliance_dominant,severe_mixed,68.2629376925754,68.81667564242248,0.008111838847909746,4.583005531738898,0.9739305607325406,0.16090238281622016,0.08045119140811025,0.10567242008727534,0.1181585164773602,S035,S166,3.0,0.0,3.0,1.4,1.0,0.3999999999999999,15.0,15.0,0.0,62.70600160010395,68.81667564242248,6.110674042318529,0.5537379498470756,5.556936092471443,0.0,5.556936092471443,0.37553609333009197,0.2940664059697385,0.08146968736035348,0.24892781333981598,0.4118671880605228,0.16293937472070683,0.08140487767311311,0.0,0.08140487767311311,1.0886188873580203,1.0,0.08861888735802026
35,167,MP_tot_PEEP_Jmin,compliance_dominant,severe_mixed,68.2629376925754,68.81667564242248,0.008111838847909746,4.583005531738898,0.9739305607325406,0.16090238281622016,0.08045119140811025,0.10567242008727534,0.1181585164773602,S035,S167,3.0,0.0,3.0,1.4,1.4,0.0,15.0,15.0,0.0,62.70600160010395,68.81667564242248,6.110674042318529,0.5537379498470756,5.556936092471443,0.0,5.556936092471443,0.37553609333009197,0.2940664059697385,0.08146968736035348,0.24892781333981598,0.4118671880605228,0.16293937472070683,0.08140487767311311,0.0,0.08140487767311311,1.0886188873580203,1.0,0.08861888735802026
36,86,MP_tot_PEEP_Jmin,compliance_dominant,resistance_dominant,69.31719232256916,71.27198418344143,0.02820067858166568,1.9811702544200713,2.615181945678991,0.1642864762266004,0.16798097908217346,0.07107050946340082,0.12171546487117757,S036,S086,6.0,9.0,3.0,0.6,1.4,0.7999999999999999,15.0,15.0,0.0,58.40112087812343,55.759560538896665,2.641560339226764,1.9547918608722767,10.916071444445713,15.512423644544775,4.596352200099062,0.37339766363932547,0.5448184489649515,0.171420785325626,0.25320467272134894,0.08963689792990294,0.16356777479144602,0.1574799999637539,0.217651070364739,0.0601710704009851,1.186915444092697,1.27820204274608,0.09128659865338307
36,123,MP_tot_PEEP_Jmin,compliance_dominant,mixed,69.31719232256916,68.28705456755347,0.014861215818175632,3.118868946959182,2.0697607373354003,0.08320911613785942,0.04160455806892993,0.09071166240343514,0.12715159791410424,S036,S123,6.0,3.0,3.0,0.6,0.6,0.0,15.0,15.0,0.0,58.40112087812343,62.55961280740234,4.1584919292789095,1.0301377550156872,10.916071444445713,5.727441760151123,5.18862968429459,0.37339766363932547,0.33333333333333337,0.0400643303059921,0.25320467272134894,0.33333333333333337,0.08012866061198443,0.1574799999637539,0.08387302390506841,0.07360697605868548,1.186915444092697,1.0915517456571187,0.09536369843557835
36,162,MP_tot_PEEP_Jmin,compliance_dominant,severe_mixed,69.31719232256916,71.77593818243083,0.03547093841337151,15.919746750423535,3.1184791253080206,0.16077878324852957,0.08038939162426478,0.3184224433012353,0.8251381621934573,S036,S162,6.0,12.0,6.0,0.6,0.6,0.0,15.0,10.0,5.0,58.40112087812343,41.82164086225356,16.57948001586987,2.458745859861679,10.916071444445713,29.954297320177268,19.038225875731555,0.37339766363932547,0.2929204241856895,0.080477239453636,0.25320467272134894,0.414159151628621,0.16095447890727205,0.1574799999637539,0.4173306274874916,0.2598506275237377,1.186915444092697,1.7162391695447023,0.5293237254520053
36,165,MP_tot_PEEP_Jmin,compliance_dominant,severe_mixed,69.31719232256916,68.81667564242248,0.007220671573330731,7.811666073224288,3.104405371221418,0.16174297086504907,0.0808714854325247,0.19950086773700765,0.2492205921235957,S036,S165,6.0,0.0,6.0,0.6,0.6,0.0,15.0,15.0,0.0,58.40112087812343,68.81667564242248,10.415554764299053,0.5005166801466743,10.916071444445713,0.0,10.916071444445713,0.37339766363932547,0.2940664059697385,0.07933125766958699,0.25320467272134894,0.4118671880605228,0.15866251533917386,0.1574799999637539,0.0,0.1574799999637539,1.186915444092697,1.0,0.186915444092697
36,166,MP_tot_PEEP_Jmin,compliance_dominant,severe_mixed,69.31719232256916,68.81667564242248,0.007220671573330731,7.811666073224288,3.104405371221418,0.16174297086504907,0.0808714854325247,0.19950086773700765,0.2492205921235957,S036,S166,6.0,0.0,6.0,0.6,1.0,0.4,15.0,15.0,0.0,58.40112087812343,68.81667564242248,10.415554764299053,0.5005166801466743,10.916071444445713,0.0,10.916071444445713,0.37339766363932547,0.2940664059697385,0.07933125766958699,0.25320467272134894,0.4118671880605228,0.15866251533917386,0.1574799999637539,0.0,0.1574799999637539,1.186915444092697,1.0,0.186915444092697
36,167,MP_tot_PEEP_Jmin,compliance_dominant,severe_mixed,69.31719232256916,68.81667564242248,0.007220671573330731,7.811666073224288,3.104405371221418,0.16174297086504907,0.0808714854325247,0.19950086773700765,0.2492205921235957,S036,S167,6.0,0.0,6.0,0.6,1.4,0.7999999999999999,15.0,15.0,0.0,58.40112087812343,68.81667564242248,10.415554764299053,0.5005166801466743,10.916071444445713,0.0,10.916071444445713,0.37339766363932547,0.2940664059697385,0.07933125766958699,0.25320467272134894,0.4118671880605228,0.15866251533917386,0.1574799999637539,0.0,0.1574799999637539,1.186915444092697,1.0,0.186915444092697
37,39,MP_tot_PEEP_Jmin,compliance_dominant,compliance_dominant,79.29830889665864,79.25776677152447,0.0005112609045295132,4.175914337863311,1.3514293208203014,0.013473268772277253,0.006736634386138529,0.08190353375637335,0.14523993388883327,S037,S039,6.0,9.0,3.0,1.0,0.6,0.4,15.0,15.0,0.0,66.31623003633325,60.74834425251549,5.567885783817765,0.04054212513416644,12.98207886032538,18.50942251900899,5.527343658683609,0.36965159324820535,0.37344290793073653,0.0037913146825311883,0.26069681350358914,0.2531141841385269,0.007582629365062266,0.16371192577692412,0.23353449476271398,0.06982256898578987,1.1957602061096173,1.304690156526242,0.10892995041662479
37,88,MP_tot_PEEP_Jmin,compliance_dominant,resistance_dominant,79.29830889665864,76.5123154671775,0.035133074945038714,9.22948490150651,0.29050153768771736,0.1896517238079841,0.16708105328263068,0.15013320820578988,0.2944874983948922,S037,S088,6.0,12.0,6.0,1.0,1.0,0.0,15.0,15.0,0.0,66.31623003633325,54.010250167657894,12.305979868675358,2.785993429481138,12.98207886032538,22.502065299519614,9.519986439194234,0.36965159324820535,0.5365795779165561,0.16692798466835074,0.26069681350358914,0.07315915583311193,0.1875376576704772,0.16371192577692412,0.2940972987436594,0.1303853729667353,1.1957602061096173,1.4166258299057863,0.22086562379616903
37,118,MP_tot_PEEP_Jmin,compliance_dominant,mixed,79.29830889665864,79.5383180472206,0.0030266616514450424,16.21343717774323,0.057198984891954296,0.07142641814671052,0.03571320907335529,0.25899515839962584,0.61158351499606,S037,S118,6.0,12.0,6.0,1.0,1.0,0.0,15.0,10.0,5.0,66.31623003633325,50.285603024260034,16.030627012073218,0.24000915056195993,12.98207886032538,29.252715022960587,16.270636162635206,0.36965159324820535,0.33333333333333337,0.036318259914871975,0.26069681350358914,0.33333333333333337,0.07263651982974423,0.16371192577692412,0.36778141330061476,0.20406948752369064,1.1957602061096173,1.5817314154281445,0.38597120931852724
37,125,MP_tot_PEEP_Jmin,compliance_dominant,mixed,79.29830889665864,76.90559082091575,0.030173633070297575,3.728684590298762,3.6356129391758003,0.07142641814671052,0.03571320907335529,0.11190530163541347,0.15594129408038349,S037,S125,6.0,3.0,3.0,1.0,1.4,0.3999999999999999,15.0,15.0,0.0,66.31623003633325,71.28780949006492,4.971579453731664,2.3927180757428914,12.98207886032538,5.61778133085083,7.36429752947455,0.36965159324820535,0.33333333333333337,0.036318259914871975,0.26069681350358914,0.33333333333333337,0.07263651982974423,0.16371192577692412,0.07304776246934419,0.09066416330757993,1.1957602061096173,1.0788042355493297,0.11695597056028761
37,126,MP_tot_PEEP_Jmin,compliance_dominant,mixed,79.29830889665864,77.64863298985532,0.020803418506101786,1.430266389289244,1.1729204437068859,0.07142641814671058,0.035713209073355234,0.008125998631377307,0.013055378348176161,S037,S126,6.0,6.0,0.0,1.0,0.6,0.4,15.0,15.0,0.0,66.31623003633325,64.40920818394757,1.9070218523856823,1.6496759068033242,12.98207886032538,13.239424805907758,0.25734594558237767,0.36965159324820535,0.33333333333333337,0.036318259914871975,0.26069681350358914,0.33333333333333337,0.07263651982974423,0.16371192577692412,0.17050428701864553,0.006792361241721417,1.1957602061096173,1.2055517398707498,0.00979153376113251
37,168,MP_tot_PEEP_Jmin,compliance_dominant,severe_mixed,79.29830889665864,77.64986078548324,0.020787935255008418,3.7286599648275214,2.891334766117879,0.1514421885011938,0.07572109425059692,0.10064742245533065,0.1420201532079448,S037,S168,6.0,3.0,3.0,1.0,0.6,0.4,15.0,15.0,0.0,66.31623003633325,71.28777665610328,4.971546619770024,1.648448111175398,12.98207886032538,6.362084129379997,6.6199947309453835,0.36965159324820535,0.2931409186347605,0.07651067461344485,0.26069681350358914,0.4137181627304791,0.15302134922688998,0.16371192577692412,0.0819329753462919,0.08177895043063221,1.1957602061096173,1.0892450912036584,0.10651511490595889
38,89,MP_tot_PEEP_Jmin,compliance_dominant,resistance_dominant,84.93193847926422,85.6175070371481,0.00807197586866879,7.2623545900412125,3.1063534212309634,0.16829546258469885,0.1693196119502241,0.1391421332076537,0.261300866212568,S038,S089,6.0,12.0,6.0,1.4,1.4,0.0,15.0,15.0,0.0,71.70532907086857,62.02218961748028,9.683139453388293,0.685568557883883,13.22660940839564,23.595317419667833,10.368708011272192,0.37480682348472927,0.544594954523324,0.1697881310385947,0.2503863530305414,0.08918990904664778,0.16119644398389363,0.15573186771928987,0.27558986749556014,0.11985799977627026,1.1844578301192006,1.3804334797786266,0.19597564965942604
38,127,MP_tot_PEEP_Jmin,compliance_dominant,mixed,84.93193847926422,87.9382386766146,0.035396580499388465,1.7188134244071733,2.4333623892146647,0.0798659900907599,0.03993299504537995,0.0033729479145563623,0.005258180531503509,S038,S127,6.0,6.0,0.0,1.4,1.0,0.3999999999999999,15.0,15.0,0.0,71.70532907086857,73.99708030341148,2.2917512325429072,3.0063001973503845,13.22660940839564,13.941158373203137,0.7145489648074967,0.37480682348472927,0.33333333333333337,0.0414734901513959,0.2503863530305414,0.33333333333333337,0.08294698030279196,0.15573186771928987,0.15853351833063842,0.002801650611348544,1.1844578301192006,1.1884014655178279,0.003943635398627299
38,129,MP_tot_PEEP_Jmin,compliance_dominant,mixed,84.93193847926422,88.79475269776262,0.04548129110983956,4.084894132781869,5.224445596092352,0.07986599009075995,0.03993299504537989,0.11460683106695344,0.2075496578461573,S038,S129,6.0,9.0,3.0,1.4,0.6,0.7999999999999999,15.0,15.0,0.0,71.70532907086857,66.25880356049274,5.446525510375835,3.8628142184984,13.22660940839564,22.535949137269874,9.309339728874233,0.37480682348472927,0.33333333333333337,0.0414734901513959,0.2503863530305414,0.33333333333333337,0.08294698030279196,0.15573186771928987,0.25379820825648536,0.09806634053719548,1.1844578301192006,1.3401200735038186,0.15566224338461798
38,161,MP_tot_PEEP_Jmin,compliance_dominant,severe_mixed,84.93193847926422,83.96156285872623,0.011425332306231377,13.09790267656507,3.3845904161140368,0.16253187685478088,0.0812659384273905,0.1631758824296964,0.3179526054366053,S038,S161,6.0,9.0,3.0,1.4,1.4,0.0,15.0,10.0,5.0,71.70532907086857,61.02164118987954,10.683687880989034,0.9703756205379932,13.22660940839564,22.939921668846686,9.713312260451046,0.37480682348472927,0.29292675535005536,0.08188006813467391,0.2503863530305414,0.41414648929988923,0.16376013626934782,0.15573186771928987,0.273219326651237,0.11748745893194712,1.1844578301192006,1.3759309192859153,0.19147308916671468
38,169,MP_tot_PEEP_Jmin,compliance_dominant,severe_mixed,84.93193847926422,83.60580954582926,0.015614019380456355,3.6876775682333047,2.5553547895127053,0.16224795805425973,0.08112397902712987,0.08903947668208743,0.12441982718701405,S038,S169,6.0,3.0,3.0,1.4,1.0,0.3999999999999999,15.0,15.0,0.0,71.70532907086857,76.62223249517965,4.916903424311073,1.3261289334349584,13.22660940839564,6.9835770506496235,6.243032357746017,0.37480682348472927,0.2923414501747442,0.08246537330998505,0.2503863530305414,0.41531709965051183,0.16493074661997043,0.15573186771928987,0.08352980598580909,0.07220206173348079,1.1844578301192006,1.0911429597289397,0.09331487039026087
38,170,MP_tot_PEEP_Jmin,compliance_dominant,severe_mixed,84.93193847926422,87.34542752194797,0.028416742698896404,6.704611051554906,0.17861869216545756,0.16024782046758468,0.08012391023379234,0.09766058782724961,0.13515975635654343,S038,S170,6.0,3.0,3.0,1.4,1.4,0.0,15.0,15.0,0.0,71.70532907086857,80.6448104729418,8.939481402073227,2.41348904268375,13.22660940839564,6.700617049006176,6.525992359389464,0.37480682348472927,0.2934921456977664,0.08131467778696289,0.2503863530305414,0.41301570860446707,0.16262935557392566,0.15573186771928987,0.0767139991079952,0.07901786861129467,1.1844578301192006,1.0830880128517926,0.10136981726740801
38,171,MP_tot_PEEP_Jmin,compliance_dominant,severe_mixed,84.93193847926422,88.4313568748186,0.041202620100432,1.5401614491865843,2.9860312458255294,0.16030709058315956,0.08015354529157975,0.012236325749634652,0.019289459777591222,S038,S171,6.0,6.0,0.0,1.4,0.6,0.7999999999999999,15.0,15.0,0.0,71.70532907086857,73.75887766978403,2.053548598915455,3.499418395554386,13.22660940839564,14.672479205034591,1.4458697966389504,0.37480682348472927,0.2926889123721613,0.08211791111256794,0.2503863530305414,0.41462217525567735,0.16423582222513594,0.15573186771928987,0.16591941731488544,0.010187549595595563,1.1844578301192006,1.1989249249523939,0.014467094833193306
39,88,MP_tot_PEEP_Jmin,compliance_dominant,resistance_dominant,79.25776677152447,76.5123154671775,0.03463952387481791,5.0535705636431985,1.060927783132584,0.17617845503570684,0.16034441889649215,0.06822967444941652,0.14924756450605892,S039,S088,9.0,12.0,3.0,0.6,1.0,0.4,15.0,15.0,0.0,60.74834425251549,54.010250167657894,6.738094084857593,2.7454513043469717,18.50942251900899,22.502065299519614,3.992642780510625,0.37344290793073653,0.5365795779165561,0.16313666998581955,0.2531141841385269,0.07315915583311193,0.17995502830541493,0.23353449476271398,0.2940972987436594,0.060562803980945434,1.304690156526242,1.4166258299057863,0.11193567337954424
39,118,MP_tot_PEEP_Jmin,compliance_dominant,mixed,79.25776677152447,79.5383180472206,0.0035397322827032027,12.03752283987992,1.2942303359283471,0.08489968691898778,0.04244984345949382,0.17709162464325245,0.46634358110722673,S039,S118,9.0,12.0,3.0,0.6,1.0,0.4,15.0,10.0,5.0,60.74834425251549,50.285603024260034,10.462741228255453,0.28055127569612637,18.50942251900899,29.252715022960587,10.743292503951597,0.37344290793073653,0.33333333333333337,0.040109574597403164,0.2531141841385269,0.33333333333333337,0.0802191491948065,0.23353449476271398,0.36778141330061476,0.13424691853790077,1.304690156526242,1.5817314154281445,0.27704125890190245
39,125,MP_tot_PEEP_Jmin,compliance_dominant,mixed,79.25776677152447,76.90559082091575,0.02967754513433766,7.904598928162073,4.987042259996102,0.08489968691898778,0.04244984345949382,0.19380883539178684,0.30118122796921676,S039,S125,9.0,3.0,6.0,0.6,1.4,0.7999999999999999,15.0,15.0,0.0,60.74834425251549,71.28780949006492,10.539465237549429,2.352175950608725,18.50942251900899,5.61778133085083,12.89164118815816,0.37344290793073653,0.33333333333333337,0.040109574597403164,0.2531141841385269,0.33333333333333337,0.0802191491948065,0.23353449476271398,0.07304776246934419,0.1604867322933698,1.304690156526242,1.0788042355493297,0.2258859209769124
39,126,MP_tot_PEEP_Jmin,compliance_dominant,mixed,79.25776677152447,77.64863298985532,0.020302537495256342,2.7456479485740672,2.5243497645271873,0.08489968691898783,0.042449843459493763,0.07377753512499605,0.1321845555406571,S039,S126,9.0,6.0,3.0,0.6,0.6,0.0,15.0,15.0,0.0,60.74834425251549,64.40920818394757,3.6608639314320826,1.6091337816691578,18.50942251900899,13.239424805907758,5.269997713101231,0.37344290793073653,0.33333333333333337,0.040109574597403164,0.2531141841385269,0.33333333333333337,0.0802191491948065,0.23353449476271398,0.17050428701864553,0.06303020774406845,1.304690156526242,1.2055517398707498,0.09913841665549228
39,168,MP_tot_PEEP_Jmin,compliance_dominant,severe_mixed,79.25776677152447,77.64986078548324,0.020287046324132814,7.904574302690833,4.24276408693818,0.16491545727347104,0.08245772863673545,0.182550956211704,0.2872600870967781,S039,S168,9.0,3.0,6.0,0.6,0.6,0.0,15.0,15.0,0.0,60.74834425251549,71.28777665610328,10.539432403587789,1.6079059860412315,18.50942251900899,6.362084129379997,12.147338389628992,0.37344290793073653,0.2931409186347605,0.08030198929597604,0.2531141841385269,0.4137181627304791,0.16060397859195225,0.23353449476271398,0.0819329753462919,0.15160151941642208,1.304690156526242,1.0892450912036584,0.21544506532258367
40,42,MP_tot_PEEP_Jmin,compliance_dominant,compliance_dominant,94.74902927966096,90.6218847887067,0.04355869946458868,7.144080272192021,1.7457844002235987,0.019864651984638965,0.009932325992319524,0.07886189808564975,0.17541116013286295,S040,S042,9.0,12.0,3.0,1.0,0.6,0.4,15.0,15.0,0.0,72.62100798983018,63.095567626907474,9.525440362922701,4.127144490954265,22.128021289830777,27.526317161799216,5.39829587196844,0.36781991965024124,0.3741753033440626,0.0063553836938213815,0.26436016069951745,0.2516493933118747,0.012710767387642763,0.23354351446195584,0.3037491134286091,0.07020559896665327,1.304705510186936,1.436263880286584,0.13155837009964788
40,119,MP_tot_PEEP_Jmin,compliance_dominant,mixed,94.74902927966096,93.0561085117615,0.017867420708898723,13.073499397004774,4.2337970681258525,0.06787157799076216,0.03393578899538091,0.13906652048158563,0.34187856774286485,S040,S119,9.0,12.0,3.0,1.0,1.4,0.3999999999999999,15.0,10.0,5.0,72.62100798983018,62.08838489305177,10.532623096778408,1.6929207678994658,22.128021289830777,30.96772361870972,8.839702328878943,0.36781991965024124,0.3333333333333333,0.03448658631690793,0.26436016069951745,0.3333333333333333,0.06897317263381586,0.23354351446195584,0.3327855002102916,0.09924198574833573,1.304705510186936,1.4987683875502982,0.19406287736336214
40,128,MP_tot_PEEP_Jmin,compliance_dominant,mixed,94.74902927966096,95.4992102214404,0.0079175580740275,6.933445169581837,1.560967448081172,0.06787157799076204,0.03393578899538102,0.10719907103327025,0.18422538079652973,S040,S128,9.0,6.0,3.0,1.0,1.4,0.3999999999999999,15.0,15.0,0.0,72.62100798983018,81.86560154927261,9.244593559442436,0.7501809417794476,22.128021289830777,13.633608672167783,8.494412617662993,0.36781991965024124,0.33333333333333337,0.034486586316907875,0.26436016069951745,0.33333333333333337,0.06897317263381592,0.23354351446195584,0.14276148085994242,0.09078203360201342,1.304705510186936,1.1665364745895395,0.13816903559739657
40,163,MP_tot_PEEP_Jmin,compliance_dominant,severe_mixed,94.74902927966096,91.66322694298069,0.03256816835106805,15.91575040605084,4.205553132383628,0.15639218006603278,0.07819609003301614,0.17855370904452966,0.4715006598276963,S040,S163,9.0,12.0,3.0,1.0,1.0,0.0,15.0,10.0,5.0,72.62100798983018,57.82500837948266,14.795999610347515,3.085802336680274,22.128021289830777,33.83821856349802,11.71019727366724,0.36781991965024124,0.2892411010022503,0.07857881864799093,0.26436016069951745,0.42151779799549927,0.1571576372959818,0.23354351446195584,0.369158054893127,0.13561454043117113,1.304705510186936,1.5851831156068528,0.28047760541991673
41,130,MP_tot_PEEP_Jmin,compliance_dominant,mixed,103.71367648940576,104.55174100974975,0.008080559369907194,0.04803360145845659,0.8540757208301386,0.07854766558529425,0.03927383279264712,0.0079020713933457,0.015217619221464362,S041,S130,9.0,9.0,0.0,1.4,1.0,0.3999999999999999,15.0,15.0,0.0,80.70465654163318,80.64061173968858,0.06404480194460405,0.8380645203439911,23.00901994777258,23.911129270061167,0.9021093222885881,0.37439895288490316,0.3333333333333333,0.04106561955156984,0.25120209423019363,0.3333333333333333,0.08213123910313969,0.22185135776305187,0.22870139740505505,0.006850039642003175,1.285101516241543,1.2965147306576412,0.011413214416098327
41,132,MP_tot_PEEP_Jmin,compliance_dominant,mixed,103.71367648940576,101.72541369127505,0.019170690553369826,9.447193203446687,1.1608016030182,0.07854766558529425,0.03927383279264712,0.12146961148281887,0.2779727056693948,S041,S132,9.0,12.0,3.0,1.4,0.6,0.7999999999999999,15.0,15.0,0.0,80.70465654163318,68.10839893703759,12.596257604595593,1.9882627981307053,23.00901994777258,33.61701475423745,10.607994806464873,0.37439895288490316,0.33333333333333337,0.04106561955156979,0.25120209423019363,0.33333333333333337,0.08213123910313974,0.22185135776305187,0.3304682039068549,0.10861684614380301,1.285101516241543,1.4935810454935892,0.20847952925204627
41,164,MP_tot_PEEP_Jmin,compliance_dominant,severe_mixed,103.71367648940576,105.92998314980343,0.021369473491030574,13.933330864378831,0.905109975117071,0.16142413106431563,0.08071206553215776,0.1606817424259825,0.39327629644787665,S041,S164,9.0,12.0,3.0,1.4,1.4,0.0,15.0,10.0,5.0,80.70465654163318,69.89274231276909,10.811914228864097,2.2163066603976773,23.00901994777258,36.03724083703433,13.028220889261753,0.37439895288490316,0.2928226920737634,0.08157626081113978,0.25120209423019363,0.4143546158524732,0.16315252162227956,0.22185135776305187,0.34019868374822076,0.1183473259851689,1.285101516241543,1.5156077676244006,0.23050625138285774
41,172,MP_tot_PEEP_Jmin,compliance_dominant,severe_mixed,103.71367648940576,100.67724541350087,0.02927705562742301,2.792349604727697,3.9672142774807924,0.16343134471903692,0.08171567235951843,0.07121829067896854,0.12351438234351764,S041,S172,9.0,6.0,3.0,1.4,1.0,0.3999999999999999,15.0,15.0,0.0,80.70465654163318,84.42778934793678,3.723132806303596,3.0364310759048863,23.00901994777258,16.249456065564097,6.759563882208482,0.37439895288490316,0.29115562414471213,0.08324332874019102,0.25120209423019363,0.41768875171057596,0.16648665748038233,0.22185135776305187,0.161401476558327,0.06044988120472486,1.285101516241543,1.1924657294839047,0.09263578675763817
41,173,MP_tot_PEEP_Jmin,compliance_dominant,severe_mixed,103.71367648940576,108.59951870742594,0.04710894824482739,8.826216571370807,1.9437700275632608,0.16003507628962338,0.08001753814481183,0.08677719260736744,0.14761223375156973,S041,S173,9.0,6.0,3.0,1.4,1.4,0.0,15.0,15.0,0.0,80.70465654163318,92.47294530346095,11.768288761827762,4.885842218020187,23.00901994777258,16.126573403965004,6.882446543807575,0.37439895288490316,0.29312349127047055,0.08127546161443261,0.25120209423019363,0.413753017459059,0.16255092322886538,0.22185135776305187,0.14849580915188976,0.07335554861116211,1.285101516241543,1.1743923409278654,0.11070917531367752
41,174,MP_tot_PEEP_Jmin,compliance_dominant,severe_mixed,103.71367648940576,101.16116391042848,0.024611147395184742,3.3560083936263396,1.433843114435149,0.15871961992360423,0.07935980996180231,0.02822155898413997,0.055934297354349516,S041,S174,9.0,9.0,0.0,1.4,0.6,0.7999999999999999,15.0,15.0,0.0,80.70465654163318,76.22997868346472,4.474677858168462,2.5525125789772716,23.00901994777258,24.931185226963755,1.9221652791911765,0.37439895288490316,0.29258511621575944,0.08181383666914371,0.25120209423019363,0.41482976756848106,0.16362767333828743,0.22185135776305187,0.24645016193208957,0.024598804169037702,1.285101516241543,1.3270522392573052,0.0419507230157623
42,119,MP_tot_PEEP_Jmin,compliance_dominant,mixed,90.6218847887067,93.0561085117615,0.02686132305381219,5.929419124812753,2.488012667902254,0.08773622997540112,0.043868114987700435,0.06020462239593588,0.1664674076100019,S042,S119,12.0,12.0,0.0,0.6,1.4,0.7999999999999999,15.0,10.0,5.0,63.095567626907474,62.08838489305177,1.0071827338557071,2.4342237230547994,27.526317161799216,30.96772361870972,3.441406456910503,0.3741753033440626,0.3333333333333333,0.04084197001072931,0.2516493933118747,0.3333333333333333,0.08168394002145862,0.3037491134286091,0.3327855002102916,0.029036386781682466,1.436263880286584,1.4987683875502982,0.06250450726371426
42,127,MP_tot_PEEP_Jmin,compliance_dominant,mixed,90.6218847887067,87.9382386766146,0.029613664716301814,8.176134507378002,5.40902428121808,0.08773622997540106,0.04386811498770049,0.1669944183291815,0.33048321969167427,S042,S127,12.0,6.0,6.0,0.6,1.0,0.4,15.0,15.0,0.0,63.095567626907474,73.99708030341148,10.901512676504005,2.6836461120920916,27.526317161799216,13.941158373203137,13.585158788596079,0.3741753033440626,0.33333333333333337,0.040841970010729256,0.2516493933118747,0.33333333333333337,0.08168394002145868,0.3037491134286091,0.15853351833063842,0.1452155950979707,1.436263880286584,1.1884014655178279,0.24786241476875603
42,129,MP_tot_PEEP_Jmin,compliance_dominant,mixed,90.6218847887067,88.79475269776262,0.02016215062403749,2.3724269501889594,2.6179410743403935,0.08773622997540112,0.043868114987700435,0.05576053517678442,0.12819174237702047,S042,S129,12.0,9.0,3.0,0.6,0.6,0.0,15.0,15.0,0.0,63.095567626907474,66.25880356049274,3.1632359335852627,1.827132090944076,27.526317161799216,22.535949137269874,4.990368024529342,0.3741753033440626,0.33333333333333337,0.040841970010729256,0.2516493933118747,0.33333333333333337,0.08168394002145868,0.3037491134286091,0.25379820825648536,0.04995090517212375,1.436263880286584,1.3401200735038186,0.09614380678276535
42,163,MP_tot_PEEP_Jmin,compliance_dominant,severe_mixed,90.6218847887067,91.66322694298069,0.011491067049664402,8.77167013385882,2.459768732160029,0.17625683205067175,0.08812841602533567,0.09969181095887991,0.29608949969483334,S042,S163,12.0,12.0,0.0,0.6,1.0,0.4,15.0,10.0,5.0,63.095567626907474,57.82500837948266,5.2705592474248135,1.0413421542739911,27.526317161799216,33.83821856349802,6.311901401698801,0.3741753033440626,0.2892411010022503,0.08493420234181231,0.2516493933118747,0.42151779799549927,0.16986840468362457,0.3037491134286091,0.369158054893127,0.06540894146451787,1.436263880286584,1.5851831156068528,0.14891923532026885
42,170,MP_tot_PEEP_Jmin,compliance_dominant,severe_mixed,90.6218847887067,87.34542752194797,0.036155254047055954,13.161932134525735,7.663767978267288,0.16811806035222585,0.08405903017611288,0.26802795407098745,0.4709011565797212,S042,S170,12.0,3.0,9.0,0.6,1.4,0.7999999999999999,15.0,15.0,0.0,63.095567626907474,80.6448104729418,17.549242846034325,3.276457266758726,27.526317161799216,6.700617049006176,20.82570011279304,0.3741753033440626,0.2934921456977664,0.08068315764629624,0.2516493933118747,0.41301570860446707,0.16136631529259238,0.3037491134286091,0.0767139991079952,0.2270351143206139,1.436263880286584,1.0830880128517926,0.35317586743479135
42,171,MP_tot_PEEP_Jmin,compliance_dominant,severe_mixed,90.6218847887067,88.4313568748186,0.024172173410379937,7.997482532157413,4.856355424607216,0.16817733046780073,0.0840886652339003,0.1581310404941032,0.31645194044558655,S042,S171,12.0,6.0,6.0,0.6,0.6,0.0,15.0,15.0,0.0,63.095567626907474,73.75887766978403,10.663310042876553,2.19052791388809,27.526317161799216,14.672479205034591,12.853837956764625,0.3741753033440626,0.2926889123721613,0.0814863909719013,0.2516493933118747,0.41462217525567735,0.16297278194380266,0.3037491134286091,0.16591941731488544,0.13782969611372367,1.436263880286584,1.1989249249523939,0.23733895533419003
43,131,MP_tot_PEEP_Jmin,compliance_dominant,mixed,111.96968499555852,116.49087563243134,0.04037870283418371,10.138205748864962,1.1417887205845147,0.0658119210990139,0.03290596054950701,0.1007223658773917,0.21138472098016226,S043,S131,12.0,9.0,3.0,1.0,1.4,0.3999999999999999,15.0,15.0,0.0,78.92578594332717,92.44339360848043,13.517607665153264,4.5211906368728165,33.043899052231346,24.047482023950906,8.99641702828044,0.36666126139789534,0.33333333333333337,0.033327928064561974,0.2666774772042094,0.33333333333333337,0.06665585612912395,0.2951146915662225,0.20643232264670203,0.08868236891952047,1.4186705099897086,1.260131969254587,0.15853854073512164
43,173,MP_tot_PEEP_Jmin,compliance_dominant,severe_mixed,111.96968499555852,108.59951870742594,0.030098917294143178,10.160369520100318,6.75695612816601,0.1472993318033431,0.07364966590167166,0.16958892834378514,0.32570422541579047,S043,S173,12.0,6.0,6.0,1.0,1.4,0.3999999999999999,15.0,15.0,0.0,78.92578594332717,92.47294530346095,13.547159360133776,3.3701662881325802,33.043899052231346,16.126573403965004,16.917325648266342,0.36666126139789534,0.29312349127047055,0.0735377701274248,0.2666774772042094,0.413753017459059,0.1470755402548496,0.2951146915662225,0.14849580915188976,0.14661888241433274,1.4186705099897086,1.1743923409278654,0.2442781690618432
43,177,MP_tot_PEEP_Jmin,compliance_dominant,severe_mixed,111.96968499555852,115.83928189231297,0.03455932645436967,0.16852968463629026,3.9257734582998864,0.14529902357710905,0.07264951178855461,0.02795134993362769,0.07095846779130222,S043,S177,12.0,12.0,0.0,1.0,0.6,0.4,15.0,15.0,0.0,78.92578594332717,78.70107969714545,0.22470624618172508,3.8695968967544445,33.043899052231346,37.13820219516752,4.094303142936177,0.36666126139789534,0.2927199709503307,0.07394129044756464,0.2666774772042094,0.41456005809933866,0.14788258089512923,0.2951146915662225,0.32060110860918584,0.02548641704296334,1.4186705099897086,1.4718893608331851,0.05321885084347655
44,133,MP_tot_PEEP_Jmin,compliance_dominant,mixed,124.6081517230002,123.16483781638945,0.011582820920249209,1.8148806273240297,0.8383536975027397,0.07792055167181772,0.03896027583590894,0.012461524209920305,0.02930041745555778,S044,S133,12.0,12.0,0.0,1.4,1.0,0.3999999999999999,15.0,15.0,0.0,89.70398401239787,87.28414317596582,2.4198408364320443,1.4433139066107543,34.90416771060232,35.880694640423606,0.9765269298212829,0.3741878978748197,0.33333333333333337,0.04085456454148634,0.2516242042503605,0.33333333333333337,0.0817091290829729,0.28011143113809384,0.29132255014140884,0.011211119003315007,1.389103874202268,1.4110791872939366,0.021975313091668447
44,175,MP_tot_PEEP_Jmin,compliance_dominant,severe_mixed,124.6081517230002,120.0309832454374,0.036732496343719966,1.8970216412220822,5.209509024636802,0.16441269867881325,0.08220634933940674,0.05493328926794866,0.11696008910531108,S044,S175,12.0,9.0,3.0,1.4,1.0,0.3999999999999999,15.0,15.0,0.0,89.70398401239787,92.23334620069396,2.5293621882960906,4.577168477562807,34.90416771060232,27.79763704474344,7.106530665858884,0.3741878978748197,0.2903465371546724,0.0838413607201473,0.2516242042503605,0.4193069256906552,0.16768272144029472,0.28011143113809384,0.23158718101894812,0.04852425011914571,1.389103874202268,1.3013838073732849,0.08772006682898326
45,46,MP_tot_PEEP_Jmin,resistance_dominant,resistance_dominant,6.1619455505243215,6.1619455505243215,0.0,0.0,0.0,0.0,0.0,0.0,0.0,S045,S046,0.0,0.0,0.0,0.6,1.0,0.4,5.0,5.0,0.0,6.1619455505243215,6.1619455505243215,0.0,0.0,0.0,0.0,0.0,0.5473561423910592,0.5473561423910592,0.0,0.09471228478211828,0.09471228478211828,0.0,0.0,0.0,0.0,1.0,1.0,0.0
45,47,MP_tot_PEEP_Jmin,resistance_dominant,resistance_dominant,6.1619455505243215,6.1619455505243215,0.0,0.0,0.0,0.0,0.0,0.0,0.0,S045,S047,0.0,0.0,0.0,0.6,1.4,0.7999999999999999,5.0,5.0,0.0,6.1619455505243215,6.1619455505243215,0.0,0.0,0.0,0.0,0.0,0.5473561423910592,0.5473561423910592,0.0,0.09471228478211828,0.09471228478211828,0.0,0.0,0.0,0.0,1.0,1.0,0.0
46,47,MP_tot_PEEP_Jmin,resistance_dominant,resistance_dominant,6.1619455505243215,6.1619455505243215,0.0,0.0,0.0,0.0,0.0,0.0,0.0,S046,S047,0.0,0.0,0.0,1.0,1.4,0.3999999999999999,5.0,5.0,0.0,6.1619455505243215,6.1619455505243215,0.0,0.0,0.0,0.0,0.0,0.5473561423910592,0.5473561423910592,0.0,0.09471228478211828,0.09471228478211828,0.0,0.0,0.0,0.0,1.0,1.0,0.0
49,90,MP_tot_PEEP_Jmin,resistance_dominant,mixed,9.963900864876338,10.11833623847623,0.015499489175398222,0.9132842899439604,0.7588489163440686,0.25887296168920076,0.20389685248873296,0.28740603474714743,0.4033237001174519,S049,S090,3.0,0.0,3.0,1.0,0.6,0.4,5.0,5.0,0.0,8.29176765858831,10.11833623847623,1.8265685798879208,0.1544353735998918,1.6721332062880288,0.0,1.6721332062880288,0.5385071006502314,0.3333333333333334,0.20517376731689801,0.07701420130046296,0.3333333333333334,0.2563191320328705,0.16781913318532216,0.0,0.16781913318532216,1.201661850058726,1.0,0.20166185005872594
49,91,MP_tot_PEEP_Jmin,resistance_dominant,mixed,9.963900864876338,10.11833623847623,0.015499489175398222,0.9132842899439604,0.7588489163440686,0.25887296168920076,0.20389685248873296,0.28740603474714743,0.4033237001174519,S049,S091,3.0,0.0,3.0,1.0,1.0,0.0,5.0,5.0,0.0,8.29176765858831,10.11833623847623,1.8265685798879208,0.1544353735998918,1.6721332062880288,0.0,1.6721332062880288,0.5385071006502314,0.3333333333333334,0.20517376731689801,0.07701420130046296,0.3333333333333334,0.2563191320328705,0.16781913318532216,0.0,0.16781913318532216,1.201661850058726,1.0,0.20166185005872594
49,92,MP_tot_PEEP_Jmin,resistance_dominant,mixed,9.963900864876338,10.11833623847623,0.015499489175398222,0.9132842899439604,0.7588489163440686,0.25887296168920076,0.20389685248873296,0.28740603474714743,0.4033237001174519,S049,S092,3.0,0.0,3.0,1.0,1.4,0.3999999999999999,5.0,5.0,0.0,8.29176765858831,10.11833623847623,1.8265685798879208,0.1544353735998918,1.6721332062880288,0.0,1.6721332062880288,0.5385071006502314,0.3333333333333334,0.20517376731689801,0.07701420130046296,0.3333333333333334,0.2563191320328705,0.16781913318532216,0.0,0.16781913318532216,1.201661850058726,1.0,0.20166185005872594
50,51,MP_tot_PEEP_Jmin,resistance_dominant,resistance_dominant,11.016862716987754,11.54428575049956,0.04787415864759131,0.8247184780024521,1.352141511514258,0.01714738480852454,0.008573692404262201,0.23451456191075426,0.6496167602035441,S050,S051,3.0,6.0,3.0,1.4,0.6,0.7999999999999999,5.0,5.0,0.0,9.293260089816114,7.6438231338112095,1.6494369560049043,0.5274230335118055,1.7236026271716418,3.900462616688351,2.1768599895167093,0.5470152189911576,0.5416954616698889,0.005319757321268659,0.09403043798231503,0.08339092333977788,0.010639514642537151,0.15645131208850277,0.3378695487089416,0.18141823662043882,1.1854680284973866,1.5102764085991587,0.32480838010177204
50,135,MP_tot_PEEP_Jmin,resistance_dominant,severe_mixed,11.016862716987754,11.469445940403753,0.04108095335690496,1.0880929252938198,0.6355097018778206,0.3260294470916491,0.2488524645146976,0.27057137720040847,0.3709360569947733,S050,S135,3.0,0.0,3.0,1.4,0.6,0.7999999999999999,5.0,5.0,0.0,9.293260089816114,11.469445940403753,2.1761858505876397,0.4525832234159992,1.7236026271716418,0.0,1.7236026271716418,0.5470152189911576,0.29406640596973893,0.25294881302141864,0.09403043798231503,0.4118671880605221,0.31783675007820705,0.15645131208850277,0.0,0.15645131208850277,1.1854680284973866,1.0,0.18546802849738664
50,136,MP_tot_PEEP_Jmin,resistance_dominant,severe_mixed,11.016862716987754,11.469445940403753,0.04108095335690496,1.0880929252938198,0.6355097018778206,0.3260294470916491,0.2488524645146976,0.27057137720040847,0.3709360569947733,S050,S136,3.0,0.0,3.0,1.4,1.0,0.3999999999999999,5.0,5.0,0.0,9.293260089816114,11.469445940403753,2.1761858505876397,0.4525832234159992,1.7236026271716418,0.0,1.7236026271716418,0.5470152189911576,0.29406640596973893,0.25294881302141864,0.09403043798231503,0.4118671880605221,0.31783675007820705,0.15645131208850277,0.0,0.15645131208850277,1.1854680284973866,1.0,0.18546802849738664
50,137,MP_tot_PEEP_Jmin,resistance_dominant,severe_mixed,11.016862716987754,11.469445940403753,0.04108095335690496,1.0880929252938198,0.6355097018778206,0.3260294470916491,0.2488524645146976,0.27057137720040847,0.3709360569947733,S050,S137,3.0,0.0,3.0,1.4,1.4,0.0,5.0,5.0,0.0,9.293260089816114,11.469445940403753,2.1761858505876397,0.4525832234159992,1.7236026271716418,0.0,1.7236026271716418,0.5470152189911576,0.29406640596973893,0.25294881302141864,0.09403043798231503,0.4118671880605221,0.31783675007820705,0.15645131208850277,0.0,0.15645131208850277,1.1854680284973866,1.0,0.18546802849738664
51,135,MP_tot_PEEP_Jmin,resistance_dominant,severe_mixed,11.54428575049956,11.469445940403753,0.006482844561654042,1.912811403296272,1.9876512133920787,0.30888206228312454,0.2574261569189598,0.5050859391111627,1.0205528171983174,S051,S135,6.0,0.0,6.0,0.6,0.6,0.0,5.0,5.0,0.0,7.6438231338112095,11.469445940403753,3.825622806592544,0.07483981009580631,3.900462616688351,0.0,3.900462616688351,0.5416954616698889,0.29406640596973893,0.24762905570014998,0.08339092333977788,0.4118671880605221,0.3284762647207442,0.3378695487089416,0.0,0.3378695487089416,1.5102764085991587,1.0,0.5102764085991587
51,136,MP_tot_PEEP_Jmin,resistance_dominant,severe_mixed,11.54428575049956,11.469445940403753,0.006482844561654042,1.912811403296272,1.9876512133920787,0.30888206228312454,0.2574261569189598,0.5050859391111627,1.0205528171983174,S051,S136,6.0,0.0,6.0,0.6,1.0,0.4,5.0,5.0,0.0,7.6438231338112095,11.469445940403753,3.825622806592544,0.07483981009580631,3.900462616688351,0.0,3.900462616688351,0.5416954616698889,0.29406640596973893,0.24762905570014998,0.08339092333977788,0.4118671880605221,0.3284762647207442,0.3378695487089416,0.0,0.3378695487089416,1.5102764085991587,1.0,0.5102764085991587
51,137,MP_tot_PEEP_Jmin,resistance_dominant,severe_mixed,11.54428575049956,11.469445940403753,0.006482844561654042,1.912811403296272,1.9876512133920787,0.30888206228312454,0.2574261569189598,0.5050859391111627,1.0205528171983174,S051,S137,6.0,0.0,6.0,0.6,1.4,0.7999999999999999,5.0,5.0,0.0,7.6438231338112095,11.469445940403753,3.825622806592544,0.07483981009580631,3.900462616688351,0.0,3.900462616688351,0.5416954616698889,0.29406640596973893,0.24762905570014998,0.08339092333977788,0.4118671880605221,0.3284762647207442,0.3378695487089416,0.0,0.3378695487089416,1.5102764085991587,1.0,0.5102764085991587
52,138,MP_tot_PEEP_Jmin,resistance_dominant,severe_mixed,14.984089591260005,15.475128139129005,0.032770662833957895,1.1417033402959094,0.6506647924269107,0.34296131643019445,0.24202462945654718,0.16317839563325903,0.4395164965585212,S052,S138,6.0,3.0,3.0,1.0,0.6,0.4,5.0,5.0,0.0,10.42158976665232,12.704996447244138,2.2834066805918187,0.4910385478689996,4.562499824607685,2.7701316918848637,1.7923681327228214,0.5355691066817989,0.291804331732377,0.2437647749494219,0.07113821336359803,0.41639133653524596,0.3452531231716479,0.30448962526685125,0.17900541223180957,0.12548421303504168,1.4377930744507972,1.2180348261715366,0.2197582482792606
53,95,MP_tot_PEEP_Jmin,resistance_dominant,mixed,17.32782283025527,18.079174715185726,0.04336100918682978,1.4913288194860765,0.7399769345556191,0.24836566035789737,0.2091505031543846,0.18359393041838795,0.44243963911561024,S053,S095,6.0,3.0,3.0,1.4,1.4,0.0,5.0,5.0,0.0,12.424574629107918,15.40723226808007,2.982657638972153,0.7513518849304575,4.90324820114735,2.6719424471056543,2.2313057540416956,0.5470596716225854,0.3333333333333333,0.21372633828925208,0.09411934324517085,0.3333333333333333,0.23921399008816246,0.282969663827935,0.14779117350203702,0.13517849032589796,1.3946411323941963,1.173421312836391,0.22121981955780523
54,94,MP_tot_PEEP_Jmin,resistance_dominant,mixed,15.749248848058748,16.096894097732676,0.022073767011229775,2.5276700155800613,2.18002476590614,0.21930764483735782,0.22367951091465443,0.3539035408443311,1.361282929844963,S054,S094,9.0,3.0,6.0,0.6,1.0,0.4,5.0,5.0,0.0,8.384761925454638,13.440101956614761,5.055340031160123,0.34764524967392774,7.364486922604112,2.65679214111791,4.707694781486202,0.5451759732452676,0.33333333333333326,0.2118426399119343,0.09035194649053518,0.33333333333333326,0.24298138684279807,0.4676087725613567,0.165049985729367,0.30255878683198967,1.878317952027576,1.1976764871050947,0.6806414649224812
54,138,MP_tot_PEEP_Jmin,resistance_dominant,severe_mixed,15.749248848058748,15.475128139129005,0.017405319553607242,2.16011726089475,2.434237969824496,0.29947959917566896,0.26376548808381,0.33358405325353724,1.3205662517120782,S054,S138,9.0,3.0,6.0,0.6,0.6,0.0,5.0,5.0,0.0,8.384761925454638,12.704996447244138,4.3202345217895,0.2741207089297433,7.364486922604112,2.7701316918848637,4.594355230719248,0.5451759732452676,0.291804331732377,0.25337164151289054,0.09035194649053518,0.41639133653524596,0.3260393900447108,0.4676087725613567,0.17900541223180957,0.28860336032954714,1.878317952027576,1.2180348261715366,0.6602831258560393
55,57,MP_tot_PEEP_Jmin,resistance_dominant,resistance_dominant,21.222511729675276,20.963407277332347,0.012208943768923659,1.7128555788091182,1.4537511264661873,0.05226101609169906,0.026130508045849377,0.14165623524168858,1.2126734556203647,S055,S057,9.0,12.0,3.0,1.0,0.6,0.4,5.0,5.0,0.0,12.551411874716315,9.125700717098079,3.4257111576182364,0.2591044523429282,8.671099854958962,11.837706560234263,3.166606705275301,0.5348533304400352,0.5492229331264358,0.014369602686400529,0.06970666088007026,0.09844586625287159,0.028739205372801335,0.4085802833052145,0.5646842807387676,0.15610399743355313,1.6908465710081675,2.29718329881835,0.6063367278101826
55,63,MP_tot_PEEP_Jmin,resistance_dominant,resistance_dominant,21.222511729675276,21.98391445815485,0.035877126052658054,6.789123955333901,0.5046937194917032,0.01965104835302857,0.009825524176514167,0.42566862303976477,1.199014175759624,S055,S063,9.0,3.0,6.0,1.0,0.6,0.4,5.0,10.0,5.0,12.551411874716315,19.597244839038087,7.045832964321772,0.7614027284795739,8.671099854958962,2.386669619116762,6.2844302358422,0.5348533304400352,0.5436994000084219,0.008846069568386628,0.06970666088007026,0.08739880001684386,0.017692139136773602,0.4085802833052145,0.1085643607129046,0.3000159225923099,1.6908465710081675,1.121785977504474,0.5690605935036934
55,140,MP_tot_PEEP_Jmin,resistance_dominant,severe_mixed,21.222511729675276,20.525498807316335,0.03284309280811057,2.4160507404735334,3.1130636628324737,0.3445292706799393,0.24321704590582893,0.3146199046617539,1.0202028739251237,S055,S140,9.0,3.0,6.0,1.0,1.4,0.3999999999999999,5.0,5.0,0.0,12.551411874716315,17.383513355663382,4.832101480947067,0.6970129223589403,8.671099854958962,3.1419854516529506,5.529114403306012,0.5348533304400352,0.29360512152720314,0.2412482089128321,0.06970666088007026,0.41278975694559367,0.3430830960655234,0.4085802833052145,0.15307717883732924,0.25550310446788527,1.6908465710081675,1.1807451340456054,0.510101436962562
55,141,MP_tot_PEEP_Jmin,resistance_dominant,severe_mixed,21.222511729675276,21.429121284128843,0.009735395936413465,0.6945675396841029,0.48795798523054223,0.3399505898781443,0.2409277055049312,0.06220731857200046,0.307334387699282,S055,S141,9.0,6.0,3.0,1.0,0.6,0.4,5.0,5.0,0.0,12.551411874716315,13.940546954084521,1.3891350793682058,0.20660955445356777,8.671099854958962,7.488574330044317,1.1825255249146451,0.5348533304400352,0.29182191450367734,0.2430314159363579,0.06970666088007026,0.4163561709926453,0.34664951011257505,0.4085802833052145,0.349457835006544,0.05912244829867053,1.6908465710081675,1.537179377158527,0.15366719384964056
56,64,MP_tot_PEEP_Jmin,resistance_dominant,resistance_dominant,25.094825890326852,24.415719520229185,0.027061609156628502,6.675768624912766,0.12801839045411256,0.004722438896966302,0.0023612194484832205,0.39172274605266766,1.0371733301005572,S056,S064,9.0,3.0,6.0,1.4,1.0,0.3999999999999999,5.0,10.0,5.0,15.555889168399721,21.680569813668942,6.124680645269221,0.6791063700976672,9.538936721927126,2.7351497065602457,6.80378701536688,0.5471910143288715,0.541337645272174,0.005853369056697533,0.0943820286577433,0.08267529054434782,0.011706738113395482,0.38011567657873413,0.11202412872961162,0.2680915478491225,1.6132042095867174,1.1261567260485845,0.4870474835381329
56,65,MP_tot_PEEP_Jmin,resistance_dominant,resistance_dominant,25.094825890326852,25.9019922414519,0.03216465237306871,7.677261056140572,0.8575081151546975,0.0026192538532747167,0.0013096269266373861,0.4012298725601725,1.050468749121826,S056,S065,9.0,3.0,6.0,1.4,1.4,0.0,5.0,10.0,5.0,15.555889168399721,23.18280846051065,7.626919292110928,0.8071663511250478,9.538936721927126,2.719183780941253,6.819752940985873,0.5471910143288715,0.5460740143494351,0.0011169999794363727,0.0943820286577433,0.09214802869887022,0.0022339999588730786,0.38011567657873413,0.10497971567567858,0.27513596090305553,1.6132042095867174,1.1172931133677388,0.49591109621897855
56,97,MP_tot_PEEP_Jmin,resistance_dominant,mixed,25.094825890326852,24.075046430493487,0.040637040650935694,0.6029892531768128,1.6227687130101707,0.24759212170685913,0.20953727247990372,0.08486380632797735,0.35381129603121786,S056,S097,9.0,6.0,3.0,1.4,1.0,0.3999999999999999,5.0,5.0,0.0,15.555889168399721,16.761867674753347,1.2059785063536257,1.0197794598333658,9.538936721927126,7.313178755740147,2.225757966186979,0.5471910143288715,0.3333333333333333,0.2138576809955382,0.0943820286577433,0.3333333333333333,0.23895130467559,0.38011567657873413,0.30376592530584967,0.07634975127288446,1.6132042095867174,1.4362985615711081,0.17690564801560926
56,99,MP_tot_PEEP_Jmin,resistance_dominant,mixed,25.094825890326852,25.75833620586701,0.026440124288565688,1.3315799325529118,1.9950902480930743,0.24759212170685907,0.20953727247990378,0.11535241081723324,0.7693841860876014,S056,S099,9.0,9.0,0.0,1.4,0.6,0.7999999999999999,5.0,5.0,0.0,15.555889168399721,12.892729303293898,2.6631598651058237,0.663510315540158,9.538936721927126,12.865606902573118,3.3266701806459924,0.5471910143288715,0.3333333333333333,0.2138576809955382,0.0943820286577433,0.3333333333333333,0.23895130467559,0.38011567657873413,0.49947352188231403,0.1193578453035799,1.6132042095867174,1.9978963026305179,0.3846920930438005
57,63,MP_tot_PEEP_Jmin,resistance_dominant,resistance_dominant,20.963407277332347,21.98391445815485,0.048680406163075056,8.501979534143018,0.9490574069744842,0.03260996773867049,0.01630498386933521,0.5673248582814534,2.411687631379989,S057,S063,12.0,3.0,9.0,0.6,0.6,0.0,5.0,10.0,5.0,9.125700717098079,19.597244839038087,10.471544121940008,1.0205071808225021,11.837706560234263,2.386669619116762,9.4510369411175,0.5492229331264358,0.5436994000084219,0.005523533118013901,0.09844586625287159,0.08739880001684386,0.011047066236027733,0.5646842807387676,0.1085643607129046,0.45611992002586305,2.29718329881835,1.121785977504474,1.175397321313876
57,140,MP_tot_PEEP_Jmin,resistance_dominant,severe_mixed,20.963407277332347,20.525498807316335,0.020889183910934212,4.128906319282652,4.566814789298661,0.2922682545882403,0.2693475539516783,0.45627613990344246,2.2328763295454883,S057,S140,12.0,3.0,9.0,0.6,1.4,0.7999999999999999,5.0,5.0,0.0,9.125700717098079,17.383513355663382,8.257812638565303,0.4379084700160121,11.837706560234263,3.1419854516529506,8.695721108581314,0.5492229331264358,0.29360512152720314,0.25561781159923264,0.09844586625287159,0.41278975694559367,0.31434389069272206,0.5646842807387676,0.15307717883732924,0.4116071019014384,2.29718329881835,1.1807451340456054,1.1164381647727446
57,141,MP_tot_PEEP_Jmin,resistance_dominant,severe_mixed,20.963407277332347,21.429121284128843,0.0222155683298712,2.407423118493221,1.9417091116967296,0.2876895737864453,0.2670582135507806,0.20386355381368904,1.5200078433196467,S057,S141,12.0,6.0,6.0,0.6,0.6,0.0,5.0,5.0,0.0,9.125700717098079,13.940546954084521,4.814846236986442,0.465714006796496,11.837706560234263,7.488574330044317,4.349132230189946,0.5492229331264358,0.29182191450367734,0.25740101862275844,0.09844586625287159,0.4163561709926453,0.3179103047397737,0.5646842807387676,0.349457835006544,0.21522644573222366,2.29718329881835,1.537179377158527,0.7600039216598231
58,98,MP_tot_PEEP_Jmin,resistance_dominant,mixed,28.679167280122197,28.43805920236135,0.008407080840452425,3.007447157451801,3.2485552352126383,0.2608632577649964,0.2029017044508351,0.22802515139081753,1.1587625068422236,S058,S098,12.0,6.0,6.0,1.0,1.4,0.3999999999999999,5.0,5.0,0.0,14.681233982780322,20.696128297683924,6.014894314903602,0.24110807776084542,13.997933297341868,7.74193090467743,6.256002392664438,0.5350008255926821,0.33333333333333337,0.20166749225934877,0.07000165118536444,0.33333333333333337,0.2633316821479689,0.48808715959629584,0.2722383707547307,0.21584878884156516,1.9534575440838358,1.3740762906627235,0.5793812534211122
58,142,MP_tot_PEEP_Jmin,resistance_dominant,severe_mixed,28.679167280122197,27.73455743403539,0.032937143427505436,2.2968844051902844,3.241494251277082,0.34938385984026704,0.24716200548847034,0.1885379628278735,1.0291404147573922,S058,S142,12.0,6.0,6.0,1.0,1.0,0.0,5.0,5.0,0.0,14.681233982780322,19.27500279316089,4.593768810380569,0.9446098460868058,13.997933297341868,8.459554640874504,5.538378656467364,0.5350008255926821,0.2893507673925597,0.24565005820012242,0.07000165118536444,0.4212984652148805,0.35129681402951607,0.48808715959629584,0.3050185553165914,0.18306860427970445,1.9534575440838358,1.4388873367051391,0.5145702073786966
58,144,MP_tot_PEEP_Jmin,resistance_dominant,severe_mixed,28.679167280122197,29.331425375403256,0.0227432717592587,0.24743173907228488,0.4048263562087797,0.3354117859727491,0.24017596855471157,0.0049747801629810295,0.04143841329453979,S058,S144,12.0,9.0,3.0,1.0,0.6,0.4,5.0,5.0,0.0,14.681233982780322,15.176097460924892,0.49486347814456977,0.6522580952810593,13.997933297341868,14.155327914478361,0.15739461713649305,0.5350008255926821,0.29272740614312176,0.24227341944956038,0.07000165118536444,0.4145451877137564,0.344543536528392,0.48808715959629584,0.48259938728885415,0.005487772307441685,1.9534575440838358,1.9327383374365654,0.02071920664727034
59,68,MP_tot_PEEP_Jmin,resistance_dominant,resistance_dominant,34.31787189720249,34.77419077813491,0.013296829194400592,9.242918325786468,0.5066606449620679,0.0009609511513273411,0.0004804755756636636,0.35529949559688456,1.301937898253811,S059,S068,12.0,6.0,6.0,1.4,1.4,0.0,5.0,10.0,5.0,18.68720370769152,27.87978026944834,9.19257656175682,0.4563188809324217,15.630668189510962,6.894410508686567,8.736257680824394,0.5473335329659968,0.5455144109200091,0.0018191220459877755,0.09466706593199381,0.09102882184001833,0.0036382440919754816,0.45546729227068233,0.19826228459704634,0.25720500767363597,1.8364369776242926,1.2472907046631823,0.5891462729611103
59,100,MP_tot_PEEP_Jmin,resistance_dominant,mixed,34.31787189720249,34.052793236758596,0.007724216152968949,0.6982148426001924,0.9632935030440741,0.24653464121313307,0.21006601272676684,0.04408862748071829,0.28177508677285035,S059,S100,12.0,9.0,3.0,1.4,1.0,0.3999999999999999,5.0,5.0,0.0,18.68720370769152,20.083633392891905,1.3964296852003848,0.2650786604438906,15.630668189510962,13.969159843866693,1.6615083456442683,0.5473335329659968,0.33333333333333337,0.21400019963266348,0.09466706593199381,0.33333333333333337,0.23866626740133956,0.45546729227068233,0.41022067548889224,0.045246616781790094,1.8364369776242926,1.6955494342378665,0.14088754338642606
59,102,MP_tot_PEEP_Jmin,resistance_dominant,mixed,34.31787189720249,34.54075209954161,0.006494581103593881,2.434838358062521,2.657718560401655,0.246534641213133,0.2100660127267669,0.1241013932290641,1.3266823503947553,S059,S102,12.0,12.0,0.0,1.4,0.6,0.7999999999999999,5.0,5.0,0.0,18.68720370769152,13.817526991566478,4.869676716125042,0.22288020233912675,15.630668189510962,20.723225107975146,5.092556918464185,0.5473335329659968,0.33333333333333337,0.21400019963266348,0.09466706593199381,0.33333333333333337,0.23866626740133956,0.45546729227068233,0.599964501301353,0.1444972090306707,1.8364369776242926,2.4997781528216696,0.663341175197377
59,108,MP_tot_PEEP_Jmin,resistance_dominant,mixed,34.31787189720249,35.85792330220579,0.044876075346876196,11.817868311379213,0.30291817623658446,0.246534641213133,0.2100660127267669,0.46304745989972695,1.4783828342520966,S059,S108,12.0,3.0,9.0,1.4,0.6,0.7999999999999999,5.0,10.0,5.0,18.68720370769152,31.74220524783746,13.055001540145941,1.5400514050033038,15.630668189510962,4.115718054368333,11.514950135142628,0.5473335329659968,0.33333333333333337,0.21400019963266348,0.09466706593199381,0.33333333333333337,0.23866626740133956,0.45546729227068233,0.11477848339630856,0.3406888088743738,1.8364369776242926,1.1296607473309916,0.7067762302933009
59,150,MP_tot_PEEP_Jmin,resistance_dominant,severe_mixed,34.31787189720249,34.40833782121126,0.0026361169561959306,13.595290026961747,2.0353781625492147,0.3250684959403218,0.24933294009036128,0.625870872797293,1.6728739552485843,S059,S150,12.0,0.0,12.0,1.4,0.6,0.7999999999999999,5.0,10.0,5.0,18.68720370769152,34.40833782121126,15.721134113519742,0.09046592400877529,15.630668189510962,0.0,15.630668189510962,0.5473335329659968,0.2940664059697388,0.25326712699625803,0.09466706593199381,0.4118671880605223,0.3172001221285285,0.45546729227068233,0.0,0.45546729227068233,1.8364369776242926,1.0,0.8364369776242926
59,151,MP_tot_PEEP_Jmin,resistance_dominant,severe_mixed,34.31787189720249,34.40833782121126,0.0026361169561959306,13.595290026961747,2.0353781625492147,0.3250684959403218,0.24933294009036128,0.625870872797293,1.6728739552485843,S059,S151,12.0,0.0,12.0,1.4,1.0,0.3999999999999999,5.0,10.0,5.0,18.68720370769152,34.40833782121126,15.721134113519742,0.09046592400877529,15.630668189510962,0.0,15.630668189510962,0.5473335329659968,0.2940664059697388,0.25326712699625803,0.09466706593199381,0.4118671880605223,0.3172001221285285,0.45546729227068233,0.0,0.45546729227068233,1.8364369776242926,1.0,0.8364369776242926
59,152,MP_tot_PEEP_Jmin,resistance_dominant,severe_mixed,34.31787189720249,34.40833782121126,0.0026361169561959306,13.595290026961747,2.0353781625492147,0.3250684959403218,0.24933294009036128,0.625870872797293,1.6728739552485843,S059,S152,12.0,0.0,12.0,1.4,1.4,0.0,5.0,10.0,5.0,18.68720370769152,34.40833782121126,15.721134113519742,0.09046592400877529,15.630668189510962,0.0,15.630668189510962,0.5473335329659968,0.2940664059697388,0.25326712699625803,0.09466706593199381,0.4118671880605223,0.3172001221285285,0.45546729227068233,0.0,0.45546729227068233,1.8364369776242926,1.0,0.8364369776242926
60,61,MP_tot_PEEP_Jmin,resistance_dominant,resistance_dominant,18.485836651572967,18.485836651572967,0.0,0.0,0.0,0.0,0.0,0.0,0.0,S060,S061,0.0,0.0,0.0,0.6,1.0,0.4,10.0,10.0,0.0,18.485836651572967,18.485836651572967,0.0,0.0,0.0,0.0,0.0,0.547356142391059,0.547356142391059,0.0,0.09471228478211814,0.09471228478211814,0.0,0.0,0.0,0.0,1.0,1.0,0.0
60,62,MP_tot_PEEP_Jmin,resistance_dominant,resistance_dominant,18.485836651572967,18.485836651572967,0.0,0.0,0.0,0.0,0.0,0.0,0.0,S060,S062,0.0,0.0,0.0,0.6,1.4,0.7999999999999999,10.0,10.0,0.0,18.485836651572967,18.485836651572967,0.0,0.0,0.0,0.0,0.0,0.547356142391059,0.547356142391059,0.0,0.09471228478211814,0.09471228478211814,0.0,0.0,0.0,0.0,1.0,1.0,0.0
60,95,MP_tot_PEEP_Jmin,resistance_dominant,mixed,18.485836651572967,18.079174715185726,0.021998568095787985,4.620274967008608,1.9483325199029515,0.23862104855121502,0.21402280905772592,0.2575227566023354,0.34684262567278257,S060,S095,0.0,3.0,3.0,0.6,1.4,0.7999999999999999,10.0,5.0,5.0,18.485836651572967,15.40723226808007,3.0786043834928964,0.40666193638724124,0.0,2.6719424471056543,2.6719424471056543,0.547356142391059,0.3333333333333333,0.2140228090577257,0.09471228478211814,0.3333333333333333,0.2386210485512152,0.0,0.14779117350203702,0.14779117350203702,1.0,1.173421312836391,0.17342131283639106
60,96,MP_tot_PEEP_Jmin,resistance_dominant,mixed,18.485836651572967,18.76046159779794,0.014855965212783784,6.339925293537964,0.4526046892386173,0.23862104855121502,0.21402280905772592,0.5316426424168893,1.1351217906778555,S060,S096,0.0,6.0,6.0,0.6,0.6,0.0,10.0,5.0,5.0,18.485836651572967,11.967931615021358,6.517905036551609,0.27462494622497147,0.0,6.792529982776581,6.792529982776581,0.547356142391059,0.33333333333333326,0.21402280905772575,0.09471228478211814,0.33333333333333326,0.23862104855121513,0.0,0.36206625020217376,0.36206625020217376,1.0,1.5675608953389277,0.5675608953389277
60,139,MP_tot_PEEP_Jmin,resistance_dominant,severe_mixed,18.485836651572967,18.46085070508715,0.0013516264887957238,4.6377789176574815,1.549152579352656,0.3251131955582103,0.2572688825612235,0.28665441227047656,0.40184507649771306,S060,S139,0.0,3.0,3.0,0.6,1.0,0.4,10.0,5.0,5.0,18.485836651572967,15.372224366782323,3.1136122847906442,0.024985946485816868,0.0,3.0886263383048265,3.0886263383048265,0.547356142391059,0.29064919334580364,0.2567069490452554,0.09471228478211814,0.4187016133083925,0.3239893285262744,0.0,0.167306826085415,0.167306826085415,1.0,1.2009225382488566,0.20092253824885664
61,62,MP_tot_PEEP_Jmin,resistance_dominant,resistance_dominant,18.485836651572967,18.485836651572967,0.0,0.0,0.0,0.0,0.0,0.0,0.0,S061,S062,0.0,0.0,0.0,1.0,1.4,0.3999999999999999,10.0,10.0,0.0,18.485836651572967,18.485836651572967,0.0,0.0,0.0,0.0,0.0,0.547356142391059,0.547356142391059,0.0,0.09471228478211814,0.09471228478211814,0.0,0.0,0.0,0.0,1.0,1.0,0.0
61,95,MP_tot_PEEP_Jmin,resistance_dominant,mixed,18.485836651572967,18.079174715185726,0.021998568095787985,4.620274967008608,1.9483325199029515,0.23862104855121502,0.21402280905772592,0.2575227566023354,0.34684262567278257,S061,S095,0.0,3.0,3.0,1.0,1.4,0.3999999999999999,10.0,5.0,5.0,18.485836651572967,15.40723226808007,3.0786043834928964,0.40666193638724124,0.0,2.6719424471056543,2.6719424471056543,0.547356142391059,0.3333333333333333,0.2140228090577257,0.09471228478211814,0.3333333333333333,0.2386210485512152,0.0,0.14779117350203702,0.14779117350203702,1.0,1.173421312836391,0.17342131283639106
61,96,MP_tot_PEEP_Jmin,resistance_dominant,mixed,18.485836651572967,18.76046159779794,0.014855965212783784,6.339925293537964,0.4526046892386173,0.23862104855121502,0.21402280905772592,0.5316426424168893,1.1351217906778555,S061,S096,0.0,6.0,6.0,1.0,0.6,0.4,10.0,5.0,5.0,18.485836651572967,11.967931615021358,6.517905036551609,0.27462494622497147,0.0,6.792529982776581,6.792529982776581,0.547356142391059,0.33333333333333326,0.21402280905772575,0.09471228478211814,0.33333333333333326,0.23862104855121513,0.0,0.36206625020217376,0.36206625020217376,1.0,1.5675608953389277,0.5675608953389277
61,139,MP_tot_PEEP_Jmin,resistance_dominant,severe_mixed,18.485836651572967,18.46085070508715,0.0013516264887957238,4.6377789176574815,1.549152579352656,0.3251131955582103,0.2572688825612235,0.28665441227047656,0.40184507649771306,S061,S139,0.0,3.0,3.0,1.0,1.0,0.0,10.0,5.0,5.0,18.485836651572967,15.372224366782323,3.1136122847906442,0.024985946485816868,0.0,3.0886263383048265,3.0886263383048265,0.547356142391059,0.29064919334580364,0.2567069490452554,0.09471228478211814,0.4187016133083925,0.3239893285262744,0.0,0.167306826085415,0.167306826085415,1.0,1.2009225382488566,0.20092253824885664
62,95,MP_tot_PEEP_Jmin,resistance_dominant,mixed,18.485836651572967,18.079174715185726,0.021998568095787985,4.620274967008608,1.9483325199029515,0.23862104855121502,0.21402280905772592,0.2575227566023354,0.34684262567278257,S062,S095,0.0,3.0,3.0,1.4,1.4,0.0,10.0,5.0,5.0,18.485836651572967,15.40723226808007,3.0786043834928964,0.40666193638724124,0.0,2.6719424471056543,2.6719424471056543,0.547356142391059,0.3333333333333333,0.2140228090577257,0.09471228478211814,0.3333333333333333,0.2386210485512152,0.0,0.14779117350203702,0.14779117350203702,1.0,1.173421312836391,0.17342131283639106
62,96,MP_tot_PEEP_Jmin,resistance_dominant,mixed,18.485836651572967,18.76046159779794,0.014855965212783784,6.339925293537964,0.4526046892386173,0.23862104855121502,0.21402280905772592,0.5316426424168893,1.1351217906778555,S062,S096,0.0,6.0,6.0,1.4,0.6,0.7999999999999999,10.0,5.0,5.0,18.485836651572967,11.967931615021358,6.517905036551609,0.27462494622497147,0.0,6.792529982776581,6.792529982776581,0.547356142391059,0.33333333333333326,0.21402280905772575,0.09471228478211814,0.33333333333333326,0.23862104855121513,0.0,0.36206625020217376,0.36206625020217376,1.0,1.5675608953389277,0.5675608953389277
62,139,MP_tot_PEEP_Jmin,resistance_dominant,severe_mixed,18.485836651572967,18.46085070508715,0.0013516264887957238,4.6377789176574815,1.549152579352656,0.3251131955582103,0.2572688825612235,0.28665441227047656,0.40184507649771306,S062,S139,0.0,3.0,3.0,1.4,1.0,0.3999999999999999,10.0,5.0,5.0,18.485836651572967,15.372224366782323,3.1136122847906442,0.024985946485816868,0.0,3.0886263383048265,3.0886263383048265,0.547356142391059,0.29064919334580364,0.2567069490452554,0.09471228478211814,0.4187016133083925,0.3239893285262744,0.0,0.167306826085415,0.167306826085415,1.0,1.2009225382488566,0.20092253824885664
63,141,MP_tot_PEEP_Jmin,resistance_dominant,severe_mixed,21.98391445815485,21.429121284128843,0.025236323361884614,6.094556415649798,0.9926517047222454,0.32029954152511575,0.25075322968144537,0.3634613044677643,0.891679788060342,S063,S141,3.0,6.0,3.0,0.6,0.6,0.0,10.0,5.0,5.0,19.597244839038087,13.940546954084521,5.656697884953566,0.5547931740260061,2.386669619116762,7.488574330044317,5.101904710927555,0.5436994000084219,0.29182191450367734,0.25187748550474454,0.08739880001684386,0.4163561709926453,0.32895737097580147,0.1085643607129046,0.349457835006544,0.2408934742936394,1.121785977504474,1.537179377158527,0.41539339965405286
64,97,MP_tot_PEEP_Jmin,resistance_dominant,mixed,24.415719520229185,24.075046430493487,0.01395302274231322,6.072779371735953,1.494750322556058,0.25231456060382546,0.2071760530314205,0.3068589397246903,0.6833620340693394,S064,S097,3.0,6.0,3.0,1.0,1.0,0.0,10.0,5.0,5.0,21.680569813668942,16.761867674753347,4.918702138915595,0.34067308973569865,2.7351497065602457,7.313178755740147,4.578029049179901,0.541337645272174,0.3333333333333333,0.20800431193884067,0.08267529054434782,0.3333333333333333,0.2506580427889855,0.11202412872961162,0.30376592530584967,0.19174179657623805,1.1261567260485845,1.4362985615711081,0.3101418355225236
65,66,MP_tot_PEEP_Jmin,resistance_dominant,resistance_dominant,25.9019922414519,26.491187596451198,0.02274710568619455,1.649436956004914,1.4139138330017467,0.004204651267319434,0.0021023256336597518,0.14558720491667623,0.24290948657007028,S065,S066,3.0,6.0,3.0,1.4,0.6,0.7999999999999999,10.0,10.0,0.0,23.18280846051065,20.708653026503274,2.4741554340073755,0.5891953549992976,2.719183780941253,5.782534569947916,3.0633507890066625,0.5460740143494351,0.5428897064668698,0.003184307882565296,0.09214802869887022,0.08577941293373996,0.006368615765130259,0.10497971567567858,0.2182814397766959,0.11330172410101731,1.1172931133677388,1.2792327710811195,0.1619396577133807
65,99,MP_tot_PEEP_Jmin,resistance_dominant,mixed,25.9019922414519,25.75833620586701,0.005546138468646119,9.008840988693484,1.1375821329383768,0.24497286785358435,0.21084689940654117,0.5165822833774057,1.8198529352094275,S065,S099,3.0,9.0,6.0,1.4,0.6,0.7999999999999999,10.0,5.0,5.0,23.18280846051065,12.892729303293898,10.290079157216752,0.1436560355848897,2.719183780941253,12.865606902573118,10.146423121631866,0.5460740143494351,0.3333333333333333,0.21274068101610183,0.09214802869887022,0.3333333333333333,0.24118530463446308,0.10497971567567858,0.49947352188231403,0.39449380620663543,1.1172931133677388,1.9978963026305179,0.880603189262779
66,99,MP_tot_PEEP_Jmin,resistance_dominant,mixed,26.491187596451198,25.75833620586701,0.027663968929892795,7.35940403268857,0.2763317000633698,0.24076821658626493,0.21294922504020092,0.37099507846072954,1.5769434486393572,S066,S099,6.0,9.0,3.0,0.6,0.6,0.0,10.0,5.0,5.0,20.708653026503274,12.892729303293898,7.815923723209377,0.7328513905841874,5.782534569947916,12.865606902573118,7.0830723326252025,0.5428897064668698,0.3333333333333333,0.20955637313353653,0.08577941293373996,0.3333333333333333,0.24755392039959334,0.2182814397766959,0.49947352188231403,0.28119208210561814,1.2792327710811195,1.9978963026305179,0.7186635315493983
66,142,MP_tot_PEEP_Jmin,resistance_dominant,severe_mixed,26.491187596451198,27.73455743403539,0.04693522451786032,4.168267287755073,1.4912472168284836,0.3292888186615356,0.2572095260778361,0.17225129754591806,0.45892551678859994,S066,S142,6.0,6.0,0.0,0.6,1.0,0.4,10.0,5.0,5.0,20.708653026503274,19.27500279316089,1.4336502333423837,1.2433698375841935,5.782534569947916,8.459554640874504,2.677020070926589,0.5428897064668698,0.2893507673925597,0.25353893907431013,0.08577941293373996,0.4212984652148805,0.33551905228114054,0.2182814397766959,0.3050185553165914,0.08673711553989549,1.2792327710811195,1.4388873367051391,0.15965456562401958
67,69,MP_tot_PEEP_Jmin,resistance_dominant,resistance_dominant,31.563835800917047,32.007656066461955,0.014061037078770156,2.0368278411976295,1.4622341861437178,0.02285091212248684,0.011425456061243455,0.12447519469695928,0.2970131196966719,S067,S069,6.0,9.0,3.0,1.0,0.6,0.4,10.0,10.0,0.0,24.875302975764935,21.820061213968483,3.0552417617964522,0.4438202655449075,6.688532825152115,10.187594852493465,3.49906202734135,0.5380363649468707,0.5438008979700626,0.005764533023191909,0.07607272989374156,0.08760179594012525,0.011529066046383693,0.21190494296506854,0.31828618850876,0.10638124554369147,1.2688824667449679,1.466891213209416,0.19800874646444822
67,105,MP_tot_PEEP_Jmin,resistance_dominant,mixed,31.563835800917047,30.355008715428696,0.038297851158293976,3.6531371597758415,3.0353956653762744,0.25887296168920076,0.20389685248873296,0.28740603474714743,0.4033237001174519,S067,S105,6.0,0.0,6.0,1.0,0.6,0.4,10.0,10.0,0.0,24.875302975764935,30.355008715428696,5.4797057396637605,1.2088270854883518,6.688532825152115,0.0,6.688532825152115,0.5380363649468707,0.33333333333333326,0.20470303161353742,0.07607272989374156,0.33333333333333326,0.2572606034395917,0.21190494296506854,0.0,0.21190494296506854,1.2688824667449679,1.0,0.26888246674496785
67,106,MP_tot_PEEP_Jmin,resistance_dominant,mixed,31.563835800917047,30.355008715428696,0.038297851158293976,3.6531371597758415,3.0353956653762744,0.25887296168920076,0.20389685248873296,0.28740603474714743,0.4033237001174519,S067,S106,6.0,0.0,6.0,1.0,1.0,0.0,10.0,10.0,0.0,24.875302975764935,30.355008715428696,5.4797057396637605,1.2088270854883518,6.688532825152115,0.0,6.688532825152115,0.5380363649468707,0.33333333333333326,0.20470303161353742,0.07607272989374156,0.33333333333333326,0.2572606034395917,0.21190494296506854,0.0,0.21190494296506854,1.2688824667449679,1.0,0.26888246674496785
67,107,MP_tot_PEEP_Jmin,resistance_dominant,mixed,31.563835800917047,30.355008715428696,0.038297851158293976,3.6531371597758415,3.0353956653762744,0.25887296168920076,0.20389685248873296,0.28740603474714743,0.4033237001174519,S067,S107,6.0,0.0,6.0,1.0,1.4,0.3999999999999999,10.0,10.0,0.0,24.875302975764935,30.355008715428696,5.4797057396637605,1.2088270854883518,6.688532825152115,0.0,6.688532825152115,0.5380363649468707,0.33333333333333326,0.20470303161353742,0.07607272989374156,0.33333333333333326,0.2572606034395917,0.21190494296506854,0.0,0.21190494296506854,1.2688824667449679,1.0,0.26888246674496785
67,143,MP_tot_PEEP_Jmin,resistance_dominant,severe_mixed,31.563835800917047,32.30689098018161,0.023541345986946786,4.934744931715105,2.613967547608638,0.3417494271682221,0.24533508522824365,0.14870909442214458,0.3700879513191486,S067,S143,6.0,6.0,0.0,1.0,1.4,0.3999999999999999,10.0,5.0,5.0,24.875302975764935,23.297580770923027,1.5777222048419084,0.7430551792645659,6.688532825152115,9.009310209258583,2.320777384106468,0.5380363649468707,0.2934158249170065,0.24462054002986416,0.07607272989374156,0.41316835016598685,0.33709562027224527,0.21190494296506854,0.2788665184398359,0.06696157547476736,1.2688824667449679,1.3867058257183005,0.11782335897333263
68,100,MP_tot_PEEP_Jmin,resistance_dominant,mixed,34.77419077813491,34.052793236758596,0.02074519996680722,8.544703483186275,1.469954148006142,0.2474955923644604,0.20958553715110317,0.3112108681161663,1.0201628114809607,S068,S100,6.0,9.0,3.0,1.4,1.0,0.3999999999999999,10.0,5.0,5.0,27.87978026944834,20.083633392891905,7.796146876556435,0.7213975413763123,6.894410508686567,13.969159843866693,7.074749335180126,0.5455144109200091,0.33333333333333337,0.2121810775866757,0.09102882184001833,0.33333333333333337,0.24230451149331506,0.19826228459704634,0.41022067548889224,0.2119583908918459,1.2472907046631823,1.6955494342378665,0.44825872957468427
68,102,MP_tot_PEEP_Jmin,resistance_dominant,mixed,34.77419077813491,34.54075209954161,0.006712986653885703,11.677756683848989,2.151057915439587,0.24749559236446034,0.20958553715110323,0.47940088882594867,2.6286202486485664,S068,S102,6.0,12.0,6.0,1.4,0.6,0.7999999999999999,10.0,5.0,5.0,27.87978026944834,13.817526991566478,14.062253277881862,0.23343867859329492,6.894410508686567,20.723225107975146,13.82881459928858,0.5455144109200091,0.33333333333333337,0.2121810775866757,0.09102882184001833,0.33333333333333337,0.24230451149331506,0.19826228459704634,0.599964501301353,0.4017022167043067,1.2472907046631823,2.4997781528216696,1.2524874481584873
68,108,MP_tot_PEEP_Jmin,resistance_dominant,mixed,34.77419077813491,35.85792330220579,0.031164852432807855,2.5749499855927453,0.2037424687254834,0.24749559236446034,0.20958553715110323,0.10774796430284242,0.1764449359982856,S068,S108,6.0,3.0,3.0,1.4,0.6,0.7999999999999999,10.0,10.0,0.0,27.87978026944834,31.74220524783746,3.8624249783891216,1.0837325240708822,6.894410508686567,4.115718054368333,2.778692454318234,0.5455144109200091,0.33333333333333337,0.2121810775866757,0.09102882184001833,0.33333333333333337,0.24230451149331506,0.19826228459704634,0.11477848339630856,0.08348380120073778,1.2472907046631823,1.1296607473309916,0.11762995733219062
68,150,MP_tot_PEEP_Jmin,resistance_dominant,severe_mixed,34.77419077813491,34.40833782121126,0.010520818708847858,4.352371701175279,2.5420388075112825,0.3260294470916491,0.2488524645146976,0.27057137720040847,0.3709360569947733,S068,S150,6.0,0.0,6.0,1.4,0.6,0.7999999999999999,10.0,10.0,0.0,27.87978026944834,34.40833782121126,6.528557551762923,0.3658529569236464,6.894410508686567,0.0,6.894410508686567,0.5455144109200091,0.2940664059697388,0.25144800495027025,0.09102882184001833,0.4118671880605223,0.320838366220504,0.19826228459704634,0.0,0.19826228459704634,1.2472907046631823,1.0,0.24729070466318226
68,151,MP_tot_PEEP_Jmin,resistance_dominant,severe_mixed,34.77419077813491,34.40833782121126,0.010520818708847858,4.352371701175279,2.5420388075112825,0.3260294470916491,0.2488524645146976,0.27057137720040847,0.3709360569947733,S068,S151,6.0,0.0,6.0,1.4,1.0,0.3999999999999999,10.0,10.0,0.0,27.87978026944834,34.40833782121126,6.528557551762923,0.3658529569236464,6.894410508686567,0.0,6.894410508686567,0.5455144109200091,0.2940664059697388,0.25144800495027025,0.09102882184001833,0.4118671880605223,0.320838366220504,0.19826228459704634,0.0,0.19826228459704634,1.2472907046631823,1.0,0.24729070466318226
68,152,MP_tot_PEEP_Jmin,resistance_dominant,severe_mixed,34.77419077813491,34.40833782121126,0.010520818708847858,4.352371701175279,2.5420388075112825,0.3260294470916491,0.2488524645146976,0.27057137720040847,0.3709360569947733,S068,S152,6.0,0.0,6.0,1.4,1.4,0.0,10.0,10.0,0.0,27.87978026944834,34.40833782121126,6.528557551762923,0.3658529569236464,6.894410508686567,0.0,6.894410508686567,0.5455144109200091,0.2940664059697388,0.25144800495027025,0.09102882184001833,0.4118671880605223,0.320838366220504,0.19826228459704634,0.0,0.19826228459704634,1.2472907046631823,1.0,0.24729070466318226
69,143,MP_tot_PEEP_Jmin,resistance_dominant,severe_mixed,32.007656066461955,32.30689098018161,0.00934885432092607,2.897917090517476,4.076201733752356,0.31889851504573524,0.2567605412894871,0.024233899725185304,0.07307483162247674,S069,S143,9.0,6.0,3.0,0.6,1.4,0.7999999999999999,10.0,5.0,5.0,21.820061213968483,23.297580770923027,1.4775195569545438,0.2992349137196584,10.187594852493465,9.009310209258583,1.178284643234882,0.5438008979700626,0.2934158249170065,0.2503850730530561,0.08760179594012525,0.41316835016598685,0.3255665542258616,0.31828618850876,0.2788665184398359,0.039419670068924106,1.466891213209416,1.3867058257183005,0.08018538749111559
70,72,MP_tot_PEEP_Jmin,resistance_dominant,resistance_dominant,39.930185493636564,38.533319868187036,0.03498269813127061,3.4257111576182115,0.31598995335958335,0.0314230804568284,0.015711540228414145,0.1171634989172941,0.38677294081020297,S070,S072,9.0,12.0,3.0,1.0,0.6,0.4,10.0,10.0,0.0,28.070036137860953,22.931469401433624,5.138566736427329,1.3968656254495286,11.860149355775608,15.601850466753405,3.7417011109777967,0.5362951879621178,0.5456222908029612,0.009327102840843371,0.07259037592423558,0.0912445816059224,0.018654205681686825,0.29702214525564097,0.4048924546372718,0.10787030938163084,1.4225199175920762,1.6803685447988788,0.25784862720680257
70,78,MP_tot_PEEP_Jmin,resistance_dominant,resistance_dominant,39.930185493636564,41.781256482179295,0.04635768568712821,10.126805739583933,1.5943619795548791,0.01952985049968267,0.009764925249841183,0.2844743186998706,0.5183954530501338,S070,S078,9.0,3.0,6.0,1.0,0.6,0.4,10.0,15.0,5.0,28.070036137860953,38.45355088643275,10.383514748571798,1.8510709885427303,11.860149355775608,3.327705595746544,8.532443760029064,0.5362951879621178,0.5447981568535765,0.008502968891458629,0.07259037592423558,0.08959631370715286,0.017005937782917285,0.29702214525564097,0.07964589569406295,0.21737624956157803,1.4225199175920762,1.086538317503485,0.3359816000885911
70,101,MP_tot_PEEP_Jmin,resistance_dominant,mixed,39.930185493636564,41.194989700003134,0.03167539020243555,5.7208452615967325,2.3710292446570023,0.26177128801276417,0.20244768932695134,0.15139065217918007,0.5368917520962058,S070,S101,9.0,9.0,0.0,1.0,1.4,0.3999999999999999,10.0,5.0,5.0,28.070036137860953,25.985024327287796,2.0850118105731568,1.2648042063665699,11.860149355775608,15.209965372715338,3.34981601693973,0.5362951879621178,0.3333333333333333,0.20296185462878452,0.07259037592423558,0.3333333333333333,0.26074295740909775,0.29702214525564097,0.3692188172270421,0.07219667197140112,1.4225199175920762,1.5853358142421599,0.16281589665008367
70,109,MP_tot_PEEP_Jmin,resistance_dominant,mixed,39.930185493636564,39.65144433812015,0.006980712763301223,4.845080769850362,2.701281540441581,0.2617712880127643,0.20244768932695123,0.2331523417087315,0.4506698157906952,S070,S109,9.0,3.0,6.0,1.0,1.0,0.0,10.0,10.0,0.0,28.070036137860953,35.33765729263649,7.26762115477554,0.2787411555164141,11.860149355775608,4.313787045483664,7.5463623102919435,0.5362951879621178,0.3333333333333334,0.2029618546287844,0.07259037592423558,0.3333333333333334,0.26074295740909786,0.29702214525564097,0.10879268378469813,0.18822946147094283,1.4225199175920762,1.1220733737316124,0.30044654386046377
70,145,MP_tot_PEEP_Jmin,resistance_dominant,severe_mixed,39.930185493636564,39.29056612724852,0.016018442150487356,7.124466815470896,2.8718312635374623,0.3505914022771506,0.24685774645914443,0.19373136257132678,0.7565848660424981,S070,S145,9.0,9.0,0.0,1.0,1.0,0.0,10.0,5.0,5.0,28.070036137860953,23.17778121953947,4.892254918321484,0.6396193663880467,11.860149355775608,16.11278490770904,4.252635551933434,0.5362951879621178,0.2888971118959652,0.24739807606615266,0.07259037592423558,0.4222057762080695,0.3496154002838339,0.29702214525564097,0.41009296876826157,0.1130708235126206,1.4225199175920762,1.6951823712153065,0.27266245362323027
70,147,MP_tot_PEEP_Jmin,resistance_dominant,severe_mixed,39.930185493636564,39.18204041295226,0.018736328705598684,10.507533441357998,0.4027096480533885,0.3337453853651414,0.2384347380031399,0.3471703203221678,2.1411263962678895,S070,S147,9.0,12.0,3.0,1.0,0.6,0.4,10.0,5.0,5.0,28.070036137860953,16.411647967765266,11.658388170095687,0.7481450806843029,11.860149355775608,22.770392445186992,10.910243089411384,0.5362951879621178,0.2938485058928819,0.24244668206923592,0.07259037592423558,0.41230298821423594,0.3397126122900004,0.29702214525564097,0.5811436108278799,0.28412146557223894,1.4225199175920762,2.387453136328002,0.9649332187359259
70,153,MP_tot_PEEP_Jmin,resistance_dominant,severe_mixed,39.930185493636564,40.82777149210426,0.0224788837660356,5.461084962407259,1.8329564827359235,0.34210753865846466,0.24261581464980148,0.22904907614051423,0.44489825349841694,S070,S153,9.0,3.0,6.0,1.0,0.6,0.4,10.0,10.0,0.0,28.070036137860953,36.261663581471836,8.191627443610884,0.8975859984676973,11.860149355775608,4.566107910632431,7.2940414451431765,0.5362951879621178,0.29275761727643645,0.24353757068568138,0.07259037592423558,0.41448476544712703,0.3418943895228915,0.29702214525564097,0.11183828418152769,0.18518386107411328,1.4225199175920762,1.1259210819264651,0.29659883566561107
71,79,MP_tot_PEEP_Jmin,resistance_dominant,resistance_dominant,45.102432261622,45.029483726106264,0.001617396930892518,9.205653420531334,0.4781394441278195,0.0004670144900280754,0.00023350724501391973,0.256393573661149,0.45392163372226024,S071,S079,9.0,3.0,6.0,1.4,1.0,0.3999999999999999,10.0,15.0,5.0,32.57675207838605,41.23131751927381,8.654565440887758,0.0729485355157351,12.525680183235952,3.798166206832455,8.727513976403497,0.5453051409658479,0.542787560131209,0.002517580834638933,0.09061028193169572,0.08557512026241788,0.005035161669277838,0.27771629056675395,0.08434842890793422,0.19336786165881975,1.3844975138435134,1.0921184777822581,0.29237903606125526
71,80,MP_tot_PEEP_Jmin,resistance_dominant,resistance_dominant,45.102432261622,46.94906731644032,0.04094313681591929,10.707892067373074,1.8969768188479676,0.004873243080681974,0.0024366215403410774,0.26299576494297233,0.46218399867825966,S071,S080,9.0,3.0,6.0,1.4,1.4,0.0,10.0,15.0,5.0,32.57675207838605,43.23430238172947,10.65755030334342,1.8466350548183215,12.525680183235952,3.71476493471086,8.810915248525092,0.5453051409658479,0.5460214314274244,0.0007162904615765076,0.09061028193169572,0.0920428628548487,0.0014325809231529735,0.27771629056675395,0.07912329567003022,0.19859299489672372,1.3844975138435134,1.0859217040652582,0.29857580977825515
71,103,MP_tot_PEEP_Jmin,resistance_dominant,mixed,45.102432261622,46.03013451652804,0.020568785504178375,10.015135163408795,0.08392005885281151,0.24831846412702369,0.20917410126982144,0.29330355561430804,1.356545727219502,S071,S103,9.0,12.0,3.0,1.4,1.0,0.3999999999999999,10.0,5.0,5.0,32.57675207838605,23.405399111030473,9.171352967355578,0.9277022549060376,12.525680183235952,22.624735405497564,10.099055222261612,0.5453051409658479,0.3333333333333333,0.2119718076325146,0.09061028193169572,0.3333333333333333,0.24272305140163758,0.27771629056675395,0.4915200801199853,0.21380378955323137,1.3844975138435134,1.9666459989923863,0.582148485148873
71,111,MP_tot_PEEP_Jmin,resistance_dominant,mixed,45.102432261622,43.14537917458853,0.04339129818279764,0.3684331345735359,2.141269654320247,0.24831846412702374,0.2091741012698214,0.05378015470056874,0.12325283942684506,S071,S111,9.0,6.0,3.0,1.4,0.6,0.7999999999999999,10.0,10.0,0.0,32.57675207838605,33.129401780246354,0.5526497018603038,1.9570530870334721,12.525680183235952,10.015977394342173,2.5097027888937795,0.5453051409658479,0.3333333333333333,0.2119718076325146,0.09061028193169572,0.3333333333333333,0.24272305140163758,0.27771629056675395,0.23214484577392044,0.04557144479283351,1.3844975138435134,1.302328954225617,0.08216855961789649
71,146,MP_tot_PEEP_Jmin,resistance_dominant,severe_mixed,45.102432261622,46.81362245899952,0.03794008685499615,7.11201062583271,2.0357165362517904,0.33122428265053966,0.2506270105315793,0.180730256941177,0.6283876648914486,S071,S146,9.0,9.0,0.0,1.4,1.4,0.0,10.0,5.0,5.0,32.57675207838605,29.211648186182643,3.3651038922034076,1.711190197377519,12.525680183235952,17.60197427281688,5.0762940895809265,0.5453051409658479,0.29332622668457015,0.2519789142812778,0.09061028193169572,0.4133475466308596,0.32273726469916386,0.27771629056675395,0.3760011156631407,0.09828482509638675,1.3844975138435134,1.6025669678283596,0.21806945398484623
71,154,MP_tot_PEEP_Jmin,resistance_dominant,severe_mixed,45.102432261622,45.29860715525632,0.004349541339508822,5.123835588262033,2.3657429004966986,0.3320873205970771,0.25105852950484814,0.20780094101032898,0.3891237555923248,S071,S154,9.0,3.0,6.0,1.4,1.0,0.3999999999999999,10.0,10.0,0.0,32.57675207838605,40.262505460779096,7.685753382393045,0.19617489363432128,12.525680183235952,5.0361016944772246,7.489578488758728,0.5453051409658479,0.2917782453532468,0.2535268956126011,0.09061028193169572,0.4164435092935063,0.3258332273618106,0.27771629056675395,0.11117564116743156,0.1665406493993224,1.3844975138435134,1.1250816767819638,0.2594158370615496
72,75,MP_tot_PEEP_Jmin,resistance_dominant,resistance_dominant,38.533319868187036,36.971673303145884,0.04052717415429447,12.441108709737,3.160741757016403,0.008272840995280098,0.00413642049764007,0.5050859391111627,1.0205528171983174,S072,S075,12.0,0.0,12.0,0.6,0.6,0.0,10.0,15.0,5.0,22.931469401433624,36.971673303145884,14.04020390171226,1.5616465650411513,15.601850466753405,0.0,15.601850466753405,0.5456222908029612,0.5473561423910588,0.0017338515880975791,0.0912445816059224,0.09471228478211735,0.00346770317619495,0.4048924546372718,0.0,0.4048924546372718,1.6803685447988788,1.0,0.6803685447988788
72,76,MP_tot_PEEP_Jmin,resistance_dominant,resistance_dominant,38.533319868187036,36.971673303145884,0.04052717415429447,12.441108709737,3.160741757016403,0.008272840995280098,0.00413642049764007,0.5050859391111627,1.0205528171983174,S072,S076,12.0,0.0,12.0,0.6,1.0,0.4,10.0,15.0,5.0,22.931469401433624,36.971673303145884,14.04020390171226,1.5616465650411513,15.601850466753405,0.0,15.601850466753405,0.5456222908029612,0.5473561423910588,0.0017338515880975791,0.0912445816059224,0.09471228478211735,0.00346770317619495,0.4048924546372718,0.0,0.4048924546372718,1.6803685447988788,1.0,0.6803685447988788
72,77,MP_tot_PEEP_Jmin,resistance_dominant,resistance_dominant,38.533319868187036,36.971673303145884,0.04052717415429447,12.441108709737,3.160741757016403,0.008272840995280098,0.00413642049764007,0.5050859391111627,1.0205528171983174,S072,S077,12.0,0.0,12.0,0.6,1.4,0.7999999999999999,10.0,15.0,5.0,22.931469401433624,36.971673303145884,14.04020390171226,1.5616465650411513,15.601850466753405,0.0,15.601850466753405,0.5456222908029612,0.5473561423910588,0.0017338515880975791,0.0912445816059224,0.09471228478211735,0.00346770317619495,0.4048924546372718,0.0,0.4048924546372718,1.6803685447988788,1.0,0.6803685447988788
72,109,MP_tot_PEEP_Jmin,resistance_dominant,mixed,38.533319868187036,39.65144433812015,0.029017081158798204,8.270791927468574,3.0172714938011644,0.23034820755593585,0.21815922955536537,0.3503158406260256,0.8374427566008982,S072,S109,12.0,3.0,9.0,0.6,1.0,0.4,10.0,10.0,0.0,22.931469401433624,35.33765729263649,12.406187891202869,1.1181244699331145,15.601850466753405,4.313787045483664,11.28806342126974,0.5456222908029612,0.3333333333333334,0.21228895746962778,0.0912445816059224,0.3333333333333334,0.242088751727411,0.4048924546372718,0.10879268378469813,0.29609977085257366,1.6803685447988788,1.1220733737316124,0.5582951710672663
72,145,MP_tot_PEEP_Jmin,resistance_dominant,severe_mixed,38.533319868187036,39.29056612724852,0.019651726392946007,3.6987556578526846,3.1878212168970457,0.3191683218203222,0.2625692866875586,0.07656786365403268,0.3698119252322951,S072,S145,12.0,9.0,3.0,0.6,1.0,0.4,10.0,5.0,5.0,22.931469401433624,23.17778121953947,0.2463118181058448,0.7572462590614819,15.601850466753405,16.11278490770904,0.5109344409556371,0.5456222908029612,0.2888971118959652,0.25672517890699603,0.0912445816059224,0.4222057762080695,0.33096119460214707,0.4048924546372718,0.41009296876826157,0.005200514130989764,1.6803685447988788,1.6951823712153065,0.0148138264164277
72,147,MP_tot_PEEP_Jmin,resistance_dominant,severe_mixed,38.533319868187036,39.18204041295226,0.01683531413811056,7.081822283739786,0.08671969469380514,0.302322304908313,0.25414627823155406,0.23000682140487372,1.7543534554576863,S072,S147,12.0,12.0,0.0,0.6,0.6,0.0,10.0,5.0,5.0,22.931469401433624,16.411647967765266,6.519821433668358,0.6487205447652258,15.601850466753405,22.770392445186992,7.168541978433588,0.5456222908029612,0.2938485058928819,0.2517737849100793,0.0912445816059224,0.41230298821423594,0.32105840660831353,0.4048924546372718,0.5811436108278799,0.1762511561906081,1.6803685447988788,2.387453136328002,0.7070845915291233
73,81,MP_tot_PEEP_Jmin,resistance_dominant,resistance_dominant,49.5147685983877,47.60003499292712,0.03866994958596905,9.108391818985098,1.4770009562381645,0.020233710417679393,0.010116855208839759,0.26307509275352786,0.6196861684612849,S073,S081,12.0,6.0,6.0,1.0,0.6,0.4,10.0,15.0,5.0,31.26476929995695,39.93542846971964,8.67065916976269,1.914733605460576,18.24999929843074,7.6646065232074845,10.585392775223255,0.5354518143354543,0.5437575343617088,0.008305720026254515,0.07090362867090866,0.08751506872341747,0.016611440052508808,0.36857688756370355,0.16102102707164745,0.2075558604920561,1.58372409926773,1.1919249853302323,0.39179911393749767
73,112,MP_tot_PEEP_Jmin,resistance_dominant,mixed,49.5147685983877,50.94747443431593,0.028934919347979822,6.037024379924883,1.5858063540342187,0.2627893620918833,0.2019386522873916,0.18349788322405292,0.4802331746914059,S073,S112,12.0,6.0,6.0,1.0,1.0,0.0,10.0,10.0,0.0,31.26476929995695,40.32030586984429,9.055536569887341,1.4327058359282319,18.24999929843074,10.62716856447164,7.6228307339591,0.5354518143354543,0.33333333333333326,0.20211848100212104,0.07090362867090866,0.33333333333333326,0.2624297046624246,0.36857688756370355,0.20859068447392276,0.1599862030897808,1.58372409926773,1.263568649473459,0.3201554497942709
73,155,MP_tot_PEEP_Jmin,resistance_dominant,severe_mixed,49.5147685983877,48.20074019443028,0.026538110570917685,8.00977976276251,5.318918285338661,0.34379444474892856,0.24244119361591426,0.3211217500271534,0.7050212789403916,S073,S155,12.0,3.0,9.0,1.0,1.4,0.3999999999999999,10.0,10.0,0.0,31.26476929995695,43.279438944100725,12.014669644143776,1.3140284039574155,18.24999929843074,4.9213012503295674,13.328698048101174,0.5354518143354543,0.2934478770633482,0.24200393727210612,0.07090362867090866,0.41310424587330385,0.3422006172023952,0.36857688756370355,0.10210011776744948,0.26647676979625406,1.58372409926773,1.1137099133074682,0.4700141859602618
73,156,MP_tot_PEEP_Jmin,resistance_dominant,severe_mixed,49.5147685983877,49.19551610927187,0.006447621551163247,4.5668133611836375,2.6026591697076427,0.34296131643019445,0.24202462945654718,0.16317839563325903,0.4395164965585212,S073,S156,12.0,6.0,6.0,1.0,0.6,0.4,10.0,10.0,0.0,31.26476929995695,38.114989341732425,6.850220041775476,0.3192524891158257,18.24999929843074,11.080526767539455,7.1694725308912854,0.5354518143354543,0.29233950968725864,0.24311230464819567,0.07090362867090866,0.41532098062548284,0.3444173519545742,0.36857688756370355,0.22523448565775103,0.14334240190595252,1.58372409926773,1.2907131015620483,0.2930109977056816
74,82,MP_tot_PEEP_Jmin,resistance_dominant,resistance_dominant,56.886716691913165,54.305527561098415,0.04537419771989905,9.269072043335573,1.5293549355572935,0.006709101114378696,0.003354550557189251,0.23580586479128915,0.530928649346672,S074,S082,12.0,6.0,6.0,1.4,1.0,0.3999999999999999,10.0,15.0,5.0,37.273723887323754,45.490961735401875,8.21723784807812,2.5811891308147494,19.6129928045894,8.814565825696546,10.798426978892854,0.5452714559928777,0.5397746333015333,0.0054968226913444385,0.09054291198575565,0.07954926660306644,0.01099364538268921,0.3447728036548385,0.16231433928672173,0.18245846436811675,1.5261881765255951,1.1937652115812907,0.33242296494430446
74,83,MP_tot_PEEP_Jmin,resistance_dominant,resistance_dominant,56.886716691913165,58.38250427653884,0.02629414512928482,12.27354933701896,1.5461293486553345,0.0022688540262675444,0.0011344270131338208,0.24798678790409623,0.5499253981686163,S074,S083,12.0,6.0,6.0,1.4,1.4,0.0,10.0,15.0,5.0,37.273723887323754,49.49693146031306,12.223207572989303,1.495787584625674,19.6129928045894,8.885572816225782,10.727419988363618,0.5452714559928777,0.5452501647245316,2.1291268346157466e-05,0.09054291198575565,0.09050032944906305,4.258253669259249e-05,0.3447728036548385,0.1521958149334898,0.19257698872134868,1.5261881765255951,1.1795176499648325,0.3466705265607626
74,84,MP_tot_PEEP_Jmin,resistance_dominant,resistance_dominant,56.886716691913165,54.42800883538935,0.04322112435913071,6.21383028153906,0.3884597406675283,0.0075974437716331,0.003798721885816647,0.14591324367585723,0.3704331081667136,S074,S084,12.0,9.0,3.0,1.4,0.6,0.7999999999999999,10.0,15.0,5.0,37.273723887323754,41.41730605300653,4.143582165682773,2.458707856523816,19.6129928045894,13.01070278238281,6.60229002220659,0.5452714559928777,0.5438055062563539,0.0014659497365238083,0.09054291198575565,0.08761101251270786,0.002931899473047783,0.3447728036548385,0.23904425425027104,0.10572854940456744,1.5261881765255951,1.3141368674662595,0.21205130905933567
74,104,MP_tot_PEEP_Jmin,resistance_dominant,mixed,56.886716691913165,56.349966208111,0.009435427372423283,9.21218907977001,3.7491360331400685,0.24836566035789742,0.20915050315438455,0.17480555249526586,0.8143571616126841,S074,S104,12.0,12.0,0.0,1.4,1.4,0.0,10.0,5.0,5.0,37.273723887323754,31.27392035689165,5.999803530432104,0.536750483802166,19.6129928045894,25.076045851219348,5.463053046629948,0.5452714559928777,0.33333333333333337,0.21193812265954437,0.09054291198575565,0.33333333333333337,0.24279042134757772,0.3447728036548385,0.4450055171037513,0.10023271344891282,1.5261881765255951,1.8018197132005387,0.27563153667494356
74,113,MP_tot_PEEP_Jmin,resistance_dominant,mixed,56.886716691913165,56.909466592662845,0.00039991586916307933,5.965315277944306,2.9599077382224763,0.24836566035789737,0.2091505031543846,0.18359393041838795,0.44243963911561024,S074,S113,12.0,6.0,6.0,1.4,1.4,0.0,10.0,10.0,0.0,37.273723887323754,46.22169680424022,8.947972916916463,0.022749900749680307,19.6129928045894,10.687769788422617,8.925223016166782,0.5452714559928777,0.33333333333333326,0.21193812265954448,0.09054291198575565,0.33333333333333326,0.2427904213475776,0.3447728036548385,0.18780302168217047,0.156969781972668,1.5261881765255951,1.2312284171151884,0.29495975941040675
74,157,MP_tot_PEEP_Jmin,resistance_dominant,severe_mixed,56.886716691913165,58.47117845356627,0.027852930416677475,5.895299475348811,1.363187976021294,0.3348578073648926,0.2523965766578822,0.15446227475024682,0.38743718829067975,S074,S157,12.0,6.0,6.0,1.4,1.0,0.3999999999999999,10.0,10.0,0.0,37.273723887323754,46.11667310034697,8.842949213023218,1.5844617616531025,19.6129928045894,12.354505353219306,7.258487451370094,0.5452714559928777,0.2904420934767309,0.25482936251614685,0.09054291198575565,0.4191158130465382,0.3285729010607826,0.3447728036548385,0.21129222430552502,0.13348057934931346,1.5261881765255951,1.2678967176651421,0.258291458860453
74,159,MP_tot_PEEP_Jmin,resistance_dominant,severe_mixed,56.886716691913165,59.511571672714055,0.0461417907983083,1.7963941431128276,1.7266579092444871,0.32741738449408486,0.24867636522247838,0.017999901511091265,0.055829158714881366,S074,S159,12.0,9.0,3.0,1.4,0.6,0.7999999999999999,10.0,10.0,0.0,37.273723887323754,39.968315101992985,2.694591214669231,2.6248549808008903,19.6129928045894,19.543256570721066,0.06973623386833339,0.5452714559928777,0.2924774396243925,0.25279401636848525,0.09054291198575565,0.41504512075121525,0.3245022087654596,0.3447728036548385,0.3283942268942229,0.016378576760615604,1.5261881765255951,1.488968737382341,0.037219439143254096
75,76,MP_tot_PEEP_Jmin,resistance_dominant,resistance_dominant,36.971673303145884,36.971673303145884,0.0,0.0,0.0,0.0,0.0,0.0,0.0,S075,S076,0.0,0.0,0.0,0.6,1.0,0.4,15.0,15.0,0.0,36.971673303145884,36.971673303145884,0.0,0.0,0.0,0.0,0.0,0.5473561423910588,0.5473561423910588,0.0,0.09471228478211735,0.09471228478211735,0.0,0.0,0.0,0.0,1.0,1.0,0.0
75,77,MP_tot_PEEP_Jmin,resistance_dominant,resistance_dominant,36.971673303145884,36.971673303145884,0.0,0.0,0.0,0.0,0.0,0.0,0.0,S075,S077,0.0,0.0,0.0,0.6,1.4,0.7999999999999999,15.0,15.0,0.0,36.971673303145884,36.971673303145884,0.0,0.0,0.0,0.0,0.0,0.5473561423910588,0.5473561423910588,0.0,0.09471228478211735,0.09471228478211735,0.0,0.0,0.0,0.0,1.0,1.0,0.0
75,108,MP_tot_PEEP_Jmin,resistance_dominant,mixed,36.971673303145884,35.85792330220579,0.030124414218637107,6.567284812134446,2.4515667577661127,0.2386210485512159,0.21402280905772536,0.16282341289756605,0.1944911209964877,S075,S108,0.0,3.0,3.0,0.6,0.6,0.0,15.0,10.0,5.0,36.971673303145884,31.74220524783746,5.229468055308423,1.1137500009400938,0.0,4.115718054368333,4.115718054368333,0.5473561423910588,0.33333333333333337,0.21402280905772542,0.09471228478211735,0.33333333333333337,0.23862104855121602,0.0,0.11477848339630856,0.11477848339630856,1.0,1.1296607473309916,0.12966074733099164
76,77,MP_tot_PEEP_Jmin,resistance_dominant,resistance_dominant,36.971673303145884,36.971673303145884,0.0,0.0,0.0,0.0,0.0,0.0,0.0,S076,S077,0.0,0.0,0.0,1.0,1.4,0.3999999999999999,15.0,15.0,0.0,36.971673303145884,36.971673303145884,0.0,0.0,0.0,0.0,0.0,0.5473561423910588,0.5473561423910588,0.0,0.09471228478211735,0.09471228478211735,0.0,0.0,0.0,0.0,1.0,1.0,0.0
76,108,MP_tot_PEEP_Jmin,resistance_dominant,mixed,36.971673303145884,35.85792330220579,0.030124414218637107,6.567284812134446,2.4515667577661127,0.2386210485512159,0.21402280905772536,0.16282341289756605,0.1944911209964877,S076,S108,0.0,3.0,3.0,1.0,0.6,0.4,15.0,10.0,5.0,36.971673303145884,31.74220524783746,5.229468055308423,1.1137500009400938,0.0,4.115718054368333,4.115718054368333,0.5473561423910588,0.33333333333333337,0.21402280905772542,0.09471228478211735,0.33333333333333337,0.23862104855121602,0.0,0.11477848339630856,0.11477848339630856,1.0,1.1296607473309916,0.12966074733099164
77,108,MP_tot_PEEP_Jmin,resistance_dominant,mixed,36.971673303145884,35.85792330220579,0.030124414218637107,6.567284812134446,2.4515667577661127,0.2386210485512159,0.21402280905772536,0.16282341289756605,0.1944911209964877,S077,S108,0.0,3.0,3.0,1.4,0.6,0.7999999999999999,15.0,10.0,5.0,36.971673303145884,31.74220524783746,5.229468055308423,1.1137500009400938,0.0,4.115718054368333,4.115718054368333,0.5473561423910588,0.33333333333333337,0.21402280905772542,0.09471228478211735,0.33333333333333337,0.23862104855121602,0.0,0.11477848339630856,0.11477848339630856,1.0,1.1296607473309916,0.12966074733099164
78,101,MP_tot_PEEP_Jmin,resistance_dominant,mixed,41.781256482179295,41.194989700003134,0.01403181310323248,15.847651001180665,3.9653912242118814,0.24224143751308147,0.21221261457679252,0.4358649708790507,1.0552872051463396,S078,S101,3.0,9.0,6.0,0.6,1.4,0.7999999999999999,15.0,5.0,10.0,38.45355088643275,25.985024327287796,12.468526559144955,0.5862667821761605,3.327705595746544,15.209965372715338,11.882259776968795,0.5447981568535765,0.3333333333333333,0.21146482352024315,0.08959631370715286,0.3333333333333333,0.24373701962618044,0.07964589569406295,0.3692188172270421,0.28957292153297914,1.086538317503485,1.5853358142421599,0.4987974967386748
78,110,MP_tot_PEEP_Jmin,resistance_dominant,mixed,41.781256482179295,42.43321464881269,0.01560408234518911,3.3145946582682733,2.497438365036576,0.24224143751308153,0.21221261457679247,0.036248601260723476,0.046996363123783746,S078,S110,3.0,3.0,0.0,0.6,1.4,0.7999999999999999,15.0,10.0,5.0,38.45355088643275,38.28835275983443,0.16519812659831956,0.651958166633392,3.327705595746544,4.14486188897825,0.8171562932317058,0.5447981568535765,0.33333333333333337,0.2114648235202431,0.08959631370715286,0.33333333333333337,0.2437370196261805,0.07964589569406295,0.09767965786429585,0.018033762170232892,1.086538317503485,1.1082538576411762,0.02171554013769117
78,111,MP_tot_PEEP_Jmin,resistance_dominant,mixed,41.781256482179295,43.14537917458853,0.03264915436401639,6.753895311326996,0.06562351273137779,0.24224143751308158,0.2122126145767924,0.20855427326112208,0.33810900800044497,S078,S111,3.0,6.0,3.0,0.6,0.6,0.0,15.0,10.0,5.0,38.45355088643275,33.129401780246354,5.324149106186397,1.3641226924092322,3.327705595746544,10.015977394342173,6.688271798595629,0.5447981568535765,0.3333333333333333,0.21146482352024315,0.08959631370715286,0.3333333333333333,0.24373701962618044,0.07964589569406295,0.23214484577392044,0.15249895007985748,1.086538317503485,1.302328954225617,0.21579063672213183
78,153,MP_tot_PEEP_Jmin,resistance_dominant,severe_mixed,41.781256482179295,40.82777149210426,0.02282087879481837,4.6657207771766736,3.4273184622908026,0.322577688158782,0.25238073989964266,0.055425242559356394,0.07349719955171685,S078,S153,3.0,3.0,0.0,0.6,0.6,0.0,15.0,10.0,5.0,38.45355088643275,36.261663581471836,2.1918873049609147,0.9534849900750331,3.327705595746544,4.566107910632431,1.2384023148858874,0.5447981568535765,0.29275761727643645,0.25204053957714,0.08959631370715286,0.41448476544712703,0.32488845173997416,0.07964589569406295,0.11183828418152769,0.03219238848746474,1.086538317503485,1.1259210819264651,0.039382764422980054
79,80,MP_tot_PEEP_Jmin,resistance_dominant,resistance_dominant,45.029483726106264,46.94906731644032,0.04262948254103922,1.5022386468417395,1.4188373747201481,0.00534025757071005,0.002670128785354997,0.006602191281823294,0.008262364955999413,S079,S080,3.0,3.0,0.0,1.0,1.4,0.3999999999999999,15.0,15.0,0.0,41.23131751927381,43.23430238172947,2.002984862455662,1.9195835903340566,3.798166206832455,3.71476493471086,0.08340127212159487,0.542787560131209,0.5460214314274244,0.0032338712962154403,0.08557512026241788,0.0920428628548487,0.006467742592430811,0.08434842890793422,0.07912329567003022,0.005225133237903995,1.0921184777822581,1.0859217040652582,0.006196773716999893
79,103,MP_tot_PEEP_Jmin,resistance_dominant,mixed,45.029483726106264,46.03013451652804,0.02222212443092338,19.220788583940127,0.394219385275008,0.24878547861705178,0.20894059402480752,0.5496971292754571,1.8104673609417623,S079,S103,3.0,12.0,9.0,1.0,1.0,0.0,15.0,5.0,10.0,41.23131751927381,23.405399111030473,17.825918408243336,1.0006507904217727,3.798166206832455,22.624735405497564,18.82656919866511,0.542787560131209,0.3333333333333333,0.20945422679787568,0.08557512026241788,0.3333333333333333,0.24775821307091545,0.08434842890793422,0.4915200801199853,0.4071716512120511,1.0921184777822581,1.9666459989923863,0.8745275212101282
79,111,MP_tot_PEEP_Jmin,resistance_dominant,mixed,45.029483726106264,43.14537917458853,0.04184157568800661,8.837220285957798,2.6194090984480667,0.24878547861705183,0.20894059402480747,0.20261341896058027,0.3306687942954152,S079,S111,3.0,6.0,3.0,1.0,0.6,0.4,15.0,10.0,5.0,41.23131751927381,33.129401780246354,8.101915739027454,1.884104551517737,3.798166206832455,10.015977394342173,6.217811187509717,0.542787560131209,0.3333333333333333,0.20945422679787568,0.08557512026241788,0.3333333333333333,0.24775821307091545,0.08434842890793422,0.23214484577392044,0.1477964168659862,1.0921184777822581,1.302328954225617,0.21021047644335877
79,146,MP_tot_PEEP_Jmin,resistance_dominant,severe_mixed,45.029483726106264,46.81362245899952,0.03962156758770217,16.317664046364044,2.51385598037961,0.3316912971405678,0.2503935032865654,0.437123830602326,1.0823092986137088,S079,S146,3.0,9.0,6.0,1.0,1.4,0.3999999999999999,15.0,5.0,10.0,41.23131751927381,29.211648186182643,12.019669333091166,1.784138732893254,3.798166206832455,17.60197427281688,13.803808065984423,0.542787560131209,0.29332622668457015,0.24946133344663884,0.08557512026241788,0.4133475466308596,0.3277724263684417,0.08434842890793422,0.3760011156631407,0.2916526867552065,1.0921184777822581,1.6025669678283596,0.5104484900461015
79,154,MP_tot_PEEP_Jmin,resistance_dominant,severe_mixed,45.029483726106264,45.29860715525632,0.005976604812682531,4.0818178322693015,2.843882344624518,0.3325543350871052,0.2508250222598342,0.04859263265082005,0.06479787812993543,S079,S154,3.0,3.0,0.0,1.0,1.0,0.0,15.0,10.0,5.0,41.23131751927381,40.262505460779096,0.9688120584947129,0.2691234291500564,3.798166206832455,5.0361016944772246,1.2379354876447697,0.542787560131209,0.2917782453532468,0.2510093147779622,0.08557512026241788,0.4164435092935063,0.33086838903108845,0.08434842890793422,0.11117564116743156,0.026827212259497343,1.0921184777822581,1.1250816767819638,0.03296319899970568
80,81,MP_tot_PEEP_Jmin,resistance_dominant,resistance_dominant,46.94906731644032,47.60003499292712,0.013865401672395923,2.4741554340073684,1.47568615448926,0.000889569372137855,0.00044478468606889976,0.10097146409446399,0.1413377083532985,S080,S081,3.0,6.0,3.0,1.4,0.6,0.7999999999999999,15.0,15.0,0.0,43.23430238172947,39.93542846971964,3.2988739120098316,0.6509676764868004,3.71476493471086,7.6646065232074845,3.9498415884966245,0.5460214314274244,0.5437575343617088,0.0022638970657156143,0.0920428628548487,0.08751506872341747,0.004527794131431229,0.07912329567003022,0.16102102707164745,0.08189773140161723,1.0859217040652582,1.1919249853302323,0.10600328126497405
80,103,MP_tot_PEEP_Jmin,resistance_dominant,mixed,46.94906731644032,46.03013451652804,0.019572972423895156,20.723027230781867,1.8130567599951561,0.24344522104634173,0.21161072281016252,0.5562993205572804,1.8187297258977617,S080,S103,3.0,12.0,9.0,1.4,1.0,0.3999999999999999,15.0,5.0,10.0,43.23430238172947,23.405399111030473,19.828903270698998,0.9189327999122838,3.71476493471086,22.624735405497564,18.909970470786703,0.5460214314274244,0.3333333333333333,0.21268809809409112,0.0920428628548487,0.3333333333333333,0.24129047047848462,0.07912329567003022,0.4915200801199853,0.4123967844499551,1.0859217040652582,1.9666459989923863,0.8807242949271281
80,146,MP_tot_PEEP_Jmin,resistance_dominant,severe_mixed,46.94906731644032,46.81362245899952,0.0028849318033922536,17.819902693205783,3.932693355099758,0.32635103956985767,0.2530636320719204,0.44372602188414934,1.0905716635697082,S080,S146,3.0,9.0,6.0,1.4,1.4,0.0,15.0,5.0,10.0,43.23430238172947,29.211648186182643,14.022654195546828,0.13544485744080248,3.71476493471086,17.60197427281688,13.887209338106018,0.5460214314274244,0.29332622668457015,0.2526952047428543,0.0920428628548487,0.4133475466308596,0.3213046837760109,0.07912329567003022,0.3760011156631407,0.29687781999311047,1.0859217040652582,1.6025669678283596,0.5166452637631014
80,154,MP_tot_PEEP_Jmin,resistance_dominant,severe_mixed,46.94906731644032,45.29860715525632,0.035154269414124285,5.584056479111041,4.262719719344666,0.3272140775163951,0.2534951510451892,0.05519482393264334,0.07306024308593484,S080,S154,3.0,3.0,0.0,1.4,1.0,0.3999999999999999,15.0,10.0,5.0,43.23430238172947,40.262505460779096,2.971796920950375,1.6504601611840002,3.71476493471086,5.0361016944772246,1.3213367597663646,0.5460214314274244,0.2917782453532468,0.2542431860741776,0.0920428628548487,0.4164435092935063,0.3244006464386576,0.07912329567003022,0.11117564116743156,0.03205234549740134,1.0859217040652582,1.1250816767819638,0.03915997271670557
80,155,MP_tot_PEEP_Jmin,resistance_dominant,severe_mixed,46.94906731644032,48.20074019443028,0.026660228829543928,3.572767490229957,2.3662311746112366,0.324450303703387,0.2521132641386851,0.04292480682083845,0.05600259787419182,S080,S155,3.0,3.0,0.0,1.4,1.4,0.0,15.0,10.0,5.0,43.23430238172947,43.279438944100725,0.04513656237125474,1.2516728779899609,3.71476493471086,4.9213012503295674,1.2065363156187074,0.5460214314274244,0.2934478770633482,0.25257355436407625,0.0920428628548487,0.41310424587330385,0.32106138301845516,0.07912329567003022,0.10210011776744948,0.02297682209741926,1.0859217040652582,1.1137099133074682,0.027788209242209927
80,156,MP_tot_PEEP_Jmin,resistance_dominant,severe_mixed,46.94906731644032,49.19551610927187,0.04784863515371484,7.015733891808829,0.35002794101978196,0.32361717538465296,0.25169669997931804,0.20086816121473283,0.3215073802560622,S080,S156,3.0,6.0,3.0,1.4,0.6,0.7999999999999999,15.0,10.0,5.0,43.23430238172947,38.114989341732425,5.119313039997046,2.2464487928315506,3.71476493471086,11.080526767539455,7.3657618328285945,0.5460214314274244,0.29233950968725864,0.2536819217401658,0.0920428628548487,0.41532098062548284,0.32327811777063414,0.07912329567003022,0.22523448565775103,0.14611118998772082,1.0859217040652582,1.2907131015620483,0.2047913974967901
81,103,MP_tot_PEEP_Jmin,resistance_dominant,mixed,47.60003499292712,46.03013451652804,0.03298107819946677,18.2488717967745,3.2887429144844162,0.24255565167420387,0.21205550749623142,0.45532785646281637,1.6773920175444632,S081,S103,6.0,12.0,6.0,0.6,1.0,0.4,15.0,5.0,10.0,39.93542846971964,23.405399111030473,16.530029358689166,1.5699004763990843,7.6646065232074845,22.624735405497564,14.960128882290078,0.5437575343617088,0.3333333333333333,0.2104242010283755,0.08751506872341747,0.3333333333333333,0.24581826460991585,0.16102102707164745,0.4915200801199853,0.3304990530483379,1.1919249853302323,1.9666459989923863,0.7747210136621541
81,146,MP_tot_PEEP_Jmin,resistance_dominant,severe_mixed,47.60003499292712,46.81362245899952,0.016521259575638037,15.345747259198415,5.408379509589018,0.32546147019771987,0.2535084167579893,0.34275455778968533,0.9492339552164097,S081,S146,6.0,9.0,3.0,0.6,1.4,0.7999999999999999,15.0,5.0,10.0,39.93542846971964,29.211648186182643,10.723780283536996,0.7864125339276029,7.6646065232074845,17.60197427281688,9.937367749609393,0.5437575343617088,0.29332622668457015,0.25043130767713867,0.08751506872341747,0.4133475466308596,0.32583247790744213,0.16102102707164745,0.3760011156631407,0.21498008859149326,1.1919249853302323,1.6025669678283596,0.41064198249812733
81,154,MP_tot_PEEP_Jmin,resistance_dominant,severe_mixed,47.60003499292712,45.29860715525632,0.048349288777051726,3.1099010451036726,5.738405873833926,0.3263245081442573,0.2539399357312581,0.04577664016182065,0.06827746526736367,S081,S154,6.0,3.0,3.0,0.6,1.0,0.4,15.0,10.0,5.0,39.93542846971964,40.262505460779096,0.32707699105945665,2.3014278376708006,7.6646065232074845,5.0361016944772246,2.62850482873026,0.5437575343617088,0.2917782453532468,0.251979289008462,0.08751506872341747,0.4164435092935063,0.32892844057008885,0.16102102707164745,0.11117564116743156,0.04984538590421589,1.1919249853302323,1.1250816767819638,0.06684330854826848
81,155,MP_tot_PEEP_Jmin,resistance_dominant,severe_mixed,47.60003499292712,48.20074019443028,0.012619847897011401,1.0986120562225885,3.8419173291004967,0.3235607343312492,0.252558048824754,0.05804665727362554,0.08533511047910669,S081,S155,6.0,3.0,3.0,0.6,1.4,0.7999999999999999,15.0,10.0,5.0,39.93542846971964,43.279438944100725,3.3440104743810863,0.6007052015031604,7.6646065232074845,4.9213012503295674,2.743305272877917,0.5437575343617088,0.2934478770633482,0.25030965729836063,0.08751506872341747,0.41310424587330385,0.3255891771498864,0.16102102707164745,0.10210011776744948,0.058920909304197966,1.1919249853302323,1.1137099133074682,0.07821507202276412
81,156,MP_tot_PEEP_Jmin,resistance_dominant,severe_mixed,47.60003499292712,49.19551610927187,0.03351848620661355,4.54157845780146,1.1256582134694781,0.32272760601251504,0.25214148466538694,0.09989669712026883,0.18016967190276367,S081,S156,6.0,6.0,0.0,0.6,0.6,0.0,15.0,10.0,5.0,39.93542846971964,38.114989341732425,1.820439127987214,1.5954811163447502,7.6646065232074845,11.080526767539455,3.4159202443319705,0.5437575343617088,0.29233950968725864,0.2514180246744502,0.08751506872341747,0.41532098062548284,0.32780591190206537,0.16102102707164745,0.22523448565775103,0.06421345858610358,1.1919249853302323,1.2907131015620483,0.09878811623181605
82,84,MP_tot_PEEP_Jmin,resistance_dominant,resistance_dominant,54.305527561098415,54.42800883538935,0.0022554108171241234,3.0552417617965126,1.1408951948897652,0.014306544886011796,0.007153272443005898,0.08989262111543192,0.16049554117995846,S082,S084,6.0,9.0,3.0,1.0,0.6,0.4,15.0,15.0,0.0,45.490961735401875,41.41730605300653,4.073655682395348,0.12248127429093358,8.814565825696546,13.01070278238281,4.196136956686264,0.5397746333015333,0.5438055062563539,0.00403087295482063,0.07954926660306644,0.08761101251270786,0.008061745909641427,0.16231433928672173,0.23904425425027104,0.0767299149635493,1.1937652115812907,1.3141368674662595,0.12037165588496879
82,104,MP_tot_PEEP_Jmin,resistance_dominant,mixed,54.305527561098415,56.349966208111,0.03764697147472535,18.481261123105583,2.219781097582775,0.25507476147227615,0.2057959525971953,0.41061141728655504,1.3452858109593562,S082,S104,6.0,12.0,6.0,1.0,1.4,0.3999999999999999,15.0,5.0,10.0,45.490961735401875,31.27392035689165,14.217041378510224,2.0444386470125835,8.814565825696546,25.076045851219348,16.2614800255228,0.5397746333015333,0.33333333333333337,0.20644129996819993,0.07954926660306644,0.33333333333333337,0.25378406673026693,0.16231433928672173,0.4450055171037513,0.28269117781702957,1.1937652115812907,1.8018197132005387,0.608054501619248
82,113,MP_tot_PEEP_Jmin,resistance_dominant,mixed,54.305527561098415,56.909466592662845,0.04794979716631559,3.3037567653912667,1.4305528026651828,0.2550747614722761,0.20579595259719535,0.0522119343729012,0.08848901023106182,S082,S113,6.0,6.0,0.0,1.0,1.4,0.3999999999999999,15.0,10.0,5.0,45.490961735401875,46.22169680424022,0.7307350688383423,2.6039390315644297,8.814565825696546,10.687769788422617,1.8732039627260715,0.5397746333015333,0.33333333333333326,0.20644129996820004,0.07954926660306644,0.33333333333333326,0.2537840667302668,0.16231433928672173,0.18780302168217047,0.025488682395448742,1.1937652115812907,1.2312284171151884,0.0374632055338977
82,114,MP_tot_PEEP_Jmin,resistance_dominant,mixed,54.305527561098415,52.2173763325768,0.038451909451984734,11.107155759781218,2.2209435655562544,0.25507476147227615,0.2057959525971953,0.2294712085351285,0.5108753447639971,S082,S114,6.0,9.0,3.0,1.0,0.6,0.4,15.0,10.0,5.0,45.490961735401875,34.51659831265528,10.974363422746592,2.0881512285216175,8.814565825696546,17.700778019921504,8.886212194224958,0.5397746333015333,0.3333333333333333,0.2064412999682,0.07954926660306644,0.3333333333333333,0.2537840667302669,0.16231433928672173,0.33898252388599115,0.17666818459926942,1.1937652115812907,1.512819306803812,0.31905409522252137
82,148,MP_tot_PEEP_Jmin,resistance_dominant,severe_mixed,54.305527561098415,53.12887678472654,0.021667237742015087,20.57794147859237,3.3441901654804482,0.3436720243968441,0.2500945840594794,0.4526644317045332,1.6654114381165273,S082,S148,6.0,12.0,6.0,1.0,1.0,0.0,15.0,5.0,10.0,45.490961735401875,27.08055964591808,18.410402089483796,1.176650776371872,8.814565825696546,26.04831713880846,17.233751313111917,0.5397746333015333,0.28879545551745817,0.25097917778407514,0.07954926660306644,0.42240908896508356,0.3428598223620171,0.16231433928672173,0.4902854853181616,0.32797114603143984,1.1937652115812907,1.961882526779124,0.7681173151978333
83,104,MP_tot_PEEP_Jmin,resistance_dominant,mixed,58.38250427653884,56.349966208111,0.03481416382552505,21.48573841678897,5.295265381795403,0.2460968063316299,0.21028493016751837,0.4227923403993621,1.3642825597813004,S083,S104,6.0,12.0,6.0,1.4,1.4,0.0,15.0,5.0,10.0,49.49693146031306,31.27392035689165,18.223011103421406,2.03253806842784,8.885572816225782,25.076045851219348,16.190473034993566,0.5452501647245316,0.33333333333333337,0.2119168313911982,0.09050032944906305,0.33333333333333337,0.24283300388427032,0.1521958149334898,0.4450055171037513,0.2928097021702615,1.1795176499648325,1.8018197132005387,0.6223020632357061
83,113,MP_tot_PEEP_Jmin,resistance_dominant,mixed,58.38250427653884,56.909466592662845,0.025230806765305848,6.308234059074653,4.506037086877811,0.24609680633162984,0.21028493016751842,0.06439285748570828,0.10748575905300606,S083,S113,6.0,6.0,0.0,1.4,1.4,0.0,15.0,10.0,5.0,49.49693146031306,46.22169680424022,3.27523465607284,1.4730376838759938,8.885572816225782,10.687769788422617,1.8021969721968354,0.5452501647245316,0.33333333333333326,0.21191683139119832,0.09050032944906305,0.33333333333333326,0.2428330038842702,0.1521958149334898,0.18780302168217047,0.035607206748680675,1.1795176499648325,1.2312284171151884,0.05171076715035583
83,120,MP_tot_PEEP_Jmin,resistance_dominant,mixed,58.38250427653884,60.71001743085728,0.03986662071386609,8.40981447790817,0.47575833831761116,0.24609680633162984,0.21028493016751842,0.19312989911662715,0.2393568666197765,S083,S120,6.0,0.0,6.0,1.4,0.6,0.7999999999999999,15.0,15.0,0.0,49.49693146031306,60.71001743085728,11.21308597054422,2.3275131543184386,8.885572816225782,0.0,8.885572816225782,0.5452501647245316,0.3333333333333333,0.21191683139119827,0.09050032944906305,0.3333333333333333,0.24283300388427026,0.1521958149334898,0.0,0.1521958149334898,1.1795176499648325,1.0,0.17951764996483255
83,121,MP_tot_PEEP_Jmin,resistance_dominant,mixed,58.38250427653884,60.71001743085728,0.03986662071386609,8.40981447790817,0.47575833831761116,0.24609680633162984,0.21028493016751842,0.19312989911662715,0.2393568666197765,S083,S121,6.0,0.0,6.0,1.4,1.0,0.3999999999999999,15.0,15.0,0.0,49.49693146031306,60.71001743085728,11.21308597054422,2.3275131543184386,8.885572816225782,0.0,8.885572816225782,0.5452501647245316,0.3333333333333333,0.21191683139119827,0.09050032944906305,0.3333333333333333,0.24283300388427026,0.1521958149334898,0.0,0.1521958149334898,1.1795176499648325,1.0,0.17951764996483255
83,122,MP_tot_PEEP_Jmin,resistance_dominant,mixed,58.38250427653884,60.71001743085728,0.03986662071386609,8.40981447790817,0.47575833831761116,0.24609680633162984,0.21028493016751842,0.19312989911662715,0.2393568666197765,S083,S122,6.0,0.0,6.0,1.4,1.4,0.0,15.0,15.0,0.0,49.49693146031306,60.71001743085728,11.21308597054422,2.3275131543184386,8.885572816225782,0.0,8.885572816225782,0.5452501647245316,0.3333333333333333,0.21191683139119827,0.09050032944906305,0.3333333333333333,0.24283300388427026,0.1521958149334898,0.0,0.1521958149334898,1.1795176499648325,1.0,0.17951764996483255
83,157,MP_tot_PEEP_Jmin,resistance_dominant,severe_mixed,58.38250427653884,58.47117845356627,0.0015188484654136763,6.378249861670149,2.9093173246766284,0.3325889533386251,0.253531003671016,0.09352451315384941,0.16248820987793655,S083,S157,6.0,6.0,0.0,1.4,1.0,0.3999999999999999,15.0,10.0,5.0,49.49693146031306,46.11667310034697,3.380258359966085,0.08867417702742841,8.885572816225782,12.354505353219306,3.468932536993524,0.5452501647245316,0.2904420934767309,0.2548080712478007,0.09050032944906305,0.4191158130465382,0.32861548359747517,0.1521958149334898,0.21129222430552502,0.059096409372035225,1.1795176499648325,1.2678967176651421,0.08837906770030957
83,159,MP_tot_PEEP_Jmin,resistance_dominant,severe_mixed,58.38250427653884,59.511571672714055,0.01933913952760904,10.477155193906132,0.18052856058915268,0.32514853046781733,0.2498107922356122,0.22998688639300496,0.49409623945373493,S083,S159,6.0,9.0,3.0,1.4,0.6,0.7999999999999999,15.0,10.0,5.0,49.49693146031306,39.968315101992985,9.528616358320072,1.1290673961752162,8.885572816225782,19.543256570721066,10.657683754495284,0.5452501647245316,0.2924774396243925,0.2527727251001391,0.09050032944906305,0.41504512075121525,0.3245447913021522,0.1521958149334898,0.3283942268942229,0.17619841196073308,1.1795176499648325,1.488968737382341,0.3094510874175085
84,104,MP_tot_PEEP_Jmin,resistance_dominant,mixed,54.42800883538935,56.349966208111,0.03531191777627522,15.42601936130907,3.36067629247254,0.24076821658626435,0.2129492250402012,0.3207187961711231,1.1847902697793977,S084,S104,9.0,12.0,3.0,0.6,1.4,0.7999999999999999,15.0,5.0,10.0,41.41730605300653,31.27392035689165,10.143385696114876,1.92195737272165,13.01070278238281,25.076045851219348,12.065343068836539,0.5438055062563539,0.33333333333333337,0.21047217292302056,0.08761101251270786,0.33333333333333337,0.2457223208206255,0.23904425425027104,0.4450055171037513,0.20596126285348026,1.3141368674662595,1.8018197132005387,0.4876828457342792
84,113,MP_tot_PEEP_Jmin,resistance_dominant,mixed,54.42800883538935,56.909466592662845,0.045591558654632255,0.2485150035947541,2.571447997554948,0.2407682165862643,0.21294922504020125,0.03768068674253072,0.07200653094889664,S084,S113,9.0,6.0,3.0,0.6,1.4,0.7999999999999999,15.0,10.0,5.0,41.41730605300653,46.22169680424022,4.80439075123369,2.481457757273496,13.01070278238281,10.687769788422617,2.322932993960192,0.5438055062563539,0.33333333333333326,0.21047217292302067,0.08761101251270786,0.33333333333333326,0.2457223208206254,0.23904425425027104,0.18780302168217047,0.051241232568100564,1.3141368674662595,1.2312284171151884,0.08290845035107108
84,114,MP_tot_PEEP_Jmin,resistance_dominant,mixed,54.42800883538935,52.2173763325768,0.04061571514582373,8.051913997984705,3.3618387604460196,0.24076821658626435,0.2129492250402012,0.1395785874196966,0.35037980358403864,S084,S114,9.0,9.0,0.0,0.6,0.6,0.0,15.0,10.0,5.0,41.41730605300653,34.51659831265528,6.900707740351244,2.210632502812551,13.01070278238281,17.700778019921504,4.690075237538695,0.5438055062563539,0.3333333333333333,0.21047217292302062,0.08761101251270786,0.3333333333333333,0.24572232082062545,0.23904425425027104,0.33898252388599115,0.09993826963572011,1.3141368674662595,1.512819306803812,0.19868243933755259
84,148,MP_tot_PEEP_Jmin,resistance_dominant,severe_mixed,54.42800883538935,53.12887678472654,0.023868814576551326,17.522699716795856,4.485085360370213,0.3293654795108323,0.2572478565024853,0.36277181058910124,1.5049158969365688,S084,S148,9.0,12.0,3.0,0.6,1.0,0.4,15.0,5.0,10.0,41.41730605300653,27.08055964591808,14.336746407088448,1.2991320506628057,13.01070278238281,26.04831713880846,13.037614356425651,0.5438055062563539,0.28879545551745817,0.25501005073889577,0.08761101251270786,0.42240908896508356,0.3347980764523757,0.23904425425027104,0.4902854853181616,0.25124123106789054,1.3141368674662595,1.961882526779124,0.6477456593128645
85,87,MP_tot_PEEP_Jmin,resistance_dominant,resistance_dominant,64.7998048081221,62.265178009565844,0.03911472891101312,5.138566736427386,0.821771219747113,0.021098883774558902,0.010549441887279354,0.08833806306557451,0.1985834608660222,S085,S087,9.0,12.0,3.0,1.0,0.6,0.4,15.0,15.0,0.0,49.75060595152985,42.899183636293344,6.851422315236505,2.5346267985562605,15.04919885659225,19.36599437327252,4.316795516680271,0.5378192178167646,0.5445816155093243,0.006762397692559707,0.07563843563352916,0.08916323101864845,0.01352479538511929,0.23224142265789605,0.3110244761574007,0.07878305349950465,1.3024927750880888,1.451430370737605,0.14893759564951625
85,115,MP_tot_PEEP_Jmin,resistance_dominant,mixed,64.7998048081221,64.24309900401613,0.008591164830734112,7.110984832279261,3.220039131907555,0.2588729616892007,0.20389685248873302,0.09800971037887224,0.22379250416124186,S085,S115,9.0,9.0,0.0,1.0,1.0,0.0,15.0,10.0,5.0,49.75060595152985,45.30295444705219,4.447651504477662,0.5567058041059738,15.04919885659225,18.940144556963947,3.890945700371697,0.5378192178167646,0.3333333333333334,0.20448588448343114,0.07563843563352916,0.3333333333333334,0.25769489769980425,0.23224142265789605,0.2948199082952071,0.06257848563731105,1.3024927750880888,1.4180774695191287,0.11558469443103991
85,117,MP_tot_PEEP_Jmin,resistance_dominant,mixed,64.7998048081221,63.07391477617039,0.026634185659389336,13.377091233604677,1.256170159090587,0.2588729616892007,0.20389685248873307,0.24423660766974192,0.7317980905604042,S085,S117,9.0,12.0,3.0,1.0,0.6,0.4,15.0,10.0,5.0,49.75060595152985,35.90379484506408,13.846811106465772,1.7258900319517139,15.04919885659225,27.170119931106324,12.120921074514074,0.5378192178167646,0.3333333333333334,0.20448588448343114,0.07563843563352916,0.3333333333333334,0.25769489769980425,0.23224142265789605,0.4307663481412972,0.19852492548340117,1.3024927750880888,1.7567478604519033,0.45425508536381454
85,149,MP_tot_PEEP_Jmin,resistance_dominant,severe_mixed,64.7998048081221,64.04569324377006,0.011637559196127743,19.75009666292627,5.8793178771906796,0.3416250766493275,0.24527290996879653,0.3347586281155723,1.2433318710015262,S085,S149,9.0,12.0,3.0,1.0,1.4,0.3999999999999999,15.0,5.0,10.0,49.75060595152985,35.125715601442245,14.624890350087604,0.7541115643520442,15.04919885659225,28.919977642327822,13.870778785735572,0.5378192178167646,0.2932800180314615,0.24453919978530309,0.07563843563352916,0.4134399639370771,0.3378015283035479,0.23224142265789605,0.4515522617930436,0.21931083913514754,1.3024927750880888,1.8233277855594887,0.5208350104713999
85,158,MP_tot_PEEP_Jmin,resistance_dominant,severe_mixed,64.7998048081221,64.71848187360195,0.0012549873377082459,2.5459277523206296,5.027184802301051,0.34102130960166577,0.2449710264449657,0.021895309798657836,0.0418334320262399,S085,S158,9.0,6.0,3.0,1.0,1.4,0.3999999999999999,15.0,10.0,5.0,49.75060595152985,52.15054006699015,2.3999341154603044,0.08132293452015915,15.04919885659225,12.567941806611802,2.4812570499804476,0.5378192178167646,0.2931129045116228,0.24470631330514175,0.07563843563352916,0.41377419097675455,0.3381357553432254,0.23224142265789605,0.1941940144881264,0.03804740816976965,1.3024927750880888,1.2409935120608069,0.061499263027281925
86,116,MP_tot_PEEP_Jmin,resistance_dominant,mixed,71.27198418344143,73.78376454697916,0.03524218376007111,5.716309838408478,1.60000978462012,0.2474955923644598,0.2095855371511034,0.08162653460419339,0.17274528985875448,S086,S116,9.0,9.0,0.0,1.4,1.4,0.0,15.0,10.0,5.0,55.759560538896665,54.15504084864603,1.6045196902506333,2.5117803635377243,15.512423644544775,19.62872369833313,4.116300053788354,0.5448184489649515,0.33333333333333337,0.2114851156316181,0.08963689792990294,0.33333333333333337,0.24369643540343044,0.217651070364739,0.2660303905452702,0.04837932018053123,1.27820204274608,1.362454231235685,0.08425218848960503
86,123,MP_tot_PEEP_Jmin,resistance_dominant,mixed,71.27198418344143,68.28705456755347,0.041880826668235935,5.1000392013792535,4.684942683014391,0.2474955923644598,0.2095855371511034,0.16178217186683597,0.2488670627852818,S086,S123,9.0,3.0,6.0,1.4,0.6,0.7999999999999999,15.0,15.0,0.0,55.759560538896665,62.55961280740234,6.800052268505674,2.984929615887964,15.512423644544775,5.727441760151123,9.784981884393652,0.5448184489649515,0.33333333333333337,0.2114851156316181,0.08963689792990294,0.33333333333333337,0.24369643540343044,0.217651070364739,0.08387302390506841,0.13377804645967056,1.27820204274608,1.0915517456571187,0.18665029708896141
86,124,MP_tot_PEEP_Jmin,resistance_dominant,mixed,71.27198418344143,73.3243308169836,0.028795980034171574,8.695491246178143,0.8461504485172213,0.24749559236445987,0.20958553715110334,0.1648675229440329,0.25273823767119685,S086,S124,9.0,3.0,6.0,1.4,1.0,0.3999999999999999,15.0,15.0,0.0,55.759560538896665,67.35354886713421,11.593988328237543,2.0523466335421716,15.512423644544775,5.970781949849396,9.541641694695379,0.5448184489649515,0.33333333333333326,0.2114851156316182,0.08963689792990294,0.33333333333333326,0.24369643540343033,0.217651070364739,0.08142975030692576,0.13622132005781323,1.27820204274608,1.0886483644926823,0.18955367825339775
86,160,MP_tot_PEEP_Jmin,resistance_dominant,severe_mixed,71.27198418344143,73.92605171614103,0.03723858067243506,7.1724432442293065,0.7296559125478481,0.33536370303830176,0.2535195924880243,0.11731316804494302,0.26274267506865057,S086,S160,9.0,9.0,0.0,1.4,1.0,0.3999999999999999,15.0,10.0,5.0,55.759560538896665,51.9708407399148,3.788719798981866,2.6540675326995995,15.512423644544775,21.95521097622622,6.442787331681444,0.5448184489649515,0.28967279920342925,0.2551456497615222,0.08963689792990294,0.42065440159314144,0.3310175036632385,0.217651070364739,0.2969888214851398,0.07933775112040078,1.27820204274608,1.4224524880422826,0.14425044529620257
86,162,MP_tot_PEEP_Jmin,resistance_dominant,severe_mixed,71.27198418344143,71.77593818243083,0.007070856869822991,13.938576496003463,0.5032971796290298,0.32506525947513,0.24837037070643825,0.2473519338378345,0.7034226973222797,S086,S162,9.0,12.0,3.0,1.4,0.6,0.7999999999999999,15.0,10.0,5.0,55.759560538896665,41.82164086225356,13.937919676643105,0.5039539989894024,15.512423644544775,29.954297320177268,14.441873675632493,0.5448184489649515,0.2929204241856895,0.251898024779262,0.08963689792990294,0.414159151628621,0.32452225369871807,0.217651070364739,0.4173306274874916,0.19967955712275262,1.27820204274608,1.7162391695447023,0.4380371267986223
86,165,MP_tot_PEEP_Jmin,resistance_dominant,severe_mixed,71.27198418344143,68.81667564242248,0.034449841254586416,9.792836327644359,5.719587316900409,0.3260294470916495,0.24885246451469817,0.27057137720040847,0.3709360569947733,S086,S165,9.0,0.0,9.0,1.4,0.6,0.7999999999999999,15.0,15.0,0.0,55.759560538896665,68.81667564242248,13.057115103525817,2.455308541018951,15.512423644544775,0.0,15.512423644544775,0.5448184489649515,0.2940664059697385,0.250752042995213,0.08963689792990294,0.4118671880605228,0.3222302901306199,0.217651070364739,0.0,0.217651070364739,1.27820204274608,1.0,0.27820204274608007
86,166,MP_tot_PEEP_Jmin,resistance_dominant,severe_mixed,71.27198418344143,68.81667564242248,0.034449841254586416,9.792836327644359,5.719587316900409,0.3260294470916495,0.24885246451469817,0.27057137720040847,0.3709360569947733,S086,S166,9.0,0.0,9.0,1.4,1.0,0.3999999999999999,15.0,15.0,0.0,55.759560538896665,68.81667564242248,13.057115103525817,2.455308541018951,15.512423644544775,0.0,15.512423644544775,0.5448184489649515,0.2940664059697385,0.250752042995213,0.08963689792990294,0.4118671880605228,0.3222302901306199,0.217651070364739,0.0,0.217651070364739,1.27820204274608,1.0,0.27820204274608007
86,167,MP_tot_PEEP_Jmin,resistance_dominant,severe_mixed,71.27198418344143,68.81667564242248,0.034449841254586416,9.792836327644359,5.719587316900409,0.3260294470916495,0.24885246451469817,0.27057137720040847,0.3709360569947733,S086,S167,9.0,0.0,9.0,1.4,1.4,0.0,15.0,15.0,0.0,55.759560538896665,68.81667564242248,13.057115103525817,2.455308541018951,15.512423644544775,0.0,15.512423644544775,0.5448184489649515,0.2940664059697385,0.250752042995213,0.08963689792990294,0.4118671880605228,0.3222302901306199,0.217651070364739,0.0,0.217651070364739,1.27820204274608,1.0,0.27820204274608007
87,115,MP_tot_PEEP_Jmin,resistance_dominant,mixed,62.265178009565844,64.24309900401613,0.03176608591958763,1.972418095851875,2.398267912160442,0.23777407791464183,0.21444629437601237,0.009671647313297727,0.02520904329521967,S087,S115,12.0,9.0,3.0,0.6,1.0,0.4,15.0,10.0,5.0,42.899183636293344,45.30295444705219,2.403770810758843,1.9779209944502867,19.36599437327252,18.940144556963947,0.425849816308574,0.5445816155093243,0.3333333333333334,0.21124828217599084,0.08916323101864845,0.3333333333333334,0.24417010231468497,0.3110244761574007,0.2948199082952071,0.016204567862193597,1.451430370737605,1.4180774695191287,0.03335290121847634
87,117,MP_tot_PEEP_Jmin,resistance_dominant,mixed,62.265178009565844,63.07391477617039,0.012988588364435413,8.238524497177291,0.43439893934347396,0.23777407791464178,0.21444629437601243,0.1558985446041674,0.533214629694382,S087,S117,12.0,12.0,0.0,0.6,0.6,0.0,15.0,10.0,5.0,42.899183636293344,35.90379484506408,6.995388791229267,0.8087367666045466,19.36599437327252,27.170119931106324,7.804125557833803,0.5445816155093243,0.3333333333333334,0.21124828217599084,0.08916323101864845,0.3333333333333334,0.24417010231468497,0.3110244761574007,0.4307663481412972,0.11974187198389652,1.451430370737605,1.7567478604519033,0.3053174897142983
87,120,MP_tot_PEEP_Jmin,resistance_dominant,mixed,62.265178009565844,60.71001743085728,0.024976409422127498,13.358125345922957,6.00786902734955,0.23777407791464178,0.21444629437601243,0.3757440978127219,0.6019071609834734,S087,S120,12.0,0.0,12.0,0.6,0.6,0.0,15.0,15.0,0.0,42.899183636293344,60.71001743085728,17.810833794563933,1.5551605787085663,19.36599437327252,0.0,19.36599437327252,0.5445816155093243,0.3333333333333333,0.21124828217599095,0.08916323101864845,0.3333333333333333,0.24417010231468486,0.3110244761574007,0.0,0.3110244761574007,1.451430370737605,1.0,0.45143037073760506
87,121,MP_tot_PEEP_Jmin,resistance_dominant,mixed,62.265178009565844,60.71001743085728,0.024976409422127498,13.358125345922957,6.00786902734955,0.23777407791464178,0.21444629437601243,0.3757440978127219,0.6019071609834734,S087,S121,12.0,0.0,12.0,0.6,1.0,0.4,15.0,15.0,0.0,42.899183636293344,60.71001743085728,17.810833794563933,1.5551605787085663,19.36599437327252,0.0,19.36599437327252,0.5445816155093243,0.3333333333333333,0.21124828217599095,0.08916323101864845,0.3333333333333333,0.24417010231468486,0.3110244761574007,0.0,0.3110244761574007,1.451430370737605,1.0,0.45143037073760506
87,122,MP_tot_PEEP_Jmin,resistance_dominant,mixed,62.265178009565844,60.71001743085728,0.024976409422127498,13.358125345922957,6.00786902734955,0.23777407791464178,0.21444629437601243,0.3757440978127219,0.6019071609834734,S087,S122,12.0,0.0,12.0,0.6,1.4,0.7999999999999999,15.0,15.0,0.0,42.899183636293344,60.71001743085728,17.810833794563933,1.5551605787085663,19.36599437327252,0.0,19.36599437327252,0.5445816155093243,0.3333333333333333,0.21124828217599095,0.08916323101864845,0.3333333333333333,0.24417010231468486,0.3110244761574007,0.0,0.3110244761574007,1.451430370737605,1.0,0.45143037073760506
87,149,MP_tot_PEEP_Jmin,resistance_dominant,severe_mixed,62.265178009565844,64.04569324377006,0.028595682066960035,14.611529926498886,5.057546657443567,0.32052619287476863,0.2558223518560759,0.24642056504999776,1.044748410135504,S087,S149,12.0,12.0,0.0,0.6,1.4,0.7999999999999999,15.0,5.0,10.0,42.899183636293344,35.125715601442245,7.773468034851099,1.7805152342042163,19.36599437327252,28.919977642327822,9.553983269055301,0.5445816155093243,0.2932800180314615,0.2513015974778628,0.08916323101864845,0.4134399639370771,0.3242767329184286,0.3110244761574007,0.4515522617930436,0.1405277856356429,1.451430370737605,1.8233277855594887,0.37189741482188365
87,158,MP_tot_PEEP_Jmin,resistance_dominant,severe_mixed,62.265178009565844,64.71848187360195,0.03940089697742771,2.592638984106756,4.205413582553938,0.3199224258271069,0.25552046833224507,0.11023337286423235,0.2404168928922621,S087,S158,12.0,6.0,6.0,0.6,1.4,0.7999999999999999,15.0,10.0,5.0,42.899183636293344,52.15054006699015,9.25135643069681,2.4533038640361013,19.36599437327252,12.567941806611802,6.7980525666607186,0.5445816155093243,0.2931129045116228,0.25146871099770146,0.08916323101864845,0.41377419097675455,0.32461095995810607,0.3110244761574007,0.1941940144881264,0.1168304616692743,1.451430370737605,1.2409935120608069,0.21043685867679818
87,159,MP_tot_PEEP_Jmin,resistance_dominant,severe_mixed,62.265178009565844,59.511571672714055,0.044223857136146794,5.528844325891345,5.351582128442786,0.3168258020508293,0.2539721564441062,0.04737268769691022,0.13154594509003803,S087,S159,12.0,9.0,3.0,0.6,0.6,0.0,15.0,10.0,5.0,42.899183636293344,39.968315101992985,2.930868534300359,2.7536063368517887,19.36599437327252,19.543256570721066,0.17726219744854532,0.5445816155093243,0.2924774396243925,0.2521041758849318,0.08916323101864845,0.41504512075121525,0.3258818897325668,0.3110244761574007,0.3283942268942229,0.017369750736822176,1.451430370737605,1.488968737382341,0.037538366644735977
88,116,MP_tot_PEEP_Jmin,resistance_dominant,mixed,76.5123154671775,73.78376454697916,0.035661591255447586,4.404327059979387,7.277668661165876,0.2610781419546945,0.20279426235598608,0.004922442661947302,0.011819759687520914,S088,S116,12.0,9.0,3.0,1.0,1.4,0.3999999999999999,15.0,10.0,5.0,54.010250167657894,54.15504084864603,0.1447906809881374,2.7285509201983444,22.502065299519614,19.62872369833313,2.8733416011864854,0.5365795779165561,0.33333333333333337,0.2032462445832227,0.07315915583311193,0.33333333333333337,0.2601741775002214,0.2940972987436594,0.2660303905452702,0.028066908198389195,1.4166258299057863,1.362454231235685,0.05417159867010124
88,118,MP_tot_PEEP_Jmin,resistance_dominant,mixed,76.5123154671775,79.5383180472206,0.03954922239075619,6.983952276236721,0.23330255279576306,0.2610781419546946,0.20279426235598597,0.10886195019383593,0.3170960166011678,S088,S118,12.0,12.0,0.0,1.0,1.0,0.0,15.0,10.0,5.0,54.010250167657894,50.285603024260034,3.72464714339786,3.026002580043098,22.502065299519614,29.252715022960587,6.750649723440972,0.5365795779165561,0.33333333333333337,0.2032462445832227,0.07315915583311193,0.33333333333333337,0.2601741775002214,0.2940972987436594,0.36778141330061476,0.07368411455695534,1.4166258299057863,1.5817314154281445,0.1651055855223582
88,124,MP_tot_PEEP_Jmin,resistance_dominant,mixed,76.5123154671775,73.3243308169836,0.041666294252478725,10.007474024607234,6.523809325062977,0.2610781419546946,0.20279426235598602,0.2514165002101736,0.43730328721747225,S088,S124,12.0,3.0,9.0,1.0,1.0,0.0,15.0,15.0,0.0,54.010250167657894,67.35354886713421,13.343298699476314,3.187984650193897,22.502065299519614,5.970781949849396,16.53128334967022,0.5365795779165561,0.33333333333333326,0.20324624458322282,0.07315915583311193,0.33333333333333326,0.2601741775002213,0.2940972987436594,0.08142975030692576,0.21266754843673366,1.4166258299057863,1.0886483644926823,0.327977465413104
88,125,MP_tot_PEEP_Jmin,resistance_dominant,mixed,76.5123154671775,76.90559082091575,0.005140026822308825,12.958169491805272,3.9261144768635177,0.2610781419546946,0.20279426235598597,0.26203850984120336,0.4504287924752757,S088,S125,12.0,3.0,9.0,1.0,1.4,0.3999999999999999,15.0,15.0,0.0,54.010250167657894,71.28780949006492,17.277559322407022,0.39327535373824674,22.502065299519614,5.61778133085083,16.884283968668782,0.5365795779165561,0.33333333333333337,0.2032462445832227,0.07315915583311193,0.33333333333333337,0.2601741775002214,0.2940972987436594,0.07304776246934419,0.22104953627431523,1.4166258299057863,1.0788042355493297,0.33782159435645664
88,126,MP_tot_PEEP_Jmin,resistance_dominant,mixed,76.5123154671775,77.64863298985532,0.014851432945657946,7.799218512217266,1.4634219813946032,0.2610781419546947,0.2027942623559859,0.14200720957441257,0.28143212004671603,S088,S126,12.0,6.0,6.0,1.0,0.6,0.4,15.0,15.0,0.0,54.010250167657894,64.40920818394757,10.398958016289676,1.136317522677814,22.502065299519614,13.239424805907758,9.262640493611856,0.5365795779165561,0.33333333333333337,0.2032462445832227,0.07315915583311193,0.33333333333333337,0.2601741775002214,0.2940972987436594,0.17050428701864553,0.12359301172501388,1.4166258299057863,1.2055517398707498,0.21107409003503652
88,160,MP_tot_PEEP_Jmin,resistance_dominant,severe_mixed,76.5123154671775,73.92605171614103,0.03380192764060229,5.860460465800216,6.407314789093604,0.3489462526285364,0.24672831769290698,0.030764190778802325,0.07817762552237517,S088,S160,12.0,9.0,3.0,1.0,1.0,0.0,15.0,10.0,5.0,54.010250167657894,51.9708407399148,2.039409427743095,2.586263751036469,22.502065299519614,21.95521097622622,0.5468543232933953,0.5365795779165561,0.28967279920342925,0.24690677871312683,0.07315915583311193,0.42065440159314144,0.3474952457600295,0.2940972987436594,0.2969888214851398,0.002891522741480357,1.4166258299057863,1.4224524880422826,0.005826658136496299
88,168,MP_tot_PEEP_Jmin,resistance_dominant,severe_mixed,76.5123154671775,77.64986078548324,0.014867479978353656,12.958144866334031,3.1818363038055963,0.34109391230917785,0.2428021475332276,0.25078063066112055,0.436507651602837,S088,S168,12.0,3.0,9.0,1.0,0.6,0.4,15.0,15.0,0.0,54.010250167657894,71.28777665610328,17.277526488445382,1.1375453183057402,22.502065299519614,6.362084129379997,16.139981170139617,0.5365795779165561,0.2931409186347605,0.2434386592817956,0.07315915583311193,0.4137181627304791,0.3405590068973672,0.2940972987436594,0.0819329753462919,0.21216432339736752,1.4166258299057863,1.0892450912036584,0.3273807387021279
89,127,MP_tot_PEEP_Jmin,resistance_dominant,mixed,85.6175070371481,87.9382386766146,0.027105807209027614,8.981168014448386,0.6729910320162986,0.24816145267545875,0.20925260699560405,0.13576918529309734,0.2560426856810645,S089,S127,12.0,6.0,6.0,1.4,1.0,0.3999999999999999,15.0,15.0,0.0,62.02218961748028,73.99708030341148,11.9748906859312,2.3207316394665014,23.595317419667833,13.941158373203137,9.654159046464695,0.544594954523324,0.33333333333333337,0.2112616211899906,0.08918990904664778,0.33333333333333337,0.2441434242866856,0.27558986749556014,0.15853351833063842,0.11705634916492172,1.3804334797786266,1.1884014655178279,0.19203201426079874
89,129,MP_tot_PEEP_Jmin,resistance_dominant,mixed,85.6175070371481,88.79475269776262,0.037109766104681835,3.1774604572593432,2.1180921748613883,0.2481614526754588,0.209252606995604,0.024535302140700266,0.053751208366410674,S089,S129,12.0,9.0,3.0,1.4,0.6,0.7999999999999999,15.0,15.0,0.0,62.02218961748028,66.25880356049274,4.236613943012458,3.177245660614517,23.595317419667833,22.535949137269874,1.0593682823979584,0.544594954523324,0.33333333333333337,0.2112616211899906,0.08918990904664778,0.33333333333333337,0.2441434242866856,0.27558986749556014,0.25379820825648536,0.02179165923907478,1.3804334797786266,1.3401200735038186,0.04031340627480806
89,161,MP_tot_PEEP_Jmin,resistance_dominant,severe_mixed,85.6175070371481,83.96156285872623,0.01934118658352652,5.835548086523858,6.490943837345,0.33082733943947973,0.2505855503776146,0.02403374922204271,0.05665173922403732,S089,S161,12.0,9.0,3.0,1.4,1.4,0.0,15.0,10.0,5.0,62.02218961748028,61.02164118987954,1.0005484276007408,1.6559441784218762,23.595317419667833,22.939921668846686,0.6553957508211461,0.544594954523324,0.29292675535005536,0.2516681991732686,0.08918990904664778,0.41414648929988923,0.3249565802532415,0.27558986749556014,0.273219326651237,0.0023705408443231435,1.3804334797786266,1.3759309192859153,0.0045025604927113605
89,169,MP_tot_PEEP_Jmin,resistance_dominant,severe_mixed,85.6175070371481,83.60580954582926,0.02349633341281471,10.950032158274517,5.661708210743669,0.3305434206389586,0.25044359097735397,0.22818160988974112,0.38572069339958204,S089,S169,12.0,3.0,9.0,1.4,1.0,0.3999999999999999,15.0,15.0,0.0,62.02218961748028,76.62223249517965,14.600042877699366,2.0116974913188415,23.595317419667833,6.9835770506496235,16.611740369018207,0.544594954523324,0.2923414501747442,0.25225350434857974,0.08918990904664778,0.41531709965051183,0.3261271906038641,0.27558986749556014,0.08352980598580909,0.19206006150975105,1.3804334797786266,1.0911429597289397,0.2892905200496869
89,170,MP_tot_PEEP_Jmin,resistance_dominant,severe_mixed,85.6175070371481,87.34542752194797,0.020181859348581,13.966965641596119,2.927734729065506,0.32854328305228353,0.24944352218401644,0.2368027210349033,0.3964606225691114,S089,S170,12.0,3.0,9.0,1.4,1.4,0.0,15.0,15.0,0.0,62.02218961748028,80.6448104729418,18.62262085546152,1.727920484799867,23.595317419667833,6.700617049006176,16.894700370661656,0.544594954523324,0.2934921456977664,0.2511028088255576,0.08918990904664778,0.41301570860446707,0.3238257995578193,0.27558986749556014,0.0767139991079952,0.19887586838756494,1.3804334797786266,1.0830880128517926,0.29734546692683406
89,171,MP_tot_PEEP_Jmin,resistance_dominant,severe_mixed,85.6175070371481,88.4313568748186,0.03286535587224722,8.802516039227797,0.120322175405434,0.3286025531678584,0.24947315724180386,0.12690580745801905,0.24201140643497676,S089,S171,12.0,6.0,6.0,1.4,0.6,0.7999999999999999,15.0,15.0,0.0,62.02218961748028,73.75887766978403,11.736688052303748,2.813849837670503,23.595317419667833,14.672479205034591,8.922838214633241,0.544594954523324,0.2926889123721613,0.25190604215116263,0.08918990904664778,0.41462217525567735,0.32543226620902954,0.27558986749556014,0.16591941731488544,0.1096704501806747,1.3804334797786266,1.1989249249523939,0.18150855482623274
90,91,MP_tot_PEEP_Jmin,mixed,mixed,10.11833623847623,10.11833623847623,0.0,0.0,0.0,0.0,0.0,0.0,0.0,S090,S091,0.0,0.0,0.0,0.6,1.0,0.4,5.0,5.0,0.0,10.11833623847623,10.11833623847623,0.0,0.0,0.0,0.0,0.0,0.3333333333333334,0.3333333333333334,0.0,0.3333333333333334,0.3333333333333334,0.0,0.0,0.0,0.0,1.0,1.0,0.0
90,92,MP_tot_PEEP_Jmin,mixed,mixed,10.11833623847623,10.11833623847623,0.0,0.0,0.0,0.0,0.0,0.0,0.0,S090,S092,0.0,0.0,0.0,0.6,1.4,0.7999999999999999,5.0,5.0,0.0,10.11833623847623,10.11833623847623,0.0,0.0,0.0,0.0,0.0,0.3333333333333334,0.3333333333333334,0.0,0.3333333333333334,0.3333333333333334,0.0,0.0,0.0,0.0,1.0,1.0,0.0
91,92,MP_tot_PEEP_Jmin,mixed,mixed,10.11833623847623,10.11833623847623,0.0,0.0,0.0,0.0,0.0,0.0,0.0,S091,S092,0.0,0.0,0.0,1.0,1.4,0.3999999999999999,5.0,5.0,0.0,10.11833623847623,10.11833623847623,0.0,0.0,0.0,0.0,0.0,0.3333333333333334,0.3333333333333334,0.0,0.3333333333333334,0.3333333333333334,0.0,0.0,0.0,0.0,1.0,1.0,0.0
94,138,MP_tot_PEEP_Jmin,mixed,severe_mixed,16.096894097732676,15.475128139129005,0.038626455192449186,0.36755275468531146,0.254213203918356,0.08017195433831115,0.04008597716915557,0.020319487590793883,0.04071667813288471,S094,S138,3.0,3.0,0.0,1.0,0.6,0.4,5.0,5.0,0.0,13.440101956614761,12.704996447244138,0.7351055093706229,0.621765958603671,2.65679214111791,2.7701316918848637,0.11333955076695368,0.33333333333333326,0.291804331732377,0.04152900160095624,0.33333333333333326,0.41639133653524596,0.0830580032019127,0.165049985729367,0.17900541223180957,0.01395542650244258,1.1976764871050947,1.2180348261715366,0.02035833906644191
95,96,MP_tot_PEEP_Jmin,mixed,mixed,18.079174715185726,18.76046159779794,0.037683516717163044,1.7196503265293561,2.400937209141569,0.0,0.0,0.2741198858145539,0.7882791650050729,S095,S096,3.0,6.0,3.0,1.4,0.6,0.7999999999999999,5.0,5.0,0.0,15.40723226808007,11.967931615021358,3.4393006530587122,0.6812868826122127,2.6719424471056543,6.792529982776581,4.120587535670927,0.3333333333333333,0.33333333333333326,5.551115123125783e-17,0.3333333333333333,0.33333333333333326,5.551115123125783e-17,0.14779117350203702,0.36206625020217376,0.21427507670013674,1.173421312836391,1.5675608953389277,0.39413958250253667
95,139,MP_tot_PEEP_Jmin,mixed,severe_mixed,18.079174715185726,18.46085070508715,0.021111361326733184,0.01750395064887389,0.3991799405502956,0.08649214700699526,0.04324607350349757,0.029131655668141132,0.05500245082493049,S095,S139,3.0,3.0,0.0,1.4,1.0,0.3999999999999999,5.0,5.0,0.0,15.40723226808007,15.372224366782323,0.03500790129774778,0.3816759899014244,2.6719424471056543,3.0886263383048265,0.41668389119917215,0.3333333333333333,0.29064919334580364,0.04268413998752968,0.3333333333333333,0.4187016133083925,0.08536827997505919,0.14779117350203702,0.167306826085415,0.01951565258337798,1.173421312836391,1.2009225382488566,0.02750122541246558
96,139,MP_tot_PEEP_Jmin,mixed,severe_mixed,18.76046159779794,18.46085070508715,0.015970336931685945,1.7021463758804822,2.0017572685912732,0.08649214700699526,0.04324607350349757,0.24498823014641274,0.7332767141801424,S096,S139,6.0,3.0,3.0,0.6,1.0,0.4,5.0,5.0,0.0,11.967931615021358,15.372224366782323,3.4042927517609645,0.29961089271078833,6.792529982776581,3.0886263383048265,3.7039036444717546,0.33333333333333326,0.29064919334580364,0.04268413998752962,0.33333333333333326,0.4187016133083925,0.08536827997505925,0.36206625020217376,0.167306826085415,0.19475942411675876,1.5675608953389277,1.2009225382488566,0.3666383570900711
98,142,MP_tot_PEEP_Jmin,mixed,severe_mixed,28.43805920236135,27.73455743403539,0.024738037266183944,0.7105627522615166,0.007060983935556209,0.08852060207527063,0.04426030103763523,0.03948718856294403,0.12962209208483144,S098,S142,6.0,6.0,0.0,1.4,1.0,0.3999999999999999,5.0,5.0,0.0,20.696128297683924,19.27500279316089,1.421125504523033,0.7035017683259603,7.74193090467743,8.459554640874504,0.7176237361970745,0.33333333333333337,0.2893507673925597,0.043982565940773655,0.33333333333333337,0.4212984652148805,0.08796513188154714,0.2722383707547307,0.3050185553165914,0.032780184561860715,1.3740762906627235,1.4388873367051391,0.06481104604241561
98,144,MP_tot_PEEP_Jmin,mixed,severe_mixed,28.43805920236135,29.331425375403256,0.031414456474854094,2.760015418379516,3.653381591421418,0.0745485282077527,0.037274264103876464,0.2230503712278365,1.1173240935476838,S098,S144,6.0,9.0,3.0,1.4,0.6,0.7999999999999999,5.0,5.0,0.0,20.696128297683924,15.176097460924892,5.520030836759032,0.8933661730419047,7.74193090467743,14.155327914478361,6.413397009800931,0.33333333333333337,0.29272740614312176,0.04060592719021161,0.33333333333333337,0.4145451877137564,0.08121185438042305,0.2722383707547307,0.48259938728885415,0.21036101653412348,1.3740762906627235,1.9327383374365654,0.5586620467738419
100,102,MP_tot_PEEP_Jmin,mixed,mixed,34.052793236758596,34.54075209954161,0.014329481267230841,3.1330532006627134,3.621012063445729,5.551115123125783e-17,5.551115123125783e-17,0.1681900207097824,1.6084574371676057,S100,S102,9.0,12.0,3.0,1.0,0.6,0.4,5.0,5.0,0.0,20.083633392891905,13.817526991566478,6.266106401325427,0.48795886278301737,13.969159843866693,20.723225107975146,6.754065264108453,0.33333333333333337,0.33333333333333337,0.0,0.33333333333333337,0.33333333333333337,0.0,0.41022067548889224,0.599964501301353,0.1897438258124608,1.6955494342378665,2.4997781528216696,0.8042287185838031
100,150,MP_tot_PEEP_Jmin,mixed,severe_mixed,34.052793236758596,34.40833782121126,0.010440981507175455,12.897075184361555,1.0720846595051405,0.07853385472718871,0.03926692736359444,0.5817822453165747,1.391098868475734,S100,S150,9.0,0.0,9.0,1.0,0.6,0.4,5.0,10.0,5.0,20.083633392891905,34.40833782121126,14.324704428319357,0.3555445844526659,13.969159843866693,0.0,13.969159843866693,0.33333333333333337,0.2940664059697388,0.03926692736359455,0.33333333333333337,0.4118671880605223,0.07853385472718893,0.41022067548889224,0.0,0.41022067548889224,1.6955494342378665,1.0,0.6955494342378665
100,151,MP_tot_PEEP_Jmin,mixed,severe_mixed,34.052793236758596,34.40833782121126,0.010440981507175455,12.897075184361555,1.0720846595051405,0.07853385472718871,0.03926692736359444,0.5817822453165747,1.391098868475734,S100,S151,9.0,0.0,9.0,1.0,1.0,0.0,5.0,10.0,5.0,20.083633392891905,34.40833782121126,14.324704428319357,0.3555445844526659,13.969159843866693,0.0,13.969159843866693,0.33333333333333337,0.2940664059697388,0.03926692736359455,0.33333333333333337,0.4118671880605223,0.07853385472718893,0.41022067548889224,0.0,0.41022067548889224,1.6955494342378665,1.0,0.6955494342378665
100,152,MP_tot_PEEP_Jmin,mixed,severe_mixed,34.052793236758596,34.40833782121126,0.010440981507175455,12.897075184361555,1.0720846595051405,0.07853385472718871,0.03926692736359444,0.5817822453165747,1.391098868475734,S100,S152,9.0,0.0,9.0,1.0,1.4,0.3999999999999999,5.0,10.0,5.0,20.083633392891905,34.40833782121126,14.324704428319357,0.3555445844526659,13.969159843866693,0.0,13.969159843866693,0.33333333333333337,0.2940664059697388,0.03926692736359455,0.33333333333333337,0.4118671880605223,0.07853385472718893,0.41022067548889224,0.0,0.41022067548889224,1.6955494342378665,1.0,0.6955494342378665
101,109,MP_tot_PEEP_Jmin,mixed,mixed,41.194989700003134,39.65144433812015,0.037469249855956795,10.565926031447095,0.3302522957845788,1.1102230246251565e-16,1.1102230246251565e-16,0.3845429938879116,0.987561567886901,S101,S109,9.0,3.0,6.0,1.4,1.0,0.3999999999999999,5.0,10.0,5.0,25.985024327287796,35.33765729263649,9.352632965348697,1.543545361882984,15.209965372715338,4.313787045483664,10.896178327231674,0.3333333333333333,0.3333333333333334,1.1102230246251565e-16,0.3333333333333333,0.3333333333333334,1.1102230246251565e-16,0.3692188172270421,0.10879268378469813,0.26042613344234394,1.5853358142421599,1.1220733737316124,0.46326244051054744
101,110,MP_tot_PEEP_Jmin,mixed,mixed,41.194989700003134,42.43321464881269,0.030057658900433184,12.533056342912392,1.4679528591753055,5.551115123125783e-17,5.551115123125783e-17,0.39961636961832725,1.0082908420225558,S101,S110,9.0,3.0,6.0,1.4,1.4,0.0,5.0,10.0,5.0,25.985024327287796,38.28835275983443,12.303328432546635,1.2382249488095525,15.209965372715338,4.14486188897825,11.065103483737088,0.3333333333333333,0.33333333333333337,5.551115123125783e-17,0.3333333333333333,0.33333333333333337,5.551115123125783e-17,0.3692188172270421,0.09767965786429585,0.27153915936274625,1.5853358142421599,1.1082538576411762,0.4770819566009836
101,111,MP_tot_PEEP_Jmin,mixed,mixed,41.194989700003134,43.14537917458853,0.047345307980141194,9.093755689853669,3.8997677114805036,1.1102230246251565e-16,1.1102230246251565e-16,0.2273106976179286,0.7171781971458946,S101,S111,9.0,6.0,3.0,1.4,0.6,0.7999999999999999,5.0,10.0,5.0,25.985024327287796,33.129401780246354,7.144377452958558,1.9503894745853927,15.209965372715338,10.015977394342173,5.1939879783731655,0.3333333333333333,0.3333333333333333,0.0,0.3333333333333333,0.3333333333333333,0.0,0.3692188172270421,0.23214484577392044,0.13707397145312164,1.5853358142421599,1.302328954225617,0.28300686001654296
101,145,MP_tot_PEEP_Jmin,mixed,severe_mixed,41.194989700003134,39.29056612724852,0.04622949505809615,1.4036215538741637,0.50080201888046,0.08882011426438646,0.04441005713219309,0.04234071039214671,0.21969311394629232,S101,S145,9.0,9.0,0.0,1.4,1.0,0.3999999999999999,5.0,5.0,0.0,25.985024327287796,23.17778121953947,2.8072431077483273,1.9044235727546166,15.209965372715338,16.11278490770904,0.9028195349937036,0.3333333333333333,0.2888971118959652,0.04443622143736814,0.3333333333333333,0.4222057762080695,0.08887244287473617,0.3692188172270421,0.41009296876826157,0.04087415154121948,1.5853358142421599,1.6951823712153065,0.1098465569731466
101,147,MP_tot_PEEP_Jmin,mixed,severe_mixed,41.194989700003134,39.18204041295226,0.0488639347092911,4.786688179761265,2.7737388927103908,0.07197409735237725,0.03598704867618857,0.19577966814298775,1.6042346441716835,S101,S147,9.0,12.0,3.0,1.4,0.6,0.7999999999999999,5.0,5.0,0.0,25.985024327287796,16.411647967765266,9.57337635952253,2.0129492870508727,15.209965372715338,22.770392445186992,7.560427072471654,0.3333333333333333,0.2938485058928819,0.0394848274404514,0.3333333333333333,0.41230298821423594,0.07896965488090263,0.3692188172270421,0.5811436108278799,0.21192479360083782,1.5853358142421599,2.387453136328002,0.8021173220858422
101,153,MP_tot_PEEP_Jmin,mixed,severe_mixed,41.194989700003134,40.82777149210426,0.008914147341050184,11.181930224003992,0.5380727619210788,0.08033625064570055,0.040168125322850134,0.3804397283196943,0.9817900055946227,S101,S153,9.0,3.0,6.0,1.4,0.6,0.7999999999999999,5.0,10.0,5.0,25.985024327287796,36.261663581471836,10.27663925418404,0.3672182078988726,15.209965372715338,4.566107910632431,10.643857462082906,0.3333333333333333,0.29275761727643645,0.04057571605689686,0.3333333333333333,0.41448476544712703,0.08115143211379372,0.3692188172270421,0.11183828418152769,0.2573805330455144,1.5853358142421599,1.1259210819264651,0.45941473231569474
102,108,MP_tot_PEEP_Jmin,mixed,mixed,34.54075209954161,35.85792330220579,0.03813383098515846,14.252706669441734,2.3548003841650704,0.0,0.0,0.5871488531287911,2.805065184646852,S102,S108,12.0,3.0,9.0,0.6,0.6,0.0,5.0,10.0,5.0,13.817526991566478,31.74220524783746,17.924678256270983,1.317171202664177,20.723225107975146,4.115718054368333,16.607507053606813,0.33333333333333337,0.33333333333333337,0.0,0.33333333333333337,0.33333333333333337,0.0,0.599964501301353,0.11477848339630856,0.48518601790504445,2.4997781528216696,1.1296607473309916,1.370117405490678
102,150,MP_tot_PEEP_Jmin,mixed,severe_mixed,34.54075209954161,34.40833782121126,0.0038335667373064733,16.03012838502427,4.6930967229508695,0.07853385472718877,0.039266927363594384,0.7499722660263571,2.9995563056433396,S102,S150,12.0,0.0,12.0,0.6,0.6,0.0,5.0,10.0,5.0,13.817526991566478,34.40833782121126,20.590810829644784,0.13241427833035146,20.723225107975146,0.0,20.723225107975146,0.33333333333333337,0.2940664059697388,0.03926692736359455,0.33333333333333337,0.4118671880605223,0.07853385472718893,0.599964501301353,0.0,0.599964501301353,2.4997781528216696,1.0,1.4997781528216696
102,151,MP_tot_PEEP_Jmin,mixed,severe_mixed,34.54075209954161,34.40833782121126,0.0038335667373064733,16.03012838502427,4.6930967229508695,0.07853385472718877,0.039266927363594384,0.7499722660263571,2.9995563056433396,S102,S151,12.0,0.0,12.0,0.6,1.0,0.4,5.0,10.0,5.0,13.817526991566478,34.40833782121126,20.590810829644784,0.13241427833035146,20.723225107975146,0.0,20.723225107975146,0.33333333333333337,0.2940664059697388,0.03926692736359455,0.33333333333333337,0.4118671880605223,0.07853385472718893,0.599964501301353,0.0,0.599964501301353,2.4997781528216696,1.0,1.4997781528216696
102,152,MP_tot_PEEP_Jmin,mixed,severe_mixed,34.54075209954161,34.40833782121126,0.0038335667373064733,16.03012838502427,4.6930967229508695,0.07853385472718877,0.039266927363594384,0.7499722660263571,2.9995563056433396,S102,S152,12.0,0.0,12.0,0.6,1.4,0.7999999999999999,5.0,10.0,5.0,13.817526991566478,34.40833782121126,20.590810829644784,0.13241427833035146,20.723225107975146,0.0,20.723225107975146,0.33333333333333337,0.2940664059697388,0.03926692736359455,0.33333333333333337,0.4118671880605223,0.07853385472718893,0.599964501301353,0.0,0.599964501301353,2.4997781528216696,1.0,1.4997781528216696
103,146,MP_tot_PEEP_Jmin,mixed,severe_mixed,46.03013451652804,46.81362245899952,0.01702119602084053,2.903124537576085,2.119636595104602,0.08290581852351597,0.041452909261757875,0.11257329867313104,0.7281580623280535,S103,S146,12.0,9.0,3.0,1.0,1.4,0.3999999999999999,5.0,5.0,0.0,23.405399111030473,29.211648186182643,5.80624907515217,0.7834879424714813,22.624735405497564,17.60197427281688,5.022761132680685,0.3333333333333333,0.29332622668457015,0.04000710664876317,0.3333333333333333,0.4133475466308596,0.08001421329752628,0.4915200801199853,0.3760011156631407,0.11551896445684462,1.9666459989923863,1.6025669678283596,0.36407903116402673
103,154,MP_tot_PEEP_Jmin,mixed,severe_mixed,46.03013451652804,45.29860715525632,0.01589235766862786,15.138970751670827,2.44966295934951,0.08376885647005339,0.041884428235026694,0.501104496624637,1.7456694828118269,S103,S154,12.0,3.0,9.0,1.0,1.0,0.0,5.0,10.0,5.0,23.405399111030473,40.262505460779096,16.857106349748623,0.7315273612717164,22.624735405497564,5.0361016944772246,17.58863371102034,0.3333333333333333,0.2917782453532468,0.0415550879800865,0.3333333333333333,0.4164435092935063,0.083110175960173,0.4915200801199853,0.11117564116743156,0.38034443895255376,1.9666459989923863,1.1250816767819638,0.8415643222104225
103,155,MP_tot_PEEP_Jmin,mixed,severe_mixed,46.03013451652804,48.20074019443028,0.04715618802119393,17.15025974055191,0.5531744146160804,0.08100508265704531,0.0405025413285226,0.5133745137364419,1.76272712802357,S103,S155,12.0,3.0,9.0,1.0,1.4,0.3999999999999999,5.0,10.0,5.0,23.405399111030473,43.279438944100725,19.874039833070253,2.1706056779022447,22.624735405497564,4.9213012503295674,17.703434155167997,0.3333333333333333,0.2934478770633482,0.03988545626998513,0.3333333333333333,0.41310424587330385,0.07977091253997054,0.4915200801199853,0.10210011776744948,0.38941996235253584,1.9666459989923863,1.1137099133074682,0.8529360856849182
104,113,MP_tot_PEEP_Jmin,mixed,mixed,56.349966208111,56.909466592662845,0.009929027862865194,15.177504357714316,0.7892282949175922,5.551115123125783e-17,5.551115123125783e-17,0.3583994829136538,1.2567968007282944,S104,S113,12.0,6.0,6.0,1.4,1.4,0.0,5.0,10.0,5.0,31.27392035689165,46.22169680424022,14.947776447348566,0.5595003845518463,25.076045851219348,10.687769788422617,14.38827606279673,0.33333333333333337,0.33333333333333326,1.1102230246251565e-16,0.33333333333333337,0.33333333333333326,1.1102230246251565e-16,0.4450055171037513,0.18780302168217047,0.2572024954215808,1.8018197132005387,1.2312284171151884,0.5705912960853503
104,157,MP_tot_PEEP_Jmin,mixed,severe_mixed,56.349966208111,58.47117845356627,0.03764354068325851,15.10748855511882,2.3859480571187746,0.0864921470069952,0.04324607350349763,0.3292678272455127,1.2017943499033639,S104,S157,12.0,6.0,6.0,1.4,1.0,0.3999999999999999,5.0,10.0,5.0,31.27392035689165,46.11667310034697,14.842752743455321,2.1212122454552684,25.076045851219348,12.354505353219306,12.721540498000042,0.33333333333333337,0.2904420934767309,0.04289123985660248,0.33333333333333337,0.4191158130465382,0.08578247971320485,0.4450055171037513,0.21129222430552502,0.23371329279822628,1.8018197132005387,1.2678967176651421,0.5339229955353966
105,106,MP_tot_PEEP_Jmin,mixed,mixed,30.355008715428696,30.355008715428696,0.0,0.0,0.0,0.0,0.0,0.0,0.0,S105,S106,0.0,0.0,0.0,0.6,1.0,0.4,10.0,10.0,0.0,30.355008715428696,30.355008715428696,0.0,0.0,0.0,0.0,0.0,0.33333333333333326,0.33333333333333326,0.0,0.33333333333333326,0.33333333333333326,0.0,0.0,0.0,0.0,1.0,1.0,0.0
105,107,MP_tot_PEEP_Jmin,mixed,mixed,30.355008715428696,30.355008715428696,0.0,0.0,0.0,0.0,0.0,0.0,0.0,S105,S107,0.0,0.0,0.0,0.6,1.4,0.7999999999999999,10.0,10.0,0.0,30.355008715428696,30.355008715428696,0.0,0.0,0.0,0.0,0.0,0.33333333333333326,0.33333333333333326,0.0,0.33333333333333326,0.33333333333333326,0.0,0.0,0.0,0.0,1.0,1.0,0.0
105,144,MP_tot_PEEP_Jmin,mixed,severe_mixed,30.355008715428696,29.331425375403256,0.03372041001935794,12.648623746490014,1.5067041679883495,0.07454852820775265,0.03727426410387652,0.6510179235556767,1.8654766748731308,S105,S144,0.0,9.0,9.0,0.6,0.6,0.0,10.0,5.0,5.0,30.355008715428696,15.176097460924892,15.178911254503804,1.0235833400254393,0.0,14.155327914478361,14.155327914478361,0.33333333333333326,0.29272740614312176,0.0406059271902115,0.33333333333333326,0.4145451877137564,0.08121185438042317,0.0,0.48259938728885415,0.48259938728885415,1.0,1.9327383374365654,0.9327383374365654
106,107,MP_tot_PEEP_Jmin,mixed,mixed,30.355008715428696,30.355008715428696,0.0,0.0,0.0,0.0,0.0,0.0,0.0,S106,S107,0.0,0.0,0.0,1.0,1.4,0.3999999999999999,10.0,10.0,0.0,30.355008715428696,30.355008715428696,0.0,0.0,0.0,0.0,0.0,0.33333333333333326,0.33333333333333326,0.0,0.33333333333333326,0.33333333333333326,0.0,0.0,0.0,0.0,1.0,1.0,0.0
106,144,MP_tot_PEEP_Jmin,mixed,severe_mixed,30.355008715428696,29.331425375403256,0.03372041001935794,12.648623746490014,1.5067041679883495,0.07454852820775265,0.03727426410387652,0.6510179235556767,1.8654766748731308,S106,S144,0.0,9.0,9.0,1.0,0.6,0.4,10.0,5.0,5.0,30.355008715428696,15.176097460924892,15.178911254503804,1.0235833400254393,0.0,14.155327914478361,14.155327914478361,0.33333333333333326,0.29272740614312176,0.0406059271902115,0.33333333333333326,0.4145451877137564,0.08121185438042317,0.0,0.48259938728885415,0.48259938728885415,1.0,1.9327383374365654,0.9327383374365654
107,144,MP_tot_PEEP_Jmin,mixed,severe_mixed,30.355008715428696,29.331425375403256,0.03372041001935794,12.648623746490014,1.5067041679883495,0.07454852820775265,0.03727426410387652,0.6510179235556767,1.8654766748731308,S107,S144,0.0,9.0,9.0,1.4,0.6,0.7999999999999999,10.0,5.0,5.0,30.355008715428696,15.176097460924892,15.178911254503804,1.0235833400254393,0.0,14.155327914478361,14.155327914478361,0.33333333333333326,0.29272740614312176,0.0406059271902115,0.33333333333333326,0.4145451877137564,0.08121185438042317,0.0,0.48259938728885415,0.48259938728885415,1.0,1.9327383374365654,0.9327383374365654
108,150,MP_tot_PEEP_Jmin,mixed,severe_mixed,35.85792330220579,34.40833782121126,0.04042580683710029,1.777421715582534,2.338296338785799,0.07853385472718877,0.039266927363594384,0.16282341289756605,0.1944911209964877,S108,S150,3.0,0.0,3.0,0.6,0.6,0.0,10.0,10.0,0.0,31.74220524783746,34.40833782121126,2.666132573373801,1.4495854809945286,4.115718054368333,0.0,4.115718054368333,0.33333333333333337,0.2940664059697388,0.03926692736359455,0.33333333333333337,0.4118671880605223,0.07853385472718893,0.11477848339630856,0.0,0.11477848339630856,1.1296607473309916,1.0,0.12966074733099164
108,151,MP_tot_PEEP_Jmin,mixed,severe_mixed,35.85792330220579,34.40833782121126,0.04042580683710029,1.777421715582534,2.338296338785799,0.07853385472718877,0.039266927363594384,0.16282341289756605,0.1944911209964877,S108,S151,3.0,0.0,3.0,0.6,1.0,0.4,10.0,10.0,0.0,31.74220524783746,34.40833782121126,2.666132573373801,1.4495854809945286,4.115718054368333,0.0,4.115718054368333,0.33333333333333337,0.2940664059697388,0.03926692736359455,0.33333333333333337,0.4118671880605223,0.07853385472718893,0.11477848339630856,0.0,0.11477848339630856,1.1296607473309916,1.0,0.12966074733099164
108,152,MP_tot_PEEP_Jmin,mixed,severe_mixed,35.85792330220579,34.40833782121126,0.04042580683710029,1.777421715582534,2.338296338785799,0.07853385472718877,0.039266927363594384,0.16282341289756605,0.1944911209964877,S108,S152,3.0,0.0,3.0,0.6,1.4,0.7999999999999999,10.0,10.0,0.0,31.74220524783746,34.40833782121126,2.666132573373801,1.4495854809945286,4.115718054368333,0.0,4.115718054368333,0.33333333333333337,0.2940664059697388,0.03926692736359455,0.33333333333333337,0.4118671880605223,0.07853385472718893,0.11477848339630856,0.0,0.11477848339630856,1.1296607473309916,1.0,0.12966074733099164
109,145,MP_tot_PEEP_Jmin,mixed,severe_mixed,39.65144433812015,39.29056612724852,0.009101262687792967,11.969547585321259,0.17054972309588123,0.08882011426438635,0.044410057132193204,0.4268837042800583,1.2072546818331933,S109,S145,3.0,9.0,6.0,1.0,1.0,0.0,10.0,5.0,5.0,35.33765729263649,23.17778121953947,12.159876073097024,0.36087821087163263,4.313787045483664,16.11278490770904,11.798997862225377,0.3333333333333334,0.2888971118959652,0.04443622143736825,0.3333333333333334,0.4222057762080695,0.08887244287473606,0.10879268378469813,0.41009296876826157,0.3013002849835634,1.1220733737316124,1.6951823712153065,0.573108997483694
109,147,MP_tot_PEEP_Jmin,mixed,severe_mixed,39.65144433812015,39.18204041295226,0.011838255402883588,15.35261421120836,3.1039911884949696,0.07197409735237714,0.03598704867618868,0.5803226620308993,2.5917962120585845,S109,S147,3.0,12.0,9.0,1.0,0.6,0.4,10.0,5.0,5.0,35.33765729263649,16.411647967765266,18.926009324871227,0.46940392516788876,4.313787045483664,22.770392445186992,18.456605399703328,0.3333333333333334,0.2938485058928819,0.03948482744045151,0.3333333333333334,0.41230298821423594,0.07896965488090252,0.10879268378469813,0.5811436108278799,0.47235092704318177,1.1220733737316124,2.387453136328002,1.2653797625963896
109,153,MP_tot_PEEP_Jmin,mixed,severe_mixed,39.65144433812015,40.82777149210426,0.029666691179095653,0.6160041925568969,0.8683250577056576,0.08033625064570044,0.040168125322850246,0.004103265568217274,0.005771562292278265,S109,S153,3.0,3.0,0.0,1.0,0.6,0.4,10.0,10.0,0.0,35.33765729263649,36.261663581471836,0.9240062888353435,1.1763271539841114,4.313787045483664,4.566107910632431,0.25232086514876695,0.3333333333333334,0.29275761727643645,0.04057571605689697,0.3333333333333334,0.41448476544712703,0.08115143211379361,0.10879268378469813,0.11183828418152769,0.0030456003968295647,1.1220733737316124,1.1259210819264651,0.0038477081948526948
110,111,MP_tot_PEEP_Jmin,mixed,mixed,42.43321464881269,43.14537917458853,0.016783185805503593,3.439300653058723,2.431814852305198,5.551115123125783e-17,5.551115123125783e-17,0.17230567200039862,0.2911126448766612,S110,S111,3.0,6.0,3.0,1.4,0.6,0.7999999999999999,10.0,10.0,0.0,38.28835275983443,33.129401780246354,5.158950979588077,0.7121645257758402,4.14486188897825,10.015977394342173,5.871115505363923,0.33333333333333337,0.3333333333333333,5.551115123125783e-17,0.33333333333333337,0.3333333333333333,5.551115123125783e-17,0.09767965786429585,0.23214484577392044,0.13446518790962458,1.1082538576411762,1.302328954225617,0.19407509658444067
110,153,MP_tot_PEEP_Jmin,mixed,severe_mixed,42.43321464881269,40.82777149210426,0.037834587126981824,1.3511261189084003,0.9298800972542267,0.08033625064570049,0.04016812532285019,0.019176641298632918,0.026500836427933105,S110,S153,3.0,3.0,0.0,1.4,0.6,0.7999999999999999,10.0,10.0,0.0,38.28835275983443,36.261663581471836,2.026689178362595,1.605443156708425,4.14486188897825,4.566107910632431,0.42124602165418157,0.33333333333333337,0.29275761727643645,0.040575716056896916,0.33333333333333337,0.41448476544712703,0.08115143211379366,0.09767965786429585,0.11183828418152769,0.014158626317231846,1.1082538576411762,1.1259210819264651,0.017667224285288885
111,154,MP_tot_PEEP_Jmin,mixed,severe_mixed,43.14537917458853,45.29860715525632,0.04990634042071386,4.755402453688497,0.22447324617645137,0.08376885647005333,0.04188442823502675,0.15402078630976024,0.26587091616547975,S111,S154,6.0,3.0,3.0,0.6,1.0,0.4,10.0,10.0,0.0,33.129401780246354,40.262505460779096,7.1331036805327415,2.1532279806677934,10.015977394342173,5.0361016944772246,4.979875699864948,0.3333333333333333,0.2917782453532468,0.0415550879800865,0.3333333333333333,0.4164435092935063,0.083110175960173,0.23214484577392044,0.11117564116743156,0.12096920460648888,1.302328954225617,1.1250816767819638,0.1772472774436531
112,114,MP_tot_PEEP_Jmin,mixed,mixed,50.94747443431593,52.2173763325768,0.02492570853336589,3.869138371459332,3.2044710839905335,0.0,0.0,0.15144657262790728,0.3738759859955294,S112,S114,6.0,9.0,3.0,1.0,0.6,0.4,10.0,10.0,0.0,40.32030586984429,34.51659831265528,5.803707557189007,1.2699018982608692,10.62716856447164,17.700778019921504,7.073609455449864,0.33333333333333326,0.3333333333333333,5.551115123125783e-17,0.33333333333333326,0.3333333333333333,5.551115123125783e-17,0.20859068447392276,0.33898252388599115,0.1303918394120684,1.263568649473459,1.512819306803812,0.249250657330353
112,148,MP_tot_PEEP_Jmin,mixed,severe_mixed,50.94747443431593,53.12887678472654,0.04281669257664557,13.339924090270483,2.0812244840663396,0.08859726292456793,0.04429863146228408,0.37463979579731194,1.5284120793480596,S112,S148,6.0,12.0,6.0,1.0,1.0,0.0,10.0,5.0,5.0,40.32030586984429,27.08055964591808,13.239746223926211,2.1814023504106146,10.62716856447164,26.04831713880846,15.42114857433682,0.33333333333333326,0.28879545551745817,0.04453787781587509,0.33333333333333326,0.42240908896508356,0.0890757556317503,0.20859068447392276,0.4902854853181616,0.2816948008442388,1.263568649473459,1.961882526779124,0.698313877305665
112,156,MP_tot_PEEP_Jmin,mixed,severe_mixed,50.94747443431593,49.19551610927187,0.03438754019696837,1.4702110187412458,1.016852815673424,0.08017195433831115,0.04008597716915557,0.020319487590793883,0.04071667813288471,S112,S156,6.0,6.0,0.0,1.0,0.6,0.4,10.0,10.0,0.0,40.32030586984429,38.114989341732425,2.205316528111865,1.7519583250440576,10.62716856447164,11.080526767539455,0.4533582030678147,0.33333333333333326,0.29233950968725864,0.04099382364607462,0.33333333333333326,0.41532098062548284,0.08198764729214958,0.20859068447392276,0.22523448565775103,0.016643801183828272,1.263568649473459,1.2907131015620483,0.027144452088589288
113,157,MP_tot_PEEP_Jmin,mixed,severe_mixed,56.909466592662845,58.47117845356627,0.027442040040220106,0.07001580259549556,1.5967197622011824,0.08649214700699526,0.04324607350349757,0.029131655668141132,0.05500245082493049,S113,S157,6.0,6.0,0.0,1.4,1.0,0.3999999999999999,10.0,10.0,0.0,46.22169680424022,46.11667310034697,0.10502370389324511,1.5617118609034222,10.687769788422617,12.354505353219306,1.6667355647966886,0.33333333333333326,0.2904420934767309,0.04289123985660237,0.33333333333333326,0.4191158130465382,0.08578247971320496,0.18780302168217047,0.21129222430552502,0.02348920262335455,1.2312284171151884,1.2678967176651421,0.036668300549953736
113,159,MP_tot_PEEP_Jmin,mixed,severe_mixed,56.909466592662845,59.511571672714055,0.045723589340172996,4.1689211348314785,4.6865656474669635,0.0790517241361875,0.039525862068093776,0.1655940289072967,0.3866104804007289,S113,S159,6.0,9.0,3.0,1.4,0.6,0.7999999999999999,10.0,10.0,0.0,46.22169680424022,39.968315101992985,6.253381702247232,2.60210508005121,10.687769788422617,19.543256570721066,8.855486782298449,0.33333333333333326,0.2924774396243925,0.04085589370894077,0.33333333333333326,0.41504512075121525,0.08171178741788199,0.18780302168217047,0.3283942268942229,0.1405912052120524,1.2312284171151884,1.488968737382341,0.25774032026715266
114,148,MP_tot_PEEP_Jmin,mixed,severe_mixed,52.2173763325768,53.12887678472654,0.017455883772181956,9.47078571881115,1.1232465999241938,0.08859726292456793,0.04429863146228408,0.22319322316940465,1.1545360933525302,S114,S148,9.0,12.0,3.0,0.6,1.0,0.4,10.0,5.0,5.0,34.51659831265528,27.08055964591808,7.436038666737204,0.9115004521497454,17.700778019921504,26.04831713880846,8.347539118886957,0.3333333333333333,0.28879545551745817,0.04453787781587515,0.3333333333333333,0.42240908896508356,0.08907575563175024,0.33898252388599115,0.4902854853181616,0.15130296143217042,1.512819306803812,1.961882526779124,0.44906321997531196
115,117,MP_tot_PEEP_Jmin,mixed,mixed,64.24309900401613,63.07391477617039,0.01819937465614243,6.266106401325416,1.963868972816968,5.551115123125783e-17,5.551115123125783e-17,0.14622689729086968,0.5080055863991624,S115,S117,9.0,12.0,3.0,1.0,0.6,0.4,10.0,10.0,0.0,45.30295444705219,35.90379484506408,9.39915960198811,1.16918422784574,18.940144556963947,27.170119931106324,8.229975374142377,0.3333333333333334,0.3333333333333334,0.0,0.3333333333333334,0.3333333333333334,0.0,0.2948199082952071,0.4307663481412972,0.13594643984609012,1.4180774695191287,1.7567478604519033,0.3386703909327746
115,149,MP_tot_PEEP_Jmin,mixed,severe_mixed,64.24309900401613,64.04569324377006,0.0030727932385971857,12.63911183064701,2.6592787452831246,0.0827521149601268,0.04137605748006351,0.23674891773670004,1.0195393668402843,S115,S149,9.0,12.0,3.0,1.0,1.4,0.3999999999999999,10.0,5.0,5.0,45.30295444705219,35.125715601442245,10.177238845609942,0.19740576024607037,18.940144556963947,28.919977642327822,9.979833085363875,0.3333333333333334,0.2932800180314615,0.04005331530187195,0.3333333333333334,0.4134399639370771,0.08010663060374368,0.2948199082952071,0.4515522617930436,0.15673235349783649,1.4180774695191287,1.8233277855594887,0.40525031604036
115,158,MP_tot_PEEP_Jmin,mixed,severe_mixed,64.24309900401613,64.71848187360195,0.007399749964678639,4.565057079958631,1.8071456703934956,0.08214834791246506,0.041074173956232696,0.11990502017753008,0.26562593618748176,S115,S158,9.0,6.0,3.0,1.0,1.4,0.3999999999999999,10.0,10.0,0.0,45.30295444705219,52.15054006699015,6.847585619937966,0.47538286958581466,18.940144556963947,12.567941806611802,6.372202750352145,0.3333333333333334,0.2931129045116228,0.04022042882171062,0.3333333333333334,0.41377419097675455,0.08044085764342113,0.2948199082952071,0.1941940144881264,0.1006258938070807,1.4180774695191287,1.2409935120608069,0.17708395745832184
116,124,MP_tot_PEEP_Jmin,mixed,mixed,73.78376454697916,73.3243308169836,0.006226759136192146,14.411801084586621,0.7538593361028987,5.551115123125783e-17,5.551115123125783e-17,0.2464940575482263,0.42548352752995133,S116,S124,9.0,3.0,6.0,1.4,1.0,0.3999999999999999,10.0,15.0,5.0,54.15504084864603,67.35354886713421,13.198508018488177,0.45943372999555265,19.62872369833313,5.970781949849396,13.657941748483733,0.33333333333333337,0.33333333333333326,1.1102230246251565e-16,0.33333333333333337,0.33333333333333326,1.1102230246251565e-16,0.2660303905452702,0.08142975030692576,0.18460064023834447,1.362454231235685,1.0886483644926823,0.2738058667430028
116,125,MP_tot_PEEP_Jmin,mixed,mixed,73.78376454697916,76.90559082091575,0.042310477014884225,17.36249655178466,3.3515541843023584,1.1102230246251565e-16,1.1102230246251565e-16,0.25711606717925606,0.43860903278775476,S116,S125,9.0,3.0,6.0,1.4,1.4,0.0,10.0,15.0,5.0,54.15504084864603,71.28780949006492,17.132768641418885,3.121826273936591,19.62872369833313,5.61778133085083,14.010942367482299,0.33333333333333337,0.33333333333333337,0.0,0.33333333333333337,0.33333333333333337,0.0,0.2660303905452702,0.07304776246934419,0.19298262807592603,1.362454231235685,1.0788042355493297,0.2836499956863554
116,160,MP_tot_PEEP_Jmin,mixed,severe_mixed,73.78376454697916,73.92605171614103,0.0019284346635807528,1.4561334058208288,0.8703538720722719,0.08786811067384193,0.04393405533692091,0.03568663344074963,0.08999738520989609,S116,S160,9.0,9.0,0.0,1.4,1.0,0.3999999999999999,10.0,10.0,0.0,54.15504084864603,51.9708407399148,2.1842001087312326,0.14228716916187523,19.62872369833313,21.95521097622622,2.32648727789309,0.33333333333333337,0.28967279920342925,0.043660534129904116,0.33333333333333337,0.42065440159314144,0.08732106825980807,0.2660303905452702,0.2969888214851398,0.030958430939869552,1.362454231235685,1.4224524880422826,0.05999825680659754
116,162,MP_tot_PEEP_Jmin,mixed,severe_mixed,73.78376454697916,71.77593818243083,0.02721230580841278,8.222266657594986,2.1033069642491498,0.07756966711067015,0.03878483355533485,0.1657253992336411,0.5306774074635252,S116,S162,9.0,12.0,3.0,1.4,0.6,0.7999999999999999,10.0,10.0,0.0,54.15504084864603,41.82164086225356,12.333399986392472,2.007826364548322,19.62872369833313,29.954297320177268,10.32557362184414,0.33333333333333337,0.2929204241856895,0.040412909147643894,0.33333333333333337,0.414159151628621,0.08082581829528762,0.2660303905452702,0.4173306274874916,0.1513002369422214,1.362454231235685,1.7162391695447023,0.35378493830901725
117,120,MP_tot_PEEP_Jmin,mixed,mixed,63.07391477617039,60.71001743085728,0.0374782087603385,21.59664984310025,5.573470088006076,0.0,0.0,0.5316426424168893,1.1351217906778555,S117,S120,12.0,0.0,12.0,0.6,0.6,0.0,10.0,15.0,5.0,35.90379484506408,60.71001743085728,24.8062225857932,2.363897345313113,27.170119931106324,0.0,27.170119931106324,0.3333333333333334,0.3333333333333333,1.1102230246251565e-16,0.3333333333333334,0.3333333333333333,1.1102230246251565e-16,0.4307663481412972,0.0,0.4307663481412972,1.7567478604519033,1.0,0.7567478604519033
117,121,MP_tot_PEEP_Jmin,mixed,mixed,63.07391477617039,60.71001743085728,0.0374782087603385,21.59664984310025,5.573470088006076,0.0,0.0,0.5316426424168893,1.1351217906778555,S117,S121,12.0,0.0,12.0,0.6,1.0,0.4,10.0,15.0,5.0,35.90379484506408,60.71001743085728,24.8062225857932,2.363897345313113,27.170119931106324,0.0,27.170119931106324,0.3333333333333334,0.3333333333333333,1.1102230246251565e-16,0.3333333333333334,0.3333333333333333,1.1102230246251565e-16,0.4307663481412972,0.0,0.4307663481412972,1.7567478604519033,1.0,0.7567478604519033
117,122,MP_tot_PEEP_Jmin,mixed,mixed,63.07391477617039,60.71001743085728,0.0374782087603385,21.59664984310025,5.573470088006076,0.0,0.0,0.5316426424168893,1.1351217906778555,S117,S122,12.0,0.0,12.0,0.6,1.4,0.7999999999999999,10.0,15.0,5.0,35.90379484506408,60.71001743085728,24.8062225857932,2.363897345313113,27.170119931106324,0.0,27.170119931106324,0.3333333333333334,0.3333333333333333,1.1102230246251565e-16,0.3333333333333334,0.3333333333333333,1.1102230246251565e-16,0.4307663481412972,0.0,0.4307663481412972,1.7567478604519033,1.0,0.7567478604519033
117,149,MP_tot_PEEP_Jmin,mixed,severe_mixed,63.07391477617039,64.04569324377006,0.015406978796990923,6.373005429321594,4.623147718100093,0.08275211496012685,0.041376057480063455,0.09052202044583035,0.511533780441122,S117,S149,12.0,12.0,0.0,0.6,1.4,0.7999999999999999,10.0,5.0,5.0,35.90379484506408,35.125715601442245,0.778079243621832,0.9717784675996697,27.170119931106324,28.919977642327822,1.7498577112214981,0.3333333333333334,0.2932800180314615,0.04005331530187195,0.3333333333333334,0.4134399639370771,0.08010663060374368,0.4307663481412972,0.4515522617930436,0.02078591365174637,1.7567478604519033,1.8233277855594887,0.06657992510758537
117,158,MP_tot_PEEP_Jmin,mixed,severe_mixed,63.07391477617039,64.71848187360195,0.026073648722575875,10.831163481284047,3.7710146432104636,0.08214834791246511,0.04107417395623264,0.26613191746839976,0.7736315225866441,S117,S158,12.0,6.0,6.0,0.6,1.4,0.7999999999999999,10.0,10.0,0.0,35.90379484506408,52.15054006699015,16.246745221926076,1.6445670974315547,27.170119931106324,12.567941806611802,14.602178124494522,0.3333333333333334,0.2931129045116228,0.04022042882171062,0.3333333333333334,0.41377419097675455,0.08044085764342113,0.4307663481412972,0.1941940144881264,0.23657233365317082,1.7567478604519033,1.2409935120608069,0.5157543483910965
118,125,MP_tot_PEEP_Jmin,mixed,mixed,79.5383180472206,76.90559082091575,0.03310011188244947,19.942121768041993,3.6928119240677546,0.0,0.0,0.3709004600350393,0.7675248090764435,S118,S125,12.0,3.0,9.0,1.0,1.4,0.3999999999999999,10.0,15.0,5.0,50.285603024260034,71.28780949006492,21.002206465804882,2.6327272263048513,29.252715022960587,5.61778133085083,23.634933692109755,0.33333333333333337,0.33333333333333337,0.0,0.33333333333333337,0.33333333333333337,0.0,0.36778141330061476,0.07304776246934419,0.29473365083127057,1.5817314154281445,1.0788042355493297,0.5029271798788149
118,126,MP_tot_PEEP_Jmin,mixed,mixed,79.5383180472206,77.64863298985532,0.023758172208813984,14.783170788453987,1.2301194285988402,5.551115123125783e-17,5.551115123125783e-17,0.25086915976824853,0.5985281366478838,S118,S126,12.0,6.0,6.0,1.0,0.6,0.4,10.0,15.0,5.0,50.285603024260034,64.40920818394757,14.123605159687536,1.8896850573652841,29.252715022960587,13.239424805907758,16.013290217052827,0.33333333333333337,0.33333333333333337,0.0,0.33333333333333337,0.33333333333333337,0.0,0.36778141330061476,0.17050428701864553,0.19727712628196922,1.5817314154281445,1.2055517398707498,0.37617967555739473
118,168,MP_tot_PEEP_Jmin,mixed,severe_mixed,79.5383180472206,77.64986078548324,0.02374273567887382,19.942097142570752,2.9485337510098333,0.08001577035448326,0.04000788517724163,0.3596425808549565,0.7536036682040048,S118,S168,12.0,3.0,9.0,1.0,0.6,0.4,10.0,15.0,5.0,50.285603024260034,71.28777665610328,21.00217363184324,1.8884572617373578,29.252715022960587,6.362084129379997,22.89063089358059,0.33333333333333337,0.2931409186347605,0.040192414698572876,0.33333333333333337,0.4137181627304791,0.08038482939714575,0.36778141330061476,0.0819329753462919,0.28584843795432285,1.5817314154281445,1.0892450912036584,0.4924863242244861
119,128,MP_tot_PEEP_Jmin,mixed,mixed,93.0561085117615,95.4992102214404,0.026254071320531595,20.00694456658661,2.6728296200446806,1.1102230246251565e-16,1.1102230246251565e-16,0.24626559151485589,0.5261039485393946,S119,S128,12.0,6.0,6.0,1.4,1.4,0.0,10.0,15.0,5.0,62.08838489305177,81.86560154927261,19.777216656220844,2.4431017096789134,30.96772361870972,13.633608672167783,17.334114946541938,0.3333333333333333,0.33333333333333337,5.551115123125783e-17,0.3333333333333333,0.33333333333333337,5.551115123125783e-17,0.3327855002102916,0.14276148085994242,0.19002401935034915,1.4987683875502982,1.1665364745895395,0.3322319129607587
119,129,MP_tot_PEEP_Jmin,mixed,mixed,93.0561085117615,88.79475269776262,0.045793402304807065,8.301846075001713,0.12992840643813963,0.0,0.0,0.1159651575727203,0.29465914998702236,S119,S129,12.0,9.0,3.0,1.4,0.6,0.7999999999999999,10.0,15.0,5.0,62.08838489305177,66.25880356049274,4.17041866744097,4.261355813998875,30.96772361870972,22.535949137269874,8.431774481439845,0.3333333333333333,0.33333333333333337,5.551115123125783e-17,0.3333333333333333,0.33333333333333337,5.551115123125783e-17,0.3327855002102916,0.25379820825648536,0.07898729195380622,1.4987683875502982,1.3401200735038186,0.1586483140464796
119,163,MP_tot_PEEP_Jmin,mixed,severe_mixed,93.0561085117615,91.66322694298069,0.014968190600886345,2.842251009046066,0.028243935742224835,0.08852060207527063,0.04426030103763523,0.03948718856294403,0.12962209208483144,S119,S163,12.0,12.0,0.0,1.4,1.0,0.3999999999999999,10.0,10.0,0.0,62.08838489305177,57.82500837948266,4.263376513569106,1.3928815687808083,30.96772361870972,33.83821856349802,2.870494944788298,0.3333333333333333,0.2892411010022503,0.044092232331083,0.3333333333333333,0.42151779799549927,0.08818446466216595,0.3327855002102916,0.369158054893127,0.0363725546828354,1.4987683875502982,1.5851831156068528,0.08641472805655459
119,171,MP_tot_PEEP_Jmin,mixed,severe_mixed,93.0561085117615,88.4313568748186,0.049698528241790385,13.926901656970166,2.368342756704962,0.08044110049239961,0.04022055024619986,0.21833566289003908,0.48291934805558845,S119,S171,12.0,6.0,6.0,1.4,0.6,0.7999999999999999,10.0,15.0,5.0,62.08838489305177,73.75887766978403,11.67049277673226,4.624751636942889,30.96772361870972,14.672479205034591,16.295244413675128,0.3333333333333333,0.2926889123721613,0.04064442096117199,0.3333333333333333,0.41462217525567735,0.08128884192234404,0.3327855002102916,0.16591941731488544,0.16686608289540614,1.4987683875502982,1.1989249249523939,0.2998434625979043
120,121,MP_tot_PEEP_Jmin,mixed,mixed,60.71001743085728,60.71001743085728,0.0,0.0,0.0,0.0,0.0,0.0,0.0,S120,S121,0.0,0.0,0.0,0.6,1.0,0.4,15.0,15.0,0.0,60.71001743085728,60.71001743085728,0.0,0.0,0.0,0.0,0.0,0.3333333333333333,0.3333333333333333,0.0,0.3333333333333333,0.3333333333333333,0.0,0.0,0.0,0.0,1.0,1.0,0.0
120,122,MP_tot_PEEP_Jmin,mixed,mixed,60.71001743085728,60.71001743085728,0.0,0.0,0.0,0.0,0.0,0.0,0.0,S120,S122,0.0,0.0,0.0,0.6,1.4,0.7999999999999999,15.0,15.0,0.0,60.71001743085728,60.71001743085728,0.0,0.0,0.0,0.0,0.0,0.3333333333333333,0.3333333333333333,0.0,0.3333333333333333,0.3333333333333333,0.0,0.0,0.0,0.0,1.0,1.0,0.0
120,157,MP_tot_PEEP_Jmin,mixed,severe_mixed,60.71001743085728,58.47117845356627,0.036877587456482404,14.78806433957832,2.4335589863590172,0.08649214700699526,0.04324607350349757,0.28665441227047656,0.40184507649771306,S120,S157,0.0,6.0,6.0,0.6,1.0,0.4,15.0,10.0,5.0,60.71001743085728,46.11667310034697,14.593344330510305,2.2388389772910102,0.0,12.354505353219306,12.354505353219306,0.3333333333333333,0.2904420934767309,0.042891239856602426,0.3333333333333333,0.4191158130465382,0.0857824797132049,0.0,0.21129222430552502,0.21129222430552502,1.0,1.2678967176651421,0.2678967176651421
120,159,MP_tot_PEEP_Jmin,mixed,severe_mixed,60.71001743085728,59.511571672714055,0.019740494383947985,18.886969671814303,0.6562868989067638,0.0790517241361875,0.039525862068093776,0.4231167855096321,0.7334531060735114,S120,S159,0.0,9.0,9.0,0.6,0.6,0.0,15.0,10.0,5.0,60.71001743085728,39.968315101992985,20.741702328864292,1.1984457581432224,0.0,19.543256570721066,19.543256570721066,0.3333333333333333,0.2924774396243925,0.04085589370894083,0.3333333333333333,0.41504512075121525,0.08171178741788193,0.0,0.3283942268942229,0.3283942268942229,1.0,1.488968737382341,0.48896873738234103
121,122,MP_tot_PEEP_Jmin,mixed,mixed,60.71001743085728,60.71001743085728,0.0,0.0,0.0,0.0,0.0,0.0,0.0,S121,S122,0.0,0.0,0.0,1.0,1.4,0.3999999999999999,15.0,15.0,0.0,60.71001743085728,60.71001743085728,0.0,0.0,0.0,0.0,0.0,0.3333333333333333,0.3333333333333333,0.0,0.3333333333333333,0.3333333333333333,0.0,0.0,0.0,0.0,1.0,1.0,0.0
121,157,MP_tot_PEEP_Jmin,mixed,severe_mixed,60.71001743085728,58.47117845356627,0.036877587456482404,14.78806433957832,2.4335589863590172,0.08649214700699526,0.04324607350349757,0.28665441227047656,0.40184507649771306,S121,S157,0.0,6.0,6.0,1.0,1.0,0.0,15.0,10.0,5.0,60.71001743085728,46.11667310034697,14.593344330510305,2.2388389772910102,0.0,12.354505353219306,12.354505353219306,0.3333333333333333,0.2904420934767309,0.042891239856602426,0.3333333333333333,0.4191158130465382,0.0857824797132049,0.0,0.21129222430552502,0.21129222430552502,1.0,1.2678967176651421,0.2678967176651421
121,159,MP_tot_PEEP_Jmin,mixed,severe_mixed,60.71001743085728,59.511571672714055,0.019740494383947985,18.886969671814303,0.6562868989067638,0.0790517241361875,0.039525862068093776,0.4231167855096321,0.7334531060735114,S121,S159,0.0,9.0,9.0,1.0,0.6,0.4,15.0,10.0,5.0,60.71001743085728,39.968315101992985,20.741702328864292,1.1984457581432224,0.0,19.543256570721066,19.543256570721066,0.3333333333333333,0.2924774396243925,0.04085589370894083,0.3333333333333333,0.41504512075121525,0.08171178741788193,0.0,0.3283942268942229,0.3283942268942229,1.0,1.488968737382341,0.48896873738234103
122,157,MP_tot_PEEP_Jmin,mixed,severe_mixed,60.71001743085728,58.47117845356627,0.036877587456482404,14.78806433957832,2.4335589863590172,0.08649214700699526,0.04324607350349757,0.28665441227047656,0.40184507649771306,S122,S157,0.0,6.0,6.0,1.4,1.0,0.3999999999999999,15.0,10.0,5.0,60.71001743085728,46.11667310034697,14.593344330510305,2.2388389772910102,0.0,12.354505353219306,12.354505353219306,0.3333333333333333,0.2904420934767309,0.042891239856602426,0.3333333333333333,0.4191158130465382,0.0857824797132049,0.0,0.21129222430552502,0.21129222430552502,1.0,1.2678967176651421,0.2678967176651421
122,159,MP_tot_PEEP_Jmin,mixed,severe_mixed,60.71001743085728,59.511571672714055,0.019740494383947985,18.886969671814303,0.6562868989067638,0.0790517241361875,0.039525862068093776,0.4231167855096321,0.7334531060735114,S122,S159,0.0,9.0,9.0,1.4,0.6,0.7999999999999999,15.0,10.0,5.0,60.71001743085728,39.968315101992985,20.741702328864292,1.1984457581432224,0.0,19.543256570721066,19.543256570721066,0.3333333333333333,0.2924774396243925,0.04085589370894083,0.3333333333333333,0.41504512075121525,0.08171178741788193,0.0,0.3283942268942229,0.3283942268942229,1.0,1.488968737382341,0.48896873738234103
123,165,MP_tot_PEEP_Jmin,mixed,severe_mixed,68.28705456755347,68.81667564242248,0.007755804935840092,4.692797126265106,1.0346446338860176,0.07853385472718966,0.03926692736359477,0.1087892053335725,0.12206899420949147,S123,S165,3.0,0.0,3.0,0.6,0.6,0.0,15.0,15.0,0.0,62.55961280740234,68.81667564242248,6.257062835020143,0.5296210748690129,5.727441760151123,0.0,5.727441760151123,0.33333333333333337,0.2940664059697385,0.03926692736359488,0.33333333333333337,0.4118671880605228,0.07853385472718943,0.08387302390506841,0.0,0.08387302390506841,1.0915517456571187,1.0,0.09155174565711865
123,166,MP_tot_PEEP_Jmin,mixed,severe_mixed,68.28705456755347,68.81667564242248,0.007755804935840092,4.692797126265106,1.0346446338860176,0.07853385472718966,0.03926692736359477,0.1087892053335725,0.12206899420949147,S123,S166,3.0,0.0,3.0,0.6,1.0,0.4,15.0,15.0,0.0,62.55961280740234,68.81667564242248,6.257062835020143,0.5296210748690129,5.727441760151123,0.0,5.727441760151123,0.33333333333333337,0.2940664059697385,0.03926692736359488,0.33333333333333337,0.4118671880605228,0.07853385472718943,0.08387302390506841,0.0,0.08387302390506841,1.0915517456571187,1.0,0.09155174565711865
123,167,MP_tot_PEEP_Jmin,mixed,severe_mixed,68.28705456755347,68.81667564242248,0.007755804935840092,4.692797126265106,1.0346446338860176,0.07853385472718966,0.03926692736359477,0.1087892053335725,0.12206899420949147,S123,S167,3.0,0.0,3.0,0.6,1.4,0.7999999999999999,15.0,15.0,0.0,62.55961280740234,68.81667564242248,6.257062835020143,0.5296210748690129,5.727441760151123,0.0,5.727441760151123,0.33333333333333337,0.2940664059697385,0.03926692736359488,0.33333333333333337,0.4118671880605228,0.07853385472718943,0.08387302390506841,0.0,0.08387302390506841,1.0915517456571187,1.0,0.09155174565711865
124,125,MP_tot_PEEP_Jmin,mixed,mixed,73.3243308169836,76.90559082091575,0.0488413595327711,2.950695467198038,2.5976948481994597,5.551115123125783e-17,5.551115123125783e-17,0.010622009631029744,0.013125505257803427,S124,S125,3.0,3.0,0.0,1.0,1.4,0.3999999999999999,15.0,15.0,0.0,67.35354886713421,71.28780949006492,3.934260622930708,3.581260003932144,5.970781949849396,5.61778133085083,0.35300061899856594,0.33333333333333326,0.33333333333333337,1.1102230246251565e-16,0.33333333333333326,0.33333333333333337,1.1102230246251565e-16,0.08142975030692576,0.07304776246934419,0.008381987837581567,1.0886483644926823,1.0788042355493297,0.009844128943352626
124,160,MP_tot_PEEP_Jmin,mixed,severe_mixed,73.3243308169836,73.92605171614103,0.008206292405986138,15.86793449040745,0.1164945359693732,0.08786811067384187,0.04393405533692096,0.2821806909889759,0.5154809127398474,S124,S160,3.0,9.0,6.0,1.0,1.0,0.0,15.0,10.0,5.0,67.35354886713421,51.9708407399148,15.38270812721941,0.6017208991574279,5.970781949849396,21.95521097622622,15.984429026376823,0.33333333333333326,0.28967279920342925,0.043660534129904005,0.33333333333333326,0.42065440159314144,0.08732106825980818,0.08142975030692576,0.2969888214851398,0.21555907117821402,1.0886483644926823,1.4224524880422826,0.3338041235496003
124,162,MP_tot_PEEP_Jmin,mixed,severe_mixed,73.3243308169836,71.77593818243083,0.021117037377641174,22.634067742181607,1.349447628146251,0.07756966711067009,0.03878483355533491,0.4122194567818674,0.9561609349934765,S124,S162,3.0,12.0,9.0,1.0,0.6,0.4,15.0,10.0,5.0,67.35354886713421,41.82164086225356,25.53190800488065,1.5483926345527692,5.970781949849396,29.954297320177268,23.983515370327872,0.33333333333333326,0.2929204241856895,0.04041290914764378,0.33333333333333326,0.414159151628621,0.08082581829528773,0.08142975030692576,0.4173306274874916,0.3359008771805658,1.0886483644926823,1.7162391695447023,0.62759080505202
125,126,MP_tot_PEEP_Jmin,mixed,mixed,76.90559082091575,77.64863298985532,0.00966174449748177,5.158950979588006,2.4626924954689144,5.551115123125783e-17,5.551115123125783e-17,0.12003130026679078,0.16899667242855965,S125,S126,3.0,6.0,3.0,1.4,0.6,0.7999999999999999,15.0,15.0,0.0,71.28780949006492,64.40920818394757,6.878601306117346,0.7430421689395672,5.61778133085083,13.239424805907758,7.621643475056928,0.33333333333333337,0.33333333333333337,0.0,0.33333333333333337,0.33333333333333337,0.0,0.07304776246934419,0.17050428701864553,0.09745652454930134,1.0788042355493297,1.2055517398707498,0.12674750432142012
125,160,MP_tot_PEEP_Jmin,mixed,severe_mixed,76.90559082091575,73.92605171614103,0.03874281535282583,18.818629957605488,2.4812003122300865,0.08786811067384181,0.04393405533692102,0.2928027006200057,0.5286064179976508,S125,S160,3.0,9.0,6.0,1.4,1.0,0.3999999999999999,15.0,10.0,5.0,71.28780949006492,51.9708407399148,19.316968750150117,2.979539104774716,5.61778133085083,21.95521097622622,16.337429645375387,0.33333333333333337,0.28967279920342925,0.043660534129904116,0.33333333333333337,0.42065440159314144,0.08732106825980807,0.07304776246934419,0.2969888214851398,0.22394105901579558,1.0788042355493297,1.4224524880422826,0.34364825249295294
125,168,MP_tot_PEEP_Jmin,mixed,severe_mixed,76.90559082091575,77.64986078548324,0.00967770946979159,2.462547124082448e-05,0.7442781730579213,0.08001577035448326,0.04000788517724163,0.011257879180082822,0.013921140872438675,S125,S168,3.0,3.0,0.0,1.4,0.6,0.7999999999999999,15.0,15.0,0.0,71.28780949006492,71.28777665610328,3.283396164022179e-05,0.7442699645674935,5.61778133085083,6.362084129379997,0.7443027985291666,0.33333333333333337,0.2931409186347605,0.040192414698572876,0.33333333333333337,0.4137181627304791,0.08038482939714575,0.07304776246934419,0.0819329753462919,0.008885212876947712,1.0788042355493297,1.0892450912036584,0.010440855654328729
126,160,MP_tot_PEEP_Jmin,mixed,severe_mixed,77.64863298985532,73.92605171614103,0.04794136265348848,13.659678978017482,4.943892807699001,0.08786811067384176,0.043934055336921074,0.1727714003532149,0.3596097455690912,S126,S160,6.0,9.0,3.0,0.6,1.0,0.4,15.0,10.0,5.0,64.40920818394757,51.9708407399148,12.438367444032771,3.722581273714283,13.239424805907758,21.95521097622622,8.715786170318461,0.33333333333333337,0.28967279920342925,0.043660534129904116,0.33333333333333337,0.42065440159314144,0.08732106825980807,0.17050428701864553,0.2969888214851398,0.12648453446649424,1.2055517398707498,1.4224524880422826,0.21690074817153282
126,168,MP_tot_PEEP_Jmin,mixed,severe_mixed,77.64863298985532,77.64986078548324,1.581219888425734e-05,5.158926354116765,1.7184143224109931,0.0800157703544832,0.04000788517724169,0.10877342108670796,0.15507553155612097,S126,S168,6.0,3.0,3.0,0.6,0.6,0.0,15.0,15.0,0.0,64.40920818394757,71.28777665610328,6.878568472155706,0.001227795627926298,13.239424805907758,6.362084129379997,6.877340676527761,0.33333333333333337,0.2931409186347605,0.040192414698572876,0.33333333333333337,0.4137181627304791,0.08038482939714575,0.17050428701864553,0.0819329753462919,0.08857131167235363,1.2055517398707498,1.0892450912036584,0.1163066486670914
127,129,MP_tot_PEEP_Jmin,mixed,mixed,87.9382386766146,88.79475269776262,0.009739949696943249,5.803707557189043,2.791083206877687,5.551115123125783e-17,5.551115123125783e-17,0.11123388315239707,0.2022914773146538,S127,S129,6.0,9.0,3.0,1.0,0.6,0.4,15.0,15.0,0.0,73.99708030341148,66.25880356049274,7.7382767429187425,0.8565140211480156,13.941158373203137,22.535949137269874,8.594790764066737,0.33333333333333337,0.33333333333333337,0.0,0.33333333333333337,0.33333333333333337,0.0,0.15853351833063842,0.25379820825648536,0.09526468992584694,1.1884014655178279,1.3401200735038186,0.15171860798599068
127,161,MP_tot_PEEP_Jmin,mixed,severe_mixed,87.9382386766146,83.96156285872623,0.045221235696023716,14.816716100972243,5.8179528053287015,0.08266588676402098,0.041332943382010545,0.15980293451514005,0.3126944249051018,S127,S161,6.0,9.0,3.0,1.0,1.4,0.3999999999999999,15.0,10.0,5.0,73.99708030341148,61.02164118987954,12.975439113531941,3.9766758178883777,13.941158373203137,22.939921668846686,8.998763295643549,0.33333333333333337,0.29292675535005536,0.040406577983278014,0.33333333333333337,0.41414648929988923,0.08081315596655586,0.15853351833063842,0.273219326651237,0.11468580832059858,1.1884014655178279,1.3759309192859153,0.18752945376808738
127,163,MP_tot_PEEP_Jmin,mixed,severe_mixed,87.9382386766146,91.66322694298069,0.04235914117025257,16.94780464123682,2.9492555490580514,0.08852060207527068,0.044260301037635175,0.2666862292880614,0.6265727193865076,S127,S163,6.0,12.0,6.0,1.0,1.0,0.0,15.0,10.0,5.0,73.99708030341148,57.82500837948266,16.17207192392882,3.7249882663660827,13.941158373203137,33.83821856349802,19.89706019029488,0.33333333333333337,0.2892411010022503,0.04409223233108306,0.33333333333333337,0.42151779799549927,0.0881844646621659,0.15853351833063842,0.369158054893127,0.21062453656248856,1.1884014655178279,1.5851831156068528,0.3967816500890249
127,169,MP_tot_PEEP_Jmin,mixed,severe_mixed,87.9382386766146,83.60580954582926,0.049266726238598915,1.9688641438261314,4.98871717872737,0.08238196796349984,0.04119098398174992,0.0924124245966438,0.12967800771851756,S127,S169,6.0,3.0,3.0,1.0,1.0,0.0,15.0,15.0,0.0,73.99708030341148,76.62223249517965,2.6251521917681657,4.332429130785343,13.941158373203137,6.9835770506496235,6.957581322553514,0.33333333333333337,0.2923414501747442,0.04099188315858915,0.33333333333333337,0.41531709965051183,0.08198376631717846,0.15853351833063842,0.08352980598580909,0.07500371234482933,1.1884014655178279,1.0911429597289397,0.09725850578888817
127,170,MP_tot_PEEP_Jmin,mixed,severe_mixed,87.9382386766146,87.34542752194797,0.006741221607208293,4.985797627147733,2.254743697049207,0.08038183037682478,0.04019091518841239,0.10103353574180597,0.14041793688804693,S127,S170,6.0,3.0,3.0,1.0,1.4,0.3999999999999999,15.0,15.0,0.0,73.99708030341148,80.6448104729418,6.64773016953032,0.5928111546666344,13.941158373203137,6.700617049006176,7.240541324196961,0.33333333333333337,0.2934921456977664,0.03984118763556699,0.33333333333333337,0.41301570860446707,0.0796823752711337,0.15853351833063842,0.0767139991079952,0.08181951922264322,1.1884014655178279,1.0830880128517926,0.10531345266603531
127,171,MP_tot_PEEP_Jmin,mixed,severe_mixed,87.9382386766146,88.4313568748186,0.005607551454577136,0.17865197522058907,0.5526688566108646,0.08044110049239966,0.040220550246199804,0.00886337783507829,0.014031279246087713,S127,S171,6.0,6.0,0.0,1.0,0.6,0.4,15.0,15.0,0.0,73.99708030341148,73.75887766978403,0.2382026336274521,0.4931181982040016,13.941158373203137,14.672479205034591,0.7313208318314537,0.33333333333333337,0.2926889123721613,0.040644420961172045,0.33333333333333337,0.41462217525567735,0.08128884192234398,0.15853351833063842,0.16591941731488544,0.007385898984247019,1.1884014655178279,1.1989249249523939,0.010523459434566007
128,163,MP_tot_PEEP_Jmin,mixed,severe_mixed,95.4992102214404,91.66322694298069,0.040167696356493116,22.849195575632677,2.6445856843024558,0.08852060207527074,0.04426030103763512,0.2857527800777999,0.655726040624226,S128,S163,6.0,12.0,6.0,1.4,1.0,0.3999999999999999,15.0,10.0,5.0,81.86560154927261,57.82500837948266,24.04059316978995,3.8359832784597216,13.633608672167783,33.83821856349802,20.204609891330236,0.33333333333333337,0.2892411010022503,0.04409223233108306,0.33333333333333337,0.42151779799549927,0.0881844646621659,0.14276148085994242,0.369158054893127,0.22639657403318456,1.1665364745895395,1.5851831156068528,0.4186466410173133
129,163,MP_tot_PEEP_Jmin,mixed,severe_mixed,88.79475269776262,91.66322694298069,0.03230454681237425,11.144097084047779,0.15817234218036447,0.08852060207527063,0.04426030103763523,0.15545234613566433,0.4242812420718538,S129,S163,9.0,12.0,3.0,0.6,1.0,0.4,15.0,10.0,5.0,66.25880356049274,57.82500837948266,8.433795181010076,2.868474245218067,22.535949137269874,33.83821856349802,11.302269426228143,0.33333333333333337,0.2892411010022503,0.04409223233108306,0.33333333333333337,0.42151779799549927,0.0881844646621659,0.25379820825648536,0.369158054893127,0.11535984663664162,1.3401200735038186,1.5851831156068528,0.2450630421030342
129,170,MP_tot_PEEP_Jmin,mixed,severe_mixed,88.79475269776262,87.34542752194797,0.016322193956075617,10.789505184336775,5.045826903926894,0.08038183037682473,0.040190915188412446,0.21226741889420303,0.34270941420270074,S129,S170,9.0,3.0,6.0,0.6,1.4,0.7999999999999999,15.0,15.0,0.0,66.25880356049274,80.6448104729418,14.386006912449062,1.44932517581465,22.535949137269874,6.700617049006176,15.835332088263698,0.33333333333333337,0.2934921456977664,0.03984118763556699,0.33333333333333337,0.41301570860446707,0.0796823752711337,0.25379820825648536,0.0767139991079952,0.17708420914849016,1.3401200735038186,1.0830880128517926,0.257032060652026
129,171,MP_tot_PEEP_Jmin,mixed,severe_mixed,88.79475269776262,88.4313568748186,0.004092537136523502,5.625055581968454,2.2384143502668223,0.08044110049239961,0.04022055024619986,0.10237050531731878,0.1882601980685661,S129,S171,9.0,6.0,3.0,0.6,0.6,0.0,15.0,15.0,0.0,66.25880356049274,73.75887766978403,7.50007410929129,0.36339582294401396,22.535949137269874,14.672479205034591,7.863469932235283,0.33333333333333337,0.2926889123721613,0.040644420961172045,0.33333333333333337,0.41462217525567735,0.08128884192234398,0.25379820825648536,0.16591941731488544,0.08787879094159992,1.3401200735038186,1.1989249249523939,0.14119514855142468
130,132,MP_tot_PEEP_Jmin,mixed,mixed,104.55174100974975,101.72541369127505,0.02703280969956429,9.39915960198823,0.3067258821880614,0.0,0.0,0.11356754008947317,0.26275508644793044,S130,S132,9.0,12.0,3.0,1.0,0.6,0.4,15.0,15.0,0.0,80.64061173968858,68.10839893703759,12.532212802650989,2.8263273184746964,23.911129270061167,33.61701475423745,9.705885484176285,0.3333333333333333,0.33333333333333337,5.551115123125783e-17,0.3333333333333333,0.33333333333333337,5.551115123125783e-17,0.22870139740505505,0.3304682039068549,0.10176680650179984,1.2965147306576412,1.4935810454935892,0.19706631483594794
130,164,MP_tot_PEEP_Jmin,mixed,severe_mixed,104.55174100974975,105.92998314980343,0.01318239301175445,13.885297262920375,1.7591856959472096,0.08287646547902139,0.04143823273951064,0.1527796710326368,0.3780586772264123,S130,S164,9.0,12.0,3.0,1.0,1.4,0.3999999999999999,15.0,10.0,5.0,80.64061173968858,69.89274231276909,10.747869426919493,1.3782421400536862,23.911129270061167,36.03724083703433,12.126111566973165,0.3333333333333333,0.2928226920737634,0.040510641259569935,0.3333333333333333,0.4143546158524732,0.08102128251913987,0.22870139740505505,0.34019868374822076,0.11149728634316572,1.2965147306576412,1.5156077676244006,0.2190930369667594
130,172,MP_tot_PEEP_Jmin,mixed,severe_mixed,104.55174100974975,100.67724541350087,0.037058164300559755,2.8403832061861536,4.821289998310931,0.08488367913374267,0.04244183956687131,0.07912036207231424,0.138732001564982,S130,S172,9.0,6.0,3.0,1.0,1.0,0.0,15.0,15.0,0.0,80.64061173968858,84.42778934793678,3.7871776082482,3.8744955962488774,23.911129270061167,16.249456065564097,7.66167320449707,0.3333333333333333,0.29115562414471213,0.04217770918862118,0.3333333333333333,0.41768875171057596,0.08435541837724264,0.22870139740505505,0.161401476558327,0.06729992084672803,1.2965147306576412,1.1924657294839047,0.1040490011737365
130,173,MP_tot_PEEP_Jmin,mixed,severe_mixed,104.55174100974975,108.59951870742594,0.038715545610079595,8.874250172829264,1.0896943067331222,0.08148741070432913,0.040743705352164705,0.09467926400071314,0.1628298529730341,S130,S173,9.0,6.0,3.0,1.0,1.4,0.3999999999999999,15.0,15.0,0.0,80.64061173968858,92.47294530346095,11.832333563772366,4.047777697676196,23.911129270061167,16.126573403965004,7.784555866096163,0.3333333333333333,0.29312349127047055,0.040209842062862766,0.3333333333333333,0.413753017459059,0.0804196841257257,0.22870139740505505,0.14849580915188976,0.08020558825316529,1.2965147306576412,1.1743923409278654,0.12212238972977585
130,174,MP_tot_PEEP_Jmin,mixed,severe_mixed,104.55174100974975,101.16116391042848,0.032429656996386905,3.307974792167883,2.2879188352652875,0.08017195433830998,0.040085977169155185,0.020319487590794272,0.040716678132885153,S130,S174,9.0,9.0,0.0,1.0,0.6,0.4,15.0,15.0,0.0,80.64061173968858,76.22997868346472,4.410633056223858,3.3905770993212627,23.911129270061167,24.931185226963755,1.0200559569025884,0.3333333333333333,0.29258511621575944,0.04074821711757387,0.3333333333333333,0.41482976756848106,0.08149643423514774,0.22870139740505505,0.24645016193208957,0.017748764527034527,1.2965147306576412,1.3270522392573052,0.030537508599663976
131,175,MP_tot_PEEP_Jmin,mixed,severe_mixed,116.49087563243134,120.0309832454374,0.030389569945171592,0.157535555839857,3.5926194649526764,0.08649214700699553,0.043246073503497795,0.02913165566814091,0.055002450824930715,S131,S175,9.0,9.0,0.0,1.4,1.0,0.3999999999999999,15.0,15.0,0.0,92.44339360848043,92.23334620069396,0.21004740778647601,3.5401076130060574,24.047482023950906,27.79763704474344,3.7501550207925334,0.33333333333333337,0.2903465371546724,0.04298679617866097,0.33333333333333337,0.4193069256906552,0.08597359235732183,0.20643232264670203,0.23158718101894812,0.025154858372246097,1.260131969254587,1.3013838073732849,0.041251838118697925
131,177,MP_tot_PEEP_Jmin,mixed,severe_mixed,116.49087563243134,115.83928189231297,0.005593517402808214,10.306735433501252,2.7839847377153717,0.07948710247809515,0.0397435512390476,0.12867371581101938,0.28234318877146447,S131,S177,9.0,12.0,3.0,1.4,0.6,0.7999999999999999,15.0,15.0,0.0,92.44339360848043,78.70107969714545,13.742313911334989,0.651593740118372,24.047482023950906,37.13820219516752,13.090720171216617,0.33333333333333337,0.2927199709503307,0.04061336238300267,0.33333333333333337,0.41456005809933866,0.08122672476600529,0.20643232264670203,0.32060110860918584,0.11416878596248381,1.260131969254587,1.4718893608331851,0.2117573915785982
132,164,MP_tot_PEEP_Jmin,mixed,severe_mixed,101.72541369127505,105.92998314980343,0.041332537327287436,4.486137660932144,2.065911578135271,0.08287646547902139,0.04143823273951064,0.039212130943163614,0.11530359077848185,S132,S164,12.0,12.0,0.0,0.6,1.4,0.7999999999999999,15.0,10.0,5.0,68.10839893703759,69.89274231276909,1.7843433757314955,4.204569458528383,33.61701475423745,36.03724083703433,2.42022608279688,0.33333333333333337,0.2928226920737634,0.04051064125956999,0.33333333333333337,0.4143546158524732,0.08102128251913981,0.3304682039068549,0.34019868374822076,0.00973047984136588,1.4935810454935892,1.5156077676244006,0.02202672213081147
132,172,MP_tot_PEEP_Jmin,mixed,severe_mixed,101.72541369127505,100.67724541350087,0.010303897912425811,12.239542808174384,5.128015880498992,0.08488367913374267,0.04244183956687131,0.1926879021617874,0.40148708801291244,S132,S172,12.0,6.0,6.0,0.6,1.0,0.4,15.0,15.0,0.0,68.10839893703759,84.42778934793678,16.31939041089919,1.048168277774181,33.61701475423745,16.249456065564097,17.367558688673356,0.33333333333333337,0.29115562414471213,0.04217770918862124,0.33333333333333337,0.41768875171057596,0.08435541837724259,0.3304682039068549,0.161401476558327,0.16906672734852787,1.4935810454935892,1.1924657294839047,0.30111531600968444
132,174,MP_tot_PEEP_Jmin,mixed,severe_mixed,101.72541369127505,101.16116391042848,0.005546792688000263,6.091184809820348,2.594644717453349,0.08017195433830998,0.040085977169155185,0.0932480524986789,0.2220384083150453,S132,S174,12.0,9.0,3.0,0.6,0.6,0.0,15.0,15.0,0.0,68.10839893703759,76.22997868346472,8.12157974642713,0.5642497808465663,33.61701475423745,24.931185226963755,8.685829527273697,0.33333333333333337,0.29258511621575944,0.040748217117573926,0.33333333333333337,0.41482976756848106,0.08149643423514769,0.3304682039068549,0.24645016193208957,0.08401804197476531,1.4935810454935892,1.3270522392573052,0.16652880623628397
133,175,MP_tot_PEEP_Jmin,mixed,severe_mixed,123.16483781638945,120.0309832454374,0.02544439327419009,3.711902268546112,4.371155327134062,0.08649214700699553,0.043246073503497795,0.06739481347786896,0.14626050656086886,S133,S175,12.0,9.0,3.0,1.0,1.0,0.0,15.0,15.0,0.0,87.28414317596582,92.23334620069396,4.949203024728135,3.133854570952053,35.880694640423606,27.79763704474344,8.083057595680167,0.33333333333333337,0.2903465371546724,0.04298679617866097,0.33333333333333337,0.4193069256906552,0.08597359235732183,0.29132255014140884,0.23158718101894812,0.05973536912246072,1.4110791872939366,1.3013838073732849,0.1096953799206517
134,178,MP_tot_PEEP_Jmin,mixed,severe_mixed,139.88058705388812,141.6670230416388,0.01277115020301184,2.2367119606776953,2.5320066413098914,0.0875127152388876,0.0437563576194438,0.033867992872828656,0.07777952294458901,S134,S178,12.0,12.0,0.0,1.4,1.0,0.3999999999999999,15.0,15.0,0.0,103.02118566768807,100.03890305345115,2.9822826142369223,1.7864359877506786,36.859401386200055,41.62811998818765,4.768718601987594,0.3333333333333333,0.28979888937688486,0.043534443956448454,0.3333333333333333,0.42040222124623017,0.08706888791289685,0.26350619598129227,0.2938448136652967,0.03033861768400442,1.3577846745532145,1.4161193167616564,0.05833464220844187
135,136,MP_tot_PEEP_Jmin,severe_mixed,severe_mixed,11.469445940403753,11.469445940403753,0.0,0.0,0.0,0.0,0.0,0.0,0.0,S135,S136,0.0,0.0,0.0,0.6,1.0,0.4,5.0,5.0,0.0,11.469445940403753,11.469445940403753,0.0,0.0,0.0,0.0,0.0,0.29406640596973893,0.29406640596973893,0.0,0.4118671880605221,0.4118671880605221,0.0,0.0,0.0,0.0,1.0,1.0,0.0
135,137,MP_tot_PEEP_Jmin,severe_mixed,severe_mixed,11.469445940403753,11.469445940403753,0.0,0.0,0.0,0.0,0.0,0.0,0.0,S135,S137,0.0,0.0,0.0,0.6,1.4,0.7999999999999999,5.0,5.0,0.0,11.469445940403753,11.469445940403753,0.0,0.0,0.0,0.0,0.0,0.29406640596973893,0.29406640596973893,0.0,0.4118671880605221,0.4118671880605221,0.0,0.0,0.0,0.0,1.0,1.0,0.0
136,137,MP_tot_PEEP_Jmin,severe_mixed,severe_mixed,11.469445940403753,11.469445940403753,0.0,0.0,0.0,0.0,0.0,0.0,0.0,S136,S137,0.0,0.0,0.0,1.0,1.4,0.3999999999999999,5.0,5.0,0.0,11.469445940403753,11.469445940403753,0.0,0.0,0.0,0.0,0.0,0.29406640596973893,0.29406640596973893,0.0,0.4118671880605221,0.4118671880605221,0.0,0.0,0.0,0.0,1.0,1.0,0.0
140,141,MP_tot_PEEP_Jmin,severe_mixed,severe_mixed,20.525498807316335,21.429121284128843,0.044024385730904184,1.7214832007894305,2.6251056776019315,0.004578680801795021,0.0022893404008977325,0.2524125860897534,0.7128684862258416,S140,S141,3.0,6.0,3.0,1.4,0.6,0.7999999999999999,5.0,5.0,0.0,17.383513355663382,13.940546954084521,3.442966401578861,0.9036224768125081,3.1419854516529506,7.488574330044317,4.346588878391366,0.29360512152720314,0.29182191450367734,0.0017832070235258013,0.41278975694559367,0.4163561709926453,0.003566414047051658,0.15307717883732924,0.349457835006544,0.19638065616921474,1.1807451340456054,1.537179377158527,0.3564342431129215
145,147,MP_tot_PEEP_Jmin,severe_mixed,severe_mixed,39.29056612724852,39.18204041295226,0.0027621316003637866,3.3830666258871016,3.274540911590851,0.01684601691200921,0.008423008456004522,0.15343895775084104,1.3845415302253912,S145,S147,9.0,12.0,3.0,1.0,0.6,0.4,5.0,5.0,0.0,23.17778121953947,16.411647967765266,6.766133251774203,0.10852571429625613,16.11278490770904,22.770392445186992,6.657607537477951,0.2888971118959652,0.2938485058928819,0.004951393996916742,0.4222057762080695,0.41230298821423594,0.00990278799383354,0.41009296876826157,0.5811436108278799,0.17105064205961834,1.6951823712153065,2.387453136328002,0.6922707651126956
145,153,MP_tot_PEEP_Jmin,severe_mixed,severe_mixed,39.29056612724852,40.82777149210426,0.039124031959154495,12.585551777878155,1.0388747808015388,0.008483863618685916,0.004241931809342958,0.422780438711841,1.201483119540915,S145,S153,9.0,3.0,6.0,1.0,0.6,0.4,5.0,10.0,5.0,23.17778121953947,36.261663581471836,13.083882361932368,1.537205364855744,16.11278490770904,4.566107910632431,11.54667699707661,0.2888971118959652,0.29275761727643645,0.0038605053804712797,0.4222057762080695,0.41448476544712703,0.007721010760942448,0.41009296876826157,0.11183828418152769,0.2982546845867339,1.6951823712153065,1.1259210819264651,0.5692612892888413
146,154,MP_tot_PEEP_Jmin,severe_mixed,severe_mixed,46.81362245899952,45.29860715525632,0.03236270179839392,12.235846214094742,0.33002636424490817,0.000863037946537415,0.0004315189732688185,0.388531197951506,1.0175114204837734,S146,S154,9.0,3.0,6.0,1.4,1.0,0.3999999999999999,5.0,10.0,5.0,29.211648186182643,40.262505460779096,11.050857274596453,1.5150153037431977,17.60197427281688,5.0361016944772246,12.565872578339654,0.29332622668457015,0.2917782453532468,0.0015479813313233337,0.4133475466308596,0.4164435092935063,0.003095962662646723,0.3760011156631407,0.11117564116743156,0.26482547449570915,1.6025669678283596,1.1250816767819638,0.4774852910463958
146,155,MP_tot_PEEP_Jmin,severe_mixed,severe_mixed,46.81362245899952,48.20074019443028,0.029630643017331846,14.247135202975826,1.5664621804885215,0.0019007358664706597,0.0009503679332352744,0.4008012150633109,1.0345690656955164,S146,S155,9.0,3.0,6.0,1.4,1.4,0.0,5.0,10.0,5.0,29.211648186182643,43.279438944100725,14.067790757918083,1.3871177354307633,17.60197427281688,4.9213012503295674,12.680673022487312,0.29332622668457015,0.2934478770633482,0.00012165037877803764,0.4133475466308596,0.41310424587330385,0.0002433007575557422,0.3760011156631407,0.10210011776744948,0.2739009978956912,1.6025669678283596,1.1137099133074682,0.48885705452089145
147,153,MP_tot_PEEP_Jmin,severe_mixed,severe_mixed,39.18204041295226,40.82777149210426,0.0420021791057103,15.968618403765257,2.235666130789312,0.008362153293323293,0.004181076646661563,0.576219396462682,2.586024649766306,S147,S153,12.0,3.0,9.0,0.6,0.6,0.0,5.0,10.0,5.0,16.411647967765266,36.261663581471836,19.85001561370657,1.6457310791520001,22.770392445186992,4.566107910632431,18.20428453455456,0.2938485058928819,0.29275761727643645,0.0010908886164454623,0.41230298821423594,0.41448476544712703,0.002181777232891091,0.5811436108278799,0.11183828418152769,0.4693053266463522,2.387453136328002,1.1259210819264651,1.261532054401537
149,158,MP_tot_PEEP_Jmin,severe_mixed,severe_mixed,64.04569324377006,64.71848187360195,0.010504822350366696,17.20416891060564,0.852133074889629,0.0006037670476617407,0.00030188352383081485,0.3566539379142301,1.285165303027766,S149,S158,12.0,6.0,6.0,1.4,1.4,0.0,5.0,10.0,5.0,35.125715601442245,52.15054006699015,17.02482446554791,0.672788629831885,28.919977642327822,12.567941806611802,16.35203583571602,0.2932800180314615,0.2931129045116228,0.00016711351983866862,0.4134399639370771,0.41377419097675455,0.00033422703967744827,0.4515522617930436,0.1941940144881264,0.2573582473049172,1.8233277855594887,1.2409935120608069,0.5823342734986818
150,151,MP_tot_PEEP_Jmin,severe_mixed,severe_mixed,34.40833782121126,34.40833782121126,0.0,0.0,0.0,0.0,0.0,0.0,0.0,S150,S151,0.0,0.0,0.0,0.6,1.0,0.4,10.0,10.0,0.0,34.40833782121126,34.40833782121126,0.0,0.0,0.0,0.0,0.0,0.2940664059697388,0.2940664059697388,0.0,0.4118671880605223,0.4118671880605223,0.0,0.0,0.0,0.0,1.0,1.0,0.0
150,152,MP_tot_PEEP_Jmin,severe_mixed,severe_mixed,34.40833782121126,34.40833782121126,0.0,0.0,0.0,0.0,0.0,0.0,0.0,S150,S152,0.0,0.0,0.0,0.6,1.4,0.7999999999999999,10.0,10.0,0.0,34.40833782121126,34.40833782121126,0.0,0.0,0.0,0.0,0.0,0.2940664059697388,0.2940664059697388,0.0,0.4118671880605223,0.4118671880605223,0.0,0.0,0.0,0.0,1.0,1.0,0.0
151,152,MP_tot_PEEP_Jmin,severe_mixed,severe_mixed,34.40833782121126,34.40833782121126,0.0,0.0,0.0,0.0,0.0,0.0,0.0,S151,S152,0.0,0.0,0.0,1.0,1.4,0.3999999999999999,10.0,10.0,0.0,34.40833782121126,34.40833782121126,0.0,0.0,0.0,0.0,0.0,0.2940664059697388,0.2940664059697388,0.0,0.4118671880605223,0.4118671880605223,0.0,0.0,0.0,0.0,1.0,1.0,0.0
155,156,MP_tot_PEEP_Jmin,severe_mixed,severe_mixed,48.20074019443028,49.19551610927187,0.020638187522201965,3.4429664015788717,2.7162591156310185,0.000833128318734111,0.00041656415936708324,0.15794335439389437,0.26550478238187036,S155,S156,3.0,6.0,3.0,1.4,0.6,0.7999999999999999,10.0,10.0,0.0,43.279438944100725,38.114989341732425,5.1644496023683,0.9947759148415898,4.9213012503295674,11.080526767539455,6.1592255172098875,0.2934478770633482,0.29233950968725864,0.0011083673760895474,0.41310424587330385,0.41532098062548284,0.0022167347521789837,0.10210011776744948,0.22523448565775103,0.12313436789030155,1.1137099133074682,1.2907131015620483,0.17700318825458017
157,159,MP_tot_PEEP_Jmin,severe_mixed,severe_mixed,58.47117845356627,59.511571672714055,0.01779326578775893,4.098905332235983,3.089845885265781,0.007440422870807761,0.0037202114354037974,0.13646237323915555,0.3316080295757984,S157,S159,6.0,9.0,3.0,1.0,0.6,0.4,10.0,10.0,0.0,46.11667310034697,39.968315101992985,6.148357998353987,1.0403932191477878,12.354505353219306,19.543256570721066,7.1887512175017605,0.2904420934767309,0.2924774396243925,0.0020353461476615986,0.4191158130465382,0.41504512075121525,0.004070692295322975,0.21129222430552502,0.3283942268942229,0.11710200258869785,1.2678967176651421,1.488968737382341,0.22107201971719892
160,162,MP_tot_PEEP_Jmin,severe_mixed,severe_mixed,73.92605171614103,71.77593818243083,0.029084652619703492,6.766133251774157,1.2329530921768779,0.010298443563171777,0.005149221781586055,0.13003876579289148,0.4406800222536291,S160,S162,9.0,12.0,3.0,1.0,0.6,0.4,10.0,10.0,0.0,51.9708407399148,41.82164086225356,10.149199877661239,2.150113533710197,21.95521097622622,29.954297320177268,7.999086343951049,0.28967279920342925,0.2929204241856895,0.003247624982260222,0.42065440159314144,0.414159151628621,0.006495249964520444,0.2969888214851398,0.4173306274874916,0.12034180600235184,1.4224524880422826,1.7162391695447023,0.2937866815024197
161,169,MP_tot_PEEP_Jmin,severe_mixed,severe_mixed,83.96156285872623,83.60580954582926,0.00423709731910965,16.785580244798375,0.8292356266013314,0.0002839188005211435,0.00014195940026062726,0.25221535911178383,0.44237243262361936,S161,S169,9.0,3.0,6.0,1.4,1.0,0.3999999999999999,10.0,15.0,5.0,61.02164118987954,76.62223249517965,15.600591305300107,0.3557533128969652,22.939921668846686,6.9835770506496235,15.956344618197063,0.29292675535005536,0.2923414501747442,0.0005853051753111349,0.41414648929988923,0.41531709965051183,0.0011706103506226029,0.273219326651237,0.08352980598580909,0.1896895206654279,1.3759309192859153,1.0911429597289397,0.28478795955697556
161,170,MP_tot_PEEP_Jmin,severe_mixed,severe_mixed,83.96156285872623,87.34542752194797,0.04030254497424537,19.802513728119976,3.5632091082794943,0.0022840563871961983,0.0011420281935981547,0.260836470256946,0.45311236179314873,S161,S170,9.0,3.0,6.0,1.4,1.4,0.0,10.0,15.0,5.0,61.02164118987954,80.6448104729418,19.62316928306226,3.3838646632217433,22.939921668846686,6.700617049006176,16.23930461984051,0.29292675535005536,0.2934921456977664,0.0005653903477110256,0.41414648929988923,0.41301570860446707,0.0011307806954221622,0.273219326651237,0.0767139991079952,0.1965053275432418,1.3759309192859153,1.0830880128517926,0.2928429064341227
162,165,MP_tot_PEEP_Jmin,severe_mixed,severe_mixed,71.77593818243083,68.81667564242248,0.041229172546472063,23.731412823647823,6.2228844965294385,0.0009641876165195074,0.0004820938082599202,0.517923311038243,1.074358754317053,S162,S165,12.0,0.0,12.0,0.6,0.6,0.0,10.0,15.0,5.0,41.82164086225356,68.81667564242248,26.995034780168922,2.9592625400083534,29.954297320177268,0.0,29.954297320177268,0.2929204241856895,0.2940664059697385,0.0011459817840490105,0.414159151628621,0.4118671880605228,0.0022919635680981876,0.4173306274874916,0.0,0.4173306274874916,1.7162391695447023,1.0,0.7162391695447023
162,166,MP_tot_PEEP_Jmin,severe_mixed,severe_mixed,71.77593818243083,68.81667564242248,0.041229172546472063,23.731412823647823,6.2228844965294385,0.0009641876165195074,0.0004820938082599202,0.517923311038243,1.074358754317053,S162,S166,12.0,0.0,12.0,0.6,1.0,0.4,10.0,15.0,5.0,41.82164086225356,68.81667564242248,26.995034780168922,2.9592625400083534,29.954297320177268,0.0,29.954297320177268,0.2929204241856895,0.2940664059697385,0.0011459817840490105,0.414159151628621,0.4118671880605228,0.0022919635680981876,0.4173306274874916,0.0,0.4173306274874916,1.7162391695447023,1.0,0.7162391695447023
162,167,MP_tot_PEEP_Jmin,severe_mixed,severe_mixed,71.77593818243083,68.81667564242248,0.041229172546472063,23.731412823647823,6.2228844965294385,0.0009641876165195074,0.0004820938082599202,0.517923311038243,1.074358754317053,S162,S167,12.0,0.0,12.0,0.6,1.4,0.7999999999999999,10.0,15.0,5.0,41.82164086225356,68.81667564242248,26.995034780168922,2.9592625400083534,29.954297320177268,0.0,29.954297320177268,0.2929204241856895,0.2940664059697385,0.0011459817840490105,0.414159151628621,0.4118671880605228,0.0022919635680981876,0.4173306274874916,0.0,0.4173306274874916,1.7162391695447023,1.0,0.7162391695447023
163,170,MP_tot_PEEP_Jmin,severe_mixed,severe_mixed,91.66322694298069,87.34542752194797,0.047105033992733136,21.933602268384554,5.203999246107259,0.008138771698445901,0.004069385849222784,0.36771976502986736,0.7669906562745545,S163,S170,12.0,3.0,9.0,1.0,1.4,0.3999999999999999,10.0,15.0,5.0,57.82500837948266,80.6448104729418,22.81980209345914,4.317799421032717,33.83821856349802,6.700617049006176,27.13760151449184,0.2892411010022503,0.2934921456977664,0.004251044695516071,0.42151779799549927,0.41301570860446707,0.008502089391032197,0.369158054893127,0.0767139991079952,0.2924440557851318,1.5851831156068528,1.0830880128517926,0.5020951027550602
163,171,MP_tot_PEEP_Jmin,severe_mixed,severe_mixed,91.66322694298069,88.4313568748186,0.03525808741353251,16.769152666016232,2.396586692447187,0.008079501582871018,0.00403975079143537,0.2578228514529831,0.6125414401404199,S163,S171,12.0,6.0,6.0,1.0,0.6,0.4,10.0,15.0,5.0,57.82500837948266,73.75887766978403,15.933869290301367,3.231870068162081,33.83821856349802,14.672479205034591,19.165739358463426,0.2892411010022503,0.2926889123721613,0.0034478113699110136,0.42151779799549927,0.41462217525567735,0.006895622739821916,0.369158054893127,0.16591941731488544,0.20323863757824154,1.5851831156068528,1.1989249249523939,0.3862581906544589
164,172,MP_tot_PEEP_Jmin,severe_mixed,severe_mixed,105.92998314980343,100.67724541350087,0.04958688352545358,16.72568046910653,3.0621043023637213,0.002007213654721285,0.0010036068273606702,0.23190003310495103,0.5167906787913943,S164,S172,12.0,6.0,6.0,1.4,1.0,0.3999999999999999,10.0,15.0,5.0,69.89274231276909,84.42778934793678,14.535047035167693,5.252737736302564,36.03724083703433,16.249456065564097,19.787784771470236,0.2928226920737634,0.29115562414471213,0.001667067929051247,0.4143546158524732,0.41768875171057596,0.0033341358581027714,0.34019868374822076,0.161401476558327,0.17879720718989375,1.5156077676244006,1.1924657294839047,0.3231420381404959
164,173,MP_tot_PEEP_Jmin,severe_mixed,severe_mixed,105.92998314980343,108.59951870742594,0.025200943852198312,22.75954743574964,2.848880002680332,0.0013890547746922555,0.0006945273873459334,0.24745893503334992,0.5408885301994464,S164,S173,12.0,6.0,6.0,1.4,1.4,0.0,10.0,15.0,5.0,69.89274231276909,92.47294530346095,22.58020299069186,2.6695355576225097,36.03724083703433,16.126573403965004,19.910667433069328,0.2928226920737634,0.29312349127047055,0.0003007991967071688,0.4143546158524732,0.413753017459059,0.0006015983934141711,0.34019868374822076,0.14849580915188976,0.191702874596331,1.5156077676244006,1.1743923409278654,0.34121542669653526
164,174,MP_tot_PEEP_Jmin,severe_mixed,severe_mixed,105.92998314980343,101.16116391042848,0.045018597167442276,10.577322470752492,0.5287331393180779,0.0027045111407114075,0.001352255570355454,0.13246018344184252,0.33734199909352713,S164,S174,12.0,9.0,3.0,1.4,0.6,0.7999999999999999,10.0,15.0,5.0,69.89274231276909,76.22997868346472,6.337236370695635,4.768819239374949,36.03724083703433,24.931185226963755,11.106055610070577,0.2928226920737634,0.29258511621575944,0.00023757585800393555,0.4143546158524732,0.41482976756848106,0.0004751517160078711,0.34019868374822076,0.24645016193208957,0.09374852181613119,1.5156077676244006,1.3270522392573052,0.18855552836709544
165,166,MP_tot_PEEP_Jmin,severe_mixed,severe_mixed,68.81667564242248,68.81667564242248,0.0,0.0,0.0,0.0,0.0,0.0,0.0,S165,S166,0.0,0.0,0.0,0.6,1.0,0.4,15.0,15.0,0.0,68.81667564242248,68.81667564242248,0.0,0.0,0.0,0.0,0.0,0.2940664059697385,0.2940664059697385,0.0,0.4118671880605228,0.4118671880605228,0.0,0.0,0.0,0.0,1.0,1.0,0.0
165,167,MP_tot_PEEP_Jmin,severe_mixed,severe_mixed,68.81667564242248,68.81667564242248,0.0,0.0,0.0,0.0,0.0,0.0,0.0,S165,S167,0.0,0.0,0.0,0.6,1.4,0.7999999999999999,15.0,15.0,0.0,68.81667564242248,68.81667564242248,0.0,0.0,0.0,0.0,0.0,0.2940664059697385,0.2940664059697385,0.0,0.4118671880605228,0.4118671880605228,0.0,0.0,0.0,0.0,1.0,1.0,0.0
166,167,MP_tot_PEEP_Jmin,severe_mixed,severe_mixed,68.81667564242248,68.81667564242248,0.0,0.0,0.0,0.0,0.0,0.0,0.0,S166,S167,0.0,0.0,0.0,1.0,1.4,0.3999999999999999,15.0,15.0,0.0,68.81667564242248,68.81667564242248,0.0,0.0,0.0,0.0,0.0,0.2940664059697385,0.2940664059697385,0.0,0.4118671880605228,0.4118671880605228,0.0,0.0,0.0,0.0,1.0,1.0,0.0
169,170,MP_tot_PEEP_Jmin,severe_mixed,severe_mixed,83.60580954582926,87.34542752194797,0.04472916411471148,3.0169334833216013,2.733973481678163,0.002000137586675055,0.0010000687933375274,0.008621111145162175,0.010739929169529372,S169,S170,3.0,3.0,0.0,1.0,1.4,0.3999999999999999,15.0,15.0,0.0,76.62223249517965,80.6448104729418,4.022577977762154,3.7396179761187085,6.9835770506496235,6.700617049006176,0.28296000164344726,0.2923414501747442,0.2934921456977664,0.0011506955230221605,0.41531709965051183,0.41301570860446707,0.002301391046044765,0.08352980598580909,0.0767139991079952,0.006815806877813885,1.0911429597289397,1.0830880128517926,0.00805494687714714
170,171,MP_tot_PEEP_Jmin,severe_mixed,severe_mixed,87.34542752194797,88.4313568748186,0.012432583864768032,5.164449602368322,2.807412553660072,5.927011557488315e-05,2.963505778741382e-05,0.10989691357688426,0.15444921613413465,S170,S171,3.0,6.0,3.0,1.4,0.6,0.7999999999999999,15.0,15.0,0.0,80.6448104729418,73.75887766978403,6.885932803157772,1.085929352870636,6.700617049006176,14.672479205034591,7.971862156028415,0.2934921456977664,0.2926889123721613,0.0008032333256050572,0.41301570860446707,0.41462217525567735,0.001606466651210281,0.0767139991079952,0.16591941731488544,0.08920541820689024,1.0830880128517926,1.1989249249523939,0.11583691210060132
172,174,MP_tot_PEEP_Jmin,severe_mixed,severe_mixed,100.67724541350087,101.16116391042848,0.004806632272665666,6.148357998354037,2.5333711630456435,0.004711724795432692,0.002355862397716124,0.09943984966310851,0.17944867969786715,S172,S174,6.0,9.0,3.0,1.0,0.6,0.4,15.0,15.0,0.0,84.42778934793678,76.22997868346472,8.197810664472058,0.4839184969276147,16.249456065564097,24.931185226963755,8.681729161399659,0.29115562414471213,0.29258511621575944,0.0014294920710473114,0.41768875171057596,0.41482976756848106,0.0028589841420949003,0.161401476558327,0.24645016193208957,0.08504868537376256,1.1924657294839047,1.3270522392573052,0.13458650977340048
175,177,MP_tot_PEEP_Jmin,severe_mixed,severe_mixed,120.0309832454374,115.83928189231297,0.03492182801296651,10.149199877661395,0.8086347272373047,0.007005044528900384,0.003502522264450192,0.09954206014287847,0.22734073794653376,S175,S177,9.0,12.0,3.0,1.0,0.6,0.4,15.0,15.0,0.0,92.23334620069396,78.70107969714545,13.532266503548513,4.191701353124429,27.79763704474344,37.13820219516752,9.340565150424084,0.2903465371546724,0.2927199709503307,0.0023734337956582974,0.4193069256906552,0.41456005809933866,0.004746867591316539,0.23158718101894812,0.32060110860918584,0.08901392759023771,1.3013838073732849,1.4718893608331851,0.17050555345990026
