E_vent_J,E_mus_J,E_tot_J,E1_tot_J,E2_tot_J,MP_vent_Jmin,MP_mus_Jmin,MP_tot_Jmin,REF1,REF2,EII,ECF,HBR,VT1_L,VT2_L,VT_total_L,Flow1_peak_Ls,Flow2_peak_Ls,Flow_total_peak_Ls,Pdist_peak_cmH2O,C1_L_cmH2O,R1_cmH2O_s_L,C2_L_cmH2O,R2_cmH2O_s_L,PEEP_cmH2O,PS_cmH2O,RR_bpm,Ti_s,Energy_balance_error_J,Partition_balance_error,scenario_id,phenotype,Pmus_peak_cmH2O,Tmus_s,Pmus_onset_s,dt_s,V_integral_I_L,last_inspiratory_sample_s,min_total_flow_in_I_Ls,MP_PEEP_term_Jmin,E_vent_PEEP_J,E_tot_PEEP_J,E1_tot_PEEP_J,E2_tot_PEEP_J,MP_vent_PEEP_Jmin,MP_tot_PEEP_Jmin,EF1_PEEP,EF2_PEEP,EII_PEEP,ECF_PEEP,ratio_PEEP
0.2485049787030424,0.0,0.2485049787030424,0.09361884045857832,0.15488613824446407,4.473089616654763,0.0,4.473089616654763,0.37672822873480794,0.6232717712651921,0.24654354253038416,0.0,1.0,0.1912555050166022,0.3162578386147169,0.5075133436313191,0.625,0.625,1.25,5.0,0.04,8.0,0.08,8.0,5.0,5.0,18.0,1.0,0.0,0.0,S000,compliance_dominant,0.0,0.6,0.0,0.001,0.5068091115784542,0.999,0.1584641057309203,4.473089616654764,0.4970099574060848,0.4970099574060848,0.18723768091715665,0.30977227648892813,8.946179233309525,8.946179233309525,0.37672822873480794,0.6232717712651921,0.24654354253038416,0.0,1.0
0.2485049787030424,0.0,0.2485049787030424,0.09361884045857832,0.15488613824446407,4.473089616654763,0.0,4.473089616654763,0.37672822873480794,0.6232717712651921,0.24654354253038416,0.0,1.0,0.1912555050166022,0.3162578386147169,0.5075133436313191,0.625,0.625,1.25,5.0,0.04,8.0,0.08,8.0,5.0,5.0,18.0,1.0,0.0,0.0,S001,compliance_dominant,0.0,1.0,0.0,0.001,0.5068091115784542,0.999,0.1584641057309203,4.473089616654764,0.4970099574060848,0.4970099574060848,0.18723768091715665,0.30977227648892813,8.946179233309525,8.946179233309525,0.37672822873480794,0.6232717712651921,0.24654354253038416,0.0,1.0
0.2485049787030424,0.0,0.2485049787030424,0.09361884045857832,0.15488613824446407,4.473089616654763,0.0,4.473089616654763,0.37672822873480794,0.6232717712651921,0.24654354253038416,0.0,1.0,0.1912555050166022,0.3162578386147169,0.5075133436313191,0.625,0.625,1.25,5.0,0.04,8.0,0.08,8.0,5.0,5.0,18.0,1.0,0.0,0.0,S002,compliance_dominant,0.0,1.4,0.0,0.001,0.5068091115784542,0.999,0.1584641057309203,4.473089616654764,0.4970099574060848,0.4970099574060848,0.18723768091715665,0.30977227648892813,8.946179233309525,8.946179233309525,0.37672822873480794,0.6232717712651921,0.24654354253038416,0.0,1.0
0.28113009789364335,0.1142406266078829,0.3953707245015262,0.14854517891391927,0.24682554558760697,5.060341762085581,2.056331278941892,7.116673041027472,0.37571112302561455,0.6242888769743855,0.24857775394877096,0.2889455883510715,1.4063621343421655,0.20870499565911563,0.36527936564900326,0.5739843613081189,0.6251308977799827,0.7332580960664384,1.3315271508736255,8.0,0.04,8.0,0.08,8.0,5.0,5.0,18.0,1.0,0.0,0.0,S003,compliance_dominant,3.0,0.6,0.0,0.001,0.5733458375564404,0.999,0.006269544695043483,5.060341762085581,0.5622601957872867,0.6765008223951696,0.2507334824833603,0.4257673399118093,10.120683524171161,12.177014803113053,0.3706329307858512,0.6293670692141489,0.2587341384282976,0.16886990056185125,1.203181067171083
0.3361678614636069,0.13655734288245044,0.47272520434605736,0.17359468179395804,0.29913052255209926,6.051021506344924,2.458032171884108,8.509053678229032,0.3672211259268471,0.6327788740731528,0.2655577481463058,0.28887256619066154,1.4062177219675533,0.25397641867390625,0.4321316547459189,0.6861080734198252,0.625,0.6463151486927897,1.25,8.0,0.04,8.0,0.08,8.0,5.0,5.0,18.0,1.0,0.0,1.1102230246251565e-16,S004,compliance_dominant,3.0,1.0,0.0,0.001,0.6855916372331161,0.999,-0.21712762658267004,6.051021506344925,0.6723357229272138,0.8088930658096642,0.2980155388360275,0.5108775269736368,12.102043012689848,14.560075184573957,0.3684239010476964,0.6315760989523036,0.26315219790460725,0.16882001917739634,1.2031088609837768
0.37351108821495377,0.14197203619037363,0.5154831244053275,0.19205658803905593,0.32342653636627156,6.723199587869168,2.555496651426725,9.278696239295895,0.37257589811619257,0.6274241018838074,0.2548482037676148,0.27541548785744563,1.3801012625056783,0.2911464789470833,0.4713248741472159,0.7624713530942993,0.625,0.625,1.25,8.0,0.04,8.0,0.08,8.0,5.0,5.0,18.0,1.0,1.1102230246251565e-16,0.0,S005,compliance_dominant,3.0,1.4,0.0,0.001,0.7617506247596352,0.999,0.1914566693277059,6.7231995878691695,0.7470221764299075,0.8889942126202813,0.3346597566154376,0.5543344560048435,13.446399175738335,16.001895827165065,0.37644762121570957,0.6235523787842903,0.24710475756858072,0.1596996180345378,1.1900506312528392
0.313755217084244,0.3075883960885731,0.621343613172817,0.23652815409205363,0.3848154590807635,5.6475939075163915,5.536591129594315,11.184185037110707,0.38067206144479515,0.619327938555205,0.2386558771104098,0.4950375115596821,1.9803451204637177,0.22615448630162932,0.4143008926832893,0.6404553789849186,0.8112055209812534,1.0104364644576485,1.8086457591304357,11.0,0.04,8.0,0.08,8.0,5.0,5.0,18.0,1.0,0.0,0.0,S006,compliance_dominant,6.0,0.6,0.0,0.001,0.6398825635344261,0.999,-0.32760092248677164,5.647593907516392,0.627510434168488,0.9350988302570611,0.3472859207723571,0.587812909484704,11.295187815032783,16.8317789446271,0.3713895360952246,0.6286104639047754,0.2572209278095508,0.328936777735051,1.490172560231859
0.4238307442241719,0.37145768262381845,0.7952884268479905,0.29060220631718003,0.5046862205308104,7.628953396035094,6.686238287228732,14.31519168326383,0.3654047971865244,0.6345952028134755,0.269190405626951,0.46707291352904085,1.8764293003419967,0.3166973323312102,0.5480054708771203,0.8647028032083305,0.6619045604065801,0.8664083927250663,1.5035511077430894,11.0,0.04,8.0,0.08,8.0,5.0,5.0,18.0,1.0,2.220446049250313e-16,1.1102230246251565e-16,S007,compliance_dominant,6.0,1.0,0.0,0.001,0.8643741628877789,0.999,-0.592719358896259,7.628953396035095,0.8476614884483438,1.219119171072162,0.44582507994274106,0.7732940911294212,15.257906792070187,21.944145079298917,0.3656944214491003,0.6343055785508999,0.2686111571017995,0.30469349628645215,1.4382146501709978
0.4985171977268654,0.40132738720559713,0.8998445849324627,0.33491061831475655,0.5649339666177061,8.973309559083578,7.223892969700748,16.197202528784327,0.3721871797893778,0.6278128202106221,0.25562564042124436,0.4459963352846298,1.8050422112528242,0.39103745287756353,0.626391909679714,1.0174293625572775,0.625,0.7641072503953341,1.3123750062214483,11.0,0.04,8.0,0.08,8.0,5.0,5.0,18.0,1.0,1.1102230246251565e-16,0.0,S008,compliance_dominant,6.0,1.4,0.0,0.001,1.0166921379408165,0.999,0.22444923292449548,8.973309559083578,0.9970343954537308,1.3983617826593282,0.526498115008942,0.8718636676503863,17.946619118167156,25.17051208786791,0.3765106580699571,0.6234893419300429,0.24697868386008587,0.28699825194190776,1.4025211056264124
0.3463803362748453,0.5800433084420705,0.9264236447169157,0.35756776599298234,0.5688558787239334,6.234846052947216,10.44077955195727,16.675625604904482,0.38596571669135576,0.6140342833086442,0.22806856661728844,0.6261102161520419,2.674584979852374,0.24360397694414268,0.4633224197175753,0.706926396661718,1.037545084512467,1.2965299255362863,2.320716431496118,14.0,0.04,8.0,0.08,8.0,5.0,5.0,18.0,1.0,1.1102230246251565e-16,0.0,S009,compliance_dominant,9.0,0.6,0.0,0.001,0.7064192895124131,0.999,-0.6614713896685837,6.234846052947216,0.6927606725496906,1.272803980991761,0.47689499578414907,0.7959089852076121,12.469692105894431,22.910471657851698,0.374680628679803,0.6253193713201971,0.2506387426403941,0.45572084712534006,1.837292489926187
0.511493626984737,0.7047010192241042,1.2161946462088413,0.444641414028244,0.7715532321805972,9.206885285725265,12.684618346033876,21.891503631759143,0.3656005355839163,0.6343994644160836,0.2687989288321673,0.5794311144361797,2.3777317683864956,0.37941824598851426,0.6638792870083213,1.0432975329968355,0.8268621247242501,1.1104835208233774,1.9170868394886573,14.0,0.04,8.0,0.08,8.0,5.0,5.0,18.0,1.0,0.0,0.0,S010,compliance_dominant,9.0,1.0,0.0,0.001,1.043156688542442,0.999,-0.9683110912098478,9.206885285725265,1.022987253969474,1.727688273193578,0.6306663042372966,1.0970219689562817,18.41377057145053,31.098388917484407,0.36503477740896484,0.6349652225910353,0.26993044518207043,0.40788667154722663,1.6888658841932476
0.623523307238777,0.7780660530456703,1.4015893602844474,0.5221809312856796,0.8794084289987678,11.223419530297987,14.005188954822065,25.228608485120052,0.37256342412566895,0.6274365758743311,0.25487315174866215,0.5551312496320354,2.2478540000233087,0.4909284268080444,0.7814589452122128,1.2723873720202572,0.697413612829034,0.973937363745316,1.6439684108005095,14.0,0.04,8.0,0.08,8.0,5.0,5.0,18.0,1.0,0.0,0.0,S011,compliance_dominant,9.0,1.4,0.0,0.001,1.2716336511219979,0.999,0.25744179652128185,11.223419530297988,1.247046614477554,2.0251126675232243,0.7627527560976685,1.262359911425556,22.446839060595973,36.45202801541804,0.37664707170615785,0.6233529282938423,0.24670585658768435,0.38420877293571487,1.6239270000116541
0.37900545546544706,0.9316053636683757,1.3106108191338226,0.5116640146167047,0.798946804517118,6.822098198378047,16.76889654603076,23.590994744408807,0.39040118328556256,0.6095988167144375,0.219197633428875,0.7108176966554188,3.458026263828563,0.2610534675866558,0.5123439467518603,0.7733974143385162,1.2698086167805696,1.5846311984743178,2.8396477830056295,17.0,0.04,8.0,0.08,8.0,5.0,5.0,18.0,1.0,0.0,0.0,S012,compliance_dominant,12.0,0.6,0.0,0.001,0.772956015490401,0.999,-0.9953418568503958,6.822098198378048,0.7580109109308941,1.6896162745992698,0.6395607075187342,1.0500555670805354,13.644196396756094,30.413092942786857,0.37852423484167746,0.6214757651583224,0.24295153031664496,0.5513709696536431,2.2290131319142814
0.5991565097453017,1.1362873526833068,1.7354438624286088,0.6357123049271486,1.0997315575014603,10.78481717541543,20.453172348299525,31.23798952371496,0.36631107389294765,0.6336889261070524,0.26737785221410476,0.6547531598591542,2.8964783561582883,0.4421391596458181,0.7797531031395233,1.2218922627853415,1.008183545117066,1.3589817413661591,2.345884311755869,17.0,0.04,8.0,0.08,8.0,5.0,5.0,18.0,1.0,2.220446049250313e-16,0.0,S013,compliance_dominant,12.0,1.0,0.0,0.001,1.2219392141971042,0.999,-1.3439028235234374,10.78481717541543,1.1983130194906033,2.3346003721739104,0.8525392117196922,1.4820611604542182,21.56963435083086,42.022806699130385,0.3651756514224458,0.6348243485775542,0.26964869715510836,0.4867159991177548,1.9482391780791442
0.7485294167506881,1.272188033710592,2.0207174504612797,0.7538675269518239,1.266849923509456,13.473529501512385,22.899384606790655,36.372914108303036,0.3730692417090448,0.6269307582909552,0.2538615165819105,0.6295724488449302,2.6995832164259728,0.5908194007385252,0.936525980744713,1.5273453814832383,0.840441034972733,1.1914648438460316,2.0064431805007974,17.0,0.04,8.0,0.08,8.0,5.0,5.0,18.0,1.0,4.440892098500626e-16,0.0,S014,compliance_dominant,12.0,1.4,0.0,0.001,1.526575164303178,0.999,0.29043436011806656,13.473529501512386,1.4970588335013761,2.769246867211968,1.043423679881616,1.7258231873303518,26.94705900302477,49.846443609815424,0.376789694062963,0.623210305937037,0.246420611874074,0.4593985638381925,1.8497916082129864
0.9940199148121696,0.0,0.9940199148121696,0.3744753618343133,0.6195445529778563,17.89235846661905,0.0,17.89235846661905,0.37672822873480794,0.6232717712651921,0.24654354253038416,0.0,1.0,0.3825110100332044,0.6325156772294338,1.0150266872626381,1.25,1.25,2.5,10.0,0.04,8.0,0.08,8.0,5.0,10.0,18.0,1.0,0.0,0.0,S015,compliance_dominant,0.0,0.6,0.0,0.001,1.0136182231569084,0.999,0.3169282114618406,8.946179233309527,1.4910298722182542,1.4910298722182542,0.5617130427514698,0.9293168294667843,26.838537699928576,26.838537699928576,0.3767282287348079,0.6232717712651921,0.24654354253038419,0.0,1.0
0.9940199148121696,0.0,0.9940199148121696,0.3744753618343133,0.6195445529778563,17.89235846661905,0.0,17.89235846661905,0.37672822873480794,0.6232717712651921,0.24654354253038416,0.0,1.0,0.3825110100332044,0.6325156772294338,1.0150266872626381,1.25,1.25,2.5,10.0,0.04,8.0,0.08,8.0,5.0,10.0,18.0,1.0,0.0,0.0,S016,compliance_dominant,0.0,1.0,0.0,0.001,1.0136182231569084,0.999,0.3169282114618406,8.946179233309527,1.4910298722182542,1.4910298722182542,0.5617130427514698,0.9293168294667843,26.838537699928576,26.838537699928576,0.3767282287348079,0.6232717712651921,0.24654354253038419,0.0,1.0
0.9940199148121696,0.0,0.9940199148121696,0.3744753618343133,0.6195445529778563,17.89235846661905,0.0,17.89235846661905,0.37672822873480794,0.6232717712651921,0.24654354253038416,0.0,1.0,0.3825110100332044,0.6325156772294338,1.0150266872626381,1.25,1.25,2.5,10.0,0.04,8.0,0.08,8.0,5.0,10.0,18.0,1.0,0.0,0.0,S017,compliance_dominant,0.0,1.4,0.0,0.001,1.0136182231569084,0.999,0.3169282114618406,8.946179233309527,1.4910298722182542,1.4910298722182542,0.5617130427514698,0.9293168294667843,26.838537699928576,26.838537699928576,0.3767282287348079,0.6232717712651921,0.24654354253038419,0.0,1.0
1.059270153193371,0.18892768177936214,1.2481978349727332,0.46779972038359896,0.7803981145891342,19.066862757480678,3.4006982720285186,22.4675610295092,0.3747801087908617,0.6252198912091383,0.25043978241827664,0.15136036651072163,1.1783564666764224,0.3999605006757176,0.6815372042637207,1.0814977049394383,1.25,1.2501331924226842,2.5,13.0,0.04,8.0,0.08,8.0,5.0,10.0,18.0,1.0,0.0,0.0,S018,compliance_dominant,3.0,0.6,0.0,0.001,1.080154949134894,0.999,0.1855116090879143,9.533431378740339,1.5889052297900563,1.7778329115694185,0.6636068644116184,1.1142260471578003,28.600294136221013,32.00099240824953,0.37326728518362606,0.626732714816374,0.25346542963274793,0.1062685253208539,1.118904311117615
1.169345680333298,0.22394318733544216,1.3932888676687403,0.515911202911152,0.8773776647575883,21.048222245999362,4.030977372037959,25.079199618037325,0.37028301516136986,0.6297169848386301,0.2594339696772603,0.16072990499819703,1.191511535982766,0.44523192369050835,0.748389493360636,1.1936214170511443,1.25,1.25,2.5,13.0,0.04,8.0,0.08,8.0,5.0,10.0,18.0,1.0,2.220446049250313e-16,0.0,S019,compliance_dominant,3.0,1.0,0.0,0.001,1.1924007488115698,0.999,-0.05866352085174942,10.524111122999685,1.7540185204999472,1.9779617078353895,0.7339509004117998,1.2440108074235894,31.57233336899905,35.60331074103701,0.37106426150939464,0.6289357384906052,0.2578714769812106,0.11321917226624045,1.127674357321844
1.2440321338359912,0.22525241496832216,1.4692845488043134,0.5491427156476564,0.920141833156657,22.392578409047843,4.054543469429799,26.447121878477642,0.37374837712309866,0.6262516228769013,0.2525032457538027,0.15330755036635343,1.1810663959891077,0.4824019839636855,0.7875827127619331,1.2699846967256185,1.25,1.25,2.5,13.0,0.04,8.0,0.08,8.0,5.0,10.0,18.0,1.0,0.0,0.0,S020,compliance_dominant,3.0,1.4,0.0,0.001,1.268559736338088,0.999,0.34992077505862573,11.196289204523922,1.8660482007539871,2.091300615722309,0.7853647246826161,1.305935891039693,33.58886761357177,37.64341108300157,0.3755388961196097,0.6244611038803902,0.24892220776078056,0.10770924719042498,1.120710930659405
1.1245203915745734,0.4569625064315316,1.5814828980061049,0.5941807156556771,0.9873021823504279,20.241367048342322,8.225325115767568,28.466692164109887,0.37571112302561455,0.6242888769743855,0.24857775394877096,0.2889455883510715,1.4063621343421655,0.41740999131823125,0.7305587312980065,1.1479687226162378,1.2502617955599653,1.4665161921328769,2.663054301747251,16.0,0.04,8.0,0.08,8.0,5.0,10.0,18.0,1.0,0.0,0.0,S021,compliance_dominant,6.0,0.6,0.0,0.001,1.1466916751128808,0.999,0.012539089390086966,10.120683524171161,1.68678058736186,2.1437430937933915,0.7985573227945592,1.3451857709988326,30.36205057251348,38.58737568828104,0.37250607365526145,0.6274939263447387,0.2549878526894772,0.2131610395641804,1.2709080895614437
1.3446714458544275,0.5462293715298018,1.8909008173842294,0.6943787271758322,1.196522090208397,24.204086025379695,9.832128687536432,34.03621471291613,0.3672211259268471,0.6327788740731528,0.2655577481463058,0.28887256619066154,1.4062177219675533,0.5079528373478125,0.8642633094918378,1.3722161468396503,1.25,1.2926302973855794,2.5,16.0,0.04,8.0,0.08,8.0,5.0,10.0,18.0,1.0,0.0,1.1102230246251565e-16,S022,compliance_dominant,6.0,1.0,0.0,0.001,1.3711832744662322,0.999,-0.4342552531653401,12.10204301268985,2.0170071687816415,2.5632365403114425,0.943220441259971,1.620016099051472,36.30612903806955,46.13825772560597,0.3679802571577597,0.6320197428422405,0.26403948568448077,0.2131014297507763,1.2708118146450351
1.494044352859815,0.5678881447614945,2.06193249762131,0.7682263521562237,1.2937061454650862,26.89279835147667,10.2219866057069,37.11478495718358,0.37257589811619257,0.6274241018838074,0.2548482037676148,0.27541548785744563,1.3801012625056783,0.5822929578941666,0.9426497482944318,1.5249427061885985,1.25,1.25,2.5,16.0,0.04,8.0,0.08,8.0,5.0,10.0,18.0,1.0,4.440892098500626e-16,0.0,S023,compliance_dominant,6.0,1.4,0.0,0.001,1.5235012495192704,0.999,0.3829133386554118,13.446399175738339,2.2410665292897227,2.8089546740512175,1.053432689308987,1.7555219847422303,40.339197527215006,50.561184132921916,0.37502658873084366,0.6249734112691563,0.2499468225383126,0.20217063308553046,1.253400841670452
1.1897706299557755,0.8041044739565087,1.9938751039122842,0.7536183476505504,1.2402567562617337,21.41587133920396,14.473880531217157,35.889751870421115,0.37796667713631477,0.6220333228636852,0.2440666457273704,0.4032872833302017,1.6758483137093387,0.43485948196074475,0.7795802583322924,1.2144397402930371,1.410596810041267,1.7390145004482909,3.120632879972348,19.0,0.04,8.0,0.08,8.0,5.0,10.0,18.0,1.0,0.0,0.0,S024,compliance_dominant,9.0,0.6,0.0,0.001,1.2132284010908676,0.999,-0.3213313777917275,10.707935669601982,1.784655944933663,2.588760418890172,0.9665644179002951,1.6221960009898766,32.12380700880593,46.597687540023095,0.3733695906532251,0.6266304093467747,0.25326081869354966,0.31061370843318,1.450565542472893
1.519997211375558,0.9668585525830794,2.4868557639586375,0.9098779346283568,1.5769778293302803,27.359949804760042,17.40345394649543,44.763403751255474,0.365874831912242,0.6341251680877578,0.26825033617551575,0.3887875471490998,1.6360923200037307,0.5706737510051159,0.9801371256230388,1.5508108766281548,1.25,1.4989103689637773,2.6366754077160266,19.0,0.04,8.0,0.08,8.0,5.0,10.0,18.0,1.0,0.0,2.220446049250313e-16,S025,compliance_dominant,9.0,1.0,0.0,0.001,1.5499658001208954,0.999,-0.8098469854789268,13.679974902380023,2.2799958170633374,3.2468543696464165,1.1895216652959877,2.0573327043504284,41.039924707140074,58.4433786536355,0.3663612622778419,0.633638737722158,0.2672774754443161,0.2977831594856441,1.4240615466691535
1.7440565718836378,1.0279071893795162,2.771963761263154,1.0317262713600128,1.7402374899031412,31.39301829390548,18.50232940883129,49.89534770273677,0.37220049041689723,0.6277995095831028,0.25559901916620564,0.37082273720314074,1.5893772059637623,0.6821839318246465,1.097716783826931,1.7799007156515776,1.25,1.3390162313921583,2.5,19.0,0.04,8.0,0.08,8.0,5.0,10.0,18.0,1.0,4.440892098500626e-16,0.0,S026,compliance_dominant,9.0,1.4,0.0,0.001,1.7784427627004513,0.999,0.41590590225220025,15.696509146952744,2.616084857825457,3.6439920472049736,1.3659169366305801,2.2780751105743935,47.08952744085823,65.59185684968952,0.37484081165277794,0.6251591883472221,0.2503183766944442,0.2820827202869295,1.392918137309175
1.255020868336976,1.2303535843542923,2.485374452691268,0.9461126163682145,1.539261836323054,22.590375630065566,22.14636451837726,44.73674014844283,0.38067206144479515,0.619327938555205,0.2386558771104098,0.4950375115596821,1.9803451204637177,0.45230897260325864,0.8286017853665786,1.280910757969837,1.6224110419625069,2.020872928915297,3.6172915182608714,22.0,0.04,8.0,0.08,8.0,5.0,10.0,18.0,1.0,0.0,0.0,S027,compliance_dominant,12.0,0.6,0.0,0.001,1.2797651270688521,0.999,-0.6552018449735433,11.295187815032785,1.8825313025054642,3.112884886859756,1.1676281497288215,1.9452567371309348,33.885563445098356,56.03192796347561,0.375095190528138,0.6249048094718621,0.2498096189437241,0.3952454488593246,1.6535634136424782
1.6953229768966875,1.4858307304952738,3.181153707391962,1.1624088252687201,2.0187448821232414,30.515813584140375,26.744953148914927,57.26076673305532,0.3654047971865244,0.6345952028134755,0.269190405626951,0.46707291352904085,1.8764293003419967,0.6333946646624204,1.0960109417542405,1.729405606416661,1.3238091208131602,1.7328167854501326,3.007102215486179,22.0,0.04,8.0,0.08,8.0,5.0,10.0,18.0,1.0,8.881784197001252e-16,1.1102230246251565e-16,S028,compliance_dominant,12.0,1.0,0.0,0.001,1.7287483257755578,0.999,-1.185438717792518,15.25790679207019,2.5429844653450315,4.028815195840305,1.472854572519842,2.5559606233204635,45.77372037621057,72.51867352512548,0.3655800777460688,0.6344199222539314,0.2688398445078626,0.36880091497603895,1.5842862002279972
1.9940687909074617,1.6053095488223885,3.5993783397298507,1.3396424732590262,2.2597358664708245,35.89323823633431,28.895571878802993,64.78881011513731,0.3721871797893778,0.6278128202106221,0.25562564042124436,0.4459963352846298,1.8050422112528242,0.7820749057551271,1.252783819359428,2.034858725114555,1.25,1.5282145007906682,2.6247500124428966,22.0,0.04,8.0,0.08,8.0,5.0,10.0,18.0,1.0,4.440892098500626e-16,0.0,S029,compliance_dominant,12.0,1.4,0.0,0.001,2.033384275881633,0.999,0.44889846584899096,17.946619118167156,2.9911031863611925,4.596412735183581,1.722817466647397,2.8735952685361847,53.83985735450147,82.73542923330444,0.37481783423406767,0.6251821657659326,0.2503643315318649,0.3492526979865033,1.5366948075018827
2.2365448083273822,0.0,2.2365448083273822,0.842569564127206,1.3939752442001763,40.25780654989288,0.0,40.25780654989288,0.37672822873480827,0.6232717712651917,0.24654354253038346,0.0,1.0,0.5737665150498065,0.9487735158441509,1.5225400308939574,1.875,1.875,3.75,15.0,0.04,8.0,0.08,8.0,5.0,15.0,18.0,1.0,0.0,0.0,S030,compliance_dominant,0.0,0.6,0.0,0.001,1.520427334735363,0.999,0.47539231719276054,13.419268849964293,2.9820597444365093,2.9820597444365093,1.1234260855029412,1.8586336589335681,53.677075399857166,53.677075399857166,0.37672822873480827,0.6232717712651917,0.24654354253038344,0.0,1.0
2.2365448083273822,0.0,2.2365448083273822,0.842569564127206,1.3939752442001763,40.25780654989288,0.0,40.25780654989288,0.37672822873480827,0.6232717712651917,0.24654354253038346,0.0,1.0,0.5737665150498065,0.9487735158441509,1.5225400308939574,1.875,1.875,3.75,15.0,0.04,8.0,0.08,8.0,5.0,15.0,18.0,1.0,0.0,0.0,S031,compliance_dominant,0.0,1.0,0.0,0.001,1.520427334735363,0.999,0.47539231719276054,13.419268849964293,2.9820597444365093,2.9820597444365093,1.1234260855029412,1.8586336589335681,53.677075399857166,53.677075399857166,0.37672822873480827,0.6232717712651917,0.24654354253038344,0.0,1.0
2.2365448083273822,0.0,2.2365448083273822,0.842569564127206,1.3939752442001763,40.25780654989288,0.0,40.25780654989288,0.37672822873480827,0.6232717712651917,0.24654354253038346,0.0,1.0,0.5737665150498065,0.9487735158441509,1.5225400308939574,1.875,1.875,3.75,15.0,0.04,8.0,0.08,8.0,5.0,15.0,18.0,1.0,0.0,0.0,S032,compliance_dominant,0.0,1.4,0.0,0.001,1.520427334735363,0.999,0.47539231719276054,13.419268849964293,2.9820597444365093,2.9820597444365093,1.1234260855029412,1.8586336589335681,53.677075399857166,53.677075399857166,0.37672822873480827,0.6232717712651917,0.24654354253038344,0.0,1.0
2.3344201658991834,0.2636147369508414,2.598034902850025,0.9742919427704335,1.623742960079591,42.0195629861853,4.745065265115145,46.76462825130045,0.37501110616398664,0.6249888938360131,0.24997778767202644,0.10146697285000213,1.112925145525078,0.5912160056923201,0.9977950428784378,1.5890110485707578,1.875,1.875,3.75,18.0,0.04,8.0,0.08,8.0,5.0,15.0,18.0,1.0,4.440892098500626e-16,2.220446049250313e-16,S033,compliance_dominant,3.0,0.6,0.0,0.001,1.586964060713348,0.999,0.34397571481883316,14.0065209953951,3.1125602211989114,3.3761749581497527,1.2637179272570311,2.1124570308927217,56.026083981580406,60.77114924669555,0.37430463258621743,0.6256953674137826,0.25139073482756524,0.07808088745949066,1.0846938591438082
2.4995334566090723,0.3113290317884337,2.810862488397506,1.0454654049455012,1.7653970834520054,44.9916022189633,5.603922572191807,50.595524791155114,0.37193758473098726,0.6280624152690129,0.2561248305380256,0.11075925381391556,1.1245548568134753,0.6364874287071113,1.0646473319753527,1.7011347606824638,1.875,1.875,3.75,18.0,0.04,8.0,0.08,8.0,5.0,15.0,18.0,1.0,0.0,0.0,S034,compliance_dominant,3.0,1.0,0.0,0.001,1.699209860390023,0.999,0.09980058487916832,14.997200739654438,3.3327112754787636,3.6440403072671974,1.3571239429047266,2.2869163643624706,59.98880295861775,65.59272553080956,0.3724228681549587,0.6275771318450413,0.2551542636900826,0.08543512297807458,1.0934161426101063
2.6115631368631145,0.3085327937462711,2.9200959306093854,1.0934665241734138,1.8266294064359716,47.00813646353606,5.553590287432879,52.56172675096894,0.3744625348473472,0.6255374651526527,0.25107493030530553,0.10565844447510474,1.1181410433434382,0.6736574889802878,1.1038405513766485,1.7774980403569363,1.875,1.875,3.75,18.0,0.04,8.0,0.08,8.0,5.0,15.0,18.0,1.0,0.0,0.0,S035,compliance_dominant,3.0,1.4,0.0,0.001,1.7753688479165426,0.999,0.5083848807895475,15.669378821178688,3.4820841824841526,3.7906169762304236,1.423307373666952,2.3673096025634717,62.677515284714744,68.23110557214763,0.37548171777628636,0.6245182822237136,0.24903656444742725,0.08139381944442492,1.0886057825075788
2.4322955234709873,0.6063366167744904,3.0386321402454772,1.1390709581364582,1.8995611821090195,43.78131942247777,10.914059101940826,54.69537852441859,0.3748630652094787,0.6251369347905215,0.2502738695810427,0.19954261943846457,1.2492857512269817,0.6086654963348334,1.0468165699127223,1.6554820662475556,1.875,1.9557605300405854,3.75,21.0,0.04,8.0,0.08,8.0,5.0,15.0,18.0,1.0,4.440892098500626e-16,2.220446049250313e-16,S036,compliance_dominant,6.0,0.6,0.0,0.001,1.6535007866913354,0.999,0.21255911244491088,14.593773140825927,3.243060697961317,3.8493973147358065,1.4370664057339193,2.412330909001888,58.37509256330371,69.28915166524452,0.3733224419918183,0.6266775580081818,0.25335511601636357,0.1575146879365724,1.1869643134202361
2.7625221048907695,0.7210010604357857,3.483523165326556,1.2853929289516441,2.1981302363749116,49.725397888033854,12.978019087844142,62.70341697587801,0.3689922150499457,0.6310077849500542,0.2620155699001085,0.2069746708195629,1.2609937705690484,0.6992083423644144,1.1805211481065536,1.879729490470968,1.875,1.875,3.75,21.0,0.04,8.0,0.08,8.0,5.0,15.0,18.0,1.0,8.881784197001252e-16,1.1102230246251565e-16,S037,compliance_dominant,6.0,1.0,0.0,0.001,1.8779923860446874,0.999,-0.27579114743441746,16.575132629344623,3.683362806521026,4.404363866956812,1.6278534834943619,2.7765103834624507,66.30053051737848,79.27854960522262,0.36960013583508133,0.6303998641649188,0.26079972832983744,0.16370152017752343,1.1957453279267862
2.9865814653988494,0.734448902317392,3.7210303677162413,1.3887797669148474,2.332250600801394,53.75846637717929,13.220080241713056,66.97854661889234,0.37322451839252313,0.626775481607477,0.2535509632149538,0.1973778307990954,1.2459162459910693,0.7735484629107683,1.25890758690915,2.0324560498199182,1.875,1.875,3.75,21.0,0.04,8.0,0.08,8.0,5.0,15.0,18.0,1.0,0.0,0.0,S038,compliance_dominant,6.0,1.4,0.0,0.001,2.0303103610977242,0.999,0.5413774443863313,17.9194887923931,3.9821086205317986,4.716557522849191,1.767604944526189,2.948952578323002,71.67795516957237,84.89803541128545,0.37476590415002703,0.6252340958499729,0.2504681916999459,0.15571715149436446,1.1844371844933024
2.530170881042789,1.028165639470946,3.558336520513736,1.3369066102252738,2.2214299102884616,45.5430758587702,18.506981510477026,64.05005736924724,0.37571112302561466,0.6242888769743852,0.24857775394877057,0.2889455883510715,1.4063621343421662,0.6261149869773466,1.0958380969470098,1.7219530839243564,1.8753926933399478,2.1997742881993148,3.994581452620877,24.0,0.04,8.0,0.08,8.0,5.0,15.0,18.0,1.0,8.881784197001252e-16,2.220446049250313e-16,S039,compliance_dominant,9.0,0.6,0.0,0.001,1.7200375126693206,0.999,0.01880863408512834,15.181025286256736,3.3735611747237195,4.401726814194665,1.643471520933597,2.758255293261068,60.72410114502695,79.23108265550397,0.37336972290823206,0.626630277091768,0.25326055418353594,0.2335823377669243,1.3047716007566241
3.025510753172464,1.2290160859420547,4.2545268391145195,1.5623521361456245,2.6921747029688943,54.459193557104356,22.122289546956985,76.58148310406135,0.3672211259268473,0.6327788740731526,0.2655577481463053,0.2888725661906615,1.4062177219675533,0.761929256021719,1.2963949642377552,2.0583242202594745,1.875,1.9389454460783697,3.75,24.0,0.04,8.0,0.08,8.0,5.0,15.0,18.0,1.0,8.881784197001252e-16,1.1102230246251565e-16,S040,compliance_dominant,9.0,1.0,0.0,0.001,2.0567749116993497,0.999,-0.6513828797480086,18.153064519034785,4.034014337563286,5.26303042350534,1.9356147072718333,3.3274157162335065,72.61225807613914,94.73454762309612,0.3677757017377556,0.6322242982622445,0.2644485965244888,0.23351871204337296,1.3046632914756648
3.3615997939345843,1.2777483257133626,4.639348119647947,1.728509292351504,2.910838827296443,60.50879629082252,22.999469862840527,83.50826615366304,0.3725758981161928,0.6274241018838073,0.25484820376761447,0.2754154878574457,1.380101262505678,0.8734394368412487,1.413974622441647,2.2874140592828955,1.875,1.875,3.75,24.0,0.04,8.0,0.08,8.0,5.0,15.0,18.0,1.0,0.0,0.0,S041,compliance_dominant,9.0,1.4,0.0,0.001,2.285251874278905,0.999,0.5743700079831222,20.169598763607503,4.482133058579445,5.759881384292808,2.1563187980806497,3.6035625862121585,80.67839505443001,103.67786491727055,0.37436861181914777,0.6256313881808523,0.2512627763617045,0.22183587481467607,1.2850759468792585
2.628046238614595,1.52910180504021,4.157148043654805,1.5677988990368872,2.5893491446179184,47.30483229506271,27.52383249072378,74.8286647857865,0.3771332852650921,0.622866714734908,0.24573342946981588,0.36782471756668117,1.5818397646786817,0.64356447761986,1.1448596239812945,1.7884241016011546,2.0193441097496407,2.4698427746995226,4.441402204472179,27.0,0.04,8.0,0.08,8.0,5.0,15.0,18.0,1.0,0.0,0.0,S042,compliance_dominant,12.0,0.6,0.0,0.001,1.7865742386473091,0.999,-0.31506183309668034,15.768277431687572,3.5040616514861274,5.033163456526338,1.8829332728560737,3.1502301836702635,63.07310972675029,90.59694221747408,0.37410532940561186,0.625894670594388,0.2517893411887761,0.3038053141424354,1.436379823509011
3.2884994014541573,1.8353741083072401,5.123873509761397,1.8763430265274454,3.247530483233952,59.19298922617483,33.03673394953032,92.22972317570515,0.3661962035075337,0.6338037964924664,0.26760759298493275,0.3582005107680162,1.5581190337135675,0.8246501696790234,1.4122687803689569,2.23691895004798,1.875,2.1373964482809304,3.805796272970824,27.0,0.04,8.0,0.08,8.0,5.0,15.0,18.0,1.0,0.0,0.0,S043,compliance_dominant,12.0,1.0,0.0,0.001,2.235557437354011,0.999,-1.0269746120615992,19.73099640872494,4.384665868605543,6.220039976912783,2.280407614237145,3.9396323626756384,78.92398563489978,111.96071958443011,0.36662266202491334,0.6333773379750867,0.2667546759501734,0.29507432671167466,1.4185892752851759
3.7366181224703197,1.9384310639341829,5.675049186404502,2.1126551004833822,3.5623940859211203,67.25912620446576,34.89175915081529,102.15088535528103,0.3722707999684988,0.6277292000315012,0.25545840006300247,0.3415707952942519,1.5187661678022006,0.9733304107717291,1.5690416579741475,2.542372068745877,1.875,1.9293033558780137,3.75,27.0,0.04,8.0,0.08,8.0,5.0,15.0,18.0,1.0,0.0,0.0,S044,compliance_dominant,12.0,1.4,0.0,0.001,2.5401933874600866,0.999,0.6073625715799076,22.419708734821914,4.982157496627092,6.920588560561276,2.589448934330331,4.331139626230944,89.67883493928767,124.57059409010297,0.37416599927453575,0.625834000725464,0.25166800145092827,0.28009627316682606,1.3890746258516509
0.17106190958081038,0.0,0.17106190958081038,0.09361884045857832,0.07744306912223203,3.079114372454587,0.0,3.079114372454587,0.5472804593845153,0.4527195406154846,0.09456091876903072,0.0,1.0,0.1912555050166022,0.15812891930735845,0.34938442432396066,0.625,0.3125,0.9375,5.0,0.04,8.0,0.04,16.0,5.0,5.0,18.0,1.0,0.0,1.1102230246251565e-16,S045,resistance_dominant,0.0,0.6,0.0,0.001,0.34886920524503345,0.999,0.09293815785511189,3.079114372454587,0.34212381916162077,0.34212381916162077,0.18723768091715665,0.15488613824446407,6.158228744909174,6.158228744909174,0.5472804593845153,0.4527195406154846,0.09456091876903072,0.0,1.0
0.17106190958081038,0.0,0.17106190958081038,0.09361884045857832,0.07744306912223203,3.079114372454587,0.0,3.079114372454587,0.5472804593845153,0.4527195406154846,0.09456091876903072,0.0,1.0,0.1912555050166022,0.15812891930735845,0.34938442432396066,0.625,0.3125,0.9375,5.0,0.04,8.0,0.04,16.0,5.0,5.0,18.0,1.0,0.0,1.1102230246251565e-16,S046,resistance_dominant,0.0,1.0,0.0,0.001,0.34886920524503345,0.999,0.09293815785511189,3.079114372454587,0.34212381916162077,0.34212381916162077,0.18723768091715665,0.15488613824446407,6.158228744909174,6.158228744909174,0.5472804593845153,0.4527195406154846,0.09456091876903072,0.0,1.0
0.17106190958081038,0.0,0.17106190958081038,0.09361884045857832,0.07744306912223203,3.079114372454587,0.0,3.079114372454587,0.5472804593845153,0.4527195406154846,0.09456091876903072,0.0,1.0,0.1912555050166022,0.15812891930735845,0.34938442432396066,0.625,0.3125,0.9375,5.0,0.04,8.0,0.04,16.0,5.0,5.0,18.0,1.0,0.0,1.1102230246251565e-16,S047,resistance_dominant,0.0,1.4,0.0,0.001,0.34886920524503345,0.999,0.09293815785511189,3.079114372454587,0.34212381916162077,0.34212381916162077,0.18723768091715665,0.15488613824446407,6.158228744909174,6.158228744909174,0.5472804593845153,0.4527195406154846,0.09456091876903072,0.0,1.0
0.1916592007315422,0.08029875097618058,0.2719579517077228,0.14854517891391927,0.12341277279380349,3.449865613167759,1.4453775175712504,4.8952431307390105,0.5462064189745147,0.45379358102548517,0.09241283794902953,0.2952616405291904,1.4189663249647766,0.20870499565911563,0.18263968282450163,0.39134467848361726,0.6251308977799827,0.3666290480332192,0.9719380680036831,8.0,0.04,8.0,0.04,16.0,5.0,5.0,18.0,1.0,5.551115123125783e-17,1.1102230246251565e-16,S048,resistance_dominant,3.0,0.6,0.0,0.001,0.39087598870468954,0.999,-0.04443232931540819,3.4498656131677596,0.3833184014630844,0.4636171524392649,0.2507334824833603,0.21288366995590466,6.899731226335518,8.345108743906767,0.5408201166936054,0.4591798833063947,0.08164023338721074,0.1732005611822137,1.2094831624823879
0.23029435925283817,0.09286558381716954,0.32315994307000767,0.17359468179395804,0.14956526127604963,4.145298466551087,1.6715805087090518,5.816878975260138,0.537178835176213,0.462821164823787,0.07435767035242608,0.2873672489695037,1.4032473227675246,0.25397641867390625,0.21606582737295946,0.47004224604686573,0.625,0.32315757434639486,0.9375,8.0,0.04,8.0,0.04,16.0,5.0,5.0,18.0,1.0,5.551115123125783e-17,0.0,S049,resistance_dominant,3.0,1.0,0.0,0.001,0.4696697837749653,0.999,-0.1925754561998001,4.145298466551088,0.46058871850567634,0.5534543023228459,0.2980155388360275,0.2554387634868184,8.290596933102174,9.962177441811226,0.5384645806984556,0.4615354193015444,0.07692916139691124,0.16779268573288345,1.2016236613837623
0.25805712839566775,0.09571272782652387,0.3537698562221917,0.19205658803905593,0.16171326818313578,4.64502831112202,1.7228291008774297,6.36785741199945,0.5428856774004828,0.4571143225995173,0.08577135480096547,0.2705508288597933,1.3708974381818733,0.2911464789470833,0.23566243707360796,0.5268089160206912,0.625,0.3125,0.9375,8.0,0.04,8.0,0.04,16.0,5.0,5.0,18.0,1.0,1.1102230246251565e-16,0.0,S050,resistance_dominant,3.0,1.4,0.0,0.001,0.5262900753991787,0.999,0.10018124302464126,4.6450283111220205,0.5161142567913355,0.6118269846178594,0.3346597566154376,0.2771672280024218,9.29005662224404,11.012885723121471,0.5469843028000188,0.4530156971999812,0.0939686056000375,0.15643757178560047,1.1854487190909366
0.2122564918822738,0.21667939175016157,0.42893588363243534,0.23652815409205363,0.19240772954038174,3.8206168538809284,3.900229051502908,7.720845905383836,0.5514300927425784,0.4485699072574217,0.10286018548515671,0.5051556654929783,2.020837524584835,0.22615448630162932,0.20715044634164465,0.43330493264327397,0.8112055209812534,0.5052182322288242,1.3075502644383272,11.0,0.04,8.0,0.04,16.0,5.0,5.0,18.0,1.0,5.551115123125783e-17,0.0,S051,resistance_dominant,6.0,0.6,0.0,0.001,0.4328827721643452,0.999,-0.30671760417711313,3.8206168538809284,0.4245129837645476,0.6411923755147091,0.3472859207723571,0.293906454742352,7.641233707761857,11.541462759264764,0.5416251565586345,0.4583748434413655,0.08325031311726906,0.337931953068258,1.5104187622924174
0.28952680892486643,0.25341850765771873,0.5429453165825853,0.29060220631718003,0.2523431102654052,5.211482560647596,4.561533137838937,9.773015698486535,0.5352329183835546,0.46476708161644537,0.07046583676710914,0.46674775510135974,1.8752851198780771,0.3166973323312102,0.27400273543856013,0.5907000677697704,0.6619045604065801,0.43320419636253316,1.077471591642407,11.0,0.04,8.0,0.04,16.0,5.0,5.0,18.0,1.0,1.1102230246251565e-16,0.0,S052,resistance_dominant,6.0,1.0,0.0,0.001,0.590470362304898,0.999,-0.4780890702547112,5.211482560647596,0.5790536178497329,0.8324721255074516,0.44582507994274106,0.3866470455647106,10.422965121295192,14.98449825913413,0.5355435530901154,0.4644564469098847,0.07108710618023062,0.30441680855469117,1.4376425599390386
0.34505234721052547,0.27232525441308414,0.6173776016236096,0.33491061831475655,0.28246698330885306,6.210942249789459,4.901854579435515,11.112796829224973,0.5424729005943727,0.4575270994056274,0.08494580118874523,0.4410999908271858,1.7892288130036436,0.39103745287756353,0.313195954839857,0.7042334077174206,0.625,0.38205362519766706,0.9459756731525841,11.0,0.04,8.0,0.04,16.0,5.0,5.0,18.0,1.0,1.1102230246251565e-16,0.0,S053,resistance_dominant,6.0,1.4,0.0,0.001,0.7037109455533244,0.999,0.10742432819417397,6.210942249789459,0.6901046944210509,0.962429948834135,0.526498115008942,0.4359318338251931,12.421884499578917,17.32373907901443,0.5470508431774482,0.4529491568225518,0.09410168635489646,0.282955922914673,1.3946144065018218
0.23285378303300597,0.40914192232194313,0.6419957053549491,0.35756776599298234,0.2844279393619667,4.191368094594107,7.364554601794977,11.555922696389084,0.5569628628516897,0.44303713714831017,0.11392572570337961,0.637296977081389,2.7570765524730563,0.24360397694414268,0.23166120985878766,0.47526518680293034,1.037545084512467,0.6482649627681432,1.6767410595258037,14.0,0.04,8.0,0.04,16.0,5.0,5.0,18.0,1.0,0.0,1.1102230246251565e-16,S054,resistance_dominant,9.0,0.6,0.0,0.001,0.47488955562400204,0.999,-0.5690028790388153,4.191368094594108,0.46570756606601194,0.8748494883879551,0.47689499578414907,0.39795449260380605,8.382736189188215,15.747290790983191,0.5451166196175088,0.45488338038249126,0.0902332392350175,0.4676712140231689,1.8785382762365281
0.3487592585968948,0.4816587715216478,0.8304180301185426,0.444641414028244,0.3857766160902986,6.277666654744106,8.66985788738966,14.947524542133767,0.5354428708210625,0.4645571291789375,0.07088574164212495,0.5800196455908969,2.3810637557248677,0.37941824598851426,0.33193964350416066,0.7113578894926749,0.8268621247242501,0.5552417604116887,1.3680672883016844,14.0,0.04,8.0,0.04,16.0,5.0,5.0,18.0,1.0,0.0,0.0,S055,resistance_dominant,9.0,1.0,0.0,0.001,0.711270940834831,0.999,-0.7636026843096224,6.277666654744107,0.6975185171937895,1.1791772887154373,0.6306663042372966,0.5485109844781408,12.555333309488212,21.22519119687787,0.5348358641848732,0.46516413581512694,0.06967172836974625,0.40847019030221776,1.6905318778624336
0.43204756602538297,0.5298375797596804,0.9618851457850636,0.5221809312856796,0.4397042144993839,7.776856188456893,9.537076435674248,17.313932624131144,0.5428724350031314,0.4571275649968684,0.08574487000626303,0.5508324794092146,2.2263408509250864,0.4909284268080444,0.3907294726061064,0.8816578994141508,0.697413612829034,0.486968681872658,1.1647995225622458,14.0,0.04,8.0,0.04,16.0,5.0,5.0,18.0,1.0,2.220446049250313e-16,2.220446049250313e-16,S056,resistance_dominant,9.0,1.4,0.0,0.001,0.8811318157074699,0.999,0.11466741336370401,7.776856188456895,0.8640951320507659,1.3939327118104465,0.7627527560976685,0.631179955712778,15.553712376913786,25.090788812588038,0.5471948176802606,0.4528051823197394,0.09438963536052118,0.3801026945350359,1.6131704254625432
0.25345107418373836,0.6576863426915254,0.9111374168752636,0.5116640146167047,0.399473402258559,4.56211933530729,11.838354168447456,16.400473503754746,0.5615662414254166,0.4384337585745835,0.12313248285083309,0.7218300231232451,3.5949242661908714,0.2610534675866558,0.2561719733759302,0.517225440962586,1.2698086167805696,0.7923155992371589,2.0521128787283947,17.0,0.04,8.0,0.04,16.0,5.0,5.0,18.0,1.0,1.1102230246251565e-16,0.0,S057,resistance_dominant,12.0,0.6,0.0,0.001,0.5168963390836592,0.999,-0.831288153900518,4.56211933530729,0.5069021483674767,1.1645884910590019,0.6395607075187342,0.5250277835402677,9.12423867061458,20.962592839062033,0.5491731306198628,0.45082686938013716,0.09834626123972563,0.5647371133587862,2.2974621330954355
0.4079917082689227,0.777586375408956,1.1855780836778786,0.6357123049271486,0.5498657787507302,7.343850748840609,13.996554757361208,21.340405506201815,0.5362045011451743,0.46379549885482585,0.07240900229034843,0.6558710776743965,2.905887692444032,0.4421391596458181,0.38987655156976164,0.8320157112155797,1.008183545117066,0.6794908706830796,1.6730289625930903,17.0,0.04,8.0,0.04,16.0,5.0,5.0,18.0,1.0,2.220446049250313e-16,0.0,S058,resistance_dominant,12.0,1.0,0.0,0.001,0.8320715193647631,0.999,-1.0491162983645337,7.34385074884061,0.8159834165378455,1.5935697919468013,0.8525392117196922,0.7410305802271091,14.687701497681218,28.684256255042424,0.5349870561227059,0.4650129438772941,0.06997411224541183,0.48795250721903394,1.9529438462220159
0.5190427848402401,0.868249703866312,1.3872924887065519,0.7538675269518239,0.633424961754728,9.342770127124322,15.628494669593614,24.971264796717932,0.5434092183795326,0.4565907816204674,0.0868184367590652,0.6258591543848322,2.672790238541812,0.5908194007385252,0.4682629903723565,1.0590823911108818,0.840441034972733,0.5957324219230158,1.4183028523137509,17.0,0.04,8.0,0.04,16.0,5.0,5.0,18.0,1.0,2.220446049250313e-16,0.0,S059,resistance_dominant,12.0,1.4,0.0,0.001,1.0585526858616143,0.999,0.12191049853323344,9.342770127124322,1.0380855696804803,1.9063352735467918,1.043423679881616,0.8629115936651759,18.685540254248643,34.31403492384225,0.5473453145208274,0.4526546854791728,0.0946906290416545,0.4554548803217119,1.8363951192709058
0.6842476383232415,0.0,0.6842476383232415,0.3744753618343133,0.30977227648892813,12.316457489818347,0.0,12.316457489818347,0.5472804593845153,0.4527195406154846,0.09456091876903072,0.0,1.0,0.3825110100332044,0.3162578386147169,0.6987688486479213,1.25,0.625,1.875,10.0,0.04,8.0,0.04,16.0,5.0,10.0,18.0,1.0,0.0,1.1102230246251565e-16,S060,resistance_dominant,0.0,0.6,0.0,0.001,0.6977384104900669,0.999,0.18587631571022378,6.158228744909174,1.0263714574848621,1.0263714574848621,0.5617130427514698,0.46465841473339214,18.474686234727518,18.474686234727518,0.5472804593845153,0.4527195406154846,0.0945609187690307,0.0,1.0
0.6842476383232415,0.0,0.6842476383232415,0.3744753618343133,0.30977227648892813,12.316457489818347,0.0,12.316457489818347,0.5472804593845153,0.4527195406154846,0.09456091876903072,0.0,1.0,0.3825110100332044,0.3162578386147169,0.6987688486479213,1.25,0.625,1.875,10.0,0.04,8.0,0.04,16.0,5.0,10.0,18.0,1.0,0.0,1.1102230246251565e-16,S061,resistance_dominant,0.0,1.0,0.0,0.001,0.6977384104900669,0.999,0.18587631571022378,6.158228744909174,1.0263714574848621,1.0263714574848621,0.5617130427514698,0.46465841473339214,18.474686234727518,18.474686234727518,0.5472804593845153,0.4527195406154846,0.0945609187690307,0.0,1.0
0.6842476383232415,0.0,0.6842476383232415,0.3744753618343133,0.30977227648892813,12.316457489818347,0.0,12.316457489818347,0.5472804593845153,0.4527195406154846,0.09456091876903072,0.0,1.0,0.3825110100332044,0.3162578386147169,0.6987688486479213,1.25,0.625,1.875,10.0,0.04,8.0,0.04,16.0,5.0,10.0,18.0,1.0,0.0,1.1102230246251565e-16,S062,resistance_dominant,0.0,1.4,0.0,0.001,0.6977384104900669,0.999,0.18587631571022378,6.158228744909174,1.0263714574848621,1.0263714574848621,0.5617130427514698,0.46465841473339214,18.474686234727518,18.474686234727518,0.5472804593845153,0.4527195406154846,0.0945609187690307,0.0,1.0
0.7254422206247051,0.13255655705346098,0.857998777678166,0.46779972038359896,0.3901990572945671,13.057959971244692,2.3860180269622977,15.443977998206988,0.5452218960608705,0.4547781039391296,0.09044379212174092,0.1544950418369742,1.1827251754651273,0.3999605006757176,0.34076860213186033,0.740729102807578,1.25,0.6250665962113421,1.875,13.0,0.04,8.0,0.04,16.0,5.0,10.0,18.0,1.0,1.1102230246251565e-16,0.0,S063,resistance_dominant,3.0,0.6,0.0,0.001,0.7397451939497229,0.999,0.09281771571054398,6.528979985622346,1.0881633309370575,1.2207198879905186,0.6636068644116184,0.5571130235789001,19.586939956867035,21.972957983829335,0.5436192782146044,0.4563807217853956,0.08723855642920879,0.10858884036997893,1.1218167836434183
0.8027125376672967,0.15188749762264933,0.9546000352899461,0.515911202911152,0.43868883237879414,14.44882567801134,2.733974957207688,17.182800635219028,0.5404475003549014,0.4595524996450987,0.0808950007098027,0.15911113765726576,1.189217796527806,0.44523192369050835,0.374194746680318,0.8194266703708264,1.25,0.625,1.875,13.0,0.04,8.0,0.04,16.0,5.0,10.0,18.0,1.0,1.1102230246251565e-16,0.0,S064,resistance_dominant,3.0,1.0,0.0,0.001,0.8185389890199984,0.999,-0.09963729834468782,7.224412839005672,1.2040688065009453,1.3559563041235945,0.7339509004117998,0.6220054037117947,21.673238517017015,24.4072134742247,0.5412791682001729,0.4587208317998272,0.08255833640034564,0.11201503850879616,1.126145197685204
0.8582380759529553,0.1509755562730295,1.0092136322259848,0.5491427156476564,0.4600709165783285,15.448285367153195,2.717560012914531,18.165845380067726,0.54412930831744,0.45587069168256006,0.08825861663487991,0.14959722248304194,1.1759133747420747,0.4824019839636855,0.3937913563809666,0.876193340344652,1.25,0.625,1.875,13.0,0.04,8.0,0.04,16.0,5.0,10.0,18.0,1.0,0.0,0.0,S065,resistance_dominant,3.0,1.4,0.0,0.001,0.8751592806442112,0.999,0.193119400879753,7.724142683576599,1.287357113929433,1.4383326702024624,0.7853647246826161,0.6529679455198465,23.172428050729796,25.889988063644324,0.5460243940451319,0.45397560595486824,0.09204878809026369,0.10496567268528907,1.117275583161383
0.7666368029261688,0.32119500390472233,1.0878318068308912,0.5941807156556771,0.49365109117521394,13.799462452671037,5.781510070285002,19.580972522956042,0.5462064189745147,0.45379358102548517,0.09241283794902953,0.2952616405291904,1.4189663249647766,0.41740999131823125,0.36527936564900326,0.7826893569672345,1.2502617955599653,0.7332580960664384,1.9438761360073662,16.0,0.04,8.0,0.04,16.0,5.0,10.0,18.0,1.0,2.220446049250313e-16,1.1102230246251565e-16,S066,resistance_dominant,6.0,0.6,0.0,0.001,0.7817519774093791,0.999,-0.08886465863081638,6.899731226335519,1.1499552043892531,1.4711502082939754,0.7985573227945592,0.6725928854994163,20.699193679006555,26.480703749291557,0.542811548604958,0.45718845139504216,0.08562309720991573,0.2183291699881532,1.2793108833098508
0.9211774370113527,0.37146233526867817,1.2926397722800307,0.6943787271758322,0.5982610451041985,16.581193866204348,6.686322034836207,23.267515901040554,0.537178835176213,0.462821164823787,0.07435767035242608,0.2873672489695037,1.4032473227675246,0.5079528373478125,0.4321316547459189,0.9400844920937315,1.25,0.6463151486927897,1.875,16.0,0.04,8.0,0.04,16.0,5.0,10.0,18.0,1.0,2.220446049250313e-16,0.0,S067,resistance_dominant,6.0,1.0,0.0,0.001,0.9393395675499306,0.999,-0.3851509123996002,8.290596933102176,1.381766155517029,1.753228490785707,0.943220441259971,0.810008049525736,24.871790799306524,31.558112834142726,0.5379905963296706,0.4620094036703294,0.07598119265934128,0.21187331669599313,1.268831548511683
1.032228513582671,0.3828509113060955,1.4150794248887668,0.7682263521562237,0.6468530727325431,18.58011324448808,6.891316403509719,25.4714296479978,0.5428856774004828,0.4571143225995173,0.08577135480096547,0.2705508288597933,1.3708974381818733,0.5822929578941666,0.4713248741472159,1.0536178320413825,1.25,0.625,1.875,16.0,0.04,8.0,0.04,16.0,5.0,10.0,18.0,1.0,4.440892098500626e-16,0.0,S068,resistance_dominant,6.0,1.4,0.0,0.001,1.0525801507983574,0.999,0.20036248604928253,9.290056622244041,1.5483427703740067,1.9311936816801023,1.053432689308987,0.8777609923711152,27.87016986673212,34.76148627024184,0.5454826718325426,0.4545173281674573,0.09096534366508525,0.19824573523512276,1.2472649587879154
0.8078313852276329,0.5659153405537845,1.3737467257814173,0.7536183476505504,0.6201283781308669,14.540964934097392,10.18647612996812,24.727441064065513,0.5485860919682088,0.4514139080317911,0.09717218393641774,0.41195027433596204,1.7005364620666716,0.43485948196074475,0.3897901291661462,0.824649611126891,1.410596810041267,0.8695072502241454,2.2601171966097287,19.0,0.04,8.0,0.04,16.0,5.0,10.0,18.0,1.0,0.0,0.0,S069,resistance_dominant,9.0,0.6,0.0,0.001,0.8237587608690357,0.999,-0.3511499334925203,7.270482467048697,1.2117470778414494,1.7776624183952334,0.9665644179002951,0.8110980004949383,21.81144740114609,31.997923531114203,0.5437277673748941,0.4562722326251059,0.08745553474978818,0.3183480365550275,1.4670243080444474
1.03964233635541,0.6587245129380872,1.6983668492934971,0.9098779346283568,0.7884889146651402,18.71356205439738,11.85704123288557,30.57060328728295,0.5357369846254691,0.46426301537453074,0.07147396925093844,0.38785761345501396,1.6336068568035855,0.5706737510051159,0.4900685628115194,1.0607423138166352,1.25,0.7494551844818886,1.910771967093893,19.0,0.04,8.0,0.04,16.0,5.0,10.0,18.0,1.0,0.0,1.1102230246251565e-16,S070,resistance_dominant,9.0,1.0,0.0,0.001,1.060140146079864,0.999,-0.6706645264545092,9.35678102719869,1.5594635045331147,2.2181880174712023,1.1895216652959877,1.0286663521752142,28.070343081596064,39.92738431448164,0.5362582684276135,0.46374173157238635,0.07251653685522706,0.296965139000729,1.4224045712023907
1.206218951212386,0.6956260650991976,1.901845016311584,1.0317262713600128,0.8701187449515706,21.711941121822946,12.521269171785557,34.233210293608515,0.5424870389075818,0.45751296109241785,0.08497407781516392,0.36576380258801877,1.5766996650152245,0.6821839318246465,0.5488583919134655,1.231042323738112,1.25,0.6695081156960792,1.875,19.0,0.04,8.0,0.04,16.0,5.0,10.0,18.0,1.0,6.661338147750939e-16,4.440892098500626e-16,S071,resistance_dominant,9.0,1.4,0.0,0.001,1.2300010209525027,0.999,0.20760557121881507,10.855970560911476,1.8093284268185792,2.504954491917777,1.3659169366305801,1.1390375552871967,32.567911682734426,45.08918085451998,0.5452861283658862,0.4547138716341138,0.0905722567317724,0.2777000809170912,1.3844664433434826
0.8490259675290952,0.8667175670006463,1.7157435345297414,0.9461126163682145,0.769630918161527,15.282467415523714,15.600916206011632,30.883383621535344,0.5514300927425784,0.4485699072574217,0.10286018548515671,0.5051556654929783,2.020837524584835,0.45230897260325864,0.4143008926832893,0.8666098652865479,1.6224110419625069,1.0104364644576485,2.6151005288766545,22.0,0.04,8.0,0.04,16.0,5.0,10.0,18.0,1.0,2.220446049250313e-16,0.0,S072,resistance_dominant,12.0,0.6,0.0,0.001,0.8657655443286904,0.999,-0.6134352083542263,7.641233707761857,1.2735389512936428,2.140256518294289,1.1676281497288215,0.9726283685654674,22.92370112328557,38.52461732929721,0.5455552359019941,0.45444476409800577,0.09111047180398832,0.404959667026918,1.6805583497232237
1.1581072356994657,1.013674030630875,2.171781266330341,1.1624088252687201,1.0093724410616207,20.845930242590384,18.24613255135575,39.09206279394614,0.5352329183835546,0.46476708161644537,0.07046583676710914,0.46674775510135974,1.8752851198780771,0.6333946646624204,0.5480054708771203,1.1814001355395407,1.3238091208131602,0.8664083927250663,2.154943183284814,22.0,0.04,8.0,0.04,16.0,5.0,10.0,18.0,1.0,4.440892098500626e-16,0.0,S073,resistance_dominant,12.0,1.0,0.0,0.001,1.180940724609796,0.999,-0.9561781405094224,10.422965121295192,1.7371608535491982,2.750834884180074,1.472854572519842,1.2779803116602317,31.26889536388557,49.515027915241326,0.5354209302020131,0.4645790697979869,0.0708418604040262,0.3684968648829009,1.5835234132520517
1.3802093888421019,1.0893010176523366,2.469510406494438,1.3396424732590262,1.1298679332354122,24.843768999157835,19.60741831774206,44.45118731689989,0.5424729005943727,0.4575270994056274,0.08494580118874523,0.4410999908271858,1.7892288130036436,0.7820749057551271,0.626391909679714,1.4084668154348412,1.25,0.7641072503953341,1.8919513463051683,22.0,0.04,8.0,0.04,16.0,5.0,10.0,18.0,1.0,4.440892098500626e-16,0.0,S074,resistance_dominant,12.0,1.4,0.0,0.001,1.4074218911066487,0.999,0.21484865638834794,12.421884499578917,2.0703140832631526,3.1596151009154894,1.722817466647397,1.4367976342680924,37.26565349873675,56.873071816478806,0.5452618156395744,0.45473818436042557,0.0905236312791489,0.3447575045886807,1.5261525420024293
1.5395571862272939,0.0,1.5395571862272939,0.842569564127206,0.6969876221000881,27.71202935209129,0.0,27.71202935209129,0.5472804593845159,0.4527195406154843,0.0945609187690315,0.0,1.0,0.5737665150498065,0.47438675792207546,1.0481532729718819,1.875,0.9375,2.8125,15.0,0.04,8.0,0.04,16.0,5.0,15.0,18.0,1.0,0.0,2.220446049250313e-16,S075,resistance_dominant,0.0,0.6,0.0,0.001,1.046607615735101,0.999,0.2788144735653356,9.237343117363766,2.052742914969725,2.052742914969725,1.1234260855029412,0.9293168294667841,36.94937246945506,36.94937246945506,0.5472804593845157,0.45271954061548425,0.09456091876903151,0.0,1.0
1.5395571862272939,0.0,1.5395571862272939,0.842569564127206,0.6969876221000881,27.71202935209129,0.0,27.71202935209129,0.5472804593845159,0.4527195406154843,0.0945609187690315,0.0,1.0,0.5737665150498065,0.47438675792207546,1.0481532729718819,1.875,0.9375,2.8125,15.0,0.04,8.0,0.04,16.0,5.0,15.0,18.0,1.0,0.0,2.220446049250313e-16,S076,resistance_dominant,0.0,1.0,0.0,0.001,1.046607615735101,0.999,0.2788144735653356,9.237343117363766,2.052742914969725,2.052742914969725,1.1234260855029412,0.9293168294667841,36.94937246945506,36.94937246945506,0.5472804593845157,0.45271954061548425,0.09456091876903151,0.0,1.0
1.5395571862272939,0.0,1.5395571862272939,0.842569564127206,0.6969876221000881,27.71202935209129,0.0,27.71202935209129,0.5472804593845159,0.4527195406154843,0.0945609187690315,0.0,1.0,0.5737665150498065,0.47438675792207546,1.0481532729718819,1.875,0.9375,2.8125,15.0,0.04,8.0,0.04,16.0,5.0,15.0,18.0,1.0,0.0,2.220446049250313e-16,S077,resistance_dominant,0.0,1.4,0.0,0.001,1.046607615735101,0.999,0.2788144735653356,9.237343117363766,2.052742914969725,2.052742914969725,1.1234260855029412,0.9293168294667841,36.94937246945506,36.94937246945506,0.5472804593845157,0.45271954061548425,0.09456091876903151,0.0,1.0
1.601349059679488,0.18481436313074132,1.786163422810229,0.9742919427704335,0.8118714800397955,28.824283074230785,3.3266585363533436,32.15094161058412,0.545466294028991,0.4545337059710089,0.0909325880579822,0.10347001890788184,1.1154116661908378,0.5912160056923201,0.4988975214392189,1.090113527131539,1.875,0.9375,2.8125,18.0,0.04,8.0,0.04,16.0,5.0,15.0,18.0,1.0,2.220446049250313e-16,0.0,S078,resistance_dominant,3.0,0.6,0.0,0.001,1.0886143991947557,0.999,0.1857558735656546,9.608094358076928,2.1351320795726503,2.319946442703392,1.2637179272570311,1.0562285154463609,38.4323774323077,41.75903596866105,0.5447185779790862,0.4552814220209139,0.08943715595817228,0.07966320244676875,1.0865587496431286
1.7172545352433748,0.21090941142812902,1.9281639466715037,1.0454654049455012,0.8826985417260027,30.910581634380748,3.796369405706322,34.70695104008707,0.5422077343320508,0.45779226566794934,0.08441546866410146,0.1093835468670658,1.1228177926449547,0.6364874287071113,0.5323236659876763,1.1688110946947876,1.875,0.9375,2.8125,18.0,0.04,8.0,0.04,16.0,5.0,15.0,18.0,1.0,2.220446049250313e-16,2.220446049250313e-16,S079,resistance_dominant,3.0,1.0,0.0,0.001,1.1674081942650307,0.999,-0.006699140489578426,10.30352721146025,2.289672713657833,2.5005821250859617,1.3571239429047266,1.1434581821812353,41.214108845841,45.01047825154731,0.5427232040451674,0.4572767959548327,0.08544640809033464,0.08434412503883616,1.0921133444837159
1.8005428426718642,0.20623838471953537,2.0067812273913996,1.0934665241734138,0.9133147032179858,32.409771168093556,3.7122909249516365,36.122062093045194,0.5448857649494774,0.4551142350505227,0.08977152989895469,0.10277073649309702,1.1145423368063232,0.6736574889802878,0.5519202756883242,1.225577764668612,1.875,0.9375,2.8125,18.0,0.04,8.0,0.04,16.0,5.0,15.0,18.0,1.0,0.0,0.0,S080,resistance_dominant,3.0,1.4,0.0,0.001,1.2240284858892445,0.999,0.28605755873486527,10.803257056031185,2.4007237902291525,2.6069621749486878,1.423307373666952,1.1836548012817358,43.21302822412474,46.92531914907638,0.5459639527355116,0.4540360472644884,0.09192790547102322,0.0791106164490456,1.0859067526047423
1.663140933131685,0.42571061605928323,2.0888515491909683,1.1390709581364582,0.9497805910545097,29.936536796370333,7.662791089067098,37.59932788543743,0.5453096743890828,0.454690325610917,0.09061934877816587,0.20380127837431286,1.2559678543042485,0.6086654963348334,0.5234082849563612,1.1320737812911945,1.875,0.9778802650202927,2.8125,21.0,0.04,8.0,0.04,16.0,5.0,15.0,18.0,1.0,0.0,2.220446049250313e-16,S081,resistance_dominant,6.0,0.6,0.0,0.001,1.1306211826544132,0.999,0.0926972735659769,9.978845598790112,2.21752124417558,2.6432318602348635,1.4370664057339193,1.206165454500944,39.915382395160435,47.57817348422754,0.5436777708960535,0.45632222910394643,0.08735554179210701,0.16105685712393647,1.1919758907281865
1.8949518842594617,0.4895061628796382,2.3844580471390997,1.2853929289516441,1.0990651181874558,34.10913391667031,8.811110931833488,42.92024484850379,0.5390713124493314,0.46092868755066874,0.07814262489866267,0.2052903230849263,1.258321156830288,0.6992083423644144,0.5902605740532768,1.2894689164176913,1.875,0.9375,2.8125,21.0,0.04,8.0,0.04,16.0,5.0,15.0,18.0,1.0,4.440892098500626e-16,0.0,S082,resistance_dominant,6.0,1.0,0.0,0.001,1.288208772794965,0.999,-0.2922127545444867,11.36971130555677,2.526602512345949,3.0161086752255866,1.6278534834943619,1.3882551917312254,45.47884522222708,54.28995615406056,0.5397197709968485,0.4602802290031517,0.0794395419936969,0.16229725636229805,1.193740867622716
2.0615284991164367,0.49337656819910714,2.554905067315544,1.3887797669148474,1.166125300400697,37.10751298409586,8.880778227583928,45.988291211679794,0.5435739216620082,0.4564260783379919,0.08714784332401629,0.19310955013976358,1.239325611268807,0.7735484629107683,0.629453793454575,1.4030022563653433,1.875,0.9375,2.8125,21.0,0.04,8.0,0.04,16.0,5.0,15.0,18.0,1.0,0.0,2.220446049250313e-16,S083,resistance_dominant,6.0,1.4,0.0,0.001,1.4014493560433905,0.999,0.2933006439043947,12.369170994698626,2.748704665488583,3.24208123368769,1.767604944526189,1.474476289161501,49.47668397879449,58.357462206378415,0.5452068647014237,0.4547931352985764,0.09041372940284723,0.15217896549677698,1.179494208451605
1.7249328065838794,0.7226887587856252,2.447621565369505,1.3369066102252738,1.1107149551442308,31.04879051850983,13.008397658141254,44.05718817665109,0.5462064189745149,0.453793581025485,0.09241283794902992,0.29526164052919046,1.4189663249647764,0.6261149869773466,0.5479190484735049,1.1740340354508514,1.8753926933399478,1.0998871440996574,2.915814204011049,24.0,0.04,8.0,0.04,16.0,5.0,15.0,18.0,1.0,0.0,0.0,S084,resistance_dominant,9.0,0.6,0.0,0.001,1.1726279661140684,0.999,-0.13329698794622602,10.349596839503278,2.299910408778506,3.022599167564131,1.643471520933597,1.379127646630534,41.3983873580131,54.40678501615436,0.5437279076133826,0.45627209238661737,0.08745581522676524,0.2390951359151037,1.3142247437235821
2.072649233275545,0.8357902543545266,2.908439487630072,1.5623521361456245,1.3460873514844471,37.30768619895981,15.044224578381478,52.351910777341295,0.5371788351762132,0.46282116482378666,0.07435767035242659,0.28736724896950366,1.403247322767525,0.761929256021719,0.6481974821188776,1.4101267381405966,1.875,0.9694727230391849,2.8125,24.0,0.04,8.0,0.04,16.0,5.0,15.0,18.0,1.0,4.440892098500626e-16,1.1102230246251565e-16,S085,resistance_dominant,9.0,1.0,0.0,0.001,1.4090093513248971,0.999,-0.5777263685993999,12.435895399653274,2.7635323110340604,3.5993225653885865,1.9356147072718333,1.6637078581167533,49.74358159861309,64.78780617699456,0.5377719479451163,0.46222805205488376,0.07554389589023253,0.2322076555159467,1.3024354920756434
2.32251415556101,0.8614145504387152,3.183928705999725,1.728509292351504,1.4554194136482215,41.805254800098176,15.505461907896873,57.310716707995056,0.542885677400483,0.4571143225995171,0.08577135480096584,0.2705508288597934,1.3708974381818735,0.8734394368412487,0.7069873112208235,1.5804267480620722,1.875,0.9375,2.8125,24.0,0.04,8.0,0.04,16.0,5.0,15.0,18.0,1.0,0.0,0.0,S086,resistance_dominant,9.0,1.4,0.0,0.001,1.5788702261975363,0.999,0.3005437290739279,13.935084933366063,3.096685540748014,3.9581000911867283,2.1563187980806497,1.8017812931060793,55.740339733464246,71.24580164136111,0.5447863238430982,0.4552136761569019,0.08957264768619635,0.2176333419048136,1.2781730786364047
1.7867246800360777,1.0757487913097687,2.8624734713458464,1.5677988990368872,1.2946745723089592,32.161044240649396,19.363478243575837,51.52452248422524,0.5477077481174897,0.4522922518825103,0.09541549623497939,0.3758109208970188,1.6020786544953571,0.64356447761986,0.5724298119906472,1.2159942896105074,2.0193441097496407,1.2349213873497613,3.221063546263047,27.0,0.04,8.0,0.04,16.0,5.0,15.0,18.0,1.0,0.0,0.0,S087,resistance_dominant,12.0,0.6,0.0,0.001,1.2146347495737266,0.999,-0.39558226280792497,10.72034808021647,2.382299573381437,3.4580483646912055,1.8829332728560737,1.5751150918351318,42.88139232086587,62.2448705644417,0.5445075008441111,0.45549249915588885,0.08901500168822228,0.3110855250880305,1.4515589908715174
2.2503465822916278,1.2497616858527936,3.5001082681444218,1.8763430265274454,1.623765241616976,40.5062384812493,22.495710345350282,63.001948826599595,0.5360814245675282,0.4639185754324718,0.07216284913505637,0.3570637220646186,1.5553640917747464,0.8246501696790234,0.7061343901844784,1.530784559863502,1.875,1.0686982241404652,2.8125,27.0,0.04,8.0,0.04,16.0,5.0,15.0,18.0,1.0,4.440892098500626e-16,0.0,S088,resistance_dominant,12.0,1.0,0.0,0.001,1.5298099298548284,0.999,-0.8632399826543125,13.50207949374977,3.0004621097221706,4.250223795574963,2.280407614237145,1.9698161813378192,54.00831797499907,76.50402832034933,0.5365382445534624,0.4634617554465378,0.07307648910692466,0.2940460893268628,1.4165230688310593
2.5834998120055825,1.3103523314383594,3.893852143443943,2.1126551004833822,1.7811970429605601,46.50299661610049,23.58634196589047,70.08933858199097,0.5425617159194007,0.4574382840805991,0.08512343183880162,0.3365182557444027,1.507200474855513,0.9733304107717291,0.7845208289870738,1.7578512397588029,1.875,0.9646516779390069,2.8125,27.0,0.04,8.0,0.04,16.0,5.0,15.0,18.0,1.0,8.881784197001252e-16,2.220446049250313e-16,S089,resistance_dominant,12.0,1.4,0.0,0.001,1.7562910963516818,0.999,0.3077868142434581,15.5009988720335,3.444666416007444,4.755018747445803,2.589448934330331,2.165569813115472,62.00399548813399,85.59033745402445,0.5445717613040484,0.4554282386959516,0.08914352260809677,0.2755724847861485,1.3804003561416345
0.2808565213757349,0.0,0.2808565213757349,0.09361884045857832,0.18723768091715665,5.055417384763229,0.0,5.055417384763229,0.3333333333333334,0.6666666666666669,0.3333333333333334,0.0,1.0,0.1912555050166022,0.3825110100332044,0.5737665150498066,0.625,1.25,1.875,5.0,0.04,8.0,0.08,4.0,5.0,5.0,18.0,1.0,0.0,2.220446049250313e-16,S090,mixed,0.0,0.6,0.0,0.001,0.572787896734838,0.999,0.08223662993791048,5.0554173847632295,0.5617130427514698,0.5617130427514698,0.18723768091715665,0.3744753618343133,10.110834769526457,10.110834769526457,0.3333333333333334,0.6666666666666669,0.3333333333333334,0.0,1.0
0.2808565213757349,0.0,0.2808565213757349,0.09361884045857832,0.18723768091715665,5.055417384763229,0.0,5.055417384763229,0.3333333333333334,0.6666666666666669,0.3333333333333334,0.0,1.0,0.1912555050166022,0.3825110100332044,0.5737665150498066,0.625,1.25,1.875,5.0,0.04,8.0,0.08,4.0,5.0,5.0,18.0,1.0,0.0,2.220446049250313e-16,S091,mixed,0.0,1.0,0.0,0.001,0.572787896734838,0.999,0.08223662993791048,5.0554173847632295,0.5617130427514698,0.5617130427514698,0.18723768091715665,0.3744753618343133,10.110834769526457,10.110834769526457,0.3333333333333334,0.6666666666666669,0.3333333333333334,0.0,1.0
0.2808565213757349,0.0,0.2808565213757349,0.09361884045857832,0.18723768091715665,5.055417384763229,0.0,5.055417384763229,0.3333333333333334,0.6666666666666669,0.3333333333333334,0.0,1.0,0.1912555050166022,0.3825110100332044,0.5737665150498066,0.625,1.25,1.875,5.0,0.04,8.0,0.08,4.0,5.0,5.0,18.0,1.0,0.0,2.220446049250313e-16,S092,mixed,0.0,1.4,0.0,0.001,0.572787896734838,0.999,0.08223662993791048,5.0554173847632295,0.5617130427514698,0.5617130427514698,0.18723768091715665,0.3744753618343133,10.110834769526457,10.110834769526457,0.3333333333333334,0.6666666666666669,0.3333333333333334,0.0,1.0
0.3065649107083231,0.13907062603343476,0.44563553674175793,0.14854517891391927,0.29709035782783855,5.518168392749816,2.5032712686018255,8.021439661351643,0.33333333333333326,0.6666666666666665,0.33333333333333326,0.312072567305208,1.4536416960183405,0.20870499565911563,0.41740999131823125,0.6261149869773469,0.6251308977799827,1.2502617955599653,1.8753926933399478,8.0,0.04,8.0,0.08,4.0,5.0,5.0,18.0,1.0,1.1102230246251565e-16,2.220446049250313e-16,S093,mixed,3.0,0.6,0.0,0.001,0.6252184195588159,0.999,-0.2854026099775796,5.518168392749816,0.6131298214166462,0.7522004474500811,0.2507334824833603,0.5014669649667206,11.036336785499632,13.539608054101459,0.33333333333333326,0.6666666666666665,0.33333333333333326,0.1848850615615514,1.2268208480091705
0.3732625711262083,0.14752147425566586,0.5207840453818742,0.17359468179395804,0.3471893635879161,6.718726280271749,2.6553865366019855,9.374112816873735,0.3333333333333333,0.6666666666666666,0.3333333333333333,0.2832680370372966,1.3952217170089247,0.25397641867390625,0.5079528373478125,0.7619292560217188,0.625,1.25,1.875,8.0,0.04,8.0,0.08,4.0,5.0,5.0,18.0,1.0,0.0,0.0,S094,mixed,3.0,1.0,0.0,0.001,0.7612437909504435,0.999,-0.5040698574507905,6.718726280271751,0.7465251422524166,0.8940466165080823,0.2980155388360275,0.596031077672055,13.437452560543498,16.09283909714548,0.3333333333333334,0.6666666666666669,0.3333333333333334,0.16500423079933693,1.197610858504462
0.42780950572914533,0.14836025838802241,0.5761697641171677,0.19205658803905593,0.38411317607811185,7.7005711031246165,2.6704846509844034,10.371055754109019,0.33333333333333337,0.6666666666666667,0.33333333333333337,0.2574940019897546,1.3467904672551905,0.2911464789470833,0.5822929578941666,0.8734394368412499,0.625,1.25,1.875,8.0,0.04,8.0,0.08,4.0,5.0,5.0,18.0,1.0,0.0,0.0,S095,mixed,3.0,1.4,0.0,0.001,0.8724885781161666,0.999,0.026717450164729928,7.7005711031246165,0.8556190114582907,1.0039792698463128,0.3346597566154376,0.6693195132308752,15.401142206249233,18.071626857233632,0.33333333333333337,0.6666666666666667,0.33333333333333337,0.14777223279792728,1.173395233627595
0.3322733000409106,0.37731116223525024,0.7095844622761609,0.23652815409205363,0.47305630818410727,5.980919400736391,6.7916009202345045,12.772520320970896,0.3333333333333333,0.6666666666666666,0.3333333333333333,0.5317353779491379,2.135544632050768,0.22615448630162932,0.45230897260325864,0.6784634589048879,0.8112055209812534,1.6224110419625069,2.4336165629437603,11.0,0.04,8.0,0.08,4.0,5.0,5.0,18.0,1.0,0.0,0.0,S096,mixed,6.0,0.6,0.0,0.001,0.6776489423827923,0.999,-0.8575028576023639,5.98091940073639,0.6645466000818212,1.0418577623170715,0.3472859207723571,0.6945718415447142,11.961838801472782,18.753439721707288,0.33333333333333326,0.6666666666666665,0.33333333333333326,0.3621522782496888,1.567772316025384
0.465668620876683,0.4061379980748572,0.8718066189515402,0.29060220631718003,0.5812044126343601,8.382035175780294,7.310483965347429,15.692519141127724,0.3333333333333333,0.6666666666666666,0.3333333333333333,0.465857896976385,1.8721609742787662,0.3166973323312102,0.6333946646624204,0.9500919969936307,0.6619045604065801,1.3238091208131602,1.9857136812197402,11.0,0.04,8.0,0.08,4.0,5.0,5.0,18.0,1.0,1.1102230246251565e-16,0.0,S097,mixed,6.0,1.0,0.0,0.001,0.9496996851660513,0.999,-1.09037634483949,8.382035175780292,0.931337241753366,1.3374752398282228,0.44582507994274106,0.8916501598854821,16.764070351560587,24.07455431690801,0.3333333333333334,0.6666666666666669,0.3333333333333334,0.30366019944191197,1.4360804871393826
0.5747624900825562,0.42996936486171333,1.0047318549442694,0.33491061831475655,0.6698212366295131,10.345724821486012,7.7394485675108395,18.08517338899685,0.3333333333333334,0.6666666666666669,0.3333333333333334,0.42794439406478546,1.7480818116713817,0.39103745287756353,0.7820749057551271,1.1731123586326906,0.625,1.25,1.875,11.0,0.04,8.0,0.08,4.0,5.0,5.0,18.0,1.0,2.220446049250313e-16,2.220446049250313e-16,S098,mixed,6.0,1.4,0.0,0.001,1.1721892594974965,0.999,-0.028801729608442628,10.345724821486014,1.1495249801651124,1.5794943450268257,0.526498115008942,1.052996230017884,20.691449642972024,28.430898210482862,0.33333333333333337,0.6666666666666667,0.33333333333333337,0.27221962915885645,1.374040905835691
0.35798168937350006,0.7147216086054471,1.072703297978947,0.35756776599298234,0.7151355319859647,6.443670408723001,12.864988954898047,19.308659363621047,0.3333333333333333,0.6666666666666666,0.3333333333333333,0.6662807972642909,2.9965311909005,0.24360397694414268,0.48720795388828536,0.730811930832428,1.037545084512467,2.075090169024934,3.112635253537401,14.0,0.04,8.0,0.08,4.0,5.0,5.0,18.0,1.0,0.0,0.0,S099,mixed,9.0,0.6,0.0,0.001,0.7300794652067729,0.999,-1.4296031052271405,6.443670408723,0.7159633787470001,1.430684987352447,0.47689499578414907,0.9537899915682981,12.887340817446002,25.752329772344044,0.33333333333333337,0.6666666666666667,0.33333333333333337,0.49956602251630156,1.99826559545025
0.5580746706271578,0.7758495714575742,1.3339242420847317,0.444641414028244,0.889282828056488,10.04534407128884,13.965292286236334,24.010636357525172,0.33333333333333337,0.6666666666666667,0.33333333333333337,0.5816294111613362,2.390225380746421,0.37941824598851426,0.7588364919770285,1.1382547379655428,0.8268621247242501,1.6537242494485003,2.4805863741727503,14.0,0.04,8.0,0.08,4.0,5.0,5.0,18.0,1.0,2.220446049250313e-16,0.0,S100,mixed,9.0,1.0,0.0,0.001,1.1381555793816596,0.999,-1.6766828322281908,10.045344071288838,1.1161493412543155,1.8919989127118895,0.6306663042372966,1.2613326084745933,20.09068814257768,34.05598042881401,0.3333333333333334,0.6666666666666669,0.3333333333333334,0.4100687195139627,1.6951126903732106
0.7217154744359668,0.8448273194210717,1.5665427938570387,0.5221809312856796,1.044361862571359,12.990878539847403,15.20689174957929,28.197770289426696,0.3333333333333333,0.6666666666666666,0.3333333333333333,0.5392941212547366,2.170582243759314,0.4909284268080444,0.9818568536160888,1.4727852804241333,0.697413612829034,1.394827225658068,2.0922408384871023,14.0,0.04,8.0,0.08,4.0,5.0,5.0,18.0,1.0,2.220446049250313e-16,0.0,S101,mixed,9.0,1.4,0.0,0.001,1.4718899408788255,0.999,-0.08432090938162151,12.990878539847403,1.4434309488719337,2.288258268293005,0.7627527560976685,1.525505512195337,25.981757079694805,41.18864882927409,0.33333333333333337,0.6666666666666667,0.33333333333333337,0.36920103430951257,1.5852911218796566
0.38369007870608884,1.151301965144025,1.5349920438501137,0.5116640146167047,1.0233280292334095,6.906421416709599,20.72343537259245,27.629856789302046,0.3333333333333335,0.666666666666667,0.3333333333333335,0.7500377410792922,4.000603948443337,0.2610534675866558,0.5221069351733116,0.7831604027599675,1.2698086167805696,2.539617233561139,3.8094258503417087,17.0,0.04,8.0,0.08,4.0,5.0,5.0,18.0,1.0,2.220446049250313e-16,4.440892098500626e-16,S102,mixed,12.0,0.6,0.0,0.001,0.7825099880307523,0.999,-2.001703352851921,6.9064214167096,0.7673801574121777,1.9186821225562025,0.6395607075187342,1.2791214150374683,13.812842833419198,34.536278206011644,0.3333333333333333,0.6666666666666666,0.3333333333333333,0.6000483100401124,2.5003019742216686
0.6504807203776312,1.2566561944038144,1.9071369147814454,0.6357123049271486,1.2714246098542972,11.708652966797361,22.619811499268657,34.328464466066016,0.33333333333333337,0.6666666666666667,0.33333333333333337,0.658922904099848,2.931888455778171,0.4421391596458181,0.8842783192916363,1.3264174789374543,1.008183545117066,2.016367090234132,3.024550635351198,17.0,0.04,8.0,0.08,4.0,5.0,5.0,18.0,1.0,2.220446049250313e-16,0.0,S103,mixed,12.0,1.0,0.0,0.001,1.3266114735972656,0.999,-2.26298931961689,11.708652966797363,1.3009614407552623,2.557617635159077,0.8525392117196922,1.7050784234393843,23.417305933594722,46.03711743286338,0.33333333333333326,0.6666666666666665,0.33333333333333326,0.4913385711487142,1.965944227889086
0.868668458789376,1.3929341220660956,2.261602580855472,0.7538675269518239,1.5077350539036478,15.636032258208768,25.07281419718972,40.7088464553985,0.33333333333333326,0.6666666666666665,0.33333333333333326,0.6159057890441588,2.6035279144443275,0.5908194007385252,1.1816388014770505,1.7724582022155757,0.840441034972733,1.680882069945466,2.521323104918199,17.0,0.04,8.0,0.08,4.0,5.0,5.0,18.0,1.0,4.440892098500626e-16,2.220446049250313e-16,S104,mixed,12.0,1.4,0.0,0.001,1.7715906222601523,0.999,-0.13984008915479906,15.636032258208772,1.737336917578752,3.130271039644848,1.043423679881616,2.086847359763232,31.272064516417537,56.34487871360726,0.33333333333333337,0.6666666666666667,0.33333333333333337,0.4449883426785095,1.8017639572221633
1.1234260855029397,0.0,1.1234260855029397,0.3744753618343133,0.7489507236686266,20.221669539052915,0.0,20.221669539052915,0.3333333333333334,0.6666666666666669,0.3333333333333334,0.0,1.0,0.3825110100332044,0.7650220200664088,1.1475330300996132,1.25,2.5,3.75,10.0,0.04,8.0,0.08,4.0,5.0,10.0,18.0,1.0,0.0,2.220446049250313e-16,S105,mixed,0.0,0.6,0.0,0.001,1.145575793469676,0.999,0.16447325987582095,10.110834769526459,1.6851391282544097,1.6851391282544097,0.5617130427514698,1.1234260855029397,30.332504308579374,30.332504308579374,0.3333333333333333,0.6666666666666666,0.3333333333333333,0.0,1.0
1.1234260855029397,0.0,1.1234260855029397,0.3744753618343133,0.7489507236686266,20.221669539052915,0.0,20.221669539052915,0.3333333333333334,0.6666666666666669,0.3333333333333334,0.0,1.0,0.3825110100332044,0.7650220200664088,1.1475330300996132,1.25,2.5,3.75,10.0,0.04,8.0,0.08,4.0,5.0,10.0,18.0,1.0,0.0,2.220446049250313e-16,S106,mixed,0.0,1.0,0.0,0.001,1.145575793469676,0.999,0.16447325987582095,10.110834769526459,1.6851391282544097,1.6851391282544097,0.5617130427514698,1.1234260855029397,30.332504308579374,30.332504308579374,0.3333333333333333,0.6666666666666666,0.3333333333333333,0.0,1.0
1.1234260855029397,0.0,1.1234260855029397,0.3744753618343133,0.7489507236686266,20.221669539052915,0.0,20.221669539052915,0.3333333333333334,0.6666666666666669,0.3333333333333334,0.0,1.0,0.3825110100332044,0.7650220200664088,1.1475330300996132,1.25,2.5,3.75,10.0,0.04,8.0,0.08,4.0,5.0,10.0,18.0,1.0,0.0,2.220446049250313e-16,S107,mixed,0.0,1.4,0.0,0.001,1.145575793469676,0.999,0.16447325987582095,10.110834769526459,1.6851391282544097,1.6851391282544097,0.5617130427514698,1.1234260855029397,30.332504308579374,30.332504308579374,0.3333333333333333,0.6666666666666666,0.3333333333333333,0.0,1.0
1.1748428641681175,0.22855629698267935,1.4033991611507968,0.46779972038359896,0.9355994407671979,21.147171555026112,4.114013345688228,25.26118490071434,0.33333333333333337,0.6666666666666667,0.33333333333333337,0.16285908051652365,1.194542014045866,0.3999605006757176,0.7999210013514352,1.1998815020271527,1.25,2.5,3.75,13.0,0.04,8.0,0.08,4.0,5.0,10.0,18.0,1.0,0.0,0.0,S108,mixed,3.0,0.6,0.0,0.001,1.1980063162936552,0.999,0.00037146699952095297,10.573585777513058,1.7622642962521762,1.990820593234856,0.6636068644116184,1.3272137288232368,31.720757332539172,35.83477067822741,0.3333333333333332,0.6666666666666664,0.3333333333333332,0.11480506970811542,1.1296946760305775
1.3082381850038864,0.2394954237295696,1.5477336087334561,0.515911202911152,1.031822405822304,23.548287330069957,4.310917627132253,27.85920495720221,0.3333333333333333,0.6666666666666666,0.3333333333333333,0.15473943473098958,1.1830671405825524,0.44523192369050835,0.8904638473810167,1.3356957710715252,1.25,2.5,3.75,13.0,0.04,8.0,0.08,4.0,5.0,10.0,18.0,1.0,0.0,0.0,S109,mixed,3.0,1.0,0.0,0.001,1.3340316876852814,0.999,-0.42183322751287866,11.774143665034979,1.9623572775058296,2.2018527012353992,0.7339509004117998,1.4679018008235996,35.32243099510493,39.633348622237186,0.33333333333333337,0.6666666666666667,0.33333333333333337,0.10876995704353669,1.1220447603883683
1.4173320542097587,0.23009609273321052,1.647428146942969,0.5491427156476564,1.0982854312953128,25.511976975775656,4.141729669197789,29.653706644973443,0.33333333333333337,0.6666666666666667,0.33333333333333337,0.13966988069263334,1.162344520502291,0.4824019839636855,0.964803967927371,1.4472059518910565,1.25,2.5,3.75,13.0,0.04,8.0,0.08,4.0,5.0,10.0,18.0,1.0,2.220446049250313e-16,0.0,S110,mixed,3.0,1.4,0.0,0.001,1.4452764748510027,0.999,0.10895408010264074,12.755988487887828,2.1259980813146377,2.3560941740478483,0.7853647246826161,1.5707294493652322,38.26796546366348,42.409695132861266,0.3333333333333333,0.6666666666666666,0.3333333333333333,0.09765997270724446,1.1082296803348608
1.2262596428332924,0.556282504133739,1.7825421469670317,0.5941807156556771,1.1883614313113542,22.072673570999264,10.013085074407302,32.08575864540657,0.33333333333333326,0.6666666666666665,0.33333333333333326,0.312072567305208,1.4536416960183405,0.41740999131823125,0.8348199826364625,1.2522299739546938,1.2502617955599653,2.5005235911199306,3.7507853866798957,16.0,0.04,8.0,0.08,4.0,5.0,10.0,18.0,1.0,4.440892098500626e-16,2.220446049250313e-16,S111,mixed,6.0,0.6,0.0,0.001,1.2504368391176317,0.999,-0.5708052199551592,11.036336785499632,1.8393894642499387,2.3956719683836774,0.7985573227945592,1.5971146455891183,33.1090103564989,43.12209543090619,0.33333333333333337,0.6666666666666667,0.33333333333333337,0.23220311940664154,1.30242779734556
1.4930502845048332,0.5900858970226635,2.0831361815274967,0.6943787271758322,1.3887574543516643,26.874905121086996,10.621546146407942,37.49645126749494,0.3333333333333333,0.6666666666666666,0.3333333333333333,0.2832680370372966,1.3952217170089247,0.5079528373478125,1.015905674695625,1.5238585120434376,1.25,2.5,3.75,16.0,0.04,8.0,0.08,4.0,5.0,10.0,18.0,1.0,0.0,0.0,S112,mixed,6.0,1.0,0.0,0.001,1.522487581900887,0.999,-1.008139714901581,13.437452560543502,2.23957542675725,2.8296613237799133,0.943220441259971,1.886440882519942,40.312357681630495,50.93390382803844,0.33333333333333326,0.6666666666666665,0.33333333333333326,0.20853587390960834,1.2634811446726164
1.7112380229165813,0.5934410335520897,2.3046790564686708,0.7682263521562237,1.5364527043124474,30.802284412498466,10.681938603937613,41.484223016436076,0.33333333333333337,0.6666666666666667,0.33333333333333337,0.2574940019897546,1.3467904672551905,0.5822929578941666,1.1645859157883331,1.7468788736824998,1.25,2.5,3.75,16.0,0.04,8.0,0.08,4.0,5.0,10.0,18.0,1.0,0.0,0.0,S113,mixed,6.0,1.4,0.0,0.001,1.7449771562323333,0.999,0.053434900329459856,15.401142206249233,2.566857034374872,3.1602980679269614,1.053432689308987,2.106865378617974,46.2034266187477,56.88536522268531,0.33333333333333326,0.6666666666666665,0.33333333333333326,0.1877800830164621,1.2311936448367935
1.2776764214984702,0.9831786214531802,2.2608550429516505,0.7536183476505504,1.5072366953011007,22.99817558697246,17.697215186157244,40.69539077312971,0.3333333333333334,0.6666666666666669,0.3333333333333334,0.43487026048764066,1.7695051774533805,0.43485948196074475,0.8697189639214895,1.3045784458822343,1.410596810041267,2.821193620082534,4.231790430123801,19.0,0.04,8.0,0.08,4.0,5.0,10.0,18.0,1.0,0.0,2.220446049250313e-16,S114,mixed,9.0,0.6,0.0,0.001,1.3028673619416113,0.999,-1.1429054675799395,11.499087793486234,1.9165146322477058,2.8996932537008866,0.9665644179002951,1.9331288358005903,34.497263380458705,52.194478566615956,0.3333333333333332,0.6666666666666664,0.3333333333333332,0.33906297509170896,1.513003451635587
1.6778623840057851,1.0517714198792854,2.7296338038850703,0.9098779346283568,1.8197558692567135,30.20152291210413,18.931885557827137,49.13340846993127,0.3333333333333333,0.6666666666666666,0.3333333333333333,0.3853159417876148,1.6268520171292302,0.5706737510051159,1.1413475020102317,1.7120212530153476,1.25,2.5,3.75,19.0,0.04,8.0,0.08,4.0,5.0,10.0,18.0,1.0,0.0,0.0,S115,mixed,9.0,1.0,0.0,0.001,1.7109434761164974,0.999,-1.5944462022902752,15.100761456052066,2.516793576008678,3.568564995887963,1.1895216652959877,2.3790433305919754,45.3022843681562,64.23416992598334,0.3333333333333333,0.6666666666666666,0.3333333333333333,0.29473231427513175,1.41790134475282
2.005143991623402,1.0900348224566365,3.095178814080039,1.0317262713600128,2.0634525427200257,36.092591849221236,19.62062680421946,55.713218653440705,0.33333333333333326,0.6666666666666665,0.33333333333333326,0.352171841412859,1.5436192248588216,0.6821839318246465,1.364367863649293,2.0465517954739396,1.25,2.5,3.75,19.0,0.04,8.0,0.08,4.0,5.0,10.0,18.0,1.0,4.440892098500626e-16,2.220446049250313e-16,S116,mixed,9.0,1.4,0.0,0.001,2.044677837613662,0.999,-0.0020842794437103684,18.046295924610618,3.0077159874351036,4.09775080989174,1.3659169366305801,2.7318338732611602,54.13888777383187,73.75951457805132,0.33333333333333337,0.6666666666666667,0.33333333333333337,0.2660080793164274,1.3624128165725473
1.3290932001636424,1.509244648941001,2.8383378491046436,0.9461126163682145,1.892225232736429,23.923677602945563,27.166403680938018,51.090081283883585,0.3333333333333333,0.6666666666666666,0.3333333333333333,0.5317353779491379,2.135544632050768,0.45230897260325864,0.9046179452065173,1.3569269178097758,1.6224110419625069,3.2448220839250137,4.8672331258875206,22.0,0.04,8.0,0.08,4.0,5.0,10.0,18.0,1.0,0.0,0.0,S117,mixed,12.0,0.6,0.0,0.001,1.3552978847655845,0.999,-1.7150057152047278,11.96183880147278,1.9936398002454638,3.502884449186465,1.1676281497288215,2.335256299457643,35.88551640441835,63.051920085356365,0.3333333333333333,0.6666666666666666,0.3333333333333333,0.4308576748203952,1.7570297547005118
1.862674483506732,1.6245519922994287,3.487226475806161,1.1624088252687201,2.3248176505374403,33.528140703121174,29.241935861389717,62.770076564510894,0.3333333333333333,0.6666666666666666,0.3333333333333333,0.465857896976385,1.8721609742787662,0.6333946646624204,1.266789329324841,1.9001839939872613,1.3238091208131602,2.6476182416263203,3.9714273624394805,22.0,0.04,8.0,0.08,4.0,5.0,10.0,18.0,1.0,4.440892098500626e-16,0.0,S118,mixed,12.0,1.0,0.0,0.001,1.8993993703321026,0.999,-2.18075268967898,16.764070351560584,2.7940117252600976,4.418563717559527,1.472854572519842,2.945709145039684,50.29221105468176,79.53414691607149,0.33333333333333326,0.6666666666666665,0.33333333333333326,0.36766517269931,1.5814406495191777
2.299049960330225,1.7198774594468533,4.018927419777078,1.3396424732590262,2.6792849465180524,41.38289928594405,30.957794270043358,72.3406935559874,0.3333333333333334,0.6666666666666669,0.3333333333333334,0.42794439406478546,1.7480818116713817,0.7820749057551271,1.5641498115102541,2.346224717265381,1.25,2.5,3.75,22.0,0.04,8.0,0.08,4.0,5.0,10.0,18.0,1.0,8.881784197001252e-16,2.220446049250313e-16,S119,mixed,12.0,1.4,0.0,0.001,2.344378518994993,0.999,-0.057603459216885256,20.691449642972028,3.4485749404953374,5.168452399942192,1.722817466647397,3.445634933294794,62.07434892891607,93.03214319895945,0.3333333333333333,0.6666666666666666,0.3333333333333333,0.3327644962863719,1.4987212077809215
2.527708692381618,0.0,2.527708692381618,0.842569564127206,1.685139128254412,45.498756462869125,0.0,45.498756462869125,0.3333333333333333,0.6666666666666666,0.3333333333333333,0.0,1.0,0.5737665150498065,1.147533030099613,1.7212995451494195,1.875,3.75,5.625,15.0,0.04,8.0,0.08,4.0,5.0,15.0,18.0,1.0,0.0,0.0,S120,mixed,0.0,0.6,0.0,0.001,1.718363690204516,0.999,0.2467098898137321,15.166252154289708,3.370278256508824,3.370278256508824,1.1234260855029412,2.2468521710058824,60.66500861715883,60.66500861715883,0.3333333333333333,0.6666666666666666,0.3333333333333333,0.0,1.0
2.527708692381618,0.0,2.527708692381618,0.842569564127206,1.685139128254412,45.498756462869125,0.0,45.498756462869125,0.3333333333333333,0.6666666666666666,0.3333333333333333,0.0,1.0,0.5737665150498065,1.147533030099613,1.7212995451494195,1.875,3.75,5.625,15.0,0.04,8.0,0.08,4.0,5.0,15.0,18.0,1.0,0.0,0.0,S121,mixed,0.0,1.0,0.0,0.001,1.718363690204516,0.999,0.2467098898137321,15.166252154289708,3.370278256508824,3.370278256508824,1.1234260855029412,2.2468521710058824,60.66500861715883,60.66500861715883,0.3333333333333333,0.6666666666666666,0.3333333333333333,0.0,1.0
2.527708692381618,0.0,2.527708692381618,0.842569564127206,1.685139128254412,45.498756462869125,0.0,45.498756462869125,0.3333333333333333,0.6666666666666666,0.3333333333333333,0.0,1.0,0.5737665150498065,1.147533030099613,1.7212995451494195,1.875,3.75,5.625,15.0,0.04,8.0,0.08,4.0,5.0,15.0,18.0,1.0,0.0,0.0,S122,mixed,0.0,1.4,0.0,0.001,1.718363690204516,0.999,0.2467098898137321,15.166252154289708,3.370278256508824,3.370278256508824,1.1234260855029412,2.2468521710058824,60.66500861715883,60.66500861715883,0.3333333333333333,0.6666666666666666,0.3333333333333333,0.0,1.0
2.6048338603793773,0.3180419679319235,2.922875828311301,0.9742919427704335,1.948583885540867,46.88700948682879,5.724755422774623,52.61176490960342,0.33333333333333326,0.6666666666666665,0.33333333333333326,0.1088113168720113,1.1220968341856565,0.5912160056923201,1.1824320113846403,1.7736480170769604,1.875,3.75,5.625,18.0,0.04,8.0,0.08,4.0,5.0,15.0,18.0,1.0,4.440892098500626e-16,2.220446049250313e-16,S123,mixed,3.0,0.6,0.0,0.001,1.7707942130284908,0.999,0.0826080969374281,15.629003162276266,3.4731118138391692,3.7911537817710936,1.2637179272570311,2.5274358545140623,62.51601264910504,68.24076807187969,0.3333333333333333,0.6666666666666666,0.3333333333333333,0.08389054790157985,1.0915726256392424
2.8049268416330304,0.331469373203473,3.1363962148365037,1.0454654049455012,2.0909308098910024,50.48868314939455,5.966448717662513,56.45513186705706,0.3333333333333333,0.6666666666666666,0.3333333333333333,0.10568478932460135,1.11817398168235,0.6364874287071113,1.2729748574142226,1.9094622861213337,1.875,3.75,5.625,18.0,0.04,8.0,0.08,4.0,5.0,15.0,18.0,1.0,4.440892098500626e-16,0.0,S124,mixed,3.0,1.0,0.0,0.001,1.9068195844201168,0.999,-0.3395965975749755,16.829561049798187,3.7399024555107077,4.07137182871418,1.3571239429047266,2.714247885809453,67.31824419919273,73.28469291685524,0.3333333333333333,0.6666666666666666,0.3333333333333333,0.08141466492097765,1.0886304862617622
2.9685676454418424,0.311831927078399,3.280399572520242,1.0934665241734138,2.1869330483468277,53.434217617953166,5.6129746874111826,59.047192305364355,0.3333333333333333,0.6666666666666666,0.3333333333333333,0.09505912928735905,1.1050445751361635,0.6736574889802878,1.3473149779605755,2.0209724669408633,1.875,3.75,5.625,18.0,0.04,8.0,0.08,4.0,5.0,15.0,18.0,1.0,4.440892098500626e-16,0.0,S125,mixed,3.0,1.4,0.0,0.001,2.0180643715858406,0.999,0.19119071004054922,17.811405872651058,3.9580901939224566,4.269922121000857,1.423307373666952,2.846614747333904,71.24562349060422,76.85859817801543,0.33333333333333326,0.6666666666666665,0.33333333333333326,0.07302988631682737,1.0787834313521227
2.681959028377147,0.7352538460322284,3.417212874409375,1.1390709581364582,2.2781419162729164,48.27526251078864,13.234569228580112,61.50983173936875,0.3333333333333333,0.6666666666666666,0.3333333333333333,0.21516185062345827,1.274148053065945,0.6086654963348334,1.2173309926696667,1.8259964890045,1.875,3.75,5.625,21.0,0.04,8.0,0.08,4.0,5.0,15.0,18.0,1.0,4.440892098500626e-16,0.0,S126,mixed,6.0,0.6,0.0,0.001,1.823224735852472,0.999,-0.2841075823079575,16.09175417026288,3.575945371169529,4.311199217201757,1.4370664057339193,2.8741328114678386,64.36701668105152,77.60158590963164,0.33333333333333337,0.6666666666666667,0.33333333333333337,0.17054508710675054,1.2056110397994588
3.0821449908844594,0.7740337959704723,3.8561787868549313,1.2853929289516441,2.5707858579032883,55.47860983592027,13.9326083274685,69.41121816338877,0.3333333333333334,0.6666666666666669,0.3333333333333334,0.20072559877384938,1.2511347773254347,0.6992083423644144,1.3984166847288289,2.097625027093243,1.875,3.75,5.625,21.0,0.04,8.0,0.08,4.0,5.0,15.0,18.0,1.0,4.440892098500626e-16,2.220446049250313e-16,S127,mixed,6.0,1.0,0.0,0.001,2.095275478635728,0.999,-0.9259030849636678,18.492869945306758,4.109526654512613,4.883560450483085,1.6278534834943619,3.2557069669887237,73.97147978122703,87.90408810869553,0.33333333333333337,0.6666666666666667,0.33333333333333337,0.1584978426741711,1.1883510829940758
3.4094265985020753,0.7569127022424664,4.166339300744542,1.3887797669148474,2.777559533829695,61.36967877303736,13.624428640364396,74.99410741340175,0.33333333333333337,0.6666666666666667,0.33333333333333337,0.18167332221530855,1.2220058653191168,0.7735484629107683,1.5470969258215366,2.320645388732305,1.875,3.75,5.625,21.0,0.04,8.0,0.08,4.0,5.0,15.0,18.0,1.0,0.0,0.0,S128,mixed,6.0,1.4,0.0,0.001,2.3177650529671707,0.999,0.13567153026737433,20.456559591012457,4.5459021313361,5.302814833578567,1.767604944526189,3.535209889052378,81.8262383640498,95.4506670044142,0.33333333333333337,0.6666666666666667,0.33333333333333337,0.14273790920428375,1.1665043989893378
2.7590841963749084,1.2516356343009132,4.0107198306758205,1.3369066102252738,2.6738132204505476,49.66351553474835,22.529441417416436,72.19295695216476,0.3333333333333334,0.6666666666666669,0.3333333333333334,0.3120725673052082,1.45364169601834,0.6261149869773466,1.2522299739546932,1.8783449609320397,1.8753926933399478,3.7507853866798957,5.6261780800198435,24.0,0.04,8.0,0.08,4.0,5.0,15.0,18.0,1.0,8.881784197001252e-16,2.220446049250313e-16,S129,mixed,9.0,0.6,0.0,0.001,1.8756552586764486,0.999,-0.8562078299327411,16.554505178249457,3.6787789284998773,4.930414562800791,1.643471520933597,3.286943041867194,66.2180207129978,88.74746213041423,0.33333333333333337,0.6666666666666667,0.33333333333333337,0.2538601203526188,1.3402312720137555
3.3593631401358786,1.327693268300995,4.687056408436872,1.5623521361456245,3.124704272291249,60.46853652244582,23.89847882941791,84.3670153518637,0.3333333333333334,0.6666666666666669,0.3333333333333334,0.28326803703729675,1.3952217170089243,0.761929256021719,1.523858512043438,2.2857877680651573,1.875,3.75,5.625,24.0,0.04,8.0,0.08,4.0,5.0,15.0,18.0,1.0,1.7763568394002505e-15,2.220446049250313e-16,S130,mixed,9.0,1.0,0.0,0.001,2.2837313728513324,0.999,-1.5122095723523734,20.15617884081527,4.479150853514504,5.806844121815499,1.9356147072718333,3.8712294145436665,80.62471536326107,104.52319419267899,0.33333333333333337,0.6666666666666667,0.33333333333333337,0.22864282912521064,1.2964162877566936
3.8502855515623096,1.3352423254922028,5.185527877054512,1.728509292351504,3.457018584703008,69.30513992812158,24.03436185885965,93.33950178698122,0.3333333333333333,0.6666666666666666,0.3333333333333333,0.25749400198975464,1.3467904672551905,0.8734394368412487,1.7468788736824974,2.620318310523746,1.875,3.75,5.625,24.0,0.04,8.0,0.08,4.0,5.0,15.0,18.0,1.0,0.0,0.0,S131,mixed,9.0,1.4,0.0,0.001,2.617465734348501,0.999,0.08015235049420077,23.101713309373856,5.133714068749746,6.468956394241949,2.1563187980806497,4.3126375961612995,92.40685323749543,116.44121509635508,0.33333333333333337,0.6666666666666667,0.33333333333333337,0.20640768682267033,1.260092850441393
2.83620936437268,1.867187332737981,4.70339669711066,1.5677988990368872,3.1355977980737744,51.05176855870823,33.60937198928366,84.66114054799189,0.3333333333333334,0.6666666666666669,0.3333333333333334,0.39698699747886695,1.6583390338501933,0.64356447761986,1.28712895523972,1.93069343285958,2.0193441097496407,4.0386882194992815,6.058032329248922,27.0,0.04,8.0,0.08,4.0,5.0,15.0,18.0,1.0,0.0,2.220446049250313e-16,S132,mixed,12.0,0.6,0.0,0.001,1.9280857815004306,0.999,-1.4283080775575088,17.01725618623608,3.7816124858302405,5.6487998185682216,1.8829332728560737,3.7658665457121474,68.06902474494433,101.67839673422799,0.3333333333333333,0.6666666666666666,0.3333333333333333,0.33054584915548474,1.493754275387645
3.636581289387296,1.99244779019504,5.6290290795823354,1.8763430265274454,3.752686053054891,65.45846320897132,35.86406022351072,101.32252343248204,0.33333333333333337,0.6666666666666667,0.33333333333333337,0.3539594061473344,1.5478903485561117,0.8246501696790234,1.6493003393580468,2.47395050903707,1.875,3.75,5.625,27.0,0.04,8.0,0.08,4.0,5.0,15.0,18.0,1.0,8.881784197001252e-16,0.0,S133,mixed,12.0,1.0,0.0,0.001,2.472187267066936,0.999,-2.098516059741077,21.819487736323776,4.848775052516395,6.841222842711433,2.280407614237145,4.56081522847429,87.2779509452951,123.1420111688058,0.3333333333333334,0.6666666666666669,0.3333333333333334,0.29124146896015424,1.4109177614170836
4.29114450462254,2.046820796827606,6.337965301450146,2.1126551004833822,4.2253102009667645,77.24060108320572,36.84277434289691,114.08337542610263,0.33333333333333337,0.6666666666666667,0.33333333333333337,0.32294604016833084,1.4769871521741378,0.9733304107717291,1.9466608215434582,2.919991232315187,1.875,3.75,5.625,27.0,0.04,8.0,0.08,4.0,5.0,15.0,18.0,1.0,0.0,0.0,S134,mixed,12.0,1.4,0.0,0.001,2.91716641572983,0.999,0.024633170721025888,25.74686702773525,5.721526006163386,7.768346802990993,2.589448934330331,5.178897868660662,102.98746811094095,139.83024245383788,0.3333333333333333,0.6666666666666666,0.3333333333333333,0.26348216019907,1.3577403641306034
0.3183919170279103,0.0,0.3183919170279103,0.09361884045857832,0.224773076569332,5.731054506502385,0.0,5.731054506502385,0.2940364860153522,0.7059635139846479,0.41192702796929564,0.0,1.0,0.1912555050166022,0.45908577180001126,0.6503412768166135,0.625,1.25,1.875,5.0,0.04,8.0,0.1,4.0,5.0,5.0,18.0,1.0,0.0,0.0,S135,severe_mixed,0.0,0.6,0.0,0.001,0.649338799748967,0.999,0.12995413529255861,5.731054506502387,0.6367838340558206,0.6367838340558206,0.18723768091715665,0.449546153138664,11.46210901300477,11.46210901300477,0.2940364860153522,0.7059635139846479,0.41192702796929564,0.0,1.0
0.3183919170279103,0.0,0.3183919170279103,0.09361884045857832,0.224773076569332,5.731054506502385,0.0,5.731054506502385,0.2940364860153522,0.7059635139846479,0.41192702796929564,0.0,1.0,0.1912555050166022,0.45908577180001126,0.6503412768166135,0.625,1.25,1.875,5.0,0.04,8.0,0.1,4.0,5.0,5.0,18.0,1.0,0.0,0.0,S136,severe_mixed,0.0,1.0,0.0,0.001,0.649338799748967,0.999,0.12995413529255861,5.731054506502387,0.6367838340558206,0.6367838340558206,0.18723768091715665,0.449546153138664,11.46210901300477,11.46210901300477,0.2940364860153522,0.7059635139846479,0.41192702796929564,0.0,1.0
0.3183919170279103,0.0,0.3183919170279103,0.09361884045857832,0.224773076569332,5.731054506502385,0.0,5.731054506502385,0.2940364860153522,0.7059635139846479,0.41192702796929564,0.0,1.0,0.1912555050166022,0.45908577180001126,0.6503412768166135,0.625,1.25,1.875,5.0,0.04,8.0,0.1,4.0,5.0,5.0,18.0,1.0,0.0,0.0,S137,severe_mixed,0.0,1.4,0.0,0.001,0.649338799748967,0.999,0.12995413529255861,5.731054506502387,0.6367838340558206,0.6367838340558206,0.18723768091715665,0.449546153138664,11.46210901300477,11.46210901300477,0.2940364860153522,0.7059635139846479,0.41192702796929564,0.0,1.0
0.35274109679474,0.15386566202811747,0.5066067588228574,0.14854517891391927,0.3580615799089381,6.34933974230532,2.769581916506114,9.118921658811434,0.2932159437806875,0.7067840562193124,0.4135681124386249,0.3037181390663579,1.4361999875439857,0.20870499565911563,0.511595959639743,0.7203009552988586,0.6251308977799827,1.305275397968897,1.9223337769554987,8.0,0.04,8.0,0.1,4.0,5.0,5.0,18.0,1.0,0.0,1.1102230246251565e-16,S138,severe_mixed,3.0,0.6,0.0,0.001,0.719391630770426,0.999,-0.17403564892836976,6.349339742305319,0.70548219358948,0.8593478556175973,0.2507334824833603,0.608614373134237,12.69867948461064,15.468261401116752,0.2917718137588914,0.7082281862411086,0.41645637248221723,0.1790493349372904,1.2180999937719927
0.426945880348223,0.17152336405358803,0.598469244401811,0.17359468179395804,0.424874562607853,7.685025846268014,3.0874205529645846,10.7724463992326,0.2900644994171278,0.7099355005828721,0.4198710011657444,0.2866034732077687,1.4017449797470611,0.25397641867390625,0.6174583323488805,0.8714347510227867,0.625,1.25,1.875,8.0,0.04,8.0,0.1,4.0,5.0,5.0,18.0,1.0,0.0,0.0,S139,severe_mixed,3.0,1.0,0.0,0.001,0.8707272725104352,0.999,-0.4600429752984252,7.685025846268014,0.853891760696446,1.0254151247500343,0.2980155388360275,0.7273995859140066,15.370051692536029,18.457472245500618,0.2906291624171965,0.7093708375828033,0.41874167516560684,0.16727212220065538,1.2008724898735308
0.4827075295835316,0.17447289356839946,0.6571804231519309,0.19205658803905593,0.46512383511287503,8.688735532503568,3.14051208423119,11.829247616734756,0.29224331899286526,0.7077566810071347,0.4155133620142696,0.2654870525990452,1.3614463891187494,0.2911464789470833,0.6942958304126285,0.9854423093597118,0.625,1.25,1.875,8.0,0.04,8.0,0.1,4.0,5.0,5.0,18.0,1.0,1.1102230246251565e-16,0.0,S140,severe_mixed,3.0,1.4,0.0,0.001,0.9844493880857001,0.999,0.11084254802618088,8.68873553250357,0.9654150591670632,1.1398879527354624,0.3346597566154376,0.8052281961200249,17.377471065007136,20.517983149238322,0.2935900461201762,0.706409953879824,0.4128199077596478,0.15306144182830045,1.1807231945593746
0.38709027656156936,0.416002882663626,0.8030931592251955,0.23652815409205363,0.5665650051331418,6.967624978108248,7.488051887945268,14.455676866053519,0.29452144047678125,0.7054785595232186,0.41095711904643734,0.5180007797164844,2.0746921528457922,0.22615448630162932,0.5641061474794764,0.7902606337811058,0.8112055209812534,1.7574225908301135,2.5663308009612145,11.0,0.04,8.0,0.1,4.0,5.0,5.0,18.0,1.0,2.220446049250313e-16,2.220446049250313e-16,S141,severe_mixed,6.0,0.6,0.0,0.001,0.7894444617918849,0.999,-0.7220265343125513,6.96762497810825,0.7741805531231387,1.1901834357867649,0.3472859207723571,0.8428975150144078,13.935249956216497,21.423301844161767,0.2917919291514803,0.7082080708485197,0.41641614169703944,0.34952837533705833,1.5373460764228963
0.5354998436685363,0.46985543365021687,1.0053552773187533,0.29060220631718003,0.7147530710015733,9.638997186033654,8.457397805703904,18.096394991737558,0.28905424069808017,0.7109457593019198,0.4218915186038397,0.46735263070713134,1.8774146980723452,0.3166973323312102,0.7758308928977492,1.0925282252289594,0.6619045604065801,1.4482501684695919,2.1050482958275905,11.0,0.04,8.0,0.1,4.0,5.0,5.0,18.0,1.0,2.220446049250313e-16,0.0,S142,severe_mixed,6.0,1.0,0.0,0.001,1.0921157452719052,0.999,-1.0500400858894077,9.638997186033658,1.0709996873370726,1.5408551209872898,0.44582507994274106,1.0950300410445488,19.277994372067308,27.735392177771217,0.28933614450207523,0.7106638554979249,0.42132771099584965,0.30493161053919265,1.438707349036173
0.6470231421391518,0.500376707365568,1.14739984950472,0.33491061831475655,0.8124892311899634,11.646416558504733,9.006780732580225,20.653197291084957,0.29188658030530695,0.7081134196946931,0.4162268393893861,0.4360961940003372,1.7733521025403365,0.39103745287756353,0.9295058890252476,1.3205433419028112,0.625,1.2715133656889732,1.875,11.0,0.04,8.0,0.1,4.0,5.0,5.0,18.0,1.0,0.0,0.0,S143,severe_mixed,6.0,1.4,0.0,0.001,1.3195599764224313,0.999,0.09173096075980158,11.646416558504734,1.2940462842783036,1.794422991643872,0.526498115008942,1.2679248766349298,23.292833117009465,32.2996138495897,0.2934080300245243,0.7065919699754755,0.4131839399509512,0.27885103439695264,1.3866760512701686
0.42143945632839913,0.7864116619065258,1.207851118234925,0.35756776599298234,0.8502833522419424,7.585910213911184,14.155409914317463,21.74132012822865,0.2960362917207119,0.7039637082792879,0.407927416558576,0.6510832751107077,2.86601337415766,0.24360397694414268,0.6166163353192085,0.8602203122633512,1.037545084512467,2.253308458581986,3.2885819139404866,14.0,0.04,8.0,0.1,4.0,5.0,5.0,18.0,1.0,0.0,2.220446049250313e-16,S144,severe_mixed,9.0,0.6,0.0,0.001,0.8594972928133441,0.999,-1.2700174196967322,7.585910213911184,0.8428789126567983,1.6292905745633244,0.47689499578414907,1.152395578779175,15.171820427822368,29.32723034213984,0.2927010094021838,0.7072989905978161,0.41459798119563224,0.48267121542595093,1.9330066870788303
0.6440538069888496,0.8949962087898865,1.539050015778736,0.444641414028244,1.094408601750492,11.592968525799293,16.109931758217957,27.702900284017247,0.2889064094536669,0.7110935905463331,0.42218718109266623,0.5815250963998282,2.3896295605708318,0.37941824598851426,0.9342034534466187,1.3136216994351329,0.8268621247242501,1.8372921897081078,2.660787145902733,14.0,0.04,8.0,0.1,4.0,5.0,5.0,18.0,1.0,2.220446049250313e-16,0.0,S145,severe_mixed,9.0,1.0,0.0,0.001,1.3135042180333742,0.999,-1.6400371964803924,11.592968525799291,1.2881076139776992,2.183103822767585,0.6306663042372966,1.552437518530289,23.185937051598586,39.29586880981653,0.2888851632524661,0.7111148367475341,0.422229673495068,0.4099650229439264,1.6948147802854154
0.8113387546947726,0.9777114413915067,1.7890501960862797,0.5221809312856796,1.2668692648006,14.604097584505906,17.59880594504712,32.20290352955303,0.2918760649801782,0.7081239350198216,0.4162478700396434,0.5464974898582191,2.205059459731249,0.4909284268080444,1.1647159476378657,1.65564437444591,0.697413612829034,1.5628850578117572,2.255260788568554,14.0,0.04,8.0,0.1,4.0,5.0,5.0,18.0,1.0,4.440892098500626e-16,2.220446049250313e-16,S146,severe_mixed,9.0,1.4,0.0,0.001,1.654670564759164,0.999,0.07261937349342196,14.604097584505912,1.6226775093895451,2.6003889507810523,0.7627527560976685,1.8376361946833837,29.208195169011812,46.80700111405894,0.2933225646373279,0.706677435362672,0.4133548707253441,0.37598661580908554,1.6025297298656245
0.4557886360952284,1.2650919997568169,1.7208806358520452,0.5116640146167047,1.2092166212353406,8.204195449714112,22.7716559956227,30.975851445336815,0.29732684763657,0.7026731523634301,0.40534630472686006,0.735142213469351,3.775611104732545,0.2610534675866558,0.6691265231589408,0.9301799907455967,1.2698086167805696,2.757491565165785,4.02480848732599,17.0,0.04,8.0,0.1,4.0,5.0,5.0,18.0,1.0,0.0,0.0,S147,severe_mixed,12.0,0.6,0.0,0.001,0.9295501238348032,0.999,-1.8180083050809148,8.204195449714117,0.9115772721904568,2.176669271947274,0.6395607075187342,1.5371085644285394,16.408390899428223,39.180046895050936,0.29382539449669154,0.7061746055033082,0.4123492110066167,0.5812054298102212,2.387805552366273
0.7526077703091629,1.4469456894725967,2.1995534597817596,0.6357123049271486,1.5638411548546112,13.546939865564934,26.04502241050674,39.591962276071676,0.2890188015663071,0.710981198433693,0.4219623968673859,0.6578361089783028,2.922576070239359,0.4421391596458181,1.0925760139954872,1.5347151736413054,1.008183545117066,2.246072938548058,3.2508828164313877,17.0,0.04,8.0,0.1,4.0,5.0,5.0,18.0,1.0,0.0,0.0,S148,severe_mixed,12.0,1.0,0.0,0.001,1.5348926907948441,0.999,-2.230034307071374,13.546939865564934,1.5052155406183259,2.952161230090923,0.8525392117196922,2.0996220183712304,27.093879731129867,53.13890214163661,0.2887847733483835,0.7112152266516164,0.4224304533032329,0.4901309842850394,1.96128803511968
0.975654367250393,1.606477095646214,2.5821314628966068,0.7538675269518239,1.8282639359447828,17.561778610507073,28.916587721631853,46.47836633213892,0.291955517286538,0.708044482713462,0.4160889654269239,0.622151551433437,2.646563731553436,0.5908194007385252,1.399926006250485,1.9907454069890103,0.840441034972733,1.9009027711511075,2.7373112286863517,17.0,0.04,8.0,0.1,4.0,5.0,5.0,18.0,1.0,0.0,0.0,S149,severe_mixed,12.0,1.4,0.0,0.001,1.9897811530958953,0.999,0.053507786227039666,17.561778610507076,1.951308734500786,3.5577858301469996,1.043423679881616,2.5143621502653835,35.123557221014146,64.040144942646,0.29327894642789787,0.7067210535721021,0.4134421071442042,0.4515384490077184,1.823281865776718
1.2735676681116412,0.0,1.2735676681116412,0.3744753618343133,0.899092306277328,22.92421802600954,0.0,22.92421802600954,0.2940364860153522,0.7059635139846479,0.41192702796929564,0.0,1.0,0.3825110100332044,0.9181715436000225,1.300682553633227,1.25,2.5,3.75,10.0,0.04,8.0,0.1,4.0,5.0,10.0,18.0,1.0,0.0,0.0,S150,severe_mixed,0.0,0.6,0.0,0.001,1.298677599497934,0.999,0.25990827058511723,11.462109013004774,1.9103515021674622,1.9103515021674622,0.5617130427514698,1.3486384594159924,34.38632703901432,34.38632703901432,0.2940364860153521,0.705963513984648,0.41192702796929587,0.0,1.0
1.2735676681116412,0.0,1.2735676681116412,0.3744753618343133,0.899092306277328,22.92421802600954,0.0,22.92421802600954,0.2940364860153522,0.7059635139846479,0.41192702796929564,0.0,1.0,0.3825110100332044,0.9181715436000225,1.300682553633227,1.25,2.5,3.75,10.0,0.04,8.0,0.1,4.0,5.0,10.0,18.0,1.0,0.0,0.0,S151,severe_mixed,0.0,1.0,0.0,0.001,1.298677599497934,0.999,0.25990827058511723,11.462109013004774,1.9103515021674622,1.9103515021674622,0.5617130427514698,1.3486384594159924,34.38632703901432,34.38632703901432,0.2940364860153521,0.705963513984648,0.41192702796929587,0.0,1.0
1.2735676681116412,0.0,1.2735676681116412,0.3744753618343133,0.899092306277328,22.92421802600954,0.0,22.92421802600954,0.2940364860153522,0.7059635139846479,0.41192702796929564,0.0,1.0,0.3825110100332044,0.9181715436000225,1.300682553633227,1.25,2.5,3.75,10.0,0.04,8.0,0.1,4.0,5.0,10.0,18.0,1.0,0.0,0.0,S152,severe_mixed,0.0,1.4,0.0,0.001,1.298677599497934,0.999,0.25990827058511723,11.462109013004774,1.9103515021674622,1.9103515021674622,0.5617130427514698,1.3486384594159924,34.38632703901432,34.38632703901432,0.2940364860153521,0.705963513984648,0.41192702796929587,0.0,1.0
1.3422660276453013,0.25359554475253954,1.5958615723978407,0.46779972038359896,1.1280618520142418,24.160788497615425,4.564719805545712,28.72550830316113,0.2931330188499449,0.7068669811500552,0.4137339623001102,0.1589082343598906,1.188930912002157,0.3999605006757176,0.9706817314397547,1.3706422321154723,1.25,2.5,3.75,13.0,0.04,8.0,0.1,4.0,5.0,10.0,18.0,1.0,2.220446049250313e-16,0.0,S153,severe_mixed,3.0,0.6,0.0,0.001,1.3687304305193937,0.999,0.0736031921583502,12.080394248807712,2.013399041467952,2.266994586220491,0.6636068644116184,1.603387721808873,36.241182746423135,40.80590255196884,0.2927253856031375,0.7072746143968626,0.41454922879372513,0.11186420395265756,1.1259539413347714
1.490675594752267,0.279642375335656,1.770317970087923,0.515911202911152,1.254406767176771,26.832160705540804,5.033562756041808,31.865723461582615,0.29142290347170186,0.708577096528298,0.4171541930565962,0.15796166567849249,1.1875943876186754,0.44523192369050835,1.0765441041488921,1.5217760278394006,1.25,2.5,3.75,13.0,0.04,8.0,0.1,4.0,5.0,10.0,18.0,1.0,0.0,1.1102230246251565e-16,S154,severe_mixed,3.0,1.0,0.0,0.001,1.5200660722594024,0.999,-0.330088840005867,13.416080352770404,2.2360133921284007,2.5156557674640565,0.7339509004117998,1.7817048670522568,40.24824105831121,45.28180381435302,0.2917533113648811,0.708246688635119,0.4164933772702379,0.11116082691136775,1.1250629250791166
1.6021988932228817,0.2732303270224133,1.875429220245295,0.5491427156476564,1.3262865045976386,28.83958007801187,4.9181458864034395,33.75772596441531,0.2928090858986573,0.7071909141013428,0.41438182820268554,0.14568949020996722,1.1705345872963377,0.4824019839636855,1.1533816022126415,1.635783586176327,1.25,2.5,3.75,13.0,0.04,8.0,0.1,4.0,5.0,10.0,18.0,1.0,0.0,0.0,S155,severe_mixed,3.0,1.4,0.0,0.001,1.633788187834665,0.999,0.24079668331873494,14.419790039005937,2.403298339834323,2.6765286668567363,0.7853647246826161,1.8911639421741195,43.25937011701781,48.17751600342125,0.2934266067865185,0.7065733932134812,0.4131467864269628,0.10208384106092529,1.1136897248642252
1.41096438717896,0.6154626481124699,2.0264270352914298,0.5941807156556771,1.4322463196357524,25.39735896922128,11.078327666024457,36.47568663524574,0.2932159437806875,0.7067840562193124,0.4135681124386249,0.3037181390663579,1.4361999875439857,0.41740999131823125,1.023191919279486,1.4406019105977173,1.2502617955599653,2.610550795937794,3.8446675539109973,16.0,0.04,8.0,0.1,4.0,5.0,10.0,18.0,1.0,0.0,1.1102230246251565e-16,S156,severe_mixed,6.0,0.6,0.0,0.001,1.438783261540852,0.999,-0.3480712978567395,12.698679484610638,2.11644658076844,2.7319092288809097,0.7985573227945592,1.9333519060863504,38.096038453831916,49.17436611985637,0.29230741429929485,0.7076925857007051,0.41538517140141024,0.2252866389578346,1.2907999916959905
1.707783521392892,0.6860934562143521,2.393876977607244,0.6943787271758322,1.699498250431412,30.740103385072057,12.349682211858338,43.0897855969304,0.2900644994171278,0.7099355005828721,0.4198710011657444,0.2866034732077687,1.4017449797470611,0.5079528373478125,1.234916664697761,1.7428695020455733,1.25,2.5,3.75,16.0,0.04,8.0,0.1,4.0,5.0,10.0,18.0,1.0,0.0,0.0,S157,severe_mixed,6.0,1.0,0.0,0.001,1.7414545450208705,0.999,-0.9200859505968504,15.370051692536029,2.5616752820893383,3.24776873830369,0.943220441259971,2.304548297043719,46.11015507760809,58.45983728946642,0.2904210605071022,0.7095789394928977,0.4191578789857956,0.211250711333806,1.2678299864980405
1.9308301183341263,0.6978915742735978,2.6287216926077237,0.7682263521562237,1.8604953404515001,34.75494213001427,12.56204833692476,47.316990466939025,0.29224331899286526,0.7077566810071347,0.4155133620142696,0.2654870525990452,1.3614463891187494,0.5822929578941666,1.388591660825257,1.9708846187194236,1.25,2.5,3.75,16.0,0.04,8.0,0.1,4.0,5.0,10.0,18.0,1.0,4.440892098500626e-16,0.0,S158,severe_mixed,6.0,1.4,0.0,0.001,1.9688987761714003,0.999,0.22168509605236175,17.37747106500714,2.8962451775011893,3.594136751774787,1.053432689308987,2.5407040624658,52.13241319502141,64.69446153194616,0.29309755361667894,0.706902446383321,0.41380489276664206,0.1941750196146484,1.2409642594124997
1.4796627467126202,1.085601310079792,2.5652640567924117,0.7536183476505504,1.811645709141862,26.633929440827163,19.540823581436257,46.17475302226341,0.29377807935798605,0.7062219206420143,0.41244384128402817,0.42319281214161647,1.7336815855448693,0.43485948196074475,1.0757021071192197,1.5105615890799644,1.410596810041267,3.0378432607588657,4.4429061731295185,19.0,0.04,8.0,0.1,4.0,5.0,10.0,18.0,1.0,8.881784197001252e-16,4.440892098500626e-16,S159,severe_mixed,9.0,0.6,0.0,0.001,1.5088360925623123,0.999,-0.8960621832409168,13.316964720413582,2.2194941200689304,3.3050954301487225,0.9665644179002951,2.3385310122484273,39.95089416124075,59.491717742677004,0.29244675027637607,0.7075532497236239,0.41510649944724787,0.3284629243007795,1.4891210570299132
1.9248914480335193,1.2193532426360898,3.144244690669609,0.9098779346283568,2.234366756041252,34.64804606460335,21.948358367449615,56.596404432052964,0.28937885697266963,0.7106211430273301,0.4212422860546606,0.3878048188343802,1.633465977461632,0.5706737510051159,1.3932892252466293,1.9639629762517452,1.25,2.5677832581644253,3.7748972858339176,19.0,0.04,8.0,0.1,4.0,5.0,10.0,18.0,1.0,0.0,2.220446049250313e-16,S160,severe_mixed,9.0,1.0,0.0,0.001,1.962843017782341,0.999,-1.5100830611878302,17.324023032301678,2.8873371720502794,4.106690414686368,1.1895216652959877,2.9171687493903815,51.97206909690503,73.92042746435463,0.2896545746526239,0.7103454253473763,0.4206908506947524,0.2969187154394283,1.4223106516410877
2.259461343445367,1.273983741753551,3.5334450851989176,1.0317262713600128,2.5017188138389055,40.67030418201661,22.931707351563915,63.602011533580516,0.29198876634074844,0.7080112336592517,0.41602246731850323,0.3605500329098311,1.5638440088604928,0.6821839318246465,1.6238017194378762,2.3059856512625228,1.25,2.5,3.75,19.0,0.04,8.0,0.1,4.0,5.0,10.0,18.0,1.0,4.440892098500626e-16,0.0,S161,severe_mixed,9.0,1.4,0.0,0.001,2.304009364508132,0.999,0.2025735087859828,20.335152091008307,3.389192015168051,4.663175756921602,1.3659169366305801,3.297258820291022,61.00545627302491,83.93716362458883,0.292915602549,0.707084397451,0.4141687949020001,0.27320088458226416,1.3758960059069953
1.5483611062462774,1.664011530654504,3.212372636900782,0.9461126163682145,2.266260020532567,27.870499912432994,29.952207551781072,57.822707464214076,0.29452144047678125,0.7054785595232186,0.41095711904643734,0.5180007797164844,2.0746921528457922,0.45230897260325864,1.1282122949589528,1.5805212675622116,1.6224110419625069,3.514845181660227,5.132661601922429,22.0,0.04,8.0,0.1,4.0,5.0,10.0,18.0,1.0,8.881784197001252e-16,2.220446049250313e-16,S162,severe_mixed,12.0,0.6,0.0,0.001,1.5788889235837698,0.999,-1.4440530686251025,13.9352499562165,2.322541659369416,3.9865531900239204,1.1676281497288215,2.8189250402950994,41.80574986864949,71.75795742043057,0.2928916520293099,0.7071083479706902,0.41421669594138033,0.4174060777161033,1.716461435230528
2.1419993746741453,1.8794217346008675,4.021421109275013,1.1624088252687201,2.859012284006293,38.555988744134616,33.829591222815615,72.38557996695023,0.28905424069808017,0.7109457593019198,0.4218915186038397,0.46735263070713134,1.8774146980723452,0.6333946646624204,1.5516617857954984,2.185056450457919,1.3238091208131602,2.8965003369391837,4.210096591655181,22.0,0.04,8.0,0.1,4.0,5.0,10.0,18.0,1.0,8.881784197001252e-16,0.0,S163,severe_mixed,12.0,1.0,0.0,0.001,2.1842314905438105,0.999,-2.1000801717788153,19.277994372067315,3.212999062011218,5.092420796612085,1.472854572519842,3.619566224092244,57.83398311620192,91.66357433901754,0.2892248365452657,0.7107751634547345,0.4215503269094688,0.3690625362010971,1.5849431320482301
2.588092568556607,2.001506829462272,4.58959939801888,1.3396424732590262,3.2499569247598536,46.58566623401893,36.0271229303209,82.61278916433983,0.29188658030530695,0.7081134196946931,0.4162268393893861,0.4360961940003372,1.7733521025403365,0.7820749057551271,1.8590117780504951,2.6410866838056224,1.25,2.5430267313779464,3.75,22.0,0.04,8.0,0.1,4.0,5.0,10.0,18.0,1.0,0.0,0.0,S164,severe_mixed,12.0,1.4,0.0,0.001,2.6391199528448626,0.999,0.18346192151960317,23.29283311700947,3.882138852834911,5.883645682297183,1.722817466647397,4.160828215649786,69.8784993510284,105.9056222813493,0.292814618635354,0.707185381364646,0.414370762729292,0.34018140070610325,1.5155680683602242
2.8655272532511953,0.0,2.8655272532511953,0.842569564127206,2.0229576891239893,51.57949055852151,0.0,51.57949055852151,0.2940364860153523,0.7059635139846477,0.4119270279692954,0.0,1.0,0.5737665150498065,1.3772573154000332,1.9510238304498397,1.875,3.75,5.625,15.0,0.04,8.0,0.1,4.0,5.0,15.0,18.0,1.0,0.0,0.0,S165,severe_mixed,0.0,0.6,0.0,0.001,1.9480163992469024,0.999,0.3898624058776776,17.193163519507173,3.820703004334927,3.820703004334927,1.1234260855029412,2.6972769188319856,68.7726540780287,68.7726540780287,0.29403648601535226,0.7059635139846476,0.41192702796929537,0.0,1.0
2.8655272532511953,0.0,2.8655272532511953,0.842569564127206,2.0229576891239893,51.57949055852151,0.0,51.57949055852151,0.2940364860153523,0.7059635139846477,0.4119270279692954,0.0,1.0,0.5737665150498065,1.3772573154000332,1.9510238304498397,1.875,3.75,5.625,15.0,0.04,8.0,0.1,4.0,5.0,15.0,18.0,1.0,0.0,0.0,S166,severe_mixed,0.0,1.0,0.0,0.001,1.9480163992469024,0.999,0.3898624058776776,17.193163519507173,3.820703004334927,3.820703004334927,1.1234260855029412,2.6972769188319856,68.7726540780287,68.7726540780287,0.29403648601535226,0.7059635139846476,0.41192702796929537,0.0,1.0
2.8655272532511953,0.0,2.8655272532511953,0.842569564127206,2.0229576891239893,51.57949055852151,0.0,51.57949055852151,0.2940364860153523,0.7059635139846477,0.4119270279692954,0.0,1.0,0.5737665150498065,1.3772573154000332,1.9510238304498397,1.875,3.75,5.625,15.0,0.04,8.0,0.1,4.0,5.0,15.0,18.0,1.0,0.0,0.0,S167,severe_mixed,0.0,1.4,0.0,0.001,1.9480163992469024,0.999,0.3898624058776776,17.193163519507173,3.820703004334927,3.820703004334927,1.1234260855029412,2.6972769188319856,68.7726540780287,68.7726540780287,0.29403648601535226,0.7059635139846476,0.41192702796929537,0.0,1.0
2.9685747925516837,0.35332542747696144,3.3219002200286454,0.9742919427704335,2.347608277258211,53.43434626593031,6.359857694585306,59.79420396051562,0.2932935603833495,0.7067064396166503,0.4134128792333008,0.10636244440656759,1.1190219051793724,0.5912160056923201,1.4297675032397659,2.020983508932086,1.875,3.75,5.625,18.0,0.04,8.0,0.1,4.0,5.0,15.0,18.0,1.0,4.440892098500626e-16,2.220446049250313e-16,S168,severe_mixed,3.0,0.6,0.0,0.001,2.018069230268361,0.999,0.20355732745090793,17.811448755310103,3.9580997234022455,4.311425150879206,1.2637179272570311,3.047707223622175,71.24579502124041,77.6056527158257,0.29310909572425903,0.706890904275741,0.41378180855148194,0.08195095939562112,1.089266428884529
3.1911891432121315,0.38776138661772397,3.578950529829856,1.0454654049455012,2.533485124884354,57.44140457781837,6.979704959119031,64.42110953693741,0.29211507569935674,0.7078849243006431,0.4157698486012864,0.10834499761474999,1.1215099980653038,0.6364874287071113,1.5356298759489027,2.172117304656014,1.875,3.75,5.625,18.0,0.04,8.0,0.1,4.0,5.0,15.0,18.0,1.0,4.440892098500626e-16,2.220446049250313e-16,S169,severe_mixed,3.0,1.0,0.0,0.001,2.1694048720083696,0.999,-0.20013470471330885,19.147134859272793,4.2549188576161745,4.6426802442339,1.3571239429047266,3.285556301329173,76.58853943709114,83.5682443962102,0.2923147560270261,0.7076852439729737,0.4153704879459476,0.08352101937222889,1.091132498548978
3.3584740909180555,0.3719877604764281,3.730461851394484,1.0934665241734138,2.63699532722107,60.452533636525,6.695779688575707,67.1483133251007,0.29311826999776586,0.7068817300022341,0.4137634600044683,0.0997162751677451,1.1107609439305643,0.6736574889802878,1.6124673740126507,2.2861248629929385,1.875,3.75,5.625,18.0,0.04,8.0,0.1,4.0,5.0,15.0,18.0,1.0,0.0,0.0,S170,severe_mixed,3.0,1.4,0.0,0.001,2.2831269875836333,0.999,0.37075081861129844,20.150844545508335,4.477965454557408,4.849953215033836,1.423307373666952,3.426645841366884,80.60337818203334,87.29915787060905,0.2934682687773148,0.7065317312226851,0.4130634624453703,0.07669924718517783,1.0830707079479234
3.0716223318521734,0.8149224135613141,3.886544745413487,1.1390709581364582,2.747473787277029,55.28920197333912,14.668603444103654,69.95780541744277,0.2930806237290015,0.7069193762709985,0.41383875254199703,0.20967786734553984,1.265306839682312,0.6086654963348334,1.4822776910794981,2.0909431874143314,1.875,3.75,5.625,21.0,0.04,8.0,0.1,4.0,5.0,15.0,18.0,1.0,4.440892098500626e-16,0.0,S171,severe_mixed,6.0,0.6,0.0,0.001,2.0881220612898206,0.999,0.017252249024140687,18.42973399111304,4.095496442469564,4.910418856030879,1.4370664057339193,3.473352450296959,73.71893596445216,88.38753940855582,0.292656583453964,0.7073434165460358,0.41468683309207194,0.1659578210034858,1.1989801297617344
3.5168510331730705,0.9023314787784883,4.4191825119515595,1.2853929289516441,3.133789582999915,63.303318597115265,16.24196661801279,79.54528521512808,0.29086667624053403,0.7091333237594659,0.4182666475189319,0.2041851578517423,1.2565736991038723,0.6992083423644144,1.6940024364977713,2.3932107788621857,1.875,3.75,5.625,21.0,0.04,8.0,0.1,4.0,5.0,15.0,18.0,1.0,8.881784197001252e-16,0.0,S172,severe_mixed,6.0,1.0,0.0,0.001,2.3907933447698384,0.999,-0.7901318153042893,21.101106199038426,4.689134710897427,5.591466189675916,1.6278534834943619,3.963612706181554,84.40442479615369,100.64639141416649,0.2911317762235656,0.7088682237764343,0.4177364475528687,0.16137654206772337,1.192430274327904
3.8514209285849166,0.895406441181625,4.7468273697665415,1.3887797669148474,3.3580476028516935,69.3255767145285,16.11731594126925,85.44289265579775,0.2925701018242739,0.707429898175726,0.41485979635145204,0.18863261109612733,1.2324872969703196,0.7735484629107683,1.847677432625269,2.6212258955360372,1.875,3.75,5.625,21.0,0.04,8.0,0.1,4.0,5.0,15.0,18.0,1.0,0.0,1.1102230246251565e-16,S173,severe_mixed,6.0,1.4,0.0,0.001,2.6182375759203644,0.999,0.3516392313449197,23.1085255715095,5.135227904779889,6.030634345961513,1.767604944526189,4.2630294014353245,92.434102286038,108.55141822730724,0.29310431426005573,0.7068956857399443,0.4137913714798886,0.148476327665471,1.1743654727277395
3.1746698711526604,1.3847909582530573,4.559460829405718,1.3369066102252738,3.2225542191804446,57.144057680747885,24.926237248555033,82.07029492930292,0.2932159437806875,0.7067840562193126,0.4135681124386251,0.3037181390663579,1.4361999875439857,0.6261149869773466,1.5347878789192297,2.1609028658965763,1.8753926933399478,3.915826193906691,5.7670013308664965,24.0,0.04,8.0,0.1,4.0,5.0,15.0,18.0,1.0,0.0,0.0,S174,severe_mixed,9.0,0.6,0.0,0.001,2.1581748923112793,0.999,-0.5221069467851063,19.04801922691597,4.232893161536881,5.617684119789938,1.643471520933597,3.974212598856342,76.19207690766386,101.11831415621887,0.29255320980828864,0.7074467901917115,0.4148935803834229,0.24650566474087174,1.3271499906579889
3.84251292313401,1.543710276482294,5.386223199616304,1.5623521361456245,3.8238710634706803,69.16523261641218,27.786784976681293,96.95201759309347,0.290064499417128,0.7099355005828721,0.41987100116574416,0.2866034732077688,1.4017449797470611,0.761929256021719,1.8523749970466414,2.6143042530683607,1.875,3.75,5.625,24.0,0.04,8.0,0.1,4.0,5.0,15.0,18.0,1.0,0.0,0.0,S175,severe_mixed,9.0,1.0,0.0,0.001,2.612181817531308,0.999,-1.3801289258952765,23.055077538804063,5.12335056417868,6.667060840660975,1.9356147072718333,4.7314461333891416,92.22031015521624,120.00709513189754,0.29032504030365736,0.7096749596963426,0.4193499193926853,0.2315428512467647,1.301308734810296
4.344367766251782,1.5702560421155942,5.914623808367376,1.728509292351504,4.186114516015873,78.19861979253207,28.264608758080698,106.46322855061277,0.2922433189928655,0.7077566810071345,0.41551336201426914,0.26548705259904515,1.3614463891187496,0.8734394368412487,2.082887491237887,2.956326928079136,1.875,3.75,5.625,24.0,0.04,8.0,0.1,4.0,5.0,15.0,18.0,1.0,0.0,0.0,S176,severe_mixed,9.0,1.4,0.0,0.001,2.953348164257099,0.999,0.3325276440785423,26.066206597510696,5.792490355002376,7.36274639711797,2.1563187980806497,5.206427599037322,104.26482639004277,132.52943514812347,0.2928688130457279,0.7071311869542722,0.4142623739085443,0.21327042348358569,1.2710847918390622
3.2777174104531523,2.0629310615521925,5.340648472005345,1.5677988990368872,3.772849572968458,58.998913388156744,37.132759107939464,96.1316724960962,0.2935596505283934,0.7064403494716066,0.41288069894321333,0.3862697708650329,1.6293803898326265,0.64356447761986,1.587298066758963,2.230862544378823,2.0193441097496407,4.329214619340908,6.338909433938365,27.0,0.04,8.0,0.1,4.0,5.0,15.0,18.0,1.0,0.0,0.0,S177,severe_mixed,12.0,0.6,0.0,0.001,2.22822772333274,0.999,-1.0700978321692838,19.666304462718916,4.370289880604203,6.433220942156395,1.8829332728560737,4.550287669300322,78.66521785087566,115.79797695881511,0.2926890417391635,0.7073109582608366,0.41462191652167313,0.3206684614287015,1.4720352923744697
4.168174813094947,2.3118977797291387,6.480072592824086,1.8763430265274454,4.60372956629664,75.02714663570906,41.6141600351245,116.64130667083354,0.2895558652545457,0.7104441347454543,0.42088826949090863,0.3567703519694042,1.554654707011319,0.8246501696790234,2.010747557595512,2.835397727274535,1.875,3.751034330531606,5.625,27.0,0.04,8.0,0.1,4.0,5.0,15.0,18.0,1.0,8.881784197001252e-16,0.0,S178,severe_mixed,12.0,1.0,0.0,0.001,2.8335702902927755,0.999,-1.9701260364862652,25.009048878569686,5.557566417459928,7.8694641971890675,2.280407614237145,5.5890565829519225,100.03619551427872,141.65035554940323,0.28977927303509365,0.7102207269649063,0.42044145392981264,0.2937808371445335,1.4159910302584897
4.837314603918645,2.3965365632783313,7.233851167196975,2.1126551004833822,5.121196066713594,87.0716628705356,43.137658139009964,130.20932100954556,0.29205122577909065,0.7079487742209095,0.41589754844181887,0.33129470152023577,1.495427062225171,0.9733304107717291,2.3180975498505036,3.291427960622233,1.875,3.75,5.625,27.0,0.04,8.0,0.1,4.0,5.0,15.0,18.0,1.0,8.881784197001252e-16,2.220446049250313e-16,S179,severe_mixed,12.0,1.4,0.0,0.001,3.2884587525938316,0.999,0.313416056812168,29.02388762351187,6.449752805224859,8.846289368503191,2.589448934330331,6.25684043417286,116.09555049404747,159.23320863305744,0.2927158299331633,0.7072841700668366,0.41456834013367333,0.27090867859365875,1.3715702966688783
