C2_L_cmH2O,R2_cmH2O_s_L,PS_cmH2O,Tmus_s,EII_min,EII_max,EF1_min,EF1_max,EII_range,EF1_range
0.02,4.0,5.0,0.6,0.31537512596418554,0.4134206940809165,0.6576875629820929,0.7067103470404582,0.09804556811673093,0.049022784058365354
0.02,4.0,5.0,1.0,0.31537512596418554,0.5343631190691697,0.6576875629820929,0.767181559534585,0.21898799310498412,0.10949399655249215
0.02,4.0,5.0,1.4,0.31537512596418554,0.4131573750224124,0.6576875629820929,0.7065786875112061,0.09778224905822686,0.04889112452911326
0.02,4.0,10.0,0.6,0.31537512596418554,0.4053717456025191,0.6576875629820929,0.7026858728012596,0.08999661963833355,0.04499830981916675
0.02,4.0,10.0,1.0,0.31537512596418554,0.49312468278861127,0.6576875629820929,0.7465623413943057,0.17774955682442573,0.08887477841221281
0.02,4.0,10.0,1.4,0.31537512596418554,0.39467882532603416,0.6576875629820929,0.6973394126630171,0.07930369936184861,0.03965184968092428
0.02,4.0,15.0,0.6,0.31537512596418643,0.39141642509705327,0.6576875629820932,0.6957082125485267,0.07604129913286684,0.03802064956643347
0.02,4.0,15.0,1.0,0.31537512596418643,0.46013933533164464,0.6576875629820932,0.7300696676658223,0.1447642093674582,0.07238210468372908
0.02,4.0,15.0,1.4,0.31537512596418643,0.38085744144174744,0.6576875629820932,0.6904287207208737,0.065482315477561,0.0327411577387805
0.02,5.0,5.0,0.6,0.3148270652952812,0.37897499634439347,0.6574135326476407,0.6894874981721968,0.06414793104911226,0.0320739655245561
0.02,5.0,5.0,1.0,0.3148270652952812,0.4868322049428257,0.6574135326476407,0.7434161024714129,0.1720051396475445,0.08600256982377219
0.02,5.0,5.0,1.4,0.3148270652952812,0.39269718109796947,0.6574135326476407,0.6963485905489847,0.07787011580268827,0.038935057901343995
0.02,5.0,10.0,0.6,0.3148270652952812,0.377715743264759,0.6574135326476407,0.6888578716323795,0.06288867796947778,0.03144433898473886
0.02,5.0,10.0,1.0,0.3148270652952812,0.45722735406031195,0.6574135326476407,0.728613677030156,0.14240028876503075,0.07120014438251532
0.02,5.0,10.0,1.4,0.3148270652952812,0.3789513682505131,0.6574135326476407,0.6894756841252565,0.06412430295523192,0.03206215147761582
0.02,5.0,15.0,0.6,0.31482706529528204,0.3704310974052965,0.657413532647641,0.6852155487026483,0.05560403211001447,0.027802016055007317
0.02,5.0,15.0,1.0,0.31482706529528204,0.432089181768494,0.657413532647641,0.716044590884247,0.11726211647321194,0.05863105823660597
0.02,5.0,15.0,1.4,0.31482706529528204,0.368218700957053,0.657413532647641,0.6841093504785266,0.053391635661770964,0.026695817830885593
0.02,6.0,5.0,0.6,0.3145357442053694,0.35813497632762853,0.6572678721026847,0.6790674881638143,0.043599232122259135,0.02179961606112968
0.02,6.0,5.0,1.0,0.3145357442053694,0.44883845072814943,0.6572678721026847,0.7244192253640748,0.13430270652278004,0.0671513532613901
0.02,6.0,5.0,1.4,0.3145357442053694,0.37587974714418854,0.6572678721026847,0.6879398735720942,0.06134400293881914,0.030672001469409516
0.02,6.0,10.0,0.6,0.3145357442053694,0.35813497632762853,0.6572678721026847,0.6790674881638143,0.043599232122259135,0.02179961606112968
0.02,6.0,10.0,1.0,0.3145357442053694,0.4277397697179836,0.6572678721026847,0.7138698848589918,0.11320402551261421,0.05660201275630716
0.02,6.0,10.0,1.4,0.3145357442053694,0.3658258190590597,0.6572678721026847,0.6829129095295299,0.051290074853690304,0.025645037426845207
0.02,6.0,15.0,0.6,0.31453574420537095,0.35507969983710685,0.6572678721026856,0.6775398499185535,0.040543955631735906,0.02027197781586798
0.02,6.0,15.0,1.0,0.31453574420537095,0.4086840319835207,0.6572678721026856,0.7043420159917605,0.09414828777814976,0.04707414388907494
0.02,6.0,15.0,1.4,0.31453574420537095,0.3575913632960127,0.6572678721026856,0.6787956816480064,0.04305561909064176,0.021527809545320853
0.02,7.0,5.0,0.6,0.31451082067816083,0.3444045723147479,0.6572554103390805,0.6722022861573739,0.029893751636587085,0.014946875818293348
0.02,7.0,5.0,1.0,0.31451082067816083,0.41871205950913554,0.6572554103390805,0.7093560297545678,0.10420123883097471,0.05210061941548727
0.02,7.0,5.0,1.4,0.31451082067816083,0.3623299312777218,0.6572554103390805,0.6811649656388609,0.047819110599560954,0.02390955529978034
0.02,7.0,10.0,0.6,0.31451082067816083,0.34452060629197484,0.6572554103390805,0.6722603031459875,0.03000978561381401,0.015004892806906978
0.02,7.0,10.0,1.0,0.31451082067816083,0.40379992938566867,0.6572554103390805,0.7018999646928343,0.08928910870750784,0.04464455435375381
0.02,7.0,10.0,1.4,0.31451082067816083,0.35510454396701446,0.6572554103390805,0.6775522719835073,0.040593723288853634,0.02029686164442679
0.02,7.0,15.0,0.6,0.31451082067816155,0.34394490006393136,0.6572554103390807,0.6719724500319656,0.029434079385769807,0.014717039692884848
0.02,7.0,15.0,1.0,0.31451082067816155,0.3894340236111798,0.6572554103390807,0.69471701180559,0.07492320293301824,0.03746160146650923
0.02,7.0,15.0,1.4,0.31451082067816155,0.3488600722534412,0.6572554103390807,0.6744300361267206,0.03434925157527963,0.01717462578763984
0.02,8.0,5.0,0.6,0.3148182482658014,0.33499415861559984,0.6574091241329008,0.6674970793077999,0.02017591034979843,0.010087955174899133
0.02,8.0,5.0,1.0,0.3148182482658014,0.3950412621328247,0.6574091241329008,0.6975206310664125,0.0802230138670233,0.04011150693351173
0.02,8.0,5.0,1.4,0.3148182482658014,0.3516782801262777,0.6574091241329008,0.6758391400631389,0.03686003186047632,0.018430015930238186
0.02,8.0,10.0,0.6,0.3148182482658014,0.3361270260536304,0.6574091241329008,0.6680635130268152,0.02130877778782897,0.010654388893914457
0.02,8.0,10.0,1.0,0.3148182482658014,0.38461273308834687,0.6574091241329008,0.6923063665441735,0.06979448482254547,0.03489724241127279
0.02,8.0,10.0,1.4,0.3148182482658014,0.34658653507809034,0.6574091241329008,0.6732932675390452,0.03176828681228894,0.015884143406144413
0.02,8.0,15.0,0.6,0.3148182482658001,0.3360381304393775,0.6574091241329001,0.6680190652196888,0.021219882173577398,0.010609941086788699
0.02,8.0,15.0,1.0,0.3148182482658001,0.37385574204658534,0.6574091241329001,0.6869278710232928,0.05903749378078521,0.02951874689039269
0.02,8.0,15.0,1.4,0.3148182482658001,0.3419092270645729,0.6574091241329001,0.6709546135322866,0.027090978798772758,0.01354548939938649
0.02,9.0,5.0,0.6,0.3155298536905405,0.3301833189607849,0.6577649268452703,0.6650916594803924,0.014653465270244415,0.0073267326351220685
0.02,9.0,5.0,1.0,0.3155298536905405,0.376649839992098,0.6577649268452703,0.6883249199960491,0.061119986301557516,0.03055999315077873
0.02,9.0,5.0,1.4,0.3155298536905405,0.34356664752242916,0.6577649268452703,0.6717833237612146,0.028036793831888673,0.014018396915944309
0.02,9.0,10.0,0.6,0.3155298536905405,0.33047325964658947,0.6577649268452703,0.6652366298232948,0.014943405956048983,0.007471702978024464
0.02,9.0,10.0,1.0,0.3155298536905405,0.36946142434455037,0.6577649268452703,0.6847307121722751,0.053931570654009886,0.026965785327004776
0.02,9.0,10.0,1.4,0.3155298536905405,0.3400618388069582,0.6577649268452703,0.6700309194034791,0.024531985116417743,0.012265992558208816
0.02,9.0,15.0,0.6,0.31552985369054143,0.3306641983442643,0.6577649268452708,0.6653320991721322,0.015134344653722875,0.007567172326861438
0.02,9.0,15.0,1.0,0.31552985369054143,0.3614830442730794,0.6577649268452708,0.6807415221365397,0.045953190582537995,0.022976595291268942
0.02,9.0,15.0,1.4,0.31552985369054143,0.33660865364006526,0.6577649268452708,0.6683043268200327,0.02107879994952383,0.010539399974761943
0.02,10.0,5.0,0.6,0.3156942936101757,0.32731604716355156,0.6578471468050879,0.6636580235817757,0.011621753553375858,0.00581087677668779
0.02,10.0,5.0,1.0,0.31669825633498605,0.36256957320910543,0.658349128167493,0.6812847866045527,0.04587131687411938,0.02293565843705969
0.02,10.0,5.0,1.4,0.31669825633498605,0.3376571276591051,0.658349128167493,0.6688285638295526,0.020958871324119055,0.010479435662059555
0.02,10.0,10.0,0.6,0.31669825633498605,0.32731604716355156,0.658349128167493,0.6636580235817757,0.01061779082856551,0.005308895414282699
0.02,10.0,10.0,1.0,0.31669825633498605,0.35771460220655715,0.658349128167493,0.6788573011032786,0.0410163458715711,0.02050817293578555
0.02,10.0,10.0,1.4,0.31669825633498605,0.33531601171998554,0.658349128167493,0.6676580058599927,0.01861775538499949,0.009308877692499662
0.02,10.0,15.0,0.6,0.316698256334986,0.3273188722084116,0.6583491281674929,0.6636594361042059,0.01062061587342561,0.0053103079367129435
0.02,10.0,15.0,1.0,0.316698256334986,0.35188029505935636,0.6583491281674929,0.6759401475296782,0.03518203872437037,0.017591019362185323
0.02,10.0,15.0,1.4,0.316698256334986,0.3328134212009302,0.6583491281674929,0.6664067106004652,0.01611516486594422,0.008057582432972277
0.02,11.0,5.0,0.6,0.3153304662260829,0.32587498302150847,0.6576652331130416,0.6629374915107542,0.010544516795425563,0.005272258397712615
0.02,11.0,5.0,1.0,0.3183492803278126,0.3520100384793902,0.6591746401639064,0.6760050192396951,0.0336607581515776,0.01683037907578877
0.02,11.0,5.0,1.4,0.3183492803278126,0.3336396181326491,0.6591746401639064,0.6668198090663245,0.015290337804836462,0.007645168902418176
0.02,11.0,10.0,0.6,0.3183492803278126,0.32587498302150847,0.6591746401639064,0.6629374915107542,0.007525702693695846,0.0037628513468478397
0.02,11.0,10.0,1.0,0.3183492803278126,0.3488265325429474,0.6591746401639064,0.6744132662714738,0.030477252215134754,0.015238626107567432
0.02,11.0,10.0,1.4,0.3183492803278126,0.33213801983711233,0.6591746401639064,0.6660690099185563,0.013788739509299708,0.006894369754649965
0.02,11.0,15.0,0.6,0.31834928032781523,0.3258749830215094,0.6591746401639077,0.6629374915107547,0.007525702693694181,0.0037628513468469516
0.02,11.0,15.0,1.0,0.31834928032781523,0.3446518584420594,0.6591746401639077,0.6723259292210297,0.02630257811424419,0.01315128905712204
0.02,11.0,15.0,1.4,0.31834928032781523,0.3303703181305317,0.6591746401639077,0.6651851590652658,0.012021037802716461,0.006010518901358064
0.02,12.0,5.0,0.6,0.3167635198498703,0.3256341317900627,0.6583817599249352,0.6628170658950313,0.008870611940192397,0.004435305970096115
0.02,12.0,5.0,1.0,0.3204839159534634,0.3443289840440686,0.6602419579767317,0.6721644920220343,0.02384506809060516,0.011922534045302635
0.02,12.0,5.0,1.4,0.3204839159534634,0.33123612775203903,0.6602419579767317,0.6656180638760195,0.010752211798575606,0.005376105899287831
0.02,12.0,10.0,0.6,0.3204839159534634,0.3256341317900627,0.6602419579767317,0.6628170658950313,0.005150215836599248,0.002575107918299624
0.02,12.0,10.0,1.0,0.3204839159534634,0.34233212792976825,0.6602419579767317,0.6711660639648841,0.02184821197630482,0.01092410598815241
0.02,12.0,10.0,1.4,0.3204839159534634,0.3303274358404732,0.6602419579767317,0.6651637179202365,0.009843519887009766,0.004921759943504855
0.02,12.0,15.0,0.6,0.32048391595346365,0.3256341317900629,0.6602419579767318,0.6628170658950315,0.005150215836599248,0.002575107918299735
0.02,12.0,15.0,1.0,0.32048391595346365,0.33944653104801126,0.6602419579767318,0.6697232655240057,0.018962615094547608,0.009481307547273943
0.02,12.0,15.0,1.4,0.32048391595346365,0.32912558949731263,0.6602419579767318,0.6645627947486564,0.008641673543848982,0.00432083677192463
0.02,13.0,5.0,0.6,0.31956428894355166,0.3264060482996037,0.659782144471776,0.6632030241498018,0.006841759356052024,0.0034208796780258455
0.02,13.0,5.0,1.0,0.32308403083686993,0.33900548444607853,0.6615420154184349,0.6695027422230393,0.015921453609208602,0.007960726804604357
0.02,13.0,5.0,1.4,0.32308403083686993,0.33020191708288615,0.6615420154184349,0.665100958541443,0.007117886246016225,0.003558943123008085
0.02,13.0,10.0,0.6,0.32308403083686993,0.3264060482996037,0.6615420154184349,0.6632030241498018,0.0033220174627337506,0.0016610087313668753
0.02,13.0,10.0,1.0,0.32308403083686993,0.3378388300904124,0.6615420154184349,0.6689194150452062,0.01475479925354245,0.007377399626771308
0.02,13.0,10.0,1.4,0.32308403083686993,0.3296993289411457,0.6615420154184349,0.6648496644705728,0.006615298104275746,0.003307649052137873
0.02,13.0,15.0,0.6,0.3230840308368709,0.32640604829960335,0.6615420154184355,0.6632030241498016,0.003322017462732474,0.0016610087313660982
0.02,13.0,15.0,1.0,0.3230840308368709,0.33595777545174615,0.6615420154184355,0.6679788877258731,0.012873744614875282,0.006436872307437613
0.02,13.0,15.0,1.4,0.3230840308368709,0.32893127642875103,0.6615420154184355,0.6644656382143754,0.005847245591880157,0.0029236227959399397
0.02,14.0,5.0,0.6,0.32341232270230114,0.3280327812021585,0.6617061613511507,0.6640163906010792,0.004620458499857372,0.0023102292499285193
0.02,14.0,5.0,1.0,0.3261186003306862,0.3356168633170697,0.663059300165343,0.6678084316585349,0.00949826298638351,0.004749131493191894
0.02,14.0,5.0,1.4,0.3261186003306862,0.3303243443238904,0.663059300165343,0.6651621721619452,0.004205743993204225,0.002102871996602196
0.02,14.0,10.0,0.6,0.3261186003306862,0.3280327812021585,0.663059300165343,0.6640163906010792,0.0019141808714723263,0.0009570904357362187
0.02,14.0,10.0,1.0,0.3261186003306862,0.33501729339670033,0.663059300165343,0.6675086466983502,0.008898693066014152,0.004449346533007215
0.02,14.0,10.0,1.4,0.3261186003306862,0.3300867725011937,0.663059300165343,0.6650433862505969,0.0039681721705075446,0.001984086085253911
0.02,14.0,15.0,0.6,0.326118600330687,0.3280327812021594,0.6630593001653434,0.6640163906010798,0.0019141808714723818,0.0009570904357363297
0.02,14.0,15.0,1.0,0.326118600330687,0.33392120164103267,0.6630593001653434,0.6669606008205163,0.007802601310345658,0.0039013006551729124
0.02,14.0,15.0,1.4,0.326118600330687,0.3296494193316968,0.6630593001653434,0.6648247096658484,0.003530819001009766,0.0017654095005049664
0.02,15.0,5.0,0.6,0.3280644022354613,0.33038007856951607,0.6640322011177306,0.6651900392847581,0.0023156763340547726,0.001157838167027414
0.02,15.0,5.0,1.0,0.32954905243158417,0.33382078931113324,0.6647745262157921,0.6669103946555668,0.004271736879549071,0.0021358684397746464
0.02,15.0,5.0,1.4,0.32954905243158417,0.33142441643453696,0.6647745262157921,0.6657122082172685,0.0018753640029527952,0.0009376820014763698
0.02,15.0,10.0,0.6,0.32954905243158417,0.33038007856951607,0.6647745262157921,0.6651900392847581,0.0008310261379319006,0.00041551306896592255
0.02,15.0,10.0,1.0,0.32954905243158417,0.33359212055716664,0.6647745262157921,0.6667960602785833,0.004043068125582472,0.0020215340627911527
0.02,15.0,10.0,1.4,0.32954905243158417,0.33134149979691974,0.6647745262157921,0.6656707498984599,0.00179244736533557,0.0008962236826677294
0.02,15.0,15.0,0.6,0.3295490524315845,0.3303828863070208,0.6647745262157922,0.6651914431535104,0.0008338338754362851,0.0004169169377181703
0.02,15.0,15.0,1.0,0.3295490524315845,0.3331105849267309,0.6647745262157922,0.6665552924633654,0.0035615324951464022,0.0017807662475731734
0.02,15.0,15.0,1.4,0.3295490524315845,0.3311543171885369,0.6647745262157922,0.6655771585942685,0.0016052647569523848,0.0008026323784762202
0.02,16.0,5.0,0.6,0.33333333333333326,0.3333333333333335,0.6666666666666665,0.666666666666667,2.220446049250313e-16,4.440892098500626e-16
0.02,16.0,5.0,1.0,0.3333333333333333,0.3333333333333334,0.6666666666666666,0.6666666666666669,1.1102230246251565e-16,2.220446049250313e-16
0.02,16.0,5.0,1.4,0.33333333333333326,0.3333333333333334,0.6666666666666665,0.6666666666666669,1.6653345369377348e-16,3.3306690738754696e-16
0.02,16.0,10.0,0.6,0.33333333333333326,0.3333333333333334,0.6666666666666665,0.6666666666666669,1.6653345369377348e-16,3.3306690738754696e-16
0.02,16.0,10.0,1.0,0.3333333333333333,0.3333333333333334,0.6666666666666666,0.6666666666666669,1.1102230246251565e-16,2.220446049250313e-16
0.02,16.0,10.0,1.4,0.33333333333333326,0.3333333333333334,0.6666666666666665,0.6666666666666669,1.6653345369377348e-16,3.3306690738754696e-16
0.02,16.0,15.0,0.6,0.33333333333333326,0.3333333333333334,0.6666666666666665,0.6666666666666669,1.6653345369377348e-16,3.3306690738754696e-16
0.02,16.0,15.0,1.0,0.3333333333333333,0.3333333333333334,0.6666666666666666,0.6666666666666669,1.1102230246251565e-16,2.220446049250313e-16
0.02,16.0,15.0,1.4,0.3333333333333333,0.33333333333333337,0.6666666666666666,0.6666666666666667,5.551115123125783e-17,1.1102230246251565e-16
0.025,4.0,5.0,0.6,0.21110041232816007,0.27963901810716046,0.60555020616408,0.6398195090535803,0.0685386057790004,0.034269302889500364
0.025,4.0,5.0,1.0,0.21110041232816007,0.3972070004832672,0.60555020616408,0.6986035002416336,0.1861065881551071,0.0930532940775537
0.025,4.0,5.0,1.4,0.21110041232816007,0.29443307423974335,0.60555020616408,0.6472165371198717,0.08333266191158328,0.04166633095579175
0.025,4.0,10.0,0.6,0.21110041232816007,0.278283760768909,0.60555020616408,0.6391418803844545,0.06718334844074891,0.03359167422037457
0.025,4.0,10.0,1.0,0.21110041232816007,0.3646411201196334,0.60555020616408,0.6823205600598167,0.15354070779147333,0.07677035389573672
0.025,4.0,10.0,1.4,0.21110041232816007,0.2796135849851287,0.60555020616408,0.6398067924925643,0.06851317265696866,0.034256586328484384
0.025,4.0,15.0,0.6,0.2111004123281594,0.2704515026174619,0.6055502061640796,0.6352257513087309,0.05935109028930252,0.029675545144651316
0.025,4.0,15.0,1.0,0.2111004123281594,0.33716534837984097,0.6055502061640796,0.6685826741899206,0.12606493605168156,0.06303246802584095
0.025,4.0,15.0,1.4,0.2111004123281594,0.268075409750017,0.6055502061640796,0.6340377048750085,0.056974997421857576,0.028487498710928927
0.025,5.0,5.0,0.6,0.21075613594636394,0.2530730487532714,0.6053780679731819,0.6265365243766358,0.04231691280690747,0.021158456403453818
0.025,5.0,5.0,1.0,0.21075613594636394,0.34648084634184806,0.6053780679731819,0.673240423170924,0.13572471039548412,0.06786235519774209
0.025,5.0,5.0,1.4,0.21075613594636394,0.2723527041992929,0.6053780679731819,0.6361763520996465,0.061596568252928974,0.03079828412646457
0.025,5.0,10.0,0.6,0.21075613594636394,0.2530730487532714,0.6053780679731819,0.6265365243766358,0.04231691280690747,0.021158456403453818
0.025,5.0,10.0,1.0,0.21075613594636394,0.32538639738297864,0.6053780679731819,0.6626931986914893,0.1146302614366147,0.057315130718307405
0.025,5.0,10.0,1.4,0.21075613594636394,0.2623979702534828,0.6053780679731819,0.6311989851267414,0.05164183430711888,0.025820917153559497
0.025,5.0,15.0,0.6,0.21075613594636425,0.2506355270817083,0.6053780679731822,0.6253177635408542,0.03987939113534403,0.019939695567672056
0.025,5.0,15.0,1.0,0.21075613594636425,0.3061140721964602,0.6053780679731822,0.6530570360982302,0.09535793625009595,0.047678968125048016
0.025,5.0,15.0,1.4,0.21075613594636425,0.25415568085548196,0.6053780679731822,0.6270778404277411,0.04339954490911771,0.021699772454558897
0.025,6.0,5.0,0.6,0.21087894597798695,0.23705862405014816,0.6054394729889935,0.6185293120250741,0.026179678072161205,0.01308983903608063
0.025,6.0,5.0,1.0,0.21087894597798695,0.3089809014758488,0.6054394729889935,0.6544904507379244,0.09810195549786183,0.04905097774893097
0.025,6.0,5.0,1.4,0.21087894597798695,0.2556861650677703,0.6054394729889935,0.6278430825338851,0.04480721908978336,0.022403609544891623
0.025,6.0,10.0,0.6,0.21087894597798695,0.2378092621204591,0.6054394729889935,0.6189046310602295,0.026930316142472155,0.01346515807123605
0.025,6.0,10.0,1.0,0.21087894597798695,0.2954717917389352,0.6054394729889935,0.6477358958694676,0.08459284576094822,0.04229642288047408
0.025,6.0,10.0,1.4,0.21087894597798695,0.24917836667452703,0.6054394729889935,0.6245891833372635,0.038299420696540076,0.019149710348270066
0.025,6.0,15.0,0.6,0.21087894597798745,0.23748801853178023,0.6054394729889938,0.6187440092658901,0.026609072553792773,0.013304536276896317
0.025,6.0,15.0,1.0,0.21087894597798745,0.28205144518766945,0.6054394729889938,0.6410257225938347,0.071172499209682,0.035586249604840914
0.025,6.0,15.0,1.4,0.21087894597798745,0.24339339871162496,0.6054394729889938,0.6216966993558124,0.03251445273363751,0.01625722636681859
0.025,7.0,5.0,0.6,0.21161340211813148,0.2284489209667879,0.6058067010590656,0.614224460483394,0.016835518848656417,0.00841775942432832
0.025,7.0,5.0,1.0,0.21161340211813148,0.28161352820094643,0.6058067010590656,0.6408067641004733,0.07000012608281495,0.03500006304140768
0.025,7.0,5.0,1.4,0.21161340211813148,0.2436128776930642,0.6058067010590656,0.6218064388465321,0.03199947557493271,0.01599973778746644
0.025,7.0,10.0,0.6,0.21161340211813148,0.22899162719805397,0.6058067010590656,0.6144958135990269,0.017378225079922482,0.008689112539961297
0.025,7.0,10.0,1.0,0.21161340211813148,0.2731119370378104,0.6058067010590656,0.6365559685189053,0.06149853491967891,0.030749267459839635
0.025,7.0,10.0,1.4,0.21161340211813148,0.23949472099840524,0.6058067010590656,0.6197473604992026,0.02788131888027376,0.013940659440137004
0.025,7.0,15.0,0.6,0.211613402118132,0.2291367395316044,0.6058067010590661,0.6145683697658023,0.017523337413472395,0.008761668706736225
0.025,7.0,15.0,1.0,0.211613402118132,0.26386990845924313,0.6058067010590661,0.6319349542296216,0.05225650634111112,0.02612825317055556
0.025,7.0,15.0,1.4,0.211613402118132,0.23551501477928247,0.6058067010590661,0.6177575073896412,0.023901612661150456,0.011950806330575103
0.025,8.0,5.0,0.6,0.21202024718415968,0.22436473357657213,0.60601012359208,0.6121823667882861,0.012344486392412451,0.006172243196206129
0.025,8.0,5.0,1.0,0.21308534030442525,0.2620138220578163,0.6065426701522126,0.6310069110289083,0.04892848175339107,0.02446424087669563
0.025,8.0,5.0,1.4,0.21308534030442525,0.2353767541853205,0.6065426701522126,0.6176883770926602,0.022291413880895256,0.011145706940447586
0.025,8.0,10.0,0.6,0.21308534030442525,0.22436473357657213,0.6065426701522126,0.6121823667882861,0.011279393272146887,0.0056396966360734435
0.025,8.0,10.0,1.0,0.21308534030442525,0.2568107066246251,0.6065426701522126,0.6284053533123125,0.04372536632019983,0.02186268316009987
0.025,8.0,10.0,1.4,0.21308534030442525,0.2328814424402828,0.6065426701522126,0.6164407212201415,0.019796102135857557,0.009898051067928848
0.025,8.0,15.0,0.6,0.21308534030442558,0.22436773832721313,0.6065426701522129,0.6121838691636067,0.011282398022787549,0.005641199011393816
0.025,8.0,15.0,1.0,0.21308534030442558,0.25056575642636564,0.6065426701522129,0.6252828782131827,0.03748041612194006,0.018740208060969876
0.025,8.0,15.0,1.4,0.21308534030442558,0.23021551141972108,0.6065426701522129,0.6151077557098606,0.017130171115295495,0.008565085557647789
0.025,9.0,5.0,0.6,0.2118558074254207,0.22265699503071798,0.6059279037127104,0.611328497515359,0.010801187605297274,0.005400593802648568
0.025,9.0,5.0,1.0,0.21535622663005702,0.24838614144156643,0.6076781133150285,0.6241930707207832,0.03302991481150941,0.016514957405754704
0.025,9.0,5.0,1.4,0.21535622663005702,0.2303051138613408,0.6076781133150285,0.6151525569306704,0.014948887231283792,0.007474443615641868
0.025,9.0,10.0,0.6,0.21535622663005702,0.22265699503071798,0.6076781133150285,0.611328497515359,0.007300768400660962,0.003650384200330481
0.025,9.0,10.0,1.0,0.21535622663005702,0.24534312292634566,0.6076781133150285,0.6226715614631728,0.029986896296288645,0.014993448148144295
0.025,9.0,10.0,1.4,0.21535622663005702,0.22888585838052258,0.6076781133150285,0.6144429291902613,0.013529631750465565,0.00676481587523281
0.025,9.0,15.0,0.6,0.21535622663005646,0.2226569950307181,0.6076781133150283,0.6113284975153589,0.007300768400661628,0.003650384200330592
0.025,9.0,15.0,1.0,0.21535622663005646,0.24126188624298475,0.6076781133150283,0.6206309431214924,0.02590565961292829,0.012952829806464061
0.025,9.0,15.0,1.4,0.21535622663005646,0.22716996766258574,0.6076781133150283,0.6135849838312929,0.011813741032529274,0.005906870516264595
0.025,10.0,5.0,0.6,0.2144827233827905,0.22286308562516866,0.6072413616913952,0.6114315428125843,0.008380362242378148,0.004190181121189074
0.025,10.0,5.0,1.0,0.21842451302501048,0.23937003589057612,0.6092122565125053,0.6196850179452881,0.02094552286556564,0.010472761432782751
0.025,10.0,5.0,1.4,0.21842451302501048,0.22781833062390916,0.6092122565125053,0.6139091653119546,0.00939381759889868,0.004696908799449284
0.025,10.0,10.0,0.6,0.21842451302501048,0.22286308562516866,0.6092122565125053,0.6114315428125843,0.004438572600158175,0.0022192863000789487
0.025,10.0,10.0,1.0,0.21842451302501048,0.23772306392438747,0.6092122565125053,0.6188615319621937,0.019298550899376987,0.00964927544968841
0.025,10.0,10.0,1.4,0.21842451302501048,0.2270888035261851,0.6092122565125053,0.6135444017630926,0.00866429050117462,0.004332145250587227
0.025,10.0,15.0,0.6,0.21842451302501045,0.22286308562516866,0.6092122565125051,0.6114315428125844,0.004438572600158203,0.0022192863000792817
0.025,10.0,15.0,1.0,0.21842451302501045,0.23521462102087642,0.6092122565125051,0.6176073105104382,0.01679010799586597,0.008395053997933055
0.025,10.0,15.0,1.4,0.21842451302501045,0.22605615964865494,0.6092122565125051,0.6130280798243275,0.007631646623644489,0.003815823311822397
0.025,11.0,5.0,0.6,0.2191033704863193,0.22461747186757314,0.6095516852431597,0.6123087359337864,0.0055141013812538275,0.0027570506906267056
0.025,11.0,5.0,1.0,0.22224353377084752,0.23393285520755847,0.6111217668854236,0.6169664276037794,0.011689321436710948,0.005844660718355765
0.025,11.0,5.0,1.4,0.22224353377084752,0.2274286788591619,0.6111217668854236,0.613714339429581,0.005185145088314386,0.0025925725441573455
0.025,11.0,10.0,0.6,0.22224353377084752,0.22461747186757314,0.6111217668854236,0.6123087359337864,0.0023739380967256196,0.001186969048362796
0.025,11.0,10.0,1.0,0.22224353377084752,0.2331647212143557,0.6111217668854236,0.6165823606071777,0.010921187443508173,0.0054605937217541145
0.025,11.0,10.0,1.4,0.22224353377084752,0.22711720398480695,0.6111217668854236,0.6135586019924035,0.00487367021395943,0.0024368351069798955
0.025,11.0,15.0,0.6,0.22224353377084802,0.2246174718675744,0.611121766885424,0.6123087359337872,0.002373938096726369,0.00118696904836324
0.025,11.0,15.0,1.0,0.22224353377084802,0.23180658579030688,0.611121766885424,0.6159032928951534,0.009563052019458868,0.004781526009729475
0.025,11.0,15.0,1.4,0.22224353377084802,0.2265726693354756,0.611121766885424,0.6132863346677379,0.004329135564627579,0.0021645677823138865
0.025,12.0,5.0,0.6,0.2251607611826,0.22762482381119573,0.6125803805913002,0.6138124119055978,0.00246406262859572,0.0012320313142976103
0.025,12.0,5.0,1.0,0.22674039490824863,0.23128844385401032,0.6133701974541244,0.6156442219270052,0.00454804894576169,0.002274024472880831
0.025,12.0,5.0,1.4,0.22674039490824863,0.22873651256730318,0.6133701974541244,0.6143682562836515,0.0019961176590545526,0.000998058829527193
0.025,12.0,10.0,0.6,0.22674039490824863,0.22762482381119573,0.6133701974541244,0.6138124119055978,0.0008844289029470986,0.00044221445147341054
0.025,12.0,10.0,1.0,0.22674039490824863,0.23104487036250937,0.6133701974541244,0.6155224351812546,0.004304475454260742,0.002152237727130246
0.025,12.0,10.0,1.4,0.22674039490824863,0.22864823872411547,0.6133701974541244,0.6143241193620578,0.0019078438158668387,0.0009539219079334194
0.025,12.0,15.0,0.6,0.22674039490824985,0.22762781226477413,0.6133701974541249,0.613813906132387,0.0008874173565242838,0.00044370867826204474
0.025,12.0,15.0,1.0,0.22674039490824985,0.23053199004313077,0.6133701974541249,0.6152659950215654,0.0037915951348809207,0.0018957975674405159
0.025,12.0,15.0,1.4,0.22674039490824985,0.2284489685430135,0.6133701974541249,0.6142244842715068,0.0017085736347636493,0.0008542868173818663
0.025,13.0,5.0,0.6,0.23164394211678177,0.23225610269430877,0.6158219710583909,0.6161280513471544,0.0006121605775269989,0.000306080288763555
0.025,13.0,5.0,1.0,0.23082224809657215,0.23183054097455413,0.6154111240482861,0.615915270487277,0.0010082928779819866,0.0005041464389908823
0.025,13.0,5.0,1.4,0.23139272745385542,0.23183054097455413,0.6156963637269277,0.615915270487277,0.0004378135206987155,0.00021890676034930223
0.025,13.0,10.0,0.6,0.23164394211678177,0.23183054097455413,0.6158219710583909,0.615915270487277,0.00018659885777236318,9.329942888613996e-05
0.025,13.0,10.0,1.0,0.2308696768678816,0.23183054097455413,0.6154348384339408,0.615915270487277,0.0009608641066725376,0.00048043205333625494
0.025,13.0,10.0,1.4,0.2314077947087043,0.23183054097455413,0.6157038973543522,0.615915270487277,0.00042274626584984376,0.0002113731329248525
0.025,13.0,15.0,0.6,0.2316364701224676,0.23183054097455463,0.6158182350612338,0.6159152704872773,0.00019407085208703045,9.703542604355686e-05
0.025,13.0,15.0,1.0,0.2309794997330024,0.23183054097455463,0.6154897498665012,0.6159152704872773,0.0008510412415522195,0.00042552062077616526
0.025,13.0,15.0,1.4,0.23144893871951955,0.23183054097455463,0.6157244693597597,0.6159152704872773,0.00038160225503508505,0.0001908011275176813
0.025,14.0,5.0,0.6,0.2364768512643454,0.2400979809198569,0.6182384256321727,0.6200489904599285,0.003621129655511507,0.0018105648277557673
0.025,14.0,5.0,1.0,0.23202684614706967,0.2374274124650924,0.6160134230735349,0.6187137062325463,0.0054005663180227426,0.002700283159011385
0.025,14.0,5.0,1.4,0.23510890739246526,0.2374274124650924,0.6175544536962326,0.6187137062325463,0.0023185050726271528,0.0011592525363136597
0.025,14.0,10.0,0.6,0.2364768512643454,0.23759162363487948,0.6182384256321727,0.6187958118174398,0.0011147723705340895,0.000557386185267128
0.025,14.0,10.0,1.0,0.23224719982397168,0.2374274124650924,0.6161235999119857,0.6187137062325463,0.005180212641120729,0.002590106320560559
0.025,14.0,10.0,1.4,0.2351659208894425,0.2374274124650924,0.6175829604447213,0.6187137062325463,0.002261491575649921,0.001130745787825016
0.025,14.0,15.0,0.6,0.2364017126726901,0.23742741246509275,0.618200856336345,0.6187137062325464,0.0010256997924026345,0.0005128498962013728
0.025,14.0,15.0,1.0,0.23281570272659807,0.23742741246509275,0.616407851363299,0.6187137062325464,0.004611709738494674,0.0023058548692473924
0.025,14.0,15.0,1.4,0.2353702534259177,0.23742741246509275,0.6176851267129589,0.6187137062325464,0.002057159039175055,0.001028579519587458
0.025,15.0,5.0,0.6,0.24196066623244236,0.2484699045638387,0.6209803331162211,0.6242349522819195,0.006509238331396328,0.003254619165698358
0.025,15.0,5.0,1.0,0.2345558111606771,0.24344817598163482,0.6172779055803386,0.6217240879908175,0.008892364820957704,0.004446182410478894
0.025,15.0,5.0,1.4,0.23967550343618005,0.24344817598163482,0.61983775171809,0.6217240879908175,0.0037726725454547694,0.0018863362727274957
0.025,15.0,10.0,0.6,0.24189079712250944,0.24400458579591475,0.6209453985612547,0.6220022928979573,0.002113788673405309,0.0010568943367025296
0.025,15.0,10.0,1.0,0.23486538325480963,0.24344817598163482,0.6174326916274049,0.6217240879908175,0.008582792726825189,0.004291396363412581
0.025,15.0,10.0,1.4,0.23973114111678917,0.24344817598163482,0.6198655705583946,0.6217240879908175,0.0037170348648456475,0.0018585174324228237
0.025,15.0,15.0,0.6,0.24178119016509256,0.24344817598163526,0.6208905950825462,0.6217240879908177,0.0016669858165427043,0.0008334929082715048
0.025,15.0,15.0,1.0,0.23577051647666109,0.24344817598163526,0.6178852582383306,0.6217240879908177,0.007677659504974177,0.0038388297524870607
0.025,15.0,15.0,1.4,0.24004159530315727,0.24344817598163526,0.6200207976515787,0.6217240879908177,0.0034065806784779884,0.0017032903392389942
0.025,16.0,5.0,0.6,0.24796119311916962,0.257208902071713,0.6239805965595847,0.6286044510358566,0.009247708952543371,0.004623854476271894
0.025,16.0,5.0,1.0,0.2381354627490704,0.24981672987547104,0.6190677313745352,0.6249083649377355,0.011681267126400635,0.005840633563200304
0.025,16.0,5.0,1.4,0.24492078234911346,0.24981672987547104,0.6224603911745568,0.6249083649377355,0.00489594752635758,0.0024479737631787346
0.025,16.0,10.0,0.6,0.24777340002744475,0.25091110348969514,0.6238867000137224,0.6254555517448476,0.0031377034622503963,0.0015688517311251982
0.025,16.0,10.0,1.0,0.23847477149231924,0.24981672987547104,0.6192373857461596,0.6249083649377355,0.011341958383151801,0.005670979191575887
0.025,16.0,10.0,1.4,0.24494469412782982,0.24981672987547104,0.6224723470639149,0.6249083649377355,0.0048720357476412235,0.0024360178738206395
0.025,16.0,15.0,0.6,0.24765471958702165,0.24981672987547132,0.6238273597935108,0.6249083649377357,0.002162010288449673,0.0010810051442249335
0.025,16.0,15.0,1.0,0.23962492167567234,0.24981672987547132,0.6198124608378363,0.6249083649377357,0.01019180819979898,0.005095904099899462
0.025,16.0,15.0,1.4,0.24531899196481113,0.24981672987547132,0.6226594959824056,0.6249083649377357,0.004497737910660188,0.0022488689553301633
0.03,4.0,5.0,0.6,0.1222245416382392,0.1703356038156851,0.5611122708191195,0.5851678019078426,0.0481110621774459,0.024055531088723048
0.03,4.0,5.0,1.0,0.1222245416382392,0.2733790572298633,0.5611122708191195,0.6366895286149318,0.15115451559162407,0.07557725779581226
0.03,4.0,5.0,1.4,0.1222245416382392,0.19017644170863324,0.5611122708191195,0.5950882208543166,0.06795190007039403,0.033975950035197044
0.03,4.0,10.0,0.6,0.1222245416382392,0.1703356038156851,0.5611122708191195,0.5851678019078426,0.0481110621774459,0.024055531088723048
0.03,4.0,10.0,1.0,0.1222245416382392,0.24904506551231298,0.5611122708191195,0.6245225327561564,0.12682052387407378,0.06341026193703692
0.03,4.0,10.0,1.4,0.1222245416382392,0.17891625625667673,0.5611122708191195,0.5894581281283384,0.05669171461843753,0.028345857309218903
0.03,4.0,15.0,0.6,0.12222454163823956,0.16693472634144776,0.5611122708191197,0.5834673631707239,0.0447101847032082,0.022355092351604156
0.03,4.0,15.0,1.0,0.12222454163823956,0.22725949753538163,0.5611122708191197,0.6136297487676908,0.10503495589714207,0.05251747794857109
0.03,4.0,15.0,1.4,0.12222454163823956,0.16973017201680396,0.5611122708191197,0.5848650860084019,0.047505630378564395,0.023752815189282184
0.03,5.0,5.0,0.6,0.1223147278772914,0.14936854233397204,0.5611573639386457,0.5746842711669861,0.027053814456680633,0.013526907228340379
0.03,5.0,5.0,1.0,0.1223147278772914,0.22437429903810402,0.5611573639386457,0.612187149519052,0.10205957116081261,0.05102978558040627
0.03,5.0,5.0,1.4,0.1223147278772914,0.16869833137714987,0.5611573639386457,0.5843491656885749,0.04638360349985847,0.023191801749929186
0.03,5.0,10.0,0.6,0.1223147278772914,0.15014618516633157,0.5611573639386457,0.5750730925831659,0.02783145728904017,0.013915728644520176
0.03,5.0,10.0,1.0,0.1223147278772914,0.21020914377073951,0.5611573639386457,0.6051045718853698,0.08789441589344811,0.04394720794672413
0.03,5.0,10.0,1.4,0.1223147278772914,0.16193757954491206,0.5611573639386457,0.580968789772456,0.039622851667620654,0.019811425833810348
0.03,5.0,15.0,0.6,0.1223147278772918,0.14981337132315464,0.5611573639386459,0.5749066856615773,0.027498643445862836,0.013749321722931418
0.03,5.0,15.0,1.0,0.1223147278772918,0.19617241921919076,0.5611573639386459,0.5980862096095954,0.07385769134189896,0.03692884567094945
0.03,5.0,15.0,1.4,0.1223147278772918,0.15593462213510387,0.5611573639386459,0.577967311067552,0.03361989425781206,0.016809947128906044
0.03,6.0,5.0,0.6,0.12331154867275435,0.13938804010162256,0.5616557743363771,0.5696940200508113,0.016076491428868217,0.008038245714434122
0.03,6.0,5.0,1.0,0.12331154867275435,0.19104094853135276,0.5616557743363771,0.5955204742656763,0.06772939985859841,0.03386469992929919
0.03,6.0,5.0,1.4,0.12331154867275435,0.15415945709395867,0.5616557743363771,0.5770797285469793,0.03084790842120433,0.015423954210602164
0.03,6.0,10.0,0.6,0.12331154867275435,0.1397071554586649,0.5616557743363771,0.5698535777293324,0.016395606785910566,0.008197803392955283
0.03,6.0,10.0,1.0,0.12331154867275435,0.18298241292651835,0.5616557743363771,0.5914912064632591,0.059670864253764,0.029835432126882
0.03,6.0,10.0,1.4,0.12331154867275435,0.15028293720007155,0.5616557743363771,0.5751414686000358,0.026971388527317203,0.013485694263658643
0.03,6.0,15.0,0.6,0.12331154867275497,0.1399173286037077,0.5616557743363775,0.5699586643018538,0.016605779930952733,0.008302889965476346
0.03,6.0,15.0,1.0,0.12331154867275497,0.1740675369028303,0.5616557743363775,0.5870337684514153,0.050755988230075336,0.025377994115037827
0.03,6.0,15.0,1.4,0.12331154867275497,0.14646921467002497,0.5616557743363775,0.5732346073350125,0.023157665997269997,0.011578832998635047
0.03,7.0,5.0,0.6,0.12301155601738373,0.13526326880736061,0.561505778008692,0.5676316344036804,0.012251712789976887,0.006125856394988416
0.03,7.0,5.0,1.0,0.1254265071013475,0.16895259573629867,0.5627132535506737,0.5844762978681495,0.043526088634951166,0.021763044317475777
0.03,7.0,5.0,1.4,0.1254265071013475,0.1451688220199543,0.5627132535506737,0.5725844110099771,0.019742314918606785,0.009871157459303448
0.03,7.0,10.0,0.6,0.1254265071013475,0.13526326880736061,0.5627132535506737,0.5676316344036804,0.009836761706013109,0.004918380853006665
0.03,7.0,10.0,1.0,0.1254265071013475,0.16456020682074388,0.5627132535506737,0.582280103410372,0.03913369971939637,0.019566849859698254
0.03,7.0,10.0,1.4,0.1254265071013475,0.14308918596793183,0.5627132535506737,0.571544592983966,0.01766267886658432,0.008831339433292285
0.03,7.0,15.0,0.6,0.1254265071013485,0.1352632688073613,0.5627132535506743,0.5676316344036806,0.009836761706012803,0.004918380853006332
0.03,7.0,15.0,1.0,0.1254265071013485,0.15906282679961756,0.5627132535506743,0.579531413399809,0.03363631969826905,0.016818159849134706
0.03,7.0,15.0,1.4,0.1254265071013485,0.14076323818262113,0.5627132535506743,0.5703816190913106,0.01533673108127262,0.007668365540636324
0.03,8.0,5.0,0.6,0.12466114015891767,0.1343862839711507,0.562330570079459,0.5671931419855754,0.009725143812233036,0.004862571906116386
0.03,8.0,5.0,1.0,0.1287354437825509,0.15500341792775316,0.5643677218912755,0.5775017089638766,0.026267974145202266,0.013133987072601161
0.03,8.0,5.0,1.4,0.1287354437825509,0.14054697489857224,0.5643677218912755,0.5702734874492861,0.011811531116021345,0.0059057655580105894
0.03,8.0,10.0,0.6,0.1287354437825509,0.1343862839711507,0.5643677218912755,0.5671931419855754,0.0056508401885998205,0.0028254200942998686
0.03,8.0,10.0,1.0,0.1287354437825509,0.15279334190321356,0.5643677218912755,0.5763966709516068,0.02405789812066267,0.012028949060331362
0.03,8.0,10.0,1.4,0.1287354437825509,0.13954665348568204,0.5643677218912755,0.569773326742841,0.010811209703131153,0.005405604851565493
0.03,8.0,15.0,0.6,0.1287354437825518,0.13438628397115066,0.5643677218912759,0.5671931419855752,0.005650840188598849,0.0028254200942993135
0.03,8.0,15.0,1.0,0.1287354437825518,0.14960297309856688,0.5643677218912759,0.5748014865492834,0.02086752931601507,0.010433764658007494
0.03,8.0,15.0,1.4,0.1287354437825518,0.13822421472836807,0.5643677218912759,0.569112107364184,0.009488770945816266,0.004744385472908119
0.03,9.0,5.0,0.6,0.12971129172966292,0.13602050009524158,0.5648556458648315,0.5680102500476207,0.006309208365578661,0.0031546041827892335
0.03,9.0,5.0,1.0,0.1331949629325144,0.1470031753098228,0.5665974814662571,0.5735015876549113,0.013808212377308393,0.006904106188654224
0.03,9.0,5.0,1.4,0.1331949629325144,0.13933007593234129,0.5665974814662571,0.5696650379661706,0.006135112999826886,0.0030675564999135263
0.03,9.0,10.0,0.6,0.1331949629325144,0.13602050009524158,0.5665974814662571,0.5680102500476207,0.002825537162727182,0.0014127685813636326
0.03,9.0,10.0,1.0,0.1331949629325144,0.14605960606903765,0.5665974814662571,0.5730298030345187,0.012864643136523246,0.0064323215682615675
0.03,9.0,10.0,1.4,0.1331949629325144,0.13893959206899995,0.5665974814662571,0.5694697960345,0.005744629136485546,0.002872314568242884
0.03,9.0,15.0,0.6,0.1331949629325151,0.1360205000952421,0.5665974814662575,0.5680102500476211,0.0028255371627270154,0.0014127685813635216
0.03,9.0,15.0,1.0,0.1331949629325151,0.14444414571080708,0.5665974814662575,0.5722220728554035,0.011249182778291983,0.00562459138914595
0.03,9.0,15.0,1.4,0.1331949629325151,0.13828896514310923,0.5665974814662575,0.5691444825715547,0.00509400221059414,0.002547001105297153
0.03,10.0,5.0,0.6,0.1370571142897799,0.1396045939104779,0.56852855714489,0.5698022969552389,0.0025474796206979844,0.0012737398103488395
0.03,10.0,5.0,1.0,0.13869008997839002,0.14339439535947246,0.569345044989195,0.5716971976797363,0.004704305381082435,0.0023521526905412316
0.03,10.0,5.0,1.4,0.13869008997839002,0.14075429869571288,0.569345044989195,0.5703771493478565,0.002064208717322852,0.001032104358661523
0.03,10.0,10.0,0.6,0.13869008997839002,0.1396045939104779,0.569345044989195,0.5698022969552389,0.0009145039320878623,0.0004572519660438479
0.03,10.0,10.0,1.0,0.13869008997839002,0.14314235275669676,0.569345044989195,0.5715711763783483,0.004452262778306737,0.0022261313891532852
0.03,10.0,10.0,1.4,0.13869008997839002,0.1406629975090331,0.569345044989195,0.5703314987545166,0.001972907530643081,0.0009864537653215821
0.03,10.0,15.0,0.6,0.13869008997839097,0.13960768424106074,0.5693450449891955,0.5698038421205303,0.0009175942626697686,0.00045879713133478717
0.03,10.0,15.0,1.0,0.13869008997839097,0.14261167673783545,0.5693450449891955,0.5713058383689177,0.003921586759444484,0.0019607933797222143
0.03,10.0,15.0,1.4,0.13869008997839097,0.14045689887693968,0.5693450449891955,0.5702284494384698,0.0017668088985487163,0.000883404449274372
0.03,11.0,5.0,0.6,0.14470113042867372,0.14596557834082605,0.5723505652143368,0.572982789170413,0.0012644479121523278,0.0006322239560762055
0.03,11.0,5.0,1.0,0.14303569867833127,0.1450748051926787,0.5715178493391657,0.5725374025963393,0.0020391065143474385,0.001019553257173622
0.03,11.0,5.0,1.4,0.14419127763893225,0.1450748051926787,0.5720956388194661,0.5725374025963393,0.0008835275537464604,0.00044176377687321633
0.03,11.0,10.0,0.6,0.14470113042867372,0.1450827089211165,0.5723505652143368,0.5725413544605584,0.00038157849244277453,0.0001907892462216232
0.03,11.0,10.0,1.0,0.143129012434515,0.1450748051926787,0.5715645062172575,0.5725374025963393,0.0019457927581637002,0.0009728963790818224
0.03,11.0,10.0,1.4,0.14421994710172562,0.1450748051926787,0.5721099735508628,0.5725374025963393,0.0008548580909530923,0.00042742904547654614
0.03,11.0,15.0,0.6,0.1446833260054859,0.14507480519267876,0.5723416630027428,0.5725374025963393,0.00039147918719287245,0.00019573959359653337
0.03,11.0,15.0,1.0,0.14334955889543252,0.14507480519267876,0.5716747794477162,0.5725374025963393,0.0017252462972462412,0.0008626231486231761
0.03,11.0,15.0,1.4,0.14430193883968706,0.14507480519267876,0.5721509694198437,0.5725374025963393,0.0007728663529917024,0.00038643317649567077
0.03,12.0,5.0,0.6,0.1509658665842843,0.1559345081719522,0.5754829332921421,0.5779672540859762,0.00496864158766791,0.002484320793834094
0.03,12.0,5.0,1.0,0.14505840496963798,0.15219795950476087,0.572529202484819,0.5760989797523804,0.007139554535122883,0.003569777267561469
0.03,12.0,5.0,1.4,0.14914609443197757,0.15219795950476087,0.5745730472159889,0.5760989797523804,0.003051865072783294,0.00152593253639155
0.03,12.0,10.0,0.6,0.15094597800713638,0.1525080400988068,0.5754729890035682,0.5762540200494034,0.0015620620916704242,0.0007810310458351566
0.03,12.0,10.0,1.0,0.14533223995708278,0.15219795950476087,0.5726661199785413,0.5760989797523804,0.00686571954767809,0.0034328597738391142
0.03,12.0,10.0,1.4,0.14920911618647925,0.15219795950476087,0.5746045580932396,0.5760989797523804,0.0029888433182816143,0.001494421659140821
0.03,12.0,15.0,0.6,0.15084838648611082,0.15219795950476112,0.5754241932430554,0.5760989797523806,0.0013495730186502963,0.0006747865093251759
0.03,12.0,15.0,1.0,0.14607333589764224,0.15219795950476112,0.5730366679488211,0.5760989797523806,0.006124623607118879,0.0030623118035594254
0.03,12.0,15.0,1.4,0.14947088684482668,0.15219795950476112,0.5747354434224133,0.5760989797523806,0.0027270726599344375,0.0013635363299672187
0.03,13.0,5.0,0.6,0.15812663563617957,0.16661116207684987,0.5790633178180897,0.583305581038425,0.008484526440670298,0.004242263220335274
0.03,13.0,5.0,1.0,0.14888574317525402,0.15991727062118713,0.574442871587627,0.5799586353105937,0.01103152744593311,0.005515763722966693
0.03,13.0,5.0,1.4,0.1552682674783259,0.15991727062118713,0.577634133739163,0.5799586353105937,0.0046490031428612355,0.002324501571430715
0.03,13.0,10.0,0.6,0.15798508451463858,0.16081578686485162,0.5789925422573193,0.5804078934324257,0.0028307023502130435,0.001415351175106383
0.03,13.0,10.0,1.0,0.14923101144478979,0.15991727062118713,0.5746155057223948,0.5799586353105937,0.010686259176397345,0.005343129588198825
0.03,13.0,10.0,1.4,0.15530931021703112,0.15991727062118713,0.5776546551085157,0.5799586353105937,0.0046079604041560085,0.0023039802020780042
0.03,13.0,15.0,0.6,0.15786347241075968,0.15991727062118785,0.5789317362053797,0.5799586353105938,0.0020537982104281705,0.0010268991052140297
0.03,13.0,15.0,1.0,0.1503307647251199,0.15991727062118785,0.57516538236256,0.5799586353105938,0.009586505896067965,0.004793252948033788
0.03,13.0,15.0,1.4,0.15567545072869549,0.15991727062118785,0.5778377253643477,0.5799586353105938,0.004241819892492366,0.00212090994624603
0.03,14.0,5.0,0.6,0.16596765034905295,0.17774292988995746,0.5829838251745265,0.5888714649449788,0.011775279540904515,0.005887639770452258
0.03,14.0,5.0,1.0,0.15408318159839848,0.16810561397799947,0.5770415907991993,0.5840528069889998,0.014022432379600991,0.0070112161898004954
0.03,14.0,5.0,1.4,0.16226453308385513,0.16810561397799947,0.5811322665419276,0.5840528069889998,0.00584108089414434,0.0029205404470721286
0.03,14.0,10.0,0.6,0.16565256968882597,0.16976060247681182,0.582826284844413,0.5848803012384058,0.004108032787985855,0.00205401639399283
0.03,14.0,10.0,1.0,0.15442744579381718,0.16810561397799947,0.5772137228969086,0.5840528069889998,0.013678168184182299,0.006839084092091108
0.03,14.0,10.0,1.4,0.16226453308385513,0.16810561397799947,0.5811322665419276,0.5840528069889998,0.00584108089414434,0.0029205404470721286
0.03,14.0,15.0,0.6,0.16553354908314916,0.16810561397800028,0.5827667745415747,0.5840528069890001,0.0025720648948511227,0.0012860324474254226
0.03,14.0,15.0,1.0,0.15577074039831282,0.16810561397800028,0.5778853701991564,0.5840528069890001,0.012334873579687461,0.006167436789843661
0.03,14.0,15.0,1.4,0.1626823289401029,0.16810561397800028,0.5813411644700515,0.5840528069890001,0.00542328503789738,0.0027116425189486204
0.03,15.0,5.0,0.6,0.1743174421143763,0.1891462341284828,0.587158721057188,0.5945731170642414,0.014828792014106501,0.007414396007053403
0.03,15.0,5.0,1.0,0.16032006770842644,0.17665289753423266,0.5801600338542132,0.5883264487671163,0.016332829825806222,0.008166414912903042
0.03,15.0,5.0,1.4,0.16987099640889805,0.17665289753423266,0.5849354982044491,0.5883264487671163,0.006781901125334611,0.003390950562667139
0.03,15.0,10.0,0.6,0.17379922215712199,0.17915569026010375,0.586899611078561,0.589577845130052,0.005356468102981765,0.002678234051490924
0.03,15.0,10.0,1.0,0.16061536727042752,0.17665289753423266,0.5803076836352138,0.5883264487671163,0.01603753026380514,0.008018765131902472
0.03,15.0,10.0,1.4,0.16987099640889805,0.17665289753423266,0.5849354982044491,0.5883264487671163,0.006781901125334611,0.003390950562667139
0.03,15.0,15.0,0.6,0.17370036074882786,0.17665289753423322,0.5868501803744139,0.5883264487671167,0.0029525367854053575,0.001476268392702762
0.03,15.0,15.0,1.0,0.16211942759136297,0.17665289753423322,0.5810597137956816,0.5883264487671167,0.014533469942870247,0.0072667349714351515
0.03,15.0,15.0,1.4,0.17030354009542722,0.17665289753423322,0.5851517700477136,0.5883264487671167,0.0063493574388059915,0.0031746787194031345
0.03,16.0,5.0,0.6,0.18303948350689545,0.20068622157596916,0.5915197417534476,0.6003431107879846,0.017646738069073714,0.008823369034537065
0.03,16.0,5.0,1.0,0.16734246564275285,0.1854656373747409,0.5836712328213765,0.5927328186873704,0.018123171731988047,0.009061585865993926
0.03,16.0,5.0,1.4,0.1779663897573715,0.1854656373747409,0.5889831948786858,0.5927328186873704,0.007499247617369392,0.003749623808684599
0.03,16.0,10.0,0.6,0.18230307936303614,0.18885760585118785,0.5911515396815181,0.5944288029255939,0.0065545264881517185,0.0032772632440757343
0.03,16.0,10.0,1.0,0.16755740994804308,0.1854656373747409,0.5837787049740215,0.5927328186873704,0.017908227426697815,0.008954113713348866
0.03,16.0,10.0,1.4,0.1779663897573715,0.1854656373747409,0.5889831948786858,0.5927328186873704,0.007499247617369392,0.003749623808684599
0.03,16.0,15.0,0.6,0.18223579786333258,0.18546563737474148,0.5911178989316662,0.5927328186873707,0.0032298395114088996,0.0016149197557044914
0.03,16.0,15.0,1.0,0.16916216774803025,0.18546563737474148,0.5845810838740151,0.5927328186873707,0.016303469626711226,0.008151734813355627
0.03,16.0,15.0,1.4,0.17838789045161674,0.18546563737474148,0.5891939452258085,0.5927328186873707,0.007077746923124739,0.003538873461562231
0.035,4.0,5.0,0.6,0.045703824501456464,0.07910777587381831,0.5228519122507282,0.5395538879369092,0.03340395137236185,0.016701975686180925
0.035,4.0,5.0,1.0,0.045703824501456464,0.1648045050734098,0.5228519122507282,0.5824022525367051,0.11910068057195333,0.05955034028597683
0.035,4.0,5.0,1.4,0.045703824501456464,0.09942784518085075,0.5228519122507282,0.5497139225904253,0.05372402067939429,0.02686201033969704
0.035,4.0,10.0,0.6,0.045703824501456464,0.07923860609574873,0.5228519122507282,0.5396193030478743,0.03353478159429227,0.016767390797146065
0.035,4.0,10.0,1.0,0.045703824501456464,0.147293708195167,0.5228519122507282,0.5736468540975835,0.10158988369371053,0.05079494184685529
0.035,4.0,10.0,1.4,0.045703824501456464,0.0912107287600835,0.5228519122507282,0.5456053643800417,0.04550690425862704,0.022753452129313456
0.035,4.0,15.0,0.6,0.04570382450145619,0.07858957763454412,0.5228519122507281,0.5392947888172721,0.032885753133087926,0.016442876566543974
0.035,4.0,15.0,1.0,0.04570382450145619,0.13057503078024635,0.5228519122507281,0.5652875153901233,0.08487120627879016,0.042435603139395206
0.035,4.0,15.0,1.4,0.04570382450145619,0.0841379960883426,0.5228519122507281,0.5420689980441713,0.03843417158688641,0.019217085793443167
0.035,5.0,5.0,0.6,0.04658991035731364,0.06422771291886721,0.5232949551786568,0.5321138564594337,0.01763780256155357,0.008818901280776892
0.035,5.0,5.0,1.0,0.04658991035731364,0.12060765263189747,0.5232949551786568,0.5603038263159488,0.07401774227458383,0.03700887113729201
0.035,5.0,5.0,1.4,0.04658991035731364,0.08020260909300451,0.5232949551786568,0.5401013045465023,0.03361269873569087,0.01680634936784553
0.035,5.0,10.0,0.6,0.04658991035731364,0.06479799352756029,0.5232949551786568,0.53239899676378,0.018208083170246643,0.009104041585123235
0.035,5.0,10.0,1.0,0.04658991035731364,0.11152158296184896,0.5232949551786568,0.5557607914809245,0.0649316726045353,0.03246583630226774
0.035,5.0,10.0,1.4,0.04658991035731364,0.07585590236038622,0.5232949551786568,0.5379279511801932,0.02926599200307258,0.014632996001536447
0.035,5.0,15.0,0.6,0.04658991035731384,0.06495049705253267,0.523294955178657,0.5324752485262664,0.018360586695218825,0.009180293347609392
0.035,5.0,15.0,1.0,0.04658991035731384,0.10167472519766514,0.523294955178657,0.5508373625988325,0.0550848148403513,0.027542407420175552
0.035,5.0,15.0,1.4,0.04658991035731384,0.07166123074911401,0.523294955178657,0.535830615374557,0.02507132039180017,0.012535660195900022
0.035,6.0,5.0,0.6,0.04652875405087222,0.05895359620199344,0.5232643770254363,0.5294767981009968,0.012424842151121218,0.006212421075560526
0.035,6.0,5.0,1.0,0.04897595968249487,0.09324131591738365,0.5244879798412474,0.5466206579586919,0.044265356234888774,0.02213267811744446
0.035,6.0,5.0,1.4,0.04897595968249487,0.06901644012090373,0.5244879798412474,0.5345082200604518,0.020040480438408857,0.010020240219204446
0.035,6.0,10.0,0.6,0.04897595968249487,0.05895359620199344,0.5244879798412474,0.5294767981009968,0.009977636519498567,0.004988818259749395
0.035,6.0,10.0,1.0,0.04897595968249487,0.08876070528374727,0.5244879798412474,0.5443803526418736,0.0397847456012524,0.019892372800626168
0.035,6.0,10.0,1.4,0.04897595968249487,0.06690249547693382,0.5244879798412474,0.5334512477384669,0.017926535794438946,0.008963267897219462
0.035,6.0,15.0,0.6,0.048975959682494616,0.058953596201993884,0.5244879798412473,0.5294767981009969,0.009977636519499268,0.004988818259749617
0.035,6.0,15.0,1.0,0.048975959682494616,0.08315722863465265,0.5244879798412473,0.5415786143173263,0.034181268952158034,0.01709063447607906
0.035,6.0,15.0,1.4,0.048975959682494616,0.06453898561369847,0.5244879798412473,0.5322694928068492,0.015563025931203858,0.007781512965601922
0.035,7.0,5.0,0.6,0.048850291213410016,0.05818010821436188,0.5244251456067051,0.529090054107181,0.00932981700095186,0.004664908500475962
0.035,7.0,5.0,1.0,0.053005808281171976,0.07729403088157204,0.526502904140586,0.5386470154407862,0.02428822260040006,0.012144111300200211
0.035,7.0,5.0,1.4,0.053005808281171976,0.06389639983773121,0.526502904140586,0.5319481999188657,0.010890591556559234,0.00544529577827968
0.035,7.0,10.0,0.6,0.053005808281171976,0.05818010821436188,0.526502904140586,0.529090054107181,0.005174299933189901,0.002587149966595037
0.035,7.0,10.0,1.0,0.053005808281171976,0.07531259073171301,0.526502904140586,0.5376562953658565,0.022306782450541032,0.011153391225270481
0.035,7.0,10.0,1.4,0.053005808281171976,0.0630112734557843,0.526502904140586,0.5315056367278922,0.01000546517461233,0.005002732587306213
0.035,7.0,15.0,0.6,0.05300580828117247,0.05818010821436237,0.5265029041405863,0.5290900541071811,0.005174299933189901,0.002587149966594815
0.035,7.0,15.0,1.0,0.05300580828117247,0.07237742196959634,0.5265029041405863,0.5361887109847983,0.019371613688423876,0.009685806844211942
0.035,7.0,15.0,1.4,0.05300580828117247,0.06180189310504843,0.5265029041405863,0.5309009465525243,0.008796084823875963,0.004398042411937975
0.035,8.0,5.0,0.6,0.055588107909672516,0.060739473498664986,0.5277940539548363,0.5303697367493325,0.005151365588992471,0.00257568279449627
0.035,8.0,5.0,1.0,0.05860361752771991,0.06922597352463544,0.5293018087638599,0.5346129867623177,0.01062235599691553,0.005311177998457817
0.035,8.0,5.0,1.4,0.05860361752771991,0.0632996383814219,0.5293018087638599,0.5316498191907109,0.004696020853701986,0.002348010426850955
0.035,8.0,10.0,0.6,0.05860361752771991,0.060739473498664986,0.5293018087638599,0.5303697367493325,0.0021358559709450733,0.0010679279854726165
0.035,8.0,10.0,1.0,0.05860361752771991,0.06855365522164646,0.5293018087638599,0.5342768276108232,0.009950037693926543,0.004975018846963275
0.035,8.0,10.0,1.4,0.05860361752771991,0.06303405658155758,0.5293018087638599,0.5315170282907787,0.004430439053837672,0.0022152195269188324
0.035,8.0,15.0,0.6,0.05860361752771968,0.06073947349866487,0.5293018087638599,0.5303697367493325,0.0021358559709451913,0.0010679279854726165
0.035,8.0,15.0,1.0,0.05860361752771968,0.06732519530972565,0.5293018087638599,0.5336625976548628,0.008721577782005975,0.004360788891002887
0.035,8.0,15.0,1.4,0.05860361752771968,0.06254523788159548,0.5293018087638599,0.5312726189407978,0.0039416203538758035,0.0019708101769378983
0.035,9.0,5.0,0.6,0.06513682375036084,0.06578263323021993,0.5325684118751804,0.5328913166151099,0.0006458094798590941,0.0003229047399294638
0.035,9.0,5.0,1.0,0.06557286183100802,0.06668421843723463,0.5327864309155039,0.5333421092186172,0.0011113566062266045,0.0005556783031133161
0.035,9.0,5.0,1.4,0.06557286183100802,0.06605749395628846,0.5327864309155039,0.5330287469781442,0.00048463212528043753,0.00024231606264024652
0.035,9.0,10.0,0.6,0.06557286183100802,0.06578263323021993,0.5327864309155039,0.5328913166151099,0.00020977139921191101,0.00010488569960598326
0.035,9.0,10.0,1.0,0.06557286183100802,0.06662907472100486,0.5327864309155039,0.5333145373605025,0.001056212889996841,0.0005281064449985662
0.035,9.0,10.0,1.4,0.06557286183100802,0.06603891187559542,0.5327864309155039,0.5330194559377976,0.00046605004458739885,0.00023302502229372024
0.035,9.0,15.0,0.6,0.0655728618310087,0.06578790092660804,0.5327864309155044,0.5328939504633041,0.0002150390955993342,0.00010751954779975037
0.035,9.0,15.0,1.0,0.0655728618310087,0.06650632513883603,0.5327864309155044,0.5332531625694179,0.0009334633078273286,0.00046673165391353244
0.035,9.0,15.0,1.4,0.0655728618310087,0.06599223094868897,0.5327864309155044,0.5329961154743444,0.0004193691176802711,0.0002096845588400731
0.035,10.0,5.0,0.6,0.07267449037277794,0.07649225352439307,0.5363372451863889,0.5382461267621966,0.003817763151615125,0.0019088815758077082
0.035,10.0,5.0,1.0,0.06798940744383687,0.07367620421978445,0.5339947037219184,0.5368381021098921,0.005686796775947578,0.002843398387973761
0.035,10.0,5.0,1.4,0.0712335129594004,0.07367620421978445,0.5356167564797002,0.5368381021098921,0.0024426912603840445,0.001221345630191939
0.035,10.0,10.0,0.6,0.07267449037277794,0.07384928557904646,0.5363372451863889,0.5369246427895232,0.0011747952062685224,0.0005873976031343098
0.035,10.0,10.0,1.0,0.06822123148755979,0.07367620421978445,0.5341106157437799,0.5368381021098921,0.005454972732224658,0.0027274863661121973
0.035,10.0,10.0,1.4,0.07129355670893257,0.07367620421978445,0.5356467783544663,0.5368381021098921,0.0023826475108518763,0.0011913237554258549
0.035,10.0,15.0,0.6,0.07259532243184247,0.07367620421978517,0.5362976612159214,0.5368381021098927,0.001080881787942703,0.0005404408939713168
0.035,10.0,15.0,1.0,0.06881940924746044,0.07367620421978517,0.5344097046237302,0.5368381021098927,0.004856794972324732,0.0024283974861625257
0.035,10.0,15.0,1.4,0.07150875922265246,0.07367620421978517,0.5357543796113262,0.5368381021098927,0.002167444997132714,0.001083722498566475
0.035,11.0,5.0,0.6,0.0809343309927951,0.0889994028887218,0.5404671654963976,0.5444997014443611,0.008065071895926701,0.004032535947963489
0.035,11.0,5.0,1.0,0.07204029440621458,0.08268051545568958,0.5360201472031074,0.5413402577278449,0.010640221049474999,0.005320110524737465
0.035,11.0,5.0,1.4,0.0781835164215124,0.08268051545568958,0.5390917582107563,0.5413402577278449,0.0044969990341771765,0.002248499517088609
0.035,11.0,10.0,0.6,0.08081524196627611,0.08348153146006757,0.540407620983138,0.5417407657300337,0.0026662894937914544,0.0013331447468957203
0.035,11.0,10.0,1.0,0.07238531825163527,0.08268051545568958,0.5361926591258177,0.5413402577278449,0.010295197204054307,0.005147598602027181
0.035,11.0,10.0,1.4,0.0782320693462734,0.08268051545568958,0.5391160346731366,0.5413402577278449,0.004448446109416179,0.002224223054708263
0.035,11.0,15.0,0.6,0.08069327247185035,0.08268051545569013,0.5403466362359252,0.541340257727845,0.0019872429838397876,0.0009936214919198383
0.035,11.0,15.0,1.0,0.07345245768271616,0.08268051545569013,0.5367262288413581,0.541340257727845,0.009228057772973974,0.004614028886486876
0.035,11.0,15.0,1.4,0.07859138518732181,0.08268051545569013,0.539295692593661,0.541340257727845,0.004089130268368324,0.002044565134184051
0.035,12.0,5.0,0.6,0.09019608358468752,0.10221742407775652,0.5450980417923437,0.5511087120388783,0.012021340493069008,0.006010670246534677
0.035,12.0,5.0,1.0,0.07808561856342451,0.09237708369897712,0.5390428092817122,0.5461885418494885,0.014291465135552614,0.007145732567776286
0.035,12.0,5.0,1.4,0.0864201426294553,0.09237708369897712,0.5432100713147276,0.5461885418494885,0.005956941069521826,0.0029784705347608575
0.035,12.0,10.0,0.6,0.08987472189123723,0.09406588566317264,0.5449373609456186,0.5470329428315863,0.004191163771935416,0.002095581885967701
0.035,12.0,10.0,1.0,0.07843611416057217,0.09237708369897712,0.5392180570802861,0.5461885418494885,0.013940969538404957,0.0069704847692023675
0.035,12.0,10.0,1.4,0.0864201426294553,0.09237708369897712,0.5432100713147276,0.5461885418494885,0.005956941069521826,0.0029784705347608575
0.035,12.0,15.0,0.6,0.08975333275335749,0.09237708369897901,0.5448766663766786,0.5461885418494895,0.0026237509456215197,0.001311875472810864
0.035,12.0,15.0,1.0,0.07980390294044398,0.09237708369897901,0.539901951470222,0.5461885418494895,0.01257318075853503,0.006286590379267487
0.035,12.0,15.0,1.4,0.08684604562950597,0.09237708369897901,0.543423022814753,0.5461885418494895,0.0055310380694730404,0.002765519034736541
0.035,13.0,5.0,0.6,0.1001797789232388,0.11584262441204132,0.5500898894616193,0.5579213122060207,0.01566284548880252,0.007831422744401406
0.035,13.0,5.0,1.0,0.08558157772812129,0.10258796889817433,0.5427907888640607,0.5512939844490872,0.017006391170053037,0.008503195585026435
0.035,13.0,5.0,1.4,0.09552497822409488,0.10258796889817433,0.5477624891120474,0.5512939844490872,0.00706299067407945,0.0035314953370397806
0.035,13.0,10.0,0.6,0.09961403864026175,0.10529569438919933,0.5498070193201309,0.5526478471945997,0.005681655748937586,0.002840827874468821
0.035,13.0,10.0,1.0,0.08587077024165467,0.10258796889817433,0.5429353851208273,0.5512939844490872,0.01671719865651966,0.008358599328259886
0.035,13.0,10.0,1.4,0.09552497822409488,0.10258796889817433,0.5477624891120474,0.5512939844490872,0.00706299067407945,0.0035314953370397806
0.035,13.0,15.0,0.6,0.09951776211435427,0.10258796889817548,0.5497588810571771,0.5512939844490877,0.0030702067838212083,0.0015351033919106527
0.035,13.0,15.0,1.0,0.08742486623066693,0.10258796889817548,0.5437124331153335,0.5512939844490877,0.015163102667508546,0.007581551333754266
0.035,13.0,15.0,1.4,0.09596622712835118,0.10258796889817548,0.5479831135641756,0.5512939844490877,0.006621741769824302,0.0033108708849121093
0.035,14.0,5.0,0.6,0.11067049915697084,0.12966225986194824,0.5553352495784853,0.5648311299309742,0.018991760704977392,0.009495880352488828
0.035,14.0,5.0,1.0,0.09412903267385576,0.11316563789522649,0.5470645163369279,0.5565828189476132,0.019036605221370725,0.009518302610685314
0.035,14.0,5.0,1.4,0.10529120197975743,0.11316563789522649,0.5526456009898787,0.5565828189476132,0.00787443591546906,0.003937217957734496
0.035,14.0,10.0,0.6,0.10984106364181265,0.1169451943771256,0.5549205318209065,0.5584725971885628,0.00710413073531295,0.0035520653676562874
0.035,14.0,10.0,1.0,0.09431606352392621,0.11316563789522649,0.5471580317619632,0.5565828189476132,0.018849574371300276,0.009424787185649985
0.035,14.0,10.0,1.4,0.10529120197975743,0.11316563789522649,0.5526456009898787,0.5565828189476132,0.00787443591546906,0.003937217957734496
0.035,14.0,15.0,0.6,0.10978481015755666,0.11316563789522681,0.5548924050787784,0.5565828189476135,0.00338082773767015,0.0016904138688351722
0.035,14.0,15.0,1.0,0.09597772769447473,0.11316563789522681,0.5479888638472373,0.5565828189476135,0.017187910200752082,0.008593955100376194
0.035,14.0,15.0,1.4,0.10571396684352972,0.11316563789522681,0.5528569834217648,0.5565828189476135,0.007451671051697084,0.0037258355258487086
0.035,15.0,5.0,0.6,0.12150271058106722,0.14352560588876265,0.5607513552905335,0.5717628029443814,0.022022895307695425,0.011011447653847872
0.035,15.0,5.0,1.0,0.10343139697559366,0.12398980573490907,0.5517156984877968,0.5619949028674545,0.020558408759315416,0.01027920437965768
0.035,15.0,5.0,1.4,0.11552230825487687,0.12398980573490907,0.5577611541274384,0.5619949028674545,0.008467497480032199,0.00423374874001603
0.035,15.0,10.0,0.6,0.1204042233289758,0.12884654394725664,0.560202111664488,0.5644232719736283,0.008442320618280846,0.004221160309140326
0.035,15.0,10.0,1.0,0.10349208072283153,0.12398980573490907,0.5517460403614157,0.5619949028674545,0.02049772501207754,0.010248862506038736
0.035,15.0,10.0,1.4,0.11552230825487687,0.12398980573490907,0.5577611541274384,0.5619949028674545,0.008467497480032199,0.00423374874001603
0.035,15.0,15.0,0.6,0.12039669362952973,0.12398980573490932,0.5601983468147648,0.5619949028674547,0.0035931121053795895,0.0017965560526899127
0.035,15.0,15.0,1.0,0.105206538274269,0.12398980573490932,0.5526032691371345,0.5619949028674547,0.018783267460640324,0.009391633730320148
0.035,15.0,15.0,1.4,0.11590444394498345,0.12398980573490932,0.5579522219724916,0.5619949028674547,0.008085361789925874,0.004042680894963069
0.035,16.0,5.0,0.6,0.13254855526901566,0.1573252005927894,0.5662742776345079,0.5786626002963946,0.024776645323773744,0.01238832266188672
0.035,16.0,5.0,1.0,0.11318693687901972,0.13496344548996309,0.5565934684395099,0.5674817227449814,0.021776508610943365,0.010888254305471579
0.035,16.0,5.0,1.4,0.12606660984358012,0.13496344548996309,0.56303330492179,0.5674817227449814,0.008896835646382967,0.004448417823191386
0.035,16.0,10.0,0.6,0.13118416887609413,0.1408740919277113,0.5655920844380471,0.5704370459638557,0.009689923051617172,0.0048449615258086
0.035,16.0,10.0,1.0,0.11318693687901972,0.13496344548996309,0.5565934684395099,0.5674817227449814,0.021776508610943365,0.010888254305471579
0.035,16.0,10.0,1.4,0.12606660984358012,0.13496344548996309,0.56303330492179,0.5674817227449814,0.008896835646382967,0.004448417823191386
0.035,16.0,15.0,0.6,0.13123001894937739,0.13496344548996303,0.5656150094746886,0.5674817227449815,0.0037334265405856437,0.0018667132702929745
0.035,16.0,15.0,1.0,0.1149158348761849,0.13496344548996303,0.5574579174380925,0.5674817227449815,0.020047610613778133,0.010023805306889066
0.035,16.0,15.0,1.4,0.1263939023420833,0.13496344548996303,0.5631969511710417,0.5674817227449815,0.008569543147879721,0.004284771573939805
0.04,4.0,5.0,0.6,0.0016020158155275255,0.020685845629154313,0.4896570771854229,0.5009347964213489,0.019083829813626788,0.011277719235925965
0.04,4.0,5.0,1.0,0.020685845629154313,0.07106591889821827,0.4896570771854229,0.5355329594491092,0.050380073269063956,0.045875882263686274
0.04,4.0,5.0,1.4,0.005488143397263078,0.02078102519261042,0.4896570771854229,0.5103905125963052,0.015292881795347341,0.020733435410882295
0.04,4.0,10.0,0.6,0.0016020158155275255,0.020685845629154313,0.4896570771854229,0.5015731001896226,0.019083829813626788,0.01191602300419975
0.04,4.0,10.0,1.0,0.014239543787175627,0.05882042832100282,0.4896570771854229,0.5294102141605015,0.04458088453382719,0.039753136975078596
0.04,4.0,10.0,1.4,0.004159237347858946,0.020685845629154313,0.4896570771854229,0.5074921616551458,0.016526608281295367,0.017835084469722873
0.04,4.0,15.0,0.6,0.001602015815528952,0.02068584562915574,0.4896570771854221,0.5015229931424415,0.019083829813626788,0.011865915957019413
0.04,4.0,15.0,1.0,0.004262754640985468,0.04629114557267113,0.4896570771854221,0.5231455727863357,0.042028390931685665,0.03348849560091355
0.04,4.0,15.0,1.4,0.000369292734394924,0.02068584562915574,0.4896570771854221,0.5048395038754276,0.020316552894760816,0.015182426690005524
0.04,5.0,5.0,0.6,0.006754206194184447,0.01971352184049202,0.490143239079754,0.49662289690290773,0.012959315646307574,0.006479657823153739
0.04,5.0,5.0,1.0,0.015489987750062495,0.03325536807961835,0.490700779158948,0.5166276840398093,0.017765380329555852,0.0259269048808613
0.04,5.0,5.0,1.4,0.002232172815282347,0.018598441682104103,0.490700779158948,0.5024360842309373,0.016366268866821757,0.011735305071989333
0.04,5.0,10.0,0.6,0.006754206194184447,0.018598441682104103,0.490700779158948,0.49662289690290773,0.011844235487919656,0.005922117743959732
0.04,5.0,10.0,1.0,0.002660153100571793,0.027682023554591564,0.490700779158948,0.5138410117772958,0.02502187045401977,0.0231402326183478
0.04,5.0,10.0,1.4,0.0003079662185390786,0.018598441682104103,0.490700779158948,0.5011160864076412,0.018290475463565024,0.010415307248693162
0.04,5.0,15.0,0.6,0.006751042309964695,0.01859844168210399,0.4907007791589479,0.4966244788450176,0.011847399372139297,0.0059236996860697055
0.04,5.0,15.0,1.0,0.003297437232829229,0.021011469033767147,0.4907007791589479,0.5105057345168836,0.01771403180093792,0.01980495535793575
0.04,5.0,15.0,1.4,0.000584787134731217,0.01859844168210399,0.4907007791589479,0.4997076064326344,0.018013654547372776,0.009006827273686513
0.04,6.0,5.0,0.6,0.008636665949252583,0.01852592599203483,0.49073703700398275,0.49568166702537375,0.009889260042782249,0.0049446300213910055
0.04,6.0,5.0,1.0,0.004073695153672632,0.014386273838444433,0.4928068630807778,0.5062106623776086,0.010312578684771801,0.013403799296830776
0.04,6.0,5.0,1.4,0.0023575022164038137,0.014386273838444433,0.4928068630807778,0.498821248891798,0.01202877162204062,0.006014385811020206
0.04,6.0,10.0,0.6,0.008636665949252583,0.014386273838444433,0.4928068630807778,0.49568166702537375,0.005749607889191851,0.0028748039445959384
0.04,6.0,10.0,1.0,0.0027023197031574536,0.014386273838444433,0.4928068630807778,0.5050789611585806,0.01168395413528698,0.012272098077802829
0.04,6.0,10.0,1.4,0.0033778271536529314,0.014386273838444433,0.4928068630807778,0.4983110864231735,0.011008446684791503,0.005504223342395698
0.04,6.0,15.0,0.6,0.008636665949252305,0.014386273838444182,0.4928068630807779,0.49568166702537386,0.005749607889191877,0.0028748039445959384
0.04,6.0,15.0,1.0,1.6165262580426344e-05,0.014386273838444182,0.4928068630807779,0.5034465748119803,0.014370108575863755,0.010639711731202373
0.04,6.0,15.0,1.4,0.004726254240343095,0.014386273838444182,0.4928068630807779,0.4976368728798285,0.009660019598101087,0.004830009799050572
0.04,7.0,5.0,0.6,0.005951291723061937,0.011119767211640865,0.4944401163941796,0.49702435413846907,0.005168475488578929,0.0025842377442894526
0.04,7.0,5.0,1.0,0.00044861646705855534,0.008094674285335944,0.49595266285733197,0.5012855864940915,0.007646057818277388,0.005332923636759523
0.04,7.0,5.0,1.4,0.0033812972782428416,0.008094674285335944,0.49595266285733197,0.4983093513608786,0.004713377007093102,0.0023566885035466445
0.04,7.0,10.0,0.6,0.005951291723061937,0.008094674285335944,0.49595266285733197,0.49702435413846907,0.002143382562274007,0.0010716912811370993
0.04,7.0,10.0,1.0,0.00044861646705855534,0.008094674285335944,0.49595266285733197,0.5009478260736145,0.007646057818277388,0.004995163216282572
0.04,7.0,10.0,1.4,0.00364793971433417,0.008094674285335944,0.49595266285733197,0.49817603014283285,0.004446734571001774,0.002223367285500877
0.04,7.0,15.0,0.6,0.005951291723061002,0.00809467428533505,0.4959526628573324,0.4970243541384695,0.0021433825622740486,0.0010716912811370993
0.04,7.0,15.0,1.0,0.000448616467058537,0.00809467428533505,0.4959526628573324,0.5003307488368656,0.007646057818276514,0.004378085979533153
0.04,7.0,15.0,1.4,0.00413868579089109,0.00809467428533505,0.4959526628573324,0.4979306571045546,0.00395598849444396,0.00197799424722217
0.04,8.0,5.0,0.6,0.0,0.0,0.5,0.5,0.0,0.0
0.04,8.0,5.0,1.0,0.0,0.0,0.5,0.5,0.0,0.0
0.04,8.0,5.0,1.4,0.0,0.0,0.5,0.5,0.0,0.0
0.04,8.0,10.0,0.6,0.0,0.0,0.5,0.5,0.0,0.0
0.04,8.0,10.0,1.0,0.0,0.0,0.5,0.5,0.0,0.0
0.04,8.0,10.0,1.4,0.0,0.0,0.5,0.5,0.0,0.0
0.04,8.0,15.0,0.6,0.0,0.0,0.5,0.5,0.0,0.0
0.04,8.0,15.0,1.0,0.0,0.0,0.5,0.5,0.0,0.0
0.04,8.0,15.0,1.4,0.0,0.0,0.5,0.5,0.0,0.0
0.04,9.0,5.0,0.6,0.008287455571736352,0.013375318706836989,0.504143727785868,0.5066876593534185,0.005087863135100637,0.002543931567550506
0.04,9.0,5.0,1.0,0.00224784333664282,0.009548423880634965,0.5011239216683213,0.5047742119403175,0.007300580543992144,0.0036502902719961483
0.04,9.0,5.0,1.4,0.006425864809065669,0.009548423880634965,0.5032129324045328,0.5047742119403175,0.003122559071569295,0.0015612795357846654
0.04,9.0,10.0,0.6,0.008267104605706397,0.009865843010442188,0.5041335523028532,0.5049329215052212,0.0015987384047357906,0.0007993692023680055
0.04,9.0,10.0,1.0,0.0025275739548715702,0.009548423880634965,0.5012637869774358,0.5047742119403175,0.007020849925763394,0.0035104249628816753
0.04,9.0,10.0,1.4,0.006490318279953929,0.009548423880634965,0.5032451591399769,0.5047742119403175,0.0030581056006810355,0.0015290528003405468
0.04,9.0,15.0,0.6,0.008167245895449008,0.009548423880635534,0.5040836229477244,0.5047742119403179,0.0013811779851865252,0.0006905889925935549
0.04,9.0,15.0,1.0,0.0032847376966269972,0.009548423880635534,0.5016423688483135,0.5047742119403179,0.006263686184008537,0.003131843092004427
0.04,9.0,15.0,1.4,0.0067580484877997225,0.009548423880635534,0.5033790242438999,0.5047742119403179,0.002790375392835811,0.0013951876964179988
0.04,10.0,5.0,0.6,0.01823542653142345,0.028108049915924208,0.5091177132657118,0.5140540249579622,0.009872623384500758,0.004936311692250395
0.04,10.0,5.0,1.0,0.007794577841668941,0.02021276532188336,0.5038972889208344,0.5101063826609417,0.012418187480214421,0.006209093740107252
0.04,10.0,5.0,1.4,0.014999315605938835,0.02021276532188336,0.5074996578029695,0.5101063826609417,0.005213449715944526,0.002606724857972198
0.04,10.0,10.0,0.6,0.018035406322539804,0.02137981902442489,0.5090177031612699,0.5106899095122124,0.0033444127018850862,0.0016722063509424512
0.04,10.0,10.0,1.0,0.008154292990209075,0.02021276532188336,0.5040771464951046,0.5101063826609417,0.012058472331674286,0.00602923616583706
0.04,10.0,10.0,1.4,0.01502474772046115,0.02021276532188336,0.5075123738602306,0.5101063826609417,0.00518801760142221,0.002594008800711034
0.04,10.0,15.0,0.6,0.017909008138226018,0.02021276532188342,0.5089545040691129,0.5101063826609417,0.002303757183657402,0.0011518785918287477
0.04,10.0,15.0,1.0,0.009374058124242225,0.02021276532188342,0.5046870290621212,0.5101063826609417,0.010838707197641195,0.005419353598820509
0.04,10.0,15.0,1.4,0.015422882582094871,0.02021276532188342,0.5077114412910475,0.5101063826609417,0.004789882739788549,0.0023949413698941546
0.04,11.0,5.0,0.6,0.029348546826595892,0.04362185740991295,0.5146742734132981,0.5218109287049566,0.014273310583317059,0.007136655291658522
0.04,11.0,5.0,1.0,0.015638790577727588,0.031699801603144596,0.5078193952888638,0.5158499008015723,0.01606101102541701,0.008030505512708563
0.04,11.0,5.0,1.4,0.025014529428481688,0.031699801603144596,0.5125072647142409,0.5158499008015723,0.006685272174662908,0.00334263608733143
0.04,11.0,10.0,0.6,0.02888715400407292,0.03398072740766731,0.5144435770020365,0.5169903637038337,0.005093573403594391,0.002546786701797199
0.04,11.0,10.0,1.0,0.015962625767741212,0.031699801603144596,0.5079813128838706,0.5158499008015723,0.015737175835403384,0.00786858791770173
0.04,11.0,10.0,1.4,0.025014529428481688,0.031699801603144596,0.5125072647142409,0.5158499008015723,0.006685272174662908,0.00334263608733143
0.04,11.0,15.0,0.6,0.028776913660933715,0.03169980160314504,0.5143884568304669,0.5158499008015724,0.0029228879422113253,0.0014614439711055915
0.04,11.0,15.0,1.0,0.017458226819181598,0.03169980160314504,0.5087291134095907,0.5158499008015724,0.014241574783963443,0.007120787391981742
0.04,11.0,15.0,1.4,0.025457650064296063,0.03169980160314504,0.512728825032148,0.5158499008015724,0.006242151538848977,0.0031210757694244418
0.04,12.0,5.0,0.6,0.041261260626014304,0.05953594204114073,0.520630630313007,0.5297679710205704,0.018274681415126427,0.009137340707563335
0.04,12.0,5.0,1.0,0.025085006622594563,0.0437681352461891,0.5125425033112974,0.5218840676230946,0.018683128623594534,0.009341564311797224
0.04,12.0,5.0,1.4,0.03602514181879824,0.0437681352461891,0.5180125709093991,0.5218840676230946,0.0077429934273908554,0.003871496713695466
0.04,12.0,10.0,0.6,0.040500708487853275,0.04727595200989137,0.5202503542439267,0.5236379760049455,0.0067752435220380935,0.003387621761018811
0.04,12.0,10.0,1.0,0.025306011335982107,0.0437681352461891,0.5126530056679911,0.5218840676230946,0.01846212391020699,0.009231061955103481
0.04,12.0,10.0,1.4,0.03602514181879824,0.0437681352461891,0.5180125709093991,0.5218840676230946,0.0077429934273908554,0.003871496713695466
0.04,12.0,15.0,0.6,0.04043122890007512,0.04376813524618985,0.5202156144500376,0.521884067623095,0.0033369063461147347,0.001668453173057416
0.04,12.0,15.0,1.0,0.0269564552340583,0.04376813524618985,0.5134782276170291,0.521884067623095,0.01681168001213155,0.008405840006065923
0.04,12.0,15.0,1.4,0.0364598908831514,0.04376813524618985,0.5182299454415757,0.521884067623095,0.007308244363038452,0.0036541221815192815
0.04,13.0,5.0,0.6,0.05370227337922999,0.07559357427539597,0.5268511366896149,0.537796787137698,0.021891300896165977,0.010945650448083044
0.04,13.0,5.0,1.0,0.03564122122507699,0.05622455531754387,0.5178206106125384,0.5281122776587719,0.020583334092466876,0.010291667046233521
0.04,13.0,5.0,1.4,0.0477346609310869,0.05622455531754387,0.5238673304655435,0.5281122776587719,0.008489894386456968,0.004244947193228432
0.04,13.0,10.0,0.6,0.05262988901814575,0.06098631192173704,0.5263149445090728,0.5304931559608685,0.008356422903591294,0.004178211451795755
0.04,13.0,10.0,1.0,0.03572171338920275,0.05622455531754387,0.5178608566946014,0.5281122776587719,0.02050284192834112,0.010251420964170532
0.04,13.0,10.0,1.4,0.0477346609310869,0.05622455531754387,0.5238673304655435,0.5281122776587719,0.008489894386456968,0.004244947193228432
0.04,13.0,15.0,0.6,0.05261486614034552,0.056224555317544486,0.5263074330701727,0.5281122776587723,0.003609689177198963,0.0018048445885996411
0.04,13.0,15.0,1.0,0.03744731555273792,0.056224555317544486,0.518723657776369,0.5281122776587723,0.018777239764806566,0.00938861988240336
0.04,13.0,15.0,1.4,0.04812786165691094,0.056224555317544486,0.5240639308284554,0.5281122776587723,0.008096693660633543,0.004048346830316962
0.04,14.0,5.0,0.6,0.06646924879552663,0.09161947069985979,0.5332346243977633,0.5458097353499299,0.025150221904333164,0.01257511095216668
0.04,14.0,5.0,1.0,0.04687397163023205,0.06891686263890298,0.523436985815116,0.5344584313194514,0.022042891008670934,0.01102144550433537
0.04,14.0,5.0,1.4,0.05990339772822762,0.06891686263890298,0.5299516988641139,0.5344584313194514,0.00901346491067536,0.004506732455337503
0.04,14.0,10.0,0.6,0.06508672540792756,0.07491095948725807,0.5325433627039637,0.5374554797436291,0.009824234079330502,0.00491211703966532
0.04,14.0,10.0,1.0,0.04687397163023205,0.06891686263890298,0.523436985815116,0.5344584313194514,0.022042891008670934,0.01102144550433537
0.04,14.0,10.0,1.4,0.05990339772822762,0.06891686263890298,0.5299516988641139,0.5344584313194514,0.00901346491067536,0.004506732455337503
0.04,14.0,15.0,0.6,0.06513318085321741,0.06891686263890373,0.5325665904266086,0.5344584313194519,0.0037836817856863186,0.0018918408928433328
0.04,14.0,15.0,1.0,0.04862166146419998,0.06891686263890373,0.5243108307320999,0.5344584313194519,0.02029520117470375,0.01014760058735198
0.04,14.0,15.0,1.4,0.06023478968374177,0.06891686263890373,0.5301173948418709,0.5344584313194519,0.008682072955161962,0.004341036477580995
0.04,15.0,5.0,0.6,0.07941068337035527,0.10749327565692504,0.5397053416851776,0.5537466378284625,0.02808259228656977,0.014041296143284865
0.04,15.0,5.0,1.0,0.058516269452286614,0.08172632087102741,0.5292581347261434,0.5408631604355137,0.023210051418740794,0.011605025709370387
0.04,15.0,5.0,1.4,0.07235201875967594,0.08172632087102741,0.5361760093798379,0.5408631604355137,0.00937430211135147,0.004687151055675853
0.04,15.0,10.0,0.6,0.07772781160672154,0.08890426547273637,0.5388639058033609,0.5444521327363683,0.011176453866014832,0.005588226933007423
0.04,15.0,10.0,1.0,0.058516269452286614,0.08172632087102741,0.5292581347261434,0.5408631604355137,0.023210051418740794,0.011605025709370387
0.04,15.0,10.0,1.4,0.07235201875967594,0.08172632087102741,0.5361760093798379,0.5408631604355137,0.00937430211135147,0.004687151055675853
0.04,15.0,15.0,0.6,0.07783864436632194,0.08211903351468197,0.538919322183161,0.5410595167573411,0.004280389148360028,0.002140194574180132
0.04,15.0,15.0,1.0,0.06025050678058818,0.08172632087102827,0.5301252533902941,0.5408631604355142,0.02147581409044009,0.010737907045220041
0.04,15.0,15.0,1.4,0.07260972271567506,0.08172632087102827,0.5363048613578376,0.5408631604355142,0.009116598155353206,0.004558299077676575
0.04,16.0,5.0,0.6,0.09241283794902953,0.12313248285083309,0.5462064189745147,0.5615662414254166,0.030719644901803553,0.015359822450901839
0.04,16.0,5.0,1.0,0.07046583676710914,0.09456091876903072,0.5352329183835546,0.5472804593845153,0.024095082001921578,0.012047541000960726
0.04,16.0,5.0,1.4,0.08494580118874523,0.09456091876903072,0.5424729005943727,0.5472804593845153,0.009615117580285493,0.0048075587901426076
0.04,16.0,10.0,0.6,0.09044379212174092,0.10286018548515671,0.5452218960608705,0.5514300927425784,0.012416393363415795,0.0062081966817079115
0.04,16.0,10.0,1.0,0.07046583676710914,0.09456091876903072,0.5352329183835546,0.5472804593845153,0.024095082001921578,0.012047541000960726
0.04,16.0,10.0,1.4,0.08494580118874523,0.09456091876903072,0.5424729005943727,0.5472804593845153,0.009615117580285493,0.0048075587901426076
0.04,16.0,15.0,0.6,0.09061934877816587,0.09541549623497939,0.5453096743890828,0.5477077481174897,0.004796147456813518,0.0023980737284068354
0.04,16.0,15.0,1.0,0.07216284913505637,0.0945609187690315,0.5360814245675282,0.5472804593845159,0.02239806963397513,0.011199034816987696
0.04,16.0,15.0,1.4,0.08512343183880162,0.0945609187690315,0.5425617159194007,0.5472804593845159,0.009437486930229874,0.004718743465115138
0.045,4.0,5.0,0.6,0.062350132450857375,0.07862758928794603,0.46068620535602695,0.46882493377457135,0.01627745683708865,0.008138728418544405
0.045,4.0,5.0,1.0,0.009314959196743506,0.07862758928794603,0.46068620535602695,0.49534252040162835,0.06931263009120252,0.034656315045601405
0.045,4.0,5.0,1.4,0.04729885610160006,0.07862758928794603,0.46068620535602695,0.47635057194919983,0.031328733186345964,0.015664366593172885
0.045,4.0,10.0,0.6,0.0620259380142614,0.07862758928794603,0.46068620535602695,0.46898703099286937,0.016601651273684626,0.008300825636842424
0.045,4.0,10.0,1.0,0.01766402838049539,0.07862758928794603,0.46068620535602695,0.49116798580975235,0.060963560907450635,0.030481780453725404
0.045,4.0,10.0,1.4,0.051257694166621064,0.07862758928794603,0.46068620535602695,0.47437115291668946,0.027369895121324962,0.01368494756066252
0.045,4.0,15.0,0.6,0.061812396474143626,0.07862758928794461,0.4606862053560277,0.4690938017629283,0.016815192813800985,0.008407596406900586
0.045,4.0,15.0,1.0,0.02686782636875823,0.07862758928794461,0.4606862053560277,0.4865660868156209,0.05175976291918638,0.02587988145959319
0.045,4.0,15.0,1.4,0.05514623033995558,0.07862758928794461,0.4606862053560277,0.4724268848300223,0.02348135894798903,0.011740679473994597
0.045,5.0,5.0,0.6,0.06734129355940177,0.07861719525402602,0.4606914023729871,0.4663293532202991,0.011275901694624252,0.005637950847312001
0.045,5.0,5.0,1.0,0.04017958793312533,0.07497105433206602,0.462514472833967,0.4799102060334374,0.03479146639894069,0.01739573319947041
0.045,5.0,5.0,1.4,0.05931198727668796,0.07497105433206602,0.462514472833967,0.470344006361656,0.015659067055378062,0.007829533527689003
0.045,5.0,10.0,0.6,0.06734129355940177,0.07497105433206602,0.462514472833967,0.4663293532202991,0.007629760772664251,0.003814880386332098
0.045,5.0,10.0,1.0,0.043414428953516875,0.07497105433206602,0.462514472833967,0.47829278552324156,0.03155662537854915,0.015778312689274543
0.045,5.0,10.0,1.4,0.06080481666399352,0.07497105433206602,0.462514472833967,0.46959759166800324,0.014166237668072505,0.007083118834036228
0.045,5.0,15.0,0.6,0.0673412935594006,0.07497105433206515,0.46251447283396735,0.4663293532202996,0.007629760772664543,0.0038148803863322645
0.045,5.0,15.0,1.0,0.047743449371628055,0.07497105433206515,0.46251447283396735,0.4761282753141859,0.027227604960437093,0.01361380248021854
0.045,5.0,15.0,1.4,0.06260792988220225,0.07497105433206515,0.46251447283396735,0.468696035058899,0.0123631244498629,0.006181562224931658
0.045,6.0,5.0,0.6,0.065768677587982,0.07216072031928894,0.46391963984035556,0.4671156612060089,0.006392042731306946,0.0031960213656533343
0.045,6.0,5.0,1.0,0.05460216295686673,0.06863336065311039,0.4656833196734448,0.4726989185215666,0.014031197696243662,0.007015598848121807
0.045,6.0,5.0,1.4,0.0624090146167415,0.06863336065311039,0.4656833196734448,0.4687954926916291,0.006224346036368893,0.0031121730181843388
0.045,6.0,10.0,0.6,0.065768677587982,0.06863336065311039,0.4656833196734448,0.4671156612060089,0.0028646830651283955,0.0014323415325641076
0.045,6.0,10.0,1.0,0.0555635108317417,0.06863336065311039,0.4656833196734448,0.4722182445841291,0.01306984982136869,0.006534924910684303
0.045,6.0,10.0,1.4,0.06280564610077413,0.06863336065311039,0.4656833196734448,0.4685971769496129,0.005827714552336258,0.002913857276168108
0.045,6.0,15.0,0.6,0.06576867758798187,0.06863336065310964,0.46568331967344523,0.467115661206009,0.002864683065127771,0.0014323415325637745
0.045,6.0,15.0,1.0,0.05720854208701597,0.06863336065310964,0.46568331967344523,0.471395728956492,0.011424818566093668,0.005712409283046782
0.045,6.0,15.0,1.4,0.06346637471297838,0.06863336065310964,0.46568331967344523,0.4682668126435109,0.0051669859401312634,0.0025834929700656595
0.045,7.0,5.0,0.6,0.059708338234135315,0.06035458953225002,0.469822705233875,0.4701458308829323,0.000646251298114707,0.0003231256490573431
0.045,7.0,5.0,1.0,0.05880596025010722,0.05991826468037032,0.4700408676598148,0.4705970198749464,0.0011123044302631044,0.0005561522151316112
0.045,7.0,5.0,1.4,0.059433257550139,0.05991826468037032,0.4700408676598148,0.4702833712249305,0.00048500713023132136,0.000242503565115737
0.045,7.0,10.0,0.6,0.059708338234135315,0.05991826468037032,0.4700408676598148,0.4701458308829323,0.00020992644623500645,0.00010496322311753792
0.045,7.0,10.0,1.0,0.05886115834367607,0.05991826468037032,0.4700408676598148,0.470569420828162,0.001057106336694251,0.0005285531683472122
0.045,7.0,10.0,1.4,0.05945185510189356,0.05991826468037032,0.4700408676598148,0.4702740724490532,0.0004664095784767605,0.00023320478923843924
0.045,7.0,15.0,0.6,0.05970306650139378,0.059918264680370585,0.47004086765981473,0.470148466749303,0.00021519817897680538,0.00010759908948826391
0.045,7.0,15.0,1.0,0.0589840262143403,0.059918264680370585,0.47004086765981473,0.47050798689282985,0.0009342384660302877,0.00046711923301512304
0.045,7.0,15.0,1.4,0.05949857451008398,0.059918264680370585,0.47004086765981473,0.47025071274495805,0.0004196901702866046,0.00020984508514332312
0.045,8.0,5.0,0.6,0.0454839967609713,0.0505607220598957,0.4747196389700521,0.47725800161951437,0.005076725298924403,0.002538362649462278
0.045,8.0,5.0,1.0,0.049302797531679106,0.05658316784552259,0.47170841607723873,0.4753486012341605,0.007280370313843487,0.0036401851569217714
0.045,8.0,5.0,1.4,0.049302797531679106,0.052417477992535086,0.47379126100373253,0.4753486012341605,0.00311468046085598,0.0015573402304279726
0.045,8.0,10.0,0.6,0.048986115184976274,0.050581022370940074,0.47470948881452996,0.47550694240751185,0.0015949071859637995,0.0007974535929818893
0.045,8.0,10.0,1.0,0.049302797531679106,0.05630432683042524,0.4718478365847874,0.4753486012341605,0.007001529298746131,0.0035007646493731004
0.045,8.0,10.0,1.4,0.049302797531679106,0.05235319871549427,0.4738234006422528,0.4753486012341605,0.0030504011838151657,0.0015252005919076939
0.045,8.0,15.0,0.6,0.04930279753167792,0.050680631821152615,0.47465968408942366,0.475348601234161,0.0013778342894746956,0.0006889171447373443
0.045,8.0,15.0,1.0,0.04930279753167792,0.0555495249868287,0.4722252375065857,0.475348601234161,0.006246727455150779,0.0031233637275753234
0.045,8.0,15.0,1.4,0.04930279753167792,0.05208618686375109,0.47395690656812445,0.475348601234161,0.0027833893320731717,0.0013916946660365581
0.045,9.0,5.0,0.6,0.028860602094933387,0.039299345913832204,0.4803503270430839,0.4855696989525334,0.010438743818898817,0.005219371909449488
0.045,9.0,5.0,1.0,0.03726179375407518,0.05018295985547275,0.47490852007226375,0.4813691031229624,0.012921166101397569,0.006460583050698632
0.045,9.0,5.0,1.4,0.03726179375407518,0.042675836462860835,0.47866208176856956,0.4813691031229624,0.005414042708785656,0.0027070213543928245
0.045,9.0,10.0,0.6,0.035967103113823264,0.0395284451094963,0.4802357774452519,0.48201644844308844,0.0035613419956730397,0.0017806709978365198
0.045,9.0,10.0,1.0,0.03726179375407518,0.04982352343449383,0.4750882382827531,0.4813691031229624,0.012561729680418653,0.006280864840209288
0.045,9.0,10.0,1.4,0.03726179375407518,0.04266011290741475,0.4786699435462926,0.4813691031229624,0.005398319153339569,0.002699159576669774
0.045,9.0,15.0,0.6,0.037261793754074256,0.039654544258126236,0.48017272787093684,0.4813691031229629,0.0023927505040519798,0.0011963752520260384
0.045,9.0,15.0,1.0,0.037261793754074256,0.04856366367584282,0.4757181681620786,0.4813691031229629,0.011301869921768563,0.005650934960884257
0.045,9.0,15.0,1.4,0.037261793754074256,0.04225311566711376,0.4788734421664431,0.4813691031229629,0.004991321913039505,0.002495660956519763
0.045,10.0,5.0,0.6,0.01128049863884339,0.02661028525763343,0.4866948573711833,0.49435975068057836,0.01532978661879004,0.007664893309395071
0.045,10.0,5.0,1.0,0.02420217949256858,0.04099437653595563,0.47950281173202214,0.4878989102537157,0.016792197043387053,0.00839609852169354
0.045,10.0,5.0,1.4,0.02420217949256858,0.031188611700330743,0.4844056941498347,0.4878989102537157,0.006986432207762162,0.0034932161038809806
0.045,10.0,10.0,0.6,0.02161894099938369,0.027144309829758975,0.4864278450851205,0.48919052950030817,0.005525368830375285,0.0027626844151876773
0.045,10.0,10.0,1.0,0.02420217949256858,0.0406917776933948,0.4796541111533026,0.4878989102537157,0.016489598200826218,0.008244799100413092
0.045,10.0,10.0,1.4,0.02420217949256858,0.031188611700330743,0.4844056941498347,0.4878989102537157,0.006986432207762162,0.0034932161038809806
0.045,10.0,15.0,0.6,0.024202179492567713,0.02724617327660595,0.4863769133616969,0.4878989102537161,0.0030439937840382354,0.0015219968920192062
0.045,10.0,15.0,1.0,0.024202179492567713,0.03914996643848227,0.48042501678075883,0.4878989102537161,0.01494778694591456,0.007473893472957294
0.045,10.0,15.0,1.4,0.024202179492567713,0.030743608993969194,0.4846281955030154,0.4878989102537161,0.006541429501401481,0.0032707147507007317
0.045,11.0,5.0,0.6,0.0007191058114287531,0.012981674581177695,0.4935091627094112,0.5033770544527971,0.012262568769748941,0.009867891743385926
0.045,11.0,5.0,1.0,0.010450481118517586,0.02993948480368892,0.4850302575981555,0.4947747594407413,0.019489003685171334,0.009744501842585795
0.045,11.0,5.0,1.4,0.010450481118517586,0.018518765710919417,0.4907406171445403,0.4947747594407413,0.008068284592401831,0.004034142296200971
0.045,11.0,10.0,0.6,0.0064625383734455335,0.013860282929769098,0.4930698585351155,0.4967687308132772,0.007397744556323565,0.0036988722781617356
0.045,11.0,10.0,1.0,0.010450481118517586,0.029767913913177704,0.48511604304341105,0.4947747594407413,0.019317432794660118,0.009658716397330236
0.045,11.0,10.0,1.4,0.010450481118517586,0.018518765710919417,0.4907406171445403,0.4947747594407413,0.008068284592401831,0.004034142296200971
0.045,11.0,15.0,0.6,0.010450481118517024,0.013910609096969504,0.49304469545151525,0.4947747594407415,0.003460127978452481,0.0017300639892262604
0.045,11.0,15.0,1.0,0.010450481118517024,0.02808152412601222,0.48595923793699397,0.4947747594407415,0.017631043007495198,0.008815521503747537
0.045,11.0,15.0,1.4,0.010450481118517024,0.018095972990209246,0.4909520135048953,0.4947747594407415,0.007645491871692223,0.0038227459358461946
0.045,12.0,5.0,0.6,0.001236340635696133,0.024918100952921705,0.500618170317848,0.5124590504764609,0.023681760317225572,0.011840880158612843
0.045,12.0,5.0,1.0,0.0037395740085806135,0.017645381047029472,0.49117730947648525,0.5018697870042903,0.013905807038448858,0.010692477527805055
0.045,12.0,5.0,1.4,0.0037395740085806135,0.005065512042597901,0.497467243978701,0.5018697870042903,0.0013259380340172877,0.0044025430255892894
0.045,12.0,10.0,0.6,3.703990021612883e-06,0.009145048128614988,0.5000018519950109,0.5045725240643075,0.009141344138593376,0.004570672069296622
0.045,12.0,10.0,1.0,0.0037395740085806135,0.017643386540525,0.49117830672973745,0.5018697870042903,0.013903812531944386,0.010691480274552856
0.045,12.0,10.0,1.4,0.001737743789837371,0.005065512042597901,0.497467243978701,0.5018697870042903,0.0033277682527605304,0.0044025430255892894
0.045,12.0,15.0,0.6,1.8898662947803832e-05,0.003739574008581272,0.5000094493314737,0.5018697870042905,0.003720675345633468,0.001860337672816792
0.045,12.0,15.0,1.0,0.003739574008581272,0.015898766904794318,0.49205061654760285,0.5018697870042905,0.012159192896213046,0.009819170456687676
0.045,12.0,15.0,1.4,0.0003995355334285352,0.004700235309661254,0.4976498823451695,0.5018697870042905,0.004300699776232719,0.004219904659121032
0.045,13.0,5.0,0.6,0.01579083612137019,0.04299769021878466,0.507895418060685,0.5214988451093924,0.02720685409741447,0.013603427048707317
0.045,13.0,5.0,1.0,0.0008509231548602446,0.018174097738864154,0.4976335758754385,0.5090870488694321,0.017323174584003908,0.01145347299399363
0.045,13.0,5.0,1.4,0.008872147285248485,0.018174097738864154,0.5044360736426243,0.5090870488694321,0.00930195045361567,0.004650975226807796
0.045,13.0,10.0,0.6,0.014210866878499645,0.02495545897694593,0.5071054334392497,0.5124777294884729,0.010744592098446285,0.00537229604922318
0.045,13.0,10.0,1.0,0.0008509231548602446,0.018174097738864154,0.4976335758754385,0.5090870488694321,0.017323174584003908,0.01145347299399363
0.045,13.0,10.0,1.4,0.008872147285248485,0.018174097738864154,0.5044360736426243,0.5090870488694321,0.00930195045361567,0.004650975226807796
0.045,13.0,15.0,0.6,0.014297852847260074,0.018396062291742933,0.5071489264236301,0.5091980311458716,0.004098209444482859,0.0020491047222415126
0.045,13.0,15.0,1.0,0.0008509231548595341,0.018174097738864865,0.4985075051500021,0.5090870488694325,0.01732317458400533,0.010579543719430373
0.045,13.0,15.0,1.4,0.00915977742458167,0.018174097738864865,0.504579888712291,0.5090870488694325,0.009014320314283196,0.0045071601571414766
0.045,14.0,5.0,0.6,0.030498118495461895,0.06085142564516911,0.5152490592477309,0.5304257128225847,0.03035330714970722,0.01517665357485376
0.045,14.0,5.0,1.0,0.008668634803526167,0.03270633131103241,0.504334317401763,0.5163531656555161,0.024037696507506246,0.0120188482537531
0.045,14.0,5.0,1.4,0.023077277188922857,0.03270633131103241,0.5115386385944615,0.5163531656555161,0.009629054122109557,0.004814527061054674
0.045,14.0,10.0,0.6,0.028585918776905958,0.04079429491838325,0.514292959388453,0.5203971474591917,0.012208376141477295,0.006104188070738759
0.045,14.0,10.0,1.0,0.008668634803526167,0.03270633131103241,0.504334317401763,0.5163531656555161,0.024037696507506246,0.0120188482537531
0.045,14.0,10.0,1.4,0.023077277188922857,0.03270633131103241,0.5115386385944615,0.5163531656555161,0.009629054122109557,0.004814527061054674
0.045,14.0,15.0,0.6,0.02874645428118704,0.03345093766979219,0.5143732271405935,0.5167254688348961,0.004704483388605147,0.0023522416943025926
0.045,14.0,15.0,1.0,0.010384545338786197,0.03270633131103311,0.505192272669393,0.5163531656555166,0.02232178597224691,0.01116089298612355
0.045,14.0,15.0,1.4,0.023276531470120123,0.03270633131103311,0.51163826573506,0.5163531656555166,0.009429799840912984,0.0047148999204565945
0.045,15.0,5.0,0.6,0.0452243192052263,0.07838607899788057,0.5226121596026132,0.5391930394989403,0.03316175979265427,0.01658087989632706
0.045,15.0,5.0,1.0,0.022348565828237094,0.047225910307685456,0.5111742829141186,0.5236129551538428,0.024877344479448362,0.012438672239724169
0.045,15.0,5.0,1.4,0.03739163644339423,0.047225910307685456,0.5186958182216971,0.5236129551538428,0.009834273864291226,0.004917136932145683
0.045,15.0,10.0,0.6,0.04299906990455824,0.05653852094961156,0.5214995349522792,0.5282692604748058,0.013539451045053316,0.006769725522526637
0.045,15.0,10.0,1.0,0.022348565828237094,0.047225910307685456,0.5111742829141186,0.5236129551538428,0.024877344479448362,0.012438672239724169
0.045,15.0,10.0,1.4,0.03736255784023189,0.047225910307685456,0.5186812789201158,0.5236129551538428,0.009863352467453568,0.004931676233726923
0.045,15.0,15.0,0.6,0.043232275144439905,0.04849251991683376,0.5216161375722199,0.524246259958417,0.0052602447723938545,0.002630122386197087
0.045,15.0,15.0,1.0,0.02401013651444614,0.047225910307686005,0.512005068257223,0.523612955153843,0.023215773793239865,0.011607886896619957
0.045,15.0,15.0,1.4,0.03749767680996343,0.047225910307686005,0.5187488384049818,0.523612955153843,0.009728233497722574,0.004864116748861225
0.045,16.0,5.0,0.6,0.059871796104199806,0.09554121953804486,0.5299358980520998,0.5477706097690226,0.03566942343384505,0.017834711716922746
0.045,16.0,5.0,1.0,0.03615251909982468,0.06165033529272269,0.5180762595499123,0.5308251676463613,0.02549781619289801,0.012748908096449019
0.045,16.0,5.0,1.4,0.05169941639215374,0.06165033529272269,0.5258497081960769,0.5308251676463613,0.009950918900568949,0.004975459450284436
0.045,16.0,10.0,0.6,0.05735431050800844,0.07210137720537405,0.5286771552540043,0.5360506886026871,0.014747066697365606,0.007373533348682848
0.045,16.0,10.0,1.0,0.03615251909982468,0.06165033529272269,0.5180762595499123,0.5308251676463613,0.02549781619289801,0.012748908096449019
0.045,16.0,10.0,1.4,0.051596599388894535,0.06165033529272269,0.5257982996944474,0.5308251676463613,0.010053735903828152,0.0050268679519139825
0.045,16.0,15.0,0.6,0.05765778764012639,0.06342561994397981,0.528828893820063,0.5317128099719899,0.005767832303853422,0.0028839161519268464
0.045,16.0,15.0,1.0,0.03774577958432324,0.06165033529272337,0.5188728897921616,0.5308251676463617,0.023904555708400124,0.011952277854200055
0.045,16.0,15.0,1.4,0.05171111532435632,0.06165033529272337,0.5258555576621783,0.5308251676463617,0.009939219968367045,0.004969609984183387
0.05,4.0,5.0,0.6,0.11777692956449616,0.13053870211214588,0.43473064894392704,0.4411115352177518,0.012761772547649722,0.006380886273824771
0.05,4.0,5.0,1.0,0.07814449011841187,0.12944206161164967,0.43527896919417514,0.4609277549407941,0.0512975714932378,0.02564878574661894
0.05,4.0,5.0,1.4,0.10629648647023546,0.12944206161164967,0.43527896919417514,0.4468517567648823,0.023145575141414215,0.011572787570707177
0.05,4.0,10.0,0.6,0.11777692956449616,0.12944206161164967,0.43527896919417514,0.4411115352177518,0.011665132047153512,0.00583256602357668
0.05,4.0,10.0,1.0,0.0836864888181491,0.12944206161164967,0.43527896919417514,0.4581567555909255,0.04575557279350058,0.022877786396750366
0.05,4.0,10.0,1.4,0.10890594906237522,0.12944206161164967,0.43527896919417514,0.4455470254688124,0.020536112549274455,0.010268056274637283
0.05,4.0,15.0,0.6,0.11777380942436166,0.12944206161164937,0.43527896919417536,0.4411130952878192,0.011668252187287703,0.0058341260936438655
0.05,4.0,15.0,1.0,0.09031048162045383,0.12944206161164937,0.43527896919417536,0.454844759189773,0.03913157999119554,0.01956578999559766
0.05,4.0,15.0,1.4,0.1116886411257952,0.12944206161164937,0.43527896919417536,0.4441556794371025,0.01775342048585417,0.008876710242927133
0.05,5.0,5.0,0.6,0.11933539949329386,0.12800201702020406,0.435998991489898,0.440332300253353,0.008666617526910197,0.004333308763455002
0.05,5.0,5.0,1.0,0.10211071240734323,0.12393208904061219,0.4380339554796939,0.4489446437963284,0.021821376633268955,0.010910688316634498
0.05,5.0,5.0,1.4,0.11418624241877857,0.12393208904061219,0.4380339554796939,0.44290687879061064,0.009745846621833615,0.00487292331091671
0.05,5.0,10.0,0.6,0.11933539949329386,0.12393208904061219,0.4380339554796939,0.440332300253353,0.004596689547318331,0.002298344773659089
0.05,5.0,10.0,1.0,0.10383854148756723,0.12393208904061219,0.4380339554796939,0.44808072925621634,0.02009354755304496,0.01004677377652241
0.05,5.0,10.0,1.4,0.11494547312830061,0.12393208904061219,0.4380339554796939,0.44252726343584975,0.008986615912311577,0.004493307956155823
0.05,5.0,15.0,0.6,0.1193353994932939,0.12393208904061216,0.4380339554796939,0.440332300253353,0.004596689547318261,0.002298344773659089
0.05,5.0,15.0,1.0,0.10646617968084726,0.12393208904061216,0.4380339554796939,0.44676691015957637,0.0174659093597649,0.008732954679882443
0.05,5.0,15.0,1.4,0.1160194796925926,0.12393208904061216,0.4380339554796939,0.44199026015370374,0.007912609348019559,0.003956304674009814
0.05,6.0,5.0,0.6,0.11438766704092566,0.1169500963920726,0.44152495180396373,0.44280616647953713,0.002562429351146936,0.0012812146755734055
0.05,6.0,5.0,1.0,0.11056936131841215,0.11530792670406147,0.4423460366479693,0.44471531934079395,0.004738565385649318,0.002369282692824659
0.05,6.0,5.0,1.4,0.11323010739364464,0.11530792670406147,0.4423460366479693,0.44338494630317765,0.0020778193104168258,0.0010389096552083643
0.05,6.0,10.0,0.6,0.11438766704092566,0.11530792670406147,0.4423460366479693,0.44280616647953713,0.0009202596631358029,0.0004601298315678459
0.05,6.0,10.0,1.0,0.11082353254046641,0.11530792670406147,0.4423460366479693,0.4445882337297668,0.004484394163595057,0.0022421970817975145
0.05,6.0,10.0,1.4,0.11332205756625703,0.11530792670406147,0.4423460366479693,0.4433389712168715,0.0019858691378044357,0.000992934568902204
0.05,6.0,15.0,0.6,0.11438455652115476,0.1153079267040602,0.44234603664796995,0.44280772173942257,0.0009233701829054475,0.0004616850914526127
0.05,6.0,15.0,1.0,0.11135858177881992,0.1153079267040602,0.44234603664796995,0.44432070911059,0.003949344925240281,0.001974672462620064
0.05,6.0,15.0,1.4,0.11352960519206046,0.1153079267040602,0.44234603664796995,0.4432351974039698,0.0017783215119997475,0.0008891607559998738
0.05,7.0,5.0,0.6,0.10134637219246408,0.10514456748440945,0.4474277162577952,0.44932681390376794,0.003798195291945375,0.001899097645972736
0.05,7.0,5.0,1.0,0.1041484896733369,0.10979855824676076,0.44510072087661956,0.4479257551633316,0.005650068573423858,0.002825034286712047
0.05,7.0,5.0,1.4,0.1041484896733369,0.10657681187171154,0.4467115940641442,0.4479257551633316,0.0024283221983746467,0.0012141610991874274
0.05,7.0,10.0,0.6,0.10397634598592663,0.10514456748440945,0.4474277162577952,0.44801182700703673,0.0011682214984828215,0.0005841107492415287
0.05,7.0,10.0,1.0,0.1041484896733369,0.10956845586383208,0.44521577206808394,0.4479257551633316,0.005419966190495187,0.00270998309524767
0.05,7.0,10.0,1.4,0.1041484896733369,0.10651714674553396,0.44674142662723304,0.4479257551633316,0.002368657072197064,0.0011843285360985667
0.05,7.0,15.0,0.6,0.1041484896733365,0.10522327478468621,0.4473883626076569,0.44792575516333166,0.0010747851113497159,0.0005373925556747539
0.05,7.0,15.0,1.0,0.1041484896733365,0.10897463248737564,0.4455126837563122,0.44792575516333166,0.004826142814039147,0.0024130714070194625
0.05,7.0,15.0,1.4,0.1041484896733365,0.10630329073411489,0.4468483546329426,0.44792575516333166,0.002154801060778394,0.0010774005303890721
0.05,8.0,5.0,0.6,0.08326310157465454,0.09306424749612242,0.45346787625193885,0.4583684492126729,0.009801145921467885,0.00490057296073404
0.05,8.0,5.0,1.0,0.09110295051800014,0.10340608958217026,0.4482969552089149,0.4544485247409998,0.012303139064170118,0.0061515695320848995
0.05,8.0,5.0,1.4,0.09110295051800014,0.09627224192080185,0.45186387903959907,0.4544485247409998,0.005169291402801701,0.002584645701400712
0.05,8.0,10.0,0.6,0.08994495952633433,0.09326259688073113,0.45336870155963443,0.4550275202368328,0.003317637354396802,0.0016588186771983593
0.05,8.0,10.0,1.0,0.09110295051800014,0.10305018494320478,0.4484749075283977,0.4544485247409998,0.011947234425204636,0.005973617212602089
0.05,8.0,10.0,1.4,0.09110295051800014,0.09624703977859596,0.4518764801107021,0.4544485247409998,0.005144089260595813,0.0025720446302976985
0.05,8.0,15.0,0.6,0.0911029505179999,0.09338793467088834,0.45330603266455594,0.45444852474100006,0.002284984152888442,0.0011424920764441238
0.05,8.0,15.0,1.0,0.0911029505179999,0.10184312892131994,0.4490784355393402,0.45444852474100006,0.010740178403320047,0.005370089201659878
0.05,8.0,15.0,1.4,0.0911029505179999,0.0958524864894969,0.4520737567552516,0.45444852474100006,0.004749535971497007,0.0023747679857484827
0.05,9.0,5.0,0.6,0.06387415483270416,0.07913103791596605,0.46043448104201695,0.46806292258364796,0.015256883083261896,0.007628441541631004
0.05,9.0,5.0,1.0,0.07673601219043294,0.09342438314961508,0.45328780842519234,0.4616319939047835,0.016688370959182144,0.008344185479591149
0.05,9.0,5.0,1.4,0.07673601219043294,0.08368282479882347,0.4581585876005883,0.4616319939047835,0.006946812608390529,0.0034734063041951813
0.05,9.0,10.0,0.6,0.0741661308306168,0.07966207971536557,0.46016896014231734,0.4629169345846916,0.005495948884748775,0.0027479744423742347
0.05,9.0,10.0,1.0,0.07673601219043294,0.09312391571044615,0.4534380421447769,0.4616319939047835,0.01638790352001321,0.00819395176000659
0.05,9.0,10.0,1.4,0.07673601219043294,0.08368282479882347,0.4581585876005883,0.4616319939047835,0.006946812608390529,0.0034734063041951813
0.05,9.0,15.0,0.6,0.07673601219043225,0.07976337082278721,0.46011831458860636,0.46163199390478393,0.003027358632354968,0.0015136793161775741
0.05,9.0,15.0,1.0,0.07673601219043225,0.09159281613964788,0.4542035919301762,0.46163199390478393,0.014856803949215638,0.007428401974607757
0.05,9.0,15.0,1.4,0.07673601219043225,0.08324049776682194,0.45837975111658913,0.46163199390478393,0.00650448557638969,0.0032522427881948035
0.05,10.0,5.0,0.6,0.043881199323378105,0.06401873769045432,0.46799063115477285,0.478059400338311,0.02013753836707622,0.010068769183538162
0.05,10.0,5.0,1.0,0.061494243026987194,0.08113467847131625,0.4594326607643418,0.46925287848650643,0.019640435444329057,0.009820217722164626
0.05,10.0,5.0,1.4,0.061494243026987194,0.06962539869611774,0.4651873006519412,0.46925287848650643,0.008131155669130544,0.004065577834565237
0.05,10.0,10.0,0.6,0.057362568115247765,0.06493291602060253,0.46753354198969876,0.47131871594237623,0.0075703479053547615,0.0037851739526774675
0.05,10.0,10.0,1.0,0.061494243026987194,0.08098140912899068,0.4595092954355047,0.46925287848650643,0.01948716610200349,0.009743583051001703
0.05,10.0,10.0,1.4,0.061494243026987194,0.06962539869611774,0.4651873006519412,0.46925287848650643,0.008131155669130544,0.004065577834565237
0.05,10.0,15.0,0.6,0.0614942430269865,0.0649762973900225,0.4675118513049887,0.4692528784865067,0.0034820543630360024,0.001741027181518029
0.05,10.0,15.0,1.0,0.0614942430269865,0.07929459789997069,0.4603527010500147,0.4692528784865067,0.01780035487298419,0.008900177436492018
0.05,10.0,15.0,1.4,0.0614942430269865,0.06920949153426859,0.4653952542328658,0.4692528784865067,0.007715248507282085,0.00385762425364089
0.05,11.0,5.0,0.6,0.023718727647922627,0.048193876343803725,0.47590306182809805,0.4881406361760388,0.024475148695881098,0.01223757434794076
0.05,11.0,5.0,1.0,0.045716316379228364,0.06740931611568918,0.4662953419421554,0.47714184181038577,0.021692999736460813,0.010846499868230386
0.05,11.0,5.0,1.4,0.045716316379228364,0.05462720973645403,0.47268639513177296,0.47714184181038577,0.008910893357225669,0.004455446678612807
0.05,11.0,10.0,0.6,0.04001015845638539,0.049501554436399225,0.4752492227818004,0.4799949207718073,0.009491395980013834,0.004745697990006903
0.05,11.0,10.0,1.0,0.045716316379228364,0.06740931611568918,0.4662953419421554,0.47714184181038577,0.021692999736460813,0.010846499868230386
0.05,11.0,10.0,1.4,0.045716316379228364,0.05462720973645403,0.47268639513177296,0.47714184181038577,0.008910893357225669,0.004455446678612807
0.05,11.0,15.0,0.6,0.04571631637922765,0.04947082591602716,0.4752645870419863,0.47714184181038616,0.0037545095367995107,0.0018772547683998386
0.05,11.0,15.0,1.0,0.04571631637922765,0.06566746795292949,0.4671662660235353,0.47714184181038616,0.019951151573701843,0.009975575786850877
0.05,11.0,15.0,1.4,0.04571631637922765,0.05427888447593918,0.4728605577620304,0.47714184181038616,0.008562568096711534,0.00428128404835576
0.05,12.0,5.0,0.6,0.003661568115382063,0.03198262351736634,0.4840086882413167,0.49816921594230906,0.028321055401984277,0.014160527700992354
0.05,12.0,5.0,1.0,0.029654070022504923,0.05293904112493699,0.47353047943753146,0.4851729649887475,0.023284971102432068,0.011642485551216053
0.05,12.0,5.0,1.4,0.029654070022504923,0.039073206279629354,0.4804633968601853,0.4851729649887475,0.009419136257124431,0.004709568128562214
0.05,12.0,10.0,0.6,0.02242839900944801,0.033674123496294436,0.4831629382518528,0.4887858004952759,0.011245724486846426,0.005622862243423121
0.05,12.0,10.0,1.0,0.029654070022504923,0.05293904112493699,0.47353047943753146,0.4851729649887475,0.023284971102432068,0.011642485551216053
0.05,12.0,10.0,1.4,0.029654070022504923,0.039073206279629354,0.4804633968601853,0.4851729649887475,0.009419136257124431,0.004709568128562214
0.05,12.0,15.0,0.6,0.029259047003258872,0.03356274211674271,0.4832186289416286,0.4853704764983706,0.00430369511348384,0.002151847556742026
0.05,12.0,15.0,1.0,0.02965407002250471,0.051203385432879986,0.47439830728356003,0.4851729649887476,0.021549315410375275,0.010774657705187596
0.05,12.0,15.0,1.4,0.02965407002250471,0.0388145342363516,0.4805927328818243,0.4851729649887476,0.009160464213846892,0.004580232106923321
0.05,13.0,5.0,0.6,0.004834473850246331,0.016114892815513603,0.4921926262345613,0.508057446407757,0.011280418965267273,0.01586482017319568
0.05,13.0,5.0,1.0,0.01349288814464074,0.037936446447024985,0.48103177677648756,0.49325355592767955,0.024443558302384247,0.012221779151191992
0.05,13.0,5.0,1.4,0.01349288814464074,0.02323412546093003,0.488382937269535,0.49325355592767955,0.009741237316289291,0.004870618658144532
0.05,13.0,10.0,0.6,0.004834473850246331,0.017670685787699602,0.49116465710615015,0.49758276307487675,0.012836211937453271,0.006418105968726606
0.05,13.0,10.0,1.0,0.01349288814464074,0.037936446447024985,0.48103177677648756,0.49325355592767955,0.024443558302384247,0.012221779151191992
0.05,13.0,10.0,1.4,0.01349288814464074,0.02323412546093003,0.488382937269535,0.49325355592767955,0.009741237316289291,0.004870618658144532
0.05,13.0,15.0,0.6,0.012513915908393911,0.017477455652854388,0.4912612721735728,0.49374304204580316,0.004963539744460477,0.002481769872230366
0.05,13.0,15.0,1.0,0.01349288814463981,0.03624442276302345,0.4818777886184883,0.4932535559276801,0.02275153461838364,0.01137576730919182
0.05,13.0,15.0,1.4,0.01349288814463981,0.023075909329322415,0.48846204533533877,0.4932535559276801,0.009583021184682605,0.0047915105923413415
0.05,14.0,5.0,0.6,0.0007471159342573297,0.03549919055696263,0.5003735579671287,0.5177495952784814,0.0347520746227053,0.017376037311352732
0.05,14.0,5.0,1.0,0.0026316466021783407,0.02265721504331333,0.48867139247834335,0.5013158233010891,0.02002556844113499,0.0126444308227458
0.05,14.0,5.0,1.4,0.0026316466021783407,0.007301754079257978,0.4963491229603711,0.5013158233010891,0.004670107477079638,0.0049667003407180554
0.05,14.0,10.0,0.6,0.0007471159342573297,0.012623084069961068,0.4991751894213282,0.5063115420349805,0.011875968135703739,0.007136352613652308
0.05,14.0,10.0,1.0,0.0026316466021783407,0.02265721504331333,0.48867139247834335,0.5013158233010891,0.02002556844113499,0.0126444308227458
0.05,14.0,10.0,1.4,0.0026316466021783407,0.007372068376736711,0.49631396581163156,0.5013158233010891,0.0047404217745583704,0.005001857489457584
0.05,14.0,15.0,0.6,0.0007471159342573711,0.0041879285516819315,0.4993118497005474,0.502093964275841,0.0034408126174245604,0.0027821145752935372
0.05,14.0,15.0,1.0,0.002631646602178669,0.021031511711385058,0.48948424414430747,0.5013158233010894,0.01839986510920639,0.011831579156781902
0.05,14.0,15.0,1.4,0.0024771136204343267,0.00724805284865368,0.4963759735756732,0.5013158233010894,0.004770939228219353,0.004939849725416168
0.05,15.0,5.0,0.6,0.016987697709693356,0.05442195291577658,0.5084938488548466,0.5272109764578883,0.037434255206083226,0.018717127603041672
0.05,15.0,5.0,1.0,0.0034801305096715885,0.01862098959132689,0.49635899595753846,0.5093104947956635,0.015140859081655304,0.01295149883812502
0.05,15.0,5.0,1.4,0.008587464268503894,0.01862098959132689,0.504293732134252,0.5093104947956635,0.010033525322822997,0.005016762661411489
0.05,15.0,10.0,0.6,0.014275151127077168,0.029842757686531166,0.5071375755635387,0.5149213788432656,0.015567606559453998,0.007783803279726942
0.05,15.0,10.0,1.0,0.0034801305096715885,0.01862098959132689,0.49635899595753846,0.5093104947956635,0.015140859081655304,0.01295149883812502
0.05,15.0,10.0,1.4,0.008435779404746357,0.01862098959132689,0.5042178897023731,0.5093104947956635,0.010185210186580534,0.005092605093290348
0.05,15.0,15.0,0.6,0.014625210962153353,0.020734453120507517,0.5073126054810766,0.5103672265602538,0.006109242158354164,0.0030546210791772
0.05,15.0,15.0,1.0,0.0005484362905255274,0.018620989591327755,0.4971320185617498,0.5093104947956639,0.01807255330080223,0.012178476233914104
0.05,15.0,15.0,1.4,0.008536647388037272,0.018620989591327755,0.5042683236940186,0.5093104947956639,0.010084342203290483,0.0050421711016452875
0.05,16.0,5.0,0.6,0.03302555098537686,0.07284203014344817,0.5165127754926884,0.5364210150717241,0.039816479158071315,0.019908239579035758
0.05,16.0,5.0,1.0,0.008060620071050578,0.03440410661830035,0.5040303100355253,0.5172020533091503,0.026343486547249773,0.013171743273624914
0.05,16.0,5.0,1.4,0.024336396394616856,0.03440410661830035,0.5121681981973085,0.5172020533091503,0.010067710223683496,0.005033855111841734
0.05,16.0,10.0,0.6,0.03002199023346877,0.04675576759621991,0.5150109951167344,0.5233778837981099,0.01673377736275114,0.008366888681375473
0.05,16.0,10.0,1.0,0.008060620071050578,0.03440410661830035,0.5040303100355253,0.5172020533091503,0.026343486547249773,0.013171743273624914
0.05,16.0,10.0,1.4,0.024105928199151787,0.03440410661830035,0.5120529640995758,0.5172020533091503,0.010298178419148565,0.0051490892095744645
0.05,16.0,15.0,0.6,0.030404105897558667,0.037047454876400036,0.5152020529487793,0.5185237274382001,0.006643348978841369,0.0033216744894207784
0.05,16.0,15.0,1.0,0.009519696258018741,0.034404106618301095,0.5047598481290093,0.5172020533091506,0.024884410360282355,0.012442205180141275
0.05,16.0,15.0,1.4,0.02418348134942332,0.034404106618301095,0.5120917406747117,0.5172020533091506,0.010220625268877775,0.0051103126344388405
0.055,4.0,5.0,0.6,0.1660426126479973,0.17744849486125025,0.41127575256937493,0.4169786936760013,0.01140588221325295,0.005702941106626391
0.055,4.0,5.0,1.0,0.13719360747571466,0.17419654760243986,0.4129017261987801,0.4314031962621427,0.0370029401267252,0.018501470063362613
0.055,4.0,5.0,1.4,0.15755869996214733,0.17419654760243986,0.4129017261987801,0.4212206500189263,0.016637847640292525,0.008318923820146207
0.055,4.0,10.0,0.6,0.1660426126479973,0.17419654760243986,0.4129017261987801,0.4169786936760013,0.008153934954442554,0.004076967477221249
0.055,4.0,10.0,1.0,0.14075265587471325,0.17419654760243986,0.4129017261987801,0.42962367206264335,0.033443891727726605,0.016721945863863275
0.055,4.0,10.0,1.4,0.15920507389175562,0.17419654760243986,0.4129017261987801,0.4203974630541223,0.014991473710684239,0.0074957368553422166
0.055,4.0,15.0,0.6,0.16604261264799755,0.17419654760243813,0.41290172619878096,0.4169786936760011,0.008153934954440584,0.004076967477220139
0.055,4.0,15.0,1.0,0.1454006979094664,0.17419654760243813,0.41290172619878096,0.42729965104526685,0.028795849692971748,0.014397924846485888
0.055,4.0,15.0,1.4,0.16113971148455578,0.17419654760243813,0.41290172619878096,0.4194301442577221,0.013056836117882359,0.0065284180589411656
0.055,5.0,5.0,0.6,0.16421457678816084,0.1698523368194777,0.41507383159026123,0.4178927116059195,0.0056377600313168574,0.002818880015658276
0.055,5.0,5.0,1.0,0.15463222939061344,0.1666448705746361,0.4166775647126819,0.42268388530469336,0.012012641184022649,0.006006320592011449
0.055,5.0,5.0,1.4,0.16133051592721073,0.1666448705746361,0.4166775647126819,0.4193347420363946,0.005314354647425357,0.0026571773237126783
0.055,5.0,10.0,0.6,0.16421457678816084,0.1666448705746361,0.4166775647126819,0.4178927116059195,0.002430293786475246,0.0012151468932375953
0.055,5.0,10.0,1.0,0.1554251521359482,0.1666448705746361,0.4166775647126819,0.42228742393202584,0.011219718438687881,0.005609859219343927
0.055,5.0,10.0,1.4,0.16165039026249492,0.1666448705746361,0.4166775647126819,0.4191748048687525,0.00499448031214117,0.0024972401560706126
0.055,5.0,15.0,0.6,0.16421457678816087,0.1666448705746362,0.41667756471268197,0.4178927116059196,0.0024302937864753293,0.0012151468932376508
0.055,5.0,15.0,1.0,0.1568258921973654,0.1666448705746362,0.41667756471268197,0.4215870539013173,0.009818978377270804,0.004909489188635319
0.055,5.0,15.0,1.4,0.1622094130547041,0.1666448705746362,0.41667756471268197,0.41889529347264803,0.004435457519932101,0.0022177287599660644
0.055,6.0,5.0,0.6,0.1547976967571086,0.15605822288428084,0.4219708885578595,0.42260115162144574,0.001260526127172229,0.0006302630635862116
0.055,6.0,5.0,1.0,0.1556858090481834,0.15771699563462274,0.4211415021826887,0.4221570954759083,0.002031186586439332,0.0010155932932195966
0.055,6.0,5.0,1.4,0.1556858090481834,0.15656621733538698,0.4217168913323066,0.4221570954759083,0.0008804082872035657,0.0004402041436016857
0.055,6.0,10.0,0.6,0.15567793106664352,0.15605822288428084,0.4219708885578595,0.4221610344666783,0.0003802918176373238,0.0001901459088187729
0.055,6.0,10.0,1.0,0.1556858090481834,0.15762409984387735,0.42118795007806126,0.4221570954759083,0.0019382907956939366,0.0009691453978470377
0.055,6.0,10.0,1.4,0.1556858090481834,0.1565376565902984,0.4217311717048509,0.4221570954759083,0.0008518475421149807,0.00042592377105737933
0.055,6.0,15.0,0.6,0.15568580904818313,0.15607596509432606,0.42196201745283685,0.4221570954759085,0.00039015604614292543,0.00019507802307167088
0.055,6.0,15.0,1.0,0.15568580904818313,0.1574045200815798,0.4212977399592101,0.4221570954759085,0.0017187110333966582,0.0008593555166984124
0.055,6.0,15.0,1.4,0.15568580904818313,0.1564559729975458,0.42177201350122717,0.4221570954759085,0.0007701639493626622,0.000385081974681345
0.055,7.0,5.0,0.6,0.13591081519992554,0.14387555156546494,0.42806222421726764,0.43204459240003723,0.007964736365539404,0.003982368182769591
0.055,7.0,5.0,1.0,0.14215355775068494,0.15262529925877208,0.423687350370614,0.4289232211246576,0.010471741508087135,0.005235870754043581
0.055,7.0,5.0,1.4,0.14215355775068494,0.14658549908399626,0.4267072504580019,0.4289232211246576,0.004431941333311318,0.0022159706666556866
0.055,7.0,10.0,0.6,0.1413631829860986,0.14399294123083595,0.42800352938458186,0.42931840850695063,0.0026297582447373513,0.0013148791223687728
0.055,7.0,10.0,1.0,0.14215355775068494,0.15228652814959684,0.4238567359252015,0.4289232211246576,0.010132970398911895,0.005066485199456072
0.055,7.0,10.0,1.4,0.14215355775068494,0.14653769670946354,0.4267311516452683,0.4289232211246576,0.004384138958778594,0.002192069479389269
0.055,7.0,15.0,0.6,0.14215355775068503,0.14411316370269192,0.42794341814865394,0.42892322112465747,0.001959605952006893,0.0009798029760035298
0.055,7.0,15.0,1.0,0.14215355775068503,0.15123839381092868,0.4243808030945357,0.42892322112465747,0.009084836060243656,0.0045424180301217865
0.055,7.0,15.0,1.4,0.14215355775068503,0.146183902680172,0.4269080486599141,0.42892322112465747,0.004030344929486979,0.0020151724647433644
0.055,8.0,5.0,0.6,0.11506541105649531,0.12914464385142685,0.4354276780742866,0.4424672944717524,0.014079232794931534,0.007039616397465809
0.055,8.0,5.0,1.0,0.12682974752854484,0.14260808594713836,0.42869595702643065,0.4365851262357276,0.015778338418593524,0.007889169209296942
0.055,8.0,5.0,1.4,0.12682974752854484,0.13340712052029058,0.43329643973985477,0.4365851262357276,0.006577372991745739,0.003288686495872828
0.055,8.0,10.0,0.6,0.12458244132577545,0.1295986992988806,0.4352006503505598,0.4377087793371124,0.005016257973105148,0.0025081289865525602
0.055,8.0,10.0,1.0,0.12682974752854484,0.14229074273908415,0.42885462863045803,0.4365851262357276,0.015460995210539313,0.0077304976052695595
0.055,8.0,10.0,1.4,0.12682974752854484,0.13340712052029058,0.43329643973985477,0.4365851262357276,0.006577372991745739,0.003288686495872828
0.055,8.0,15.0,0.6,0.12682974752854412,0.12970717669035425,0.4351464116548229,0.43658512623572787,0.0028774291618101355,0.0014387145809049984
0.055,8.0,15.0,1.0,0.12682974752854412,0.14082470206350783,0.42958764896824614,0.43658512623572787,0.013994954534963716,0.006997477267481733
0.055,8.0,15.0,1.4,0.12682974752854412,0.13297158320418445,0.4335142083979077,0.43658512623572787,0.006141835675640334,0.003070917837820153
0.055,9.0,5.0,0.6,0.09330891295039895,0.1128351956021162,0.44358240219894185,0.45334554352480055,0.019526282651717256,0.009763141325858704
0.055,9.0,5.0,1.0,0.11033517555163687,0.12955161394598622,0.43522419302700693,0.4448324122241815,0.019216438394349347,0.009608219197174583
0.055,9.0,5.0,1.4,0.11033517555163687,0.11829968928796009,0.44085015535601996,0.4448324122241815,0.007964513736323217,0.00398225686816156
0.055,9.0,10.0,0.6,0.10639378098421487,0.11370268778750803,0.443148656106246,0.4468031095078926,0.007308906803293158,0.003654453401646607
0.055,9.0,10.0,1.0,0.11033517555163687,0.12938276840201388,0.435308615798993,0.4448324122241815,0.019047592850377007,0.009523796425188524
0.055,9.0,10.0,1.4,0.11033517555163687,0.11829968928796009,0.44085015535601996,0.4448324122241815,0.007964513736323217,0.00398225686816156
0.055,9.0,15.0,0.6,0.11033517555163645,0.11375237261803495,0.4431238136909824,0.44483241222418174,0.0034171970663984946,0.0017085985331993236
0.055,9.0,15.0,1.0,0.11033517555163645,0.12772285887172716,0.4361385705641365,0.44483241222418174,0.017387683320090705,0.00869384166004522
0.055,9.0,15.0,1.4,0.11033517555163645,0.11788265285999319,0.4410586735700034,0.44483241222418174,0.00754747730835674,0.003773738654178349
0.055,10.0,5.0,0.6,0.07125729277552857,0.09559354189915847,0.45220322905042065,0.4643713536122357,0.024336249123629902,0.012168124561815041
0.055,10.0,5.0,1.0,0.09313261732214596,0.11466030788045921,0.4426698460597705,0.453433691338927,0.021527690558313245,0.010763845279156525
0.055,10.0,5.0,1.4,0.09313261732214596,0.10198097468439647,0.4490095126578018,0.453433691338927,0.008848357362250509,0.004424178681125213
0.055,10.0,10.0,0.6,0.08746256839826033,0.09689220611186067,0.4515538969440697,0.4562687158008698,0.009429637713600336,0.004714818856800085
0.055,10.0,10.0,1.0,0.09313261732214596,0.11466030788045921,0.4426698460597705,0.453433691338927,0.021527690558313245,0.010763845279156525
0.055,10.0,10.0,1.4,0.09313261732214596,0.10198097468439647,0.4490095126578018,0.453433691338927,0.008848357362250509,0.004424178681125213
0.055,10.0,15.0,0.6,0.0931326173221455,0.09686169125573896,0.4515691543721304,0.4534336913389273,0.003729073933593452,0.0018645369667968925
0.055,10.0,15.0,1.0,0.0931326173221455,0.1129333704061692,0.4435333147969154,0.4534336913389273,0.019800753084023695,0.009900376542011924
0.055,10.0,15.0,1.4,0.0931326173221455,0.10163523461126554,0.44918238269436733,0.4534336913389273,0.008502617289120037,0.00425130864455997
0.055,11.0,5.0,0.6,0.049284169414147073,0.07785627935508604,0.46107186032245695,0.4753579152929265,0.02857210994093897,0.01428605497046953
0.055,11.0,5.0,1.0,0.07555798469915379,0.09883466049076944,0.45058266975461525,0.4622210076504231,0.02327667579161566,0.011638337895807871
0.055,11.0,5.0,1.4,0.07555798469915379,0.08496576552389676,0.4575171172380516,0.4622210076504231,0.009407780824742973,0.004703890412371514
0.055,11.0,10.0,0.6,0.06821856320253775,0.07957616029276074,0.4602119198536196,0.4658907183987311,0.011357597090222993,0.005678798545111496
0.055,11.0,10.0,1.0,0.07555798469915379,0.09883466049076944,0.45058266975461525,0.4622210076504231,0.02327667579161566,0.011638337895807871
0.055,11.0,10.0,1.4,0.07555798469915379,0.08496576552389676,0.4575171172380516,0.4622210076504231,0.009407780824742973,0.004703890412371514
0.055,11.0,15.0,0.6,0.07510706929240589,0.07945721887787341,0.4602713905610633,0.4624464653537972,0.004350149585467519,0.0021750747927338776
0.055,11.0,15.0,1.0,0.07555798469915295,0.09711421057435626,0.45144289471282184,0.4622210076504236,0.02155622587520331,0.01077811293760178
0.055,11.0,15.0,1.4,0.07555798469915295,0.08471823835613254,0.4576408808219336,0.4622210076504236,0.009160253656979589,0.0045801268284900165
0.055,12.0,5.0,0.6,0.027619540481026085,0.05992146733438541,0.47003926633280724,0.4861902297594871,0.03230192685335932,0.016150963426679876
0.055,12.0,5.0,1.0,0.057852210268504754,0.08237820162470862,0.4588108991876457,0.4710738948657477,0.024525991356203862,0.012262995678101962
0.055,12.0,5.0,1.4,0.057852210268504754,0.06760457213180644,0.46619771393409676,0.4710738948657477,0.009752361863301688,0.004876180931650931
0.055,12.0,10.0,0.6,0.04894418688669027,0.062040004794934024,0.46897999760253295,0.4755279065566549,0.013095817908243754,0.006547908954121939
0.055,12.0,10.0,1.0,0.057852210268504754,0.08237820162470862,0.4588108991876457,0.4710738948657477,0.024525991356203862,0.012262995678101962
0.055,12.0,10.0,1.4,0.057852210268504754,0.06760893131451445,0.46619553434274275,0.4710738948657477,0.009756721046009699,0.004878360523004943
0.055,12.0,15.0,0.6,0.056760188466167344,0.06183131038600949,0.4690843448069952,0.47161990576691637,0.005071121919842145,0.0025355609599211903
0.055,12.0,15.0,1.0,0.057852210268503824,0.08070722151391115,0.45964638924304446,0.47107389486574813,0.02285501124540732,0.011427505622703671
0.055,12.0,15.0,1.4,0.057852210268503824,0.06746766676488614,0.466266166617557,0.47107389486574813,0.009615456496382312,0.004807728248191145
0.055,13.0,5.0,0.6,0.006404818477502793,0.04199403089874943,0.4790029845506253,0.4967975907612486,0.03558921242124664,0.017794606210623287
0.055,13.0,5.0,1.0,0.04018695999504819,0.06561069349116404,0.467194653254418,0.4799065200024758,0.025423733496115847,0.012711866748057798
0.055,13.0,5.0,1.4,0.04018695999504819,0.05013841039864076,0.4749307948006797,0.4799065200024758,0.00995145040359257,0.004975725201796122
0.055,13.0,10.0,0.6,0.029826728338590562,0.044483532324646274,0.4777582338376769,0.4850866358307047,0.014656803986055712,0.007328401993027811
0.055,13.0,10.0,1.0,0.04018695999504819,0.06561069349116404,0.467194653254418,0.4799065200024758,0.025423733496115847,0.012711866748057798
0.055,13.0,10.0,1.4,0.04018695999504819,0.05023309257169433,0.47488345371415275,0.4799065200024758,0.01004613257664614,0.005023066288323053
0.055,13.0,15.0,0.6,0.03846354026987203,0.044187369975439414,0.47790631501228015,0.480768229865064,0.005723829705567382,0.0028619148527838645
0.055,13.0,15.0,1.0,0.04018695999504774,0.06401407044646595,0.467992964776767,0.47990652000247613,0.023827110451418214,0.011913555225709138
0.055,13.0,15.0,1.4,0.04018695999504774,0.05011625493644944,0.4749418725317753,0.47990652000247613,0.009929294941401698,0.004964647470700856
0.055,14.0,5.0,0.6,0.0028065223452824663,0.024215240421070615,0.48789237978946465,0.5071374434827828,0.021408718075788147,0.019245063693318132
0.055,14.0,5.0,1.0,0.022683800834252463,0.04875162767056974,0.47562418616471513,0.48865809958287376,0.026067826836317275,0.013033913418158627
0.055,14.0,5.0,1.4,0.022683800834252463,0.03273402031647388,0.4836329898417631,0.48865809958287376,0.010050219482221415,0.005025109741110645
0.055,14.0,10.0,0.6,0.010990473221566193,0.02704663669994359,0.4864766816500282,0.4945047633892169,0.0160561634783774,0.008028081739188675
0.055,14.0,10.0,1.0,0.022683800834252463,0.04875162767056974,0.47562418616471513,0.48865809958287376,0.026067826836317275,0.013033913418158627
0.055,14.0,10.0,1.4,0.022683800834252463,0.032917432871164956,0.4835412835644175,0.48865809958287376,0.010233632036912493,0.0051168160184562606
0.055,14.0,15.0,0.6,0.020354340707460793,0.02666712745168863,0.4866664362741557,0.48982282964626966,0.006312786744227836,0.003156393372113986
0.055,14.0,15.0,1.0,0.02268380083425195,0.0472432328773156,0.4763783835613423,0.4886580995828741,0.02455943204306365,0.012279716021531772
0.055,14.0,15.0,1.4,0.02268380083425195,0.03282598513562836,0.48358700743218586,0.4886580995828741,0.010142184301376408,0.005071092150688239
0.055,15.0,5.0,0.6,0.005428074591876531,0.034371051457435534,0.4966588972664281,0.5171855257287178,0.028942976865559,0.020526628462289698
0.055,15.0,5.0,1.0,0.005428074591876531,0.03195300021717359,0.48402349989141324,0.49728596270406183,0.026524925625297055,0.01326246281264859
0.055,15.0,5.0,1.4,0.005428074591876531,0.01550692099857354,0.49224653950071323,0.49728596270406183,0.010078846406697008,0.005039423203348603
0.055,15.0,10.0,0.6,0.00014228245597946315,0.009826929746344418,0.49508653512682765,0.503741436684723,0.009684647290364955,0.00865490155789539
0.055,15.0,10.0,1.0,0.005428074591876531,0.03195300021717359,0.48402349989141324,0.49728596270406183,0.026524925625297055,0.01326246281264859
0.055,15.0,10.0,1.4,0.005428074591876531,0.01577572549957666,0.4921121372502116,0.49728596270406183,0.010347650907700127,0.005173825453850256
0.055,15.0,15.0,0.6,0.002525703733924128,0.009463112636136431,0.49526844368193174,0.4987371481330379,0.006937408902212303,0.0034687044511061416
0.055,15.0,15.0,1.0,0.005428074591875644,0.030539863766262068,0.484730068116869,0.4972859627040622,0.025111789174386424,0.01255589458719325
0.055,15.0,15.0,1.4,0.005428074591875644,0.0157096666131661,0.4921451666934169,0.4972859627040622,0.010281592021290455,0.005140796010645321
0.055,16.0,5.0,0.6,0.010539003546530687,0.053859293071924434,0.5052695017732654,0.5269296465359622,0.04332028952539375,0.021660144762696842
0.055,16.0,5.0,1.0,0.011486203428987844,0.015320426504590449,0.4923397867477048,0.5057605763861746,0.0038342230756026052,0.013420789638469766
0.055,16.0,5.0,1.4,0.0014632127044764327,0.011521152772349155,0.5007316063522382,0.5057605763861746,0.010057940067872723,0.00502897003393632
0.055,16.0,10.0,0.6,0.007108109400743137,0.02554085100034613,0.5035540547003715,0.5127704255001732,0.01843274159960299,0.009216370799801643
0.055,16.0,10.0,1.0,0.004521674688922052,0.015320426504590449,0.4923397867477048,0.5057605763861746,0.010798751815668396,0.013420789638469766
0.055,16.0,10.0,1.4,0.00111327388318161,0.011521152772349155,0.5005566369415907,0.5057605763861746,0.010407878889167544,0.0052039394445838605
0.055,16.0,15.0,0.6,0.0074312893435258785,0.014960003648820344,0.5037156446717629,0.5074800018244102,0.007528714305294466,0.003764357152647335
0.055,16.0,15.0,1.0,0.0004649177590761388,0.014005274979890767,0.4929973625100546,0.5057605763861749,0.013540357220814628,0.012763213876120283
0.055,16.0,15.0,1.4,0.0011545197732243473,0.01152115277234973,0.5005772598866123,0.5057605763861749,0.010366632999125384,0.005183316499562607
0.06,4.0,5.0,0.6,0.20827690234315557,0.21771923590176306,0.39114038204911844,0.3958615488284221,0.00944233355860749,0.004721166779303676
0.06,4.0,5.0,1.0,0.18804583091170646,0.21377119963510008,0.39311440018245,0.40597708454414677,0.02572536872339362,0.012862684361696797
0.06,4.0,5.0,1.4,0.2022621355298425,0.21377119963510008,0.39311440018245,0.39886893223507863,0.011509064105257566,0.005754532052628658
0.06,4.0,10.0,0.6,0.20827690234315557,0.21377119963510008,0.39311440018245,0.3958615488284221,0.0054942972919445054,0.0027471486459721417
0.06,4.0,10.0,1.0,0.19022854303537104,0.21377119963510008,0.39311440018245,0.4048857284823146,0.02354265659972904,0.011771328299864603
0.06,4.0,10.0,1.4,0.20324052488091995,0.21377119963510008,0.39311440018245,0.3983797375595401,0.010530674754180125,0.005265337377090118
0.06,4.0,15.0,0.6,0.2082769023431557,0.21377119963509922,0.3931144001824504,0.3958615488284223,0.005494297291943506,0.002747148645971864
0.06,4.0,15.0,1.0,0.19337344078816976,0.21377119963509922,0.3931144001824504,0.4033132796059151,0.02039775884692946,0.010198879423464702
0.06,4.0,15.0,1.4,0.2045329193248933,0.21377119963509922,0.3931144001824504,0.39773354033755337,0.009238280310205932,0.004619140155102952
0.06,5.0,5.0,0.6,0.20318387347122485,0.20567251273843962,0.39716374363078016,0.39840806326438755,0.002488639267214765,0.0012443196336073825
0.06,5.0,5.0,1.0,0.19947339352549082,0.20407776453002943,0.39796111773498516,0.4002633032372545,0.0046043710045386155,0.0023021855022693494
0.06,5.0,5.0,1.4,0.20205927166361332,0.20407776453002943,0.39796111773498516,0.39897036416819337,0.002018492866416116,0.0010092464332082107
0.06,5.0,10.0,0.6,0.20318387347122485,0.20407776453002943,0.39796111773498516,0.39840806326438755,0.0008938910588045801,0.0004469455294023872
0.06,5.0,10.0,1.0,0.19972046639442412,0.20407776453002943,0.39796111773498516,0.4001397668027879,0.004357298135605314,0.0021786490678027404
0.06,5.0,10.0,1.4,0.20214861241237228,0.20407776453002943,0.39796111773498516,0.39892569379381393,0.0019291521176571513,0.00096457605882877
0.06,5.0,15.0,0.6,0.20318085182752826,0.20407776453002852,0.3979611177349857,0.39840957408623573,0.0008969127025002521,0.00044845635125001504
0.06,5.0,15.0,1.0,0.20024053613170648,0.20407776453002852,0.3979611177349857,0.39987973193414683,0.00383722839832204,0.0019186141991611172
0.06,5.0,15.0,1.4,0.20235026467757367,0.20407776453002852,0.3979611177349857,0.3988248676612133,0.0017274998524548502,0.0008637499262275639
0.06,6.0,5.0,0.6,0.18712525327328863,0.19203083382901567,0.40398458308549207,0.40643737336335584,0.0049055805557270404,0.00245279027786377
0.06,6.0,5.0,1.0,0.19081597448087292,0.19784109982294726,0.4010794500885264,0.4045920127595635,0.007025125342074334,0.0035125626710371116
0.06,6.0,5.0,1.4,0.19081597448087292,0.19382323156751574,0.40308838421624227,0.4045920127595635,0.003007257086642817,0.001503628543321256
0.06,6.0,10.0,0.6,0.19051006546912366,0.19205043560243218,0.4039747821987839,0.40474496726543824,0.0015403701333085162,0.0007701850666543275
0.06,6.0,10.0,1.0,0.19081597448087292,0.19757230176595836,0.40121384911702085,0.4045920127595635,0.006756327285085434,0.0033781636425426753
0.06,6.0,10.0,1.4,0.19081597448087292,0.19376119608662773,0.4031194019566862,0.4045920127595635,0.0029452216057548053,0.0014726108028773055
0.06,6.0,15.0,0.6,0.19081597448087267,0.1921466158364544,0.4039266920817728,0.40459201275956364,0.0013306413555817243,0.0006653206777908482
0.06,6.0,15.0,1.0,0.19081597448087267,0.19684457886508774,0.4015777105674561,0.40459201275956364,0.006028604384215069,0.003014302192107521
0.06,6.0,15.0,1.4,0.19081597448087267,0.19350349270945805,0.403248253645271,0.40459201275956364,0.0026875182285853727,0.0013437591142926308
0.06,7.0,5.0,0.6,0.16538933156501148,0.17716701399498205,0.411416493002509,0.4173053342174943,0.01177768242997057,0.005888841214985285
0.06,7.0,5.0,1.0,0.1750358913498516,0.18895508530949615,0.4055224573452519,0.41248205432507423,0.013919193959644555,0.006959596979822347
0.06,7.0,5.0,1.4,0.1750358913498516,0.18085068419226263,0.40957465790386866,0.41248205432507423,0.005814792842411043,0.002907396421205577
0.06,7.0,10.0,0.6,0.17338398758741191,0.17748081465026844,0.41125959267486584,0.4133080062062942,0.004096827062856523,0.0020484135314283725
0.06,7.0,10.0,1.0,0.1750358913498516,0.18861499835075346,0.40569250082462327,0.41248205432507423,0.013579107000901869,0.006789553500450962
0.06,7.0,10.0,1.4,0.1750358913498516,0.18085068419226263,0.40957465790386866,0.41248205432507423,0.005814792842411043,0.002907396421205577
0.06,7.0,15.0,0.6,0.1750358913498508,0.17759933358453425,0.4112003332077329,0.4124820543250746,0.002563442234683466,0.0012817211173417054
0.06,7.0,15.0,1.0,0.1750358913498508,0.18728721568656548,0.4063563921567173,0.4124820543250746,0.012251324336714692,0.006125662168357304
0.06,7.0,15.0,1.4,0.1750358913498508,0.18043556363163532,0.40978221818418237,0.4124820543250746,0.005399672281784534,0.0026998361408922533
0.06,8.0,5.0,0.6,0.14215674510634074,0.16005959147791884,0.4199702042610406,0.42892162744682966,0.0179028463715781,0.008951423185789065
0.06,8.0,5.0,1.0,0.1576115373706101,0.17579696699365938,0.41210151650317034,0.421194231314695,0.018185429623049282,0.009092714811524683
0.06,8.0,5.0,1.4,0.1576115373706101,0.16516487579600866,0.41741756210199576,0.421194231314695,0.00755333842539857,0.0037766692126992574
0.06,8.0,10.0,0.6,0.15418186689816338,0.16080180894986632,0.4195990955250669,0.4229090665509184,0.006619942051702937,0.0033099710258515103
0.06,8.0,10.0,1.0,0.1576115373706101,0.1755826479599532,0.4122086760200234,0.421194231314695,0.017971110589343114,0.008985555294671599
0.06,8.0,10.0,1.4,0.1576115373706101,0.16516487579600866,0.41741756210199576,0.421194231314695,0.00755333842539857,0.0037766692126992574
0.06,8.0,15.0,0.6,0.1576115373706095,0.1608696022421881,0.419565198878906,0.42119423131469536,0.003258064871578592,0.0016290324357893793
0.06,8.0,15.0,1.0,0.1576115373706095,0.17398152983002493,0.4130092350849875,0.42119423131469536,0.016369992459415422,0.008184996229707864
0.06,8.0,15.0,1.4,0.1576115373706095,0.16474139980904384,0.41762930009547805,0.42119423131469536,0.007129862438434331,0.0035649312192173044
0.06,9.0,5.0,0.6,0.11836037272083288,0.14164581971898846,0.42917709014050576,0.4408198136395837,0.023285446998155573,0.011642723499077967
0.06,9.0,5.0,1.0,0.13919192863692403,0.1600989514750285,0.4199505242624857,0.430404035681538,0.020907022838104472,0.01045351141905232
0.06,9.0,5.0,1.4,0.13919192863692403,0.14781568887801264,0.4260921555609936,0.430404035681538,0.008623760241088602,0.004311880120544398
0.06,9.0,10.0,0.6,0.1338870094635767,0.14285351445683475,0.4285732427715827,0.4330564952682117,0.008966504993258045,0.004483252496629009
0.06,9.0,10.0,1.0,0.13919192863692403,0.16009700748523314,0.4199514962573834,0.430404035681538,0.02090507884830911,0.010452539424154583
0.06,9.0,10.0,1.4,0.13919192863692403,0.14781568887801264,0.4260921555609936,0.430404035681538,0.008623760241088602,0.004311880120544398
0.06,9.0,15.0,0.6,0.13919192863692376,0.14283862983121215,0.4285806850843939,0.4304040356815381,0.003646701194288393,0.0018233505971442243
0.06,9.0,15.0,1.0,0.13919192863692376,0.15839615211891486,0.4208019239405426,0.4304040356815381,0.019204223481991106,0.009602111740995511
0.06,9.0,15.0,1.4,0.13919192863692376,0.1474583654502338,0.4262708172748831,0.4304040356815381,0.008266436813310046,0.004133218406655037
0.06,10.0,5.0,0.6,0.09453918978056775,0.12253544125507555,0.4387322793724623,0.4527304051097161,0.027996251474507808,0.013998125737253841
0.06,10.0,5.0,1.0,0.12023901763628439,0.14315915852669558,0.42842042073665215,0.4398804911818578,0.022920140890411195,0.011460070445205639
0.06,10.0,5.0,1.4,0.12023901763628439,0.12952222005943106,0.4352388899702845,0.4398804911818578,0.009283202423146675,0.00464160121157331
0.06,10.0,10.0,0.6,0.11310687118783812,0.12420299377348161,0.4378985031132591,0.44344656440608105,0.011096122585643492,0.005548061292821926
0.06,10.0,10.0,1.0,0.12023901763628439,0.14315915852669558,0.42842042073665215,0.4398804911818578,0.022920140890411195,0.011460070445205639
0.06,10.0,10.0,1.4,0.12023901763628439,0.12952222005943106,0.4352388899702845,0.4398804911818578,0.009283202423146675,0.00464160121157331
0.06,10.0,15.0,0.6,0.11984934902721404,0.12409320500419706,0.4379533974979014,0.440075325486393,0.004243855976983013,0.00212192798849159
0.06,10.0,15.0,1.0,0.12023901763628395,0.14145402860128886,0.4292729856993556,0.439880491181858,0.021215010965004916,0.010607505482502388
0.06,10.0,15.0,1.4,0.12023901763628395,0.12926749264372717,0.43536625367813653,0.439880491181858,0.00902847500744322,0.0045142375037214855
0.06,11.0,5.0,0.6,0.07101252598814793,0.10313104283809924,0.4484344785809504,0.46449373700592606,0.032118516849951304,0.01605925842497563
0.06,11.0,5.0,1.0,0.10107623272638125,0.12540729608028617,0.4372963519598569,0.4494618836368094,0.02433106335390492,0.012165531676952501
0.06,11.0,5.0,1.4,0.10107623272638125,0.11075728088898115,0.4446213595555094,0.4494618836368094,0.009681048162599903,0.0048405240812999795
0.06,11.0,10.0,0.6,0.09222618967524235,0.1052344072674786,0.4473827963662608,0.45388690516237895,0.013008217592236249,0.006504108796118124
0.06,11.0,10.0,1.0,0.10107623272638125,0.12540729608028617,0.4372963519598569,0.4494618836368094,0.02433106335390492,0.012165531676952501
0.06,11.0,10.0,1.4,0.10107623272638125,0.11076160636507877,0.4446191968174606,0.4494618836368094,0.009685373638697523,0.004842686819348796
0.06,11.0,15.0,0.6,0.09999168642414621,0.10502722469344516,0.4474863876532774,0.4500041567879269,0.00503553826929895,0.0025177691346494613
0.06,11.0,15.0,1.0,0.10107623272638099,0.12375123809714035,0.43812438095142975,0.4494618836368095,0.022675005370759366,0.011337502685379752
0.06,11.0,15.0,1.4,0.10107623272638099,0.11062143328671026,0.44468928335664487,0.4494618836368095,0.009545200560329273,0.0047726002801646294
0.06,12.0,5.0,0.6,0.0479706626927713,0.08370125308989483,0.4581493734550525,0.4760146686536145,0.03573059039712353,0.017865295198562003
0.06,12.0,5.0,1.0,0.08192836631489114,0.1072585762898811,0.4463707118550594,0.45903581684255435,0.025330209974989956,0.012665104987494957
0.06,12.0,5.0,1.4,0.08192836631489114,0.09183599321542202,0.45408200339228894,0.45903581684255435,0.009907626900530875,0.00495381345026541
0.06,12.0,10.0,0.6,0.07149214885055435,0.08620918497249941,0.4568954075137504,0.4642539255747229,0.014717036121945054,0.007358518060972485
0.06,12.0,10.0,1.0,0.08192836631489114,0.1072585762898811,0.4463707118550594,0.45903581684255435,0.025330209974989956,0.012665104987494957
0.06,12.0,10.0,1.4,0.08192836631489114,0.09193821478781074,0.4540308926060945,0.45903581684255435,0.010009848472919594,0.005004924236459818
0.06,12.0,15.0,0.6,0.08015781709063868,0.0859069559344562,0.4570465220327718,0.4599210914546807,0.005749138843817517,0.00287456942190889
0.06,12.0,15.0,1.0,0.08192836631489074,0.10568122329578034,0.44715938835210983,0.4590358168425547,0.023752856980889595,0.011876428490444846
0.06,12.0,15.0,1.4,0.08192836631489074,0.09182436184204308,0.4540878190789785,0.4590358168425547,0.00989599552715234,0.004947997763576184
0.06,13.0,5.0,0.6,0.025525088531606076,0.06442626628151674,0.46778686685924165,0.48723745573419697,0.038901177749910656,0.01945058887495532
0.06,13.0,5.0,1.0,0.06295077777169066,0.0889907024257805,0.4555046487871097,0.46852461111415467,0.026039924654089844,0.013019962327044943
0.06,13.0,5.0,1.4,0.06295077777169066,0.07297028915238435,0.46351485542380777,0.46852461111415467,0.010019511380693694,0.005009755690346895
0.06,13.0,10.0,0.6,0.05106420570862897,0.06730563473747452,0.4663471826312628,0.47446789714568544,0.016241429028845546,0.008120714514422644
0.06,13.0,10.0,1.0,0.06295077777169066,0.0889907024257805,0.4555046487871097,0.46852461111415467,0.026039924654089844,0.013019962327044943
0.06,13.0,10.0,1.4,0.06295077777169066,0.07316862244264788,0.46341568877867606,0.46852461111415467,0.010217844670957224,0.005108922335478605
0.06,13.0,15.0,0.6,0.06052301756621996,0.0669130462814226,0.46654347685928854,0.46973849121689004,0.006390028715202639,0.0031950143576015
0.06,13.0,15.0,1.0,0.06295077777169,0.08750787749955487,0.45624606125022255,0.46852461111415505,0.024557099727864865,0.012278549863932509
0.06,13.0,15.0,1.4,0.06295077777169,0.07308219964176645,0.4634589001791168,0.46852461111415505,0.010131421870076443,0.00506571093503827
0.06,14.0,5.0,0.6,0.003737814707522311,0.04542679937123578,0.47728660031438214,0.4981310926462389,0.04168898466371347,0.020844492331856757
0.06,14.0,5.0,1.0,0.044249955987384335,0.07079073605629387,0.4646046319718531,0.4778750220063078,0.02654078006890953,0.013270390034454738
0.06,14.0,5.0,1.4,0.044249955987384335,0.05430318561804347,0.47284840719097826,0.4778750220063078,0.010053229630659133,0.0050266148153295664
0.06,14.0,10.0,0.6,0.031044433855012928,0.04864509685016522,0.4756774515749174,0.4844777830724936,0.017600662995152293,0.008800331497576197
0.06,14.0,10.0,1.0,0.044249955987384335,0.07079073605629387,0.4646046319718531,0.4778750220063078,0.02654078006890953,0.013270390034454738
0.06,14.0,10.0,1.4,0.044249955987384335,0.054593736080016206,0.4727031319599919,0.4778750220063078,0.010343780092631871,0.005171890046315908
0.06,14.0,15.0,0.6,0.04120316345678663,0.048293223317572236,0.4758533883412138,0.47939841827160673,0.007090059860785605,0.0035450299303929067
0.06,14.0,15.0,1.0,0.04424995598738351,0.06941001881523325,0.46529499059238344,0.4778750220063082,0.025160062827849737,0.012580031413924775
0.06,14.0,15.0,1.4,0.04424995598738351,0.054534688036665106,0.47273265598166747,0.4778750220063082,0.010284732049281597,0.005142366024640743
0.06,15.0,5.0,0.6,0.004275285379053422,0.0267829161849351,0.4866085419075324,0.5086804151284694,0.022507630805881678,0.02207187322093701
0.06,15.0,5.0,1.0,0.025897839244104513,0.05278532762203681,0.4736073361889816,0.48705108037794775,0.026887488377932298,0.013443744188966156
0.06,15.0,5.0,1.4,0.025897839244104513,0.03593083626963923,0.4820345818651804,0.48705108037794775,0.010032997025534715,0.0050164985127673645
0.06,15.0,10.0,0.6,0.011496618933245764,0.03030939808304784,0.48484530095847606,0.4942516905333772,0.018812779149802075,0.009406389574901142
0.06,15.0,10.0,1.0,0.025897839244104513,0.05278532762203681,0.4736073361889816,0.48705108037794775,0.026887488377932298,0.013443744188966156
0.06,15.0,10.0,1.4,0.025897839244104513,0.03630865595278179,0.481845672023609,0.48705108037794775,0.01041081670867728,0.0052054083543387475
0.06,15.0,15.0,0.6,0.02227387393815505,0.030001050110030125,0.48499947494498497,0.4888630630309225,0.0077271761718750755,0.0038635880859375082
0.06,15.0,15.0,1.0,0.025897839244103847,0.05150929851105266,0.47424535074447366,0.4870510803779481,0.025611459266948813,0.012805729633474427
0.06,15.0,15.0,1.4,0.025897839244103847,0.03627626047271414,0.4818618697636429,0.4870510803779481,0.010378421228610296,0.005189210614305162
0.06,16.0,5.0,0.6,0.0075413901929233295,0.03776104872823185,0.49572674210293793,0.518880524364116,0.03021965853530852,0.02315378226117809
0.06,16.0,5.0,1.0,0.007941796548202916,0.03506001366796315,0.4824699931660184,0.49602910172589854,0.027118217119760236,0.013559108559880129
0.06,16.0,5.0,1.4,0.007941796548202916,0.01793830831554492,0.49103084584222756,0.49602910172589854,0.009996511767342004,0.004998255883670977
0.06,16.0,10.0,0.6,0.001075164284731711,0.012352656849197263,0.49382367157540136,0.5037706950964618,0.011277492564465552,0.009947023521060416
0.06,16.0,10.0,1.0,0.007941796548202916,0.03506001366796315,0.4824699931660184,0.49602910172589854,0.027118217119760236,0.013559108559880129
0.06,16.0,10.0,1.4,0.007941796548202916,0.01837672448752763,0.4908116377562362,0.49602910172589854,0.010434927939324714,0.005217463969662328
0.06,16.0,15.0,0.6,0.0037830890019631427,0.012086757536593573,0.4939566212317032,0.49810845549901844,0.00830366853463043,0.004151834267315246
0.06,16.0,15.0,1.0,0.007941796548202372,0.033888202329675605,0.48305589883516226,0.49602910172589876,0.025946405781473232,0.012973202890736502
0.06,16.0,15.0,1.4,0.007941796548202372,0.01836988830384493,0.49081505584807755,0.49602910172589876,0.010428091755642558,0.005214045877821205
0.065,4.0,5.0,0.6,0.24541405008718675,0.25257908105350124,0.3737104594732493,0.3772929749564067,0.0071650309663144895,0.003582515483157356
0.065,4.0,5.0,1.0,0.23205378296614745,0.24890085247254512,0.3755495737637274,0.3839731085169262,0.016847069506397666,0.008423534753198791
0.065,4.0,5.0,1.4,0.24141169749839758,0.24890085247254512,0.3755495737637274,0.37929415125080124,0.007489154974147538,0.0037445774870738524
0.065,4.0,10.0,0.6,0.24541405008718675,0.24890085247254512,0.3755495737637274,0.3772929749564067,0.0034868023853583674,0.0017434011926792947
0.065,4.0,10.0,1.0,0.23330000573115867,0.24890085247254512,0.3755495737637274,0.38334999713442064,0.015600846741386454,0.007800423370693255
0.065,4.0,10.0,1.4,0.24194274421744508,0.24890085247254512,0.3755495737637274,0.3790286278912775,0.006958108255100043,0.0034790541275501186
0.065,4.0,15.0,0.6,0.24541405008718672,0.24890085247254498,0.3755495737637274,0.3772929749564067,0.0034868023853582564,0.0017434011926792947
0.065,4.0,15.0,1.0,0.2353054090110865,0.24890085247254498,0.3755495737637274,0.3823472954944567,0.013595443461458467,0.006797721730729289
0.065,4.0,15.0,1.4,0.2427536259453134,0.24890085247254498,0.3755495737637274,0.3786231870273433,0.00614722652723157,0.0030736132636159375
0.065,5.0,5.0,0.6,0.23661266901875552,0.23722332259818968,0.38138833870090516,0.38169366549062217,0.0006106535794341561,0.00030532678971700866
0.065,5.0,5.0,1.0,0.2370372223540915,0.23804241173399213,0.380978794133004,0.3814813888229542,0.0010051893799006284,0.0005025946899501754
0.065,5.0,5.0,1.4,0.2370372223540915,0.23747381164647346,0.38126309417676335,0.3814813888229542,0.000436589292381967,0.00021829464619083083
0.065,5.0,10.0,0.6,0.2370372223540915,0.23722332259818968,0.38138833870090516,0.3814813888229542,0.0001861002440981807,9.305012204902097e-05
0.065,5.0,10.0,1.0,0.2370372223540915,0.23799515144809374,0.38100242427595304,0.3814813888229542,0.0009579290940022467,0.0004789645470011372
0.065,5.0,10.0,1.4,0.2370372223540915,0.23745878966982553,0.38127060516508726,0.3814813888229542,0.00042156731573403383,0.00021078365786691977
0.065,5.0,15.0,0.6,0.23703722235409175,0.23723077390994204,0.3813846130450291,0.381481388822954,0.00019355155585029649,9.677577792494008e-05
0.065,5.0,15.0,1.0,0.23703722235409175,0.2378857101932502,0.3810571449033749,0.381481388822954,0.0008484878391584461,0.0004242439195791259
0.065,5.0,15.0,1.4,0.23703722235409175,0.2374177681574592,0.38129111592127046,0.381481388822954,0.0003805458033674658,0.0001902729016835525
0.065,6.0,5.0,0.6,0.21500772241860402,0.22330344641391373,0.3883482767930432,0.39249613879069806,0.0082957239953097,0.004147861997654878
0.065,6.0,5.0,1.0,0.22155724570158242,0.23227627697394168,0.3838618615130292,0.3892213771492088,0.010719031272359264,0.00535951563617959
0.065,6.0,5.0,1.4,0.22155724570158242,0.22608582072134423,0.3869570896393278,0.3892213771492088,0.00452857501976181,0.0022642875098810022
0.065,6.0,10.0,0.6,0.22068010319208356,0.22344138063403246,0.38827930968298374,0.3896599484039583,0.0027612774419489006,0.0013806387209745474
0.065,6.0,10.0,1.0,0.22155724570158242,0.23194218698262778,0.38402890650868615,0.3892213771492088,0.010384941281045362,0.0051924706405226395
0.065,6.0,10.0,1.4,0.22155724570158242,0.2260459131481774,0.3869770434259114,0.3892213771492088,0.004488667446594985,0.002244333723297409
0.065,6.0,15.0,0.6,0.2215572457015813,0.2235598731173512,0.3882200634413243,0.3892213771492094,0.0020026274157698976,0.0010013137078850876
0.065,6.0,15.0,1.0,0.2215572457015813,0.2308774391649929,0.38456128041750354,0.3892213771492094,0.009320193463411591,0.004660096731705865
0.065,6.0,15.0,1.4,0.2215572457015813,0.2256898427427279,0.387155078628636,0.3892213771492094,0.004132597041146602,0.002066298520573384
0.065,7.0,5.0,0.6,0.1907877828285426,0.20601168251989502,0.3969941587400525,0.4046061085857289,0.015223899691352405,0.007611949845676369
0.065,7.0,5.0,1.0,0.203680584337168,0.22006856681889744,0.38996571659055135,0.3981597078314159,0.01638798248172943,0.008193991240864562
0.065,7.0,5.0,1.4,0.203680584337168,0.21050764318528897,0.3947461784073556,0.3981597078314159,0.006827058848120959,0.003413529424060313
0.065,7.0,10.0,0.6,0.2010553855401422,0.20655880849913372,0.3967205957504331,0.3994723072299289,0.005503422958991505,0.0027517114794957664
0.065,7.0,10.0,1.0,0.203680584337168,0.21979132486594663,0.39010433756702667,0.3981597078314159,0.016110740528778617,0.008055370264389239
0.065,7.0,10.0,1.4,0.203680584337168,0.21050764318528897,0.3947461784073556,0.3981597078314159,0.006827058848120959,0.003413529424060313
0.065,7.0,15.0,0.6,0.20368058433716824,0.20665189821990412,0.3966740508900479,0.3981597078314159,0.0029713138827358876,0.0014856569413679854
0.065,7.0,15.0,1.0,0.20368058433716824,0.21830060410286314,0.3908496979485685,0.3981597078314159,0.014620019765694908,0.0073100098828474125
0.065,7.0,15.0,1.4,0.20368058433716824,0.21008200612629802,0.394958996936851,0.3981597078314159,0.00640142178912978,0.0032007108945649176
0.065,8.0,5.0,0.6,0.1654800515745558,0.18678119683373756,0.40660940158313125,0.4172599742127222,0.021301145259181753,0.01065057262959096
0.065,8.0,5.0,1.0,0.18433838364637853,0.20418674663397335,0.3979066266830134,0.4078308081768107,0.01984836298759482,0.009924181493797313
0.065,8.0,5.0,1.4,0.18433838364637853,0.1925489723806319,0.40372551380968413,0.4078308081768107,0.008210588734253371,0.0041052943671265885
0.065,8.0,10.0,0.6,0.17971853827670634,0.18781889372766364,0.4060905531361682,0.41014073086164676,0.008100355450957303,0.004050177725478554
0.065,8.0,10.0,1.0,0.18433838364637853,0.20410951076401648,0.39794524461799174,0.4078308081768107,0.019771127117637954,0.009885563558818977
0.065,8.0,10.0,1.4,0.18433838364637853,0.1925489723806319,0.40372551380968413,0.4078308081768107,0.008210588734253371,0.0041052943671265885
0.065,8.0,15.0,0.6,0.1843383836463776,0.1878334268622841,0.4060832865688578,0.4078308081768113,0.0034950432159064904,0.001747521607953495
0.065,8.0,15.0,1.0,0.1843383836463776,0.20245299905204794,0.3987735004739761,0.4078308081768113,0.01811461540567033,0.009057307702835193
0.065,8.0,15.0,1.4,0.1843383836463776,0.19216944897522273,0.40391527551238865,0.4078308081768113,0.007831065328845116,0.003915532664422627
0.065,9.0,5.0,0.6,0.1399143083425401,0.16650539285533947,0.41674730357233025,0.43004284582873,0.026591084512799373,0.013295542256399728
0.065,9.0,5.0,1.0,0.16418661929139372,0.1863906375940708,0.4068046812029647,0.4179066903543033,0.02220401830267707,0.011102009151338577
0.065,9.0,5.0,1.4,0.16418661929139372,0.17322546759876795,0.4133872662006161,0.4179066903543033,0.009038848307374225,0.004519424153687168
0.065,9.0,10.0,0.6,0.15757770903277207,0.168041499554269,0.4159792502228655,0.42121114548361405,0.01046379052149693,0.00523189526074852
0.065,9.0,10.0,1.0,0.16418661929139372,0.1863906375940708,0.4068046812029647,0.4179066903543033,0.02220401830267707,0.011102009151338577
0.065,9.0,10.0,1.4,0.16418661929139372,0.17322546759876795,0.4133872662006161,0.4179066903543033,0.009038848307374225,0.004519424153687168
0.065,9.0,15.0,0.6,0.16397055818140546,0.16795695147580833,0.41602152426209577,0.41801472090929725,0.003986393294402868,0.0019931966472014895
0.065,9.0,15.0,1.0,0.1641866192913924,0.1847029285474009,0.40764853572629944,0.4179066903543038,0.020516309256008503,0.010258154628004335
0.065,9.0,15.0,1.4,0.1641866192913924,0.17294643181574676,0.4135267840921267,0.4179066903543038,0.008759812524354371,0.004379906262177102
0.065,10.0,5.0,0.6,0.11456068978057592,0.14575267476326279,0.4271236626183686,0.4427196551097121,0.03119198498268687,0.015595992491343524
0.065,10.0,5.0,1.0,0.1436748114281447,0.1675421913985544,0.4162289043007228,0.42816259428592757,0.02386737997040969,0.011933689985204776
0.065,10.0,5.0,1.4,0.1436748114281447,0.15320461564426863,0.42339769217786566,0.42816259428592757,0.009529804216123927,0.004764902108061908
0.065,10.0,10.0,0.6,0.13518401164555865,0.1477648892318646,0.4261175553840677,0.43240799417722064,0.012580877586305939,0.0062904387931529415
0.065,10.0,10.0,1.0,0.1436748114281447,0.1675421913985544,0.4162289043007228,0.42816259428592757,0.02386737997040969,0.011933689985204776
0.065,10.0,10.0,1.4,0.1436748114281447,0.15320461564426863,0.42339769217786566,0.42816259428592757,0.009529804216123927,0.004764902108061908
0.065,10.0,15.0,0.6,0.14271575074704795,0.14757581438094863,0.4262120928095256,0.428642124626476,0.00486006363390068,0.0024300318169503954
0.065,10.0,15.0,1.0,0.14367481142814406,0.16589493154132473,0.41705253422933775,0.42816259428592796,0.02222012011318067,0.01111006005659021
0.065,10.0,15.0,1.4,0.14367481142814406,0.15305002647708288,0.42347498676145856,0.42816259428592796,0.009375215048938818,0.004687607524469395
0.065,11.0,5.0,0.6,0.08969028098009646,0.12489031026971413,0.43755484486514284,0.4551548595099519,0.03520002928961767,0.017600014644809037
0.065,11.0,5.0,1.0,0.12310801525470601,0.1481340950987381,0.4259329524506309,0.4384459923726469,0.025026079844032087,0.012513039922016023
0.065,11.0,5.0,1.4,0.12310801525470601,0.13291639234629377,0.4335418038268531,0.4384459923726469,0.009808377091587758,0.004904188545793831
0.065,11.0,10.0,0.6,0.11287949284125934,0.12734480343464946,0.43632759828267526,0.44356025357937023,0.014465310593390124,0.007232655296694979
0.065,11.0,10.0,1.0,0.12310801525470601,0.1481340950987381,0.4259329524506309,0.4384459923726469,0.025026079844032087,0.012513039922016023
0.065,11.0,10.0,1.4,0.12310801525470601,0.13300963546077535,0.43349518226961237,0.4384459923726469,0.009901620206069342,0.004950810103034553
0.065,11.0,15.0,0.6,0.12140772602329096,0.12705285900151148,0.43647357049924423,0.4392961369883545,0.005645132978220516,0.0028225664891102786
0.065,11.0,15.0,1.0,0.12310801525470502,0.14656554899824956,0.4267172255008752,0.43844599237264753,0.023457533743544534,0.011728766871772323
0.065,11.0,15.0,1.4,0.12310801525470502,0.13289457340972685,0.43355271329513656,0.43844599237264753,0.00978655815502183,0.00489327907751097
0.065,12.0,5.0,0.6,0.06545825542101653,0.10415784623604037,0.4479210768819798,0.4672708722894917,0.03869959081502383,0.019349795407511916
0.065,12.0,5.0,1.0,0.10269219562825548,0.1285331721348491,0.43573341393257553,0.4486539021858723,0.02584097650659363,0.01292048825329678
0.065,12.0,5.0,1.4,0.10269219562825548,0.11264150981072621,0.4436792450946369,0.4486539021858723,0.009949314182470734,0.0049746570912354016
0.065,12.0,10.0,0.6,0.0908785800084667,0.107017519454478,0.44649124027276105,0.45456070999576664,0.016138939446011302,0.008069469723005596
0.065,12.0,10.0,1.0,0.10269219562825548,0.1285331721348491,0.43573341393257553,0.4486539021858723,0.02584097650659363,0.01292048825329678
0.065,12.0,10.0,1.4,0.10269219562825548,0.1128383733092993,0.4435808133453502,0.4486539021858723,0.010146177681043825,0.0050730888405221
0.065,12.0,15.0,0.6,0.10028024704009403,0.10662765503277896,0.44668617248361053,0.449859876479953,0.006347407992684934,0.0031737039963424807
0.065,12.0,15.0,1.0,0.10269219562825536,0.12706311655402988,0.43646844172298505,0.4486539021858723,0.024370920925774517,0.012185460462887265
0.065,12.0,15.0,1.4,0.10269219562825536,0.11275259134613098,0.44362370432693454,0.4486539021858723,0.01006039571787562,0.005030197858937768
0.065,13.0,5.0,0.6,0.04194976842672261,0.08371182716799029,0.4581440864160048,0.47902511578663864,0.041762058741267684,0.020881029370633852
0.065,13.0,5.0,1.0,0.08256545796056101,0.10897943462209957,0.4455102826889502,0.45871727101971954,0.026413976661538552,0.013206988330769331
0.065,13.0,5.0,1.4,0.08256545796056101,0.09256448926771634,0.4537177553661418,0.45871727101971954,0.00999903130715532,0.004999515653577757
0.065,13.0,10.0,0.6,0.0693152509447586,0.08694000350485365,0.4565299982475733,0.4653423745276206,0.017624752560095047,0.00881237628004733
0.065,13.0,10.0,1.0,0.08256545796056101,0.10897943462209957,0.4455102826889502,0.45871727101971954,0.026413976661538552,0.013206988330769331
0.065,13.0,10.0,1.4,0.08256545796056101,0.09286077816708381,0.45356961091645803,0.45871727101971954,0.010295320206522796,0.005147660103261509
0.065,13.0,15.0,0.6,0.07948405432586095,0.08659363754501667,0.4567031812274916,0.46025797283706965,0.007109583219155724,0.0035547916095780563
0.065,13.0,15.0,1.0,0.08256545796056064,0.10761707682222826,0.4461914615888859,0.45871727101971976,0.025051618861667624,0.012525809430833867
0.065,13.0,15.0,1.4,0.08256545796056064,0.09280431607341032,0.45359784196329483,0.45871727101971976,0.010238858112849678,0.005119429056424929
0.065,14.0,5.0,0.6,0.019206579643380947,0.06365376243176213,0.4681731187841188,0.49039671017830966,0.04444718278838118,0.022223591394190834
0.065,14.0,5.0,1.0,0.06281918520599213,0.08963123733980959,0.45518438133009526,0.46859040739700397,0.02681205213381746,0.013406026066908716
0.065,14.0,5.0,1.4,0.06281918520599213,0.0728064669604785,0.46359676651976073,0.46859040739700397,0.009987281754486377,0.004993640877243244
0.065,14.0,10.0,0.6,0.04827148494552246,0.06721578159629515,0.4663921092018525,0.4758642575272388,0.018944296650772692,0.009472148325386343
0.065,14.0,10.0,1.0,0.06281918520599213,0.08963123733980959,0.45518438133009526,0.46859040739700397,0.02681205213381746,0.013406026066908716
0.065,14.0,10.0,1.4,0.06281918520599213,0.07319665208666482,0.4634016739566676,0.46859040739700397,0.01037746688067269,0.005188733440336379
0.065,14.0,15.0,0.6,0.059115340445463904,0.06691573530070412,0.46654213234964803,0.470442329777268,0.007800394855240214,0.003900197427619989
0.065,14.0,15.0,1.0,0.06281918520599127,0.08837961538317607,0.455810192308412,0.4685904073970044,0.025560430177184804,0.012780215088592395
0.065,14.0,15.0,1.4,0.06281918520599127,0.0731687186621854,0.46341564066890734,0.4685904073970044,0.010349533456194132,0.00517476672809708
0.065,15.0,5.0,0.6,0.002756887516031189,0.04404805253475529,0.4779759737326223,0.5013784437580157,0.0412911650187241,0.023402470025393363
0.065,15.0,5.0,1.0,0.04351234935453165,0.07059299847664681,0.46470350076167655,0.4782438253227341,0.027080649122115157,0.013540324561057526
0.065,15.0,5.0,1.4,0.04351234935453165,0.05350374154746732,0.4732481292262664,0.4782438253227341,0.00999139219293567,0.004995696096467661
0.065,15.0,10.0,0.6,0.02779500643394053,0.04791187802414411,0.47604406098792795,0.48610249678302986,0.02011687159020358,0.010058435795101905
0.065,15.0,10.0,1.0,0.04351234935453165,0.07059299847664681,0.46470350076167655,0.4782438253227341,0.027080649122115157,0.013540324561057526
0.065,15.0,10.0,1.4,0.04351234935453165,0.05392402129983288,0.47303798935008345,0.4782438253227341,0.01041167194530123,0.005205835972650619
0.065,15.0,15.0,0.6,0.039233808255748584,0.04765692136269945,0.47617153931865014,0.4803830958721258,0.008423113106950868,0.004211556553475659
0.065,15.0,15.0,1.0,0.043512349354530765,0.06945151663733037,0.4652742416813349,0.4782438253227346,0.02593916728279961,0.012969583641399662
0.065,15.0,15.0,1.4,0.043512349354530765,0.053923380491158135,0.4730383097544209,0.4782438253227346,0.01041103113662737,0.005205515568313668
0.065,16.0,5.0,0.6,0.007910663177434735,0.024933738784161812,0.48753313060791903,0.5119717763272723,0.017023075606727077,0.02443864571935328
0.065,16.0,5.0,1.0,0.024681275008740237,0.0519327622997577,0.4740336188501212,0.48765936249562986,0.02725148729101746,0.01362574364550867
0.065,16.0,5.0,1.4,0.024681275008740237,0.034743084095551845,0.4826284579522241,0.48765936249562986,0.010061809086811608,0.0050309045434057675
0.065,16.0,10.0,0.6,0.007910663177434735,0.02907009564688005,0.48546495217656005,0.4960446684112827,0.021159432469445315,0.010579716234722647
0.065,16.0,10.0,1.0,0.024681275008740237,0.0519327622997577,0.4740336188501212,0.48765936249562986,0.02725148729101746,0.01362574364550867
0.065,16.0,10.0,1.4,0.024681275008740237,0.03509231533628083,0.4824538423318596,0.48765936249562986,0.010411040327540592,0.005205520163770239
0.065,16.0,15.0,0.6,0.019874409614009245,0.028858382491826078,0.4855708087540869,0.4900627951929954,0.008983972877816833,0.0044919864389084685
0.065,16.0,15.0,1.0,0.024681275008739567,0.05089869512679536,0.4745506524366024,0.4876593624956303,0.026217420118055793,0.013108710059027917
0.065,16.0,15.0,1.4,0.024681275008739567,0.03511751057021359,0.48244124471489314,0.4876593624956303,0.010436235561474022,0.005218117780737164
0.07,4.0,5.0,0.6,0.2782269799259434,0.2829888299627275,0.3585055850186362,0.36088651003702815,0.004761850036784088,0.002380925018391933
0.07,4.0,5.0,1.0,0.27034567396482756,0.28020335930518114,0.35989832034740943,0.3648271630175863,0.009857685340353584,0.004928842670176847
0.07,4.0,5.0,1.4,0.2758541850041666,0.28020335930518114,0.35989832034740943,0.36207290749791665,0.004349174301014558,0.0021745871505072234
0.07,4.0,10.0,0.6,0.2782269799259434,0.28020335930518114,0.35989832034740943,0.36088651003702815,0.001976379379237725,0.0009881896896187237
0.07,4.0,10.0,1.0,0.27097171188208136,0.28020335930518114,0.35989832034740943,0.3645141440589593,0.009231647423099787,0.0046158237115498935
0.07,4.0,10.0,1.4,0.2761005220617211,0.28020335930518114,0.35989832034740943,0.3619497389691394,0.004102837243460056,0.0020514186217299724
0.07,4.0,15.0,0.6,0.27822697992594364,0.2802033593051814,0.3598983203474094,0.3608865100370282,0.0019763793792377804,0.0009881896896188347
0.07,4.0,15.0,1.0,0.272114866876658,0.2802033593051814,0.3598983203474094,0.36394256656167095,0.008088492428523442,0.004044246214261582
0.07,4.0,15.0,1.4,0.2765538032556324,0.2802033593051814,0.3598983203474094,0.36172309837218386,0.00364955604954903,0.0018247780247744871
0.07,5.0,5.0,0.6,0.2635612101099148,0.2671300223736466,0.3664349888131767,0.3682193949450427,0.003568812263731791,0.0017844061318659787
0.07,5.0,5.0,1.0,0.26619452996415843,0.2714968969380493,0.3642515515309754,0.3669027350179207,0.00530236697389086,0.002651183486945319
0.07,5.0,5.0,1.4,0.26619452996415843,0.26847461707892,0.36576269146053997,0.3669027350179207,0.0022800871147615753,0.0011400435573807322
0.07,5.0,10.0,0.6,0.2660328257961606,0.2671300223736466,0.3664349888131767,0.3669835871019196,0.0010971965774859704,0.0005485982887428742
0.07,5.0,10.0,1.0,0.26619452996415843,0.27128114647643337,0.3643594267617834,0.3669027350179207,0.005086616512274933,0.0025433082561373
0.07,5.0,10.0,1.4,0.26619452996415843,0.26841861589576677,0.36579069205211656,0.3669027350179207,0.002224085931608333,0.0011120429658041386
0.07,5.0,15.0,0.6,0.26619452996415777,0.26720392937073206,0.366398035314634,0.36690273501792103,0.0010093994065742962,0.0005046997032870371
0.07,5.0,15.0,1.0,0.26619452996415777,0.2707242858939264,0.3646378570530367,0.36690273501792103,0.00452975592976862,0.0022648779648843376
0.07,5.0,15.0,1.4,0.26619452996415777,0.2682178834598611,0.36589105827006946,0.36690273501792103,0.0020233534957033172,0.0010116767478515754
0.07,6.0,5.0,0.6,0.23926837490423758,0.25067384957833333,0.37466307521083325,0.3803658125478813,0.01140547467409575,0.005702737337048069
0.07,6.0,5.0,1.0,0.24861158744156456,0.2620689877754887,0.36896550611225565,0.3756942062792178,0.013457400333924147,0.006728700166962143
0.07,6.0,5.0,1.4,0.24861158744156456,0.2542369210295608,0.3728815394852197,0.3756942062792178,0.005625333587996245,0.0028126667939981087
0.07,6.0,10.0,0.6,0.24701260068805586,0.25097745441424646,0.3745112727928767,0.376493699655972,0.003964853726190598,0.001982426863095299
0.07,6.0,10.0,1.0,0.24861158744156456,0.2617405223362321,0.3691297388318841,0.3756942062792178,0.013128934894667516,0.006564467447333688
0.07,6.0,10.0,1.4,0.24861158744156456,0.2542369210295608,0.3728815394852197,0.3756942062792178,0.005625333587996245,0.0028126667939981087
0.07,6.0,15.0,0.6,0.24861158744156275,0.2510921187416989,0.37445394062915055,0.3756942062792187,0.002480531300136146,0.0012402656500681286
0.07,6.0,15.0,1.0,0.24861158744156275,0.2604579507330107,0.36977102463349454,0.3756942062792187,0.011846363291447948,0.00592318164572414
0.07,6.0,15.0,1.4,0.24861158744156275,0.25383549056928334,0.37308225471535833,0.3756942062792187,0.005223903127720586,0.0026119515638603485
0.07,7.0,5.0,0.6,0.21287154186418772,0.23119152811549745,0.38440423594225126,0.39356422906790606,0.018319986251309733,0.009159993125654797
0.07,7.0,5.0,1.0,0.22879840110838626,0.2469527759653929,0.3765236120173036,0.3856007994458068,0.018154374857006633,0.009077187428503164
0.07,7.0,5.0,1.4,0.22879840110838626,0.2363368621149794,0.38183156894251036,0.3856007994458068,0.007538461006593139,0.003769230503296417
0.07,7.0,10.0,0.6,0.2251654792002379,0.23198613773103158,0.38400693113448425,0.3874172603998811,0.006820658530793666,0.003410329265396861
0.07,7.0,10.0,1.0,0.22879840110838626,0.24677556991895003,0.37661221504052494,0.3856007994458068,0.01797716881056377,0.00898858440528183
0.07,7.0,10.0,1.4,0.22879840110838626,0.2363368621149794,0.38183156894251036,0.3856007994458068,0.007538461006593139,0.003769230503296417
0.07,7.0,15.0,0.6,0.2287984011083861,0.2320400127590117,0.3839799936204941,0.38560079944580705,0.0032416116506256143,0.001620805825312932
0.07,7.0,15.0,1.0,0.2287984011083861,0.24520019137155605,0.377399904314222,0.38560079944580705,0.016401790263169957,0.008200895131585062
0.07,7.0,15.0,1.4,0.2287984011083861,0.23593317717969106,0.3820334114101544,0.38560079944580705,0.007134776071304971,0.003567388035652652
0.07,8.0,5.0,0.6,0.18574913962432202,0.21006609730037265,0.39496695134981374,0.40712543018783887,0.024316957676050632,0.012158478838025122
0.07,8.0,5.0,1.0,0.20771450981779294,0.2287779551090604,0.38561102244546974,0.39614274509110353,0.02106344529126747,0.01053172264563379
0.07,8.0,5.0,1.4,0.20771450981779294,0.21635858805879174,0.3918207059706042,0.39614274509110353,0.008644078240998804,0.0043220391204993325
0.07,8.0,10.0,0.6,0.20194204200197396,0.2113929680645034,0.3943035159677482,0.39902897899901296,0.009450926062529424,0.004725463031264754
0.07,8.0,10.0,1.0,0.20771450981779294,0.2287779551090604,0.38561102244546974,0.39614274509110353,0.02106344529126747,0.01053172264563379
0.07,8.0,10.0,1.4,0.20771450981779294,0.21635858805879174,0.3918207059706042,0.39614274509110353,0.008644078240998804,0.0043220391204993325
0.07,8.0,15.0,0.6,0.20771450981779302,0.21134839919435447,0.3943258004028227,0.39614274509110353,0.00363388937656145,0.0018169446882808082
0.07,8.0,15.0,1.0,0.20771450981779302,0.22711728943385084,0.3864413552830746,0.39614274509110353,0.019402779616057825,0.009701389808028926
0.07,8.0,15.0,1.4,0.20771450981779302,0.21604154218622287,0.3919792289068886,0.39614274509110353,0.008327032368429854,0.004163516184214955
0.07,9.0,5.0,0.6,0.15863843851697934,0.18814056262907378,0.4059297186854631,0.42068078074151044,0.029502124112094436,0.014751062056047315
0.07,9.0,5.0,1.0,0.1860074997570959,0.20911674709034994,0.3954416264548251,0.40699625012145196,0.023109247333254035,0.011554623666626851
0.07,9.0,5.0,1.4,0.1860074997570959,0.1952937768593059,0.4023531115703471,0.40699625012145196,0.00928627710221,0.004643138551104875
0.07,9.0,10.0,0.6,0.17817714223115882,0.18998602143559473,0.40500698928220263,0.4109114288844206,0.011808879204435907,0.005904439602217981
0.07,9.0,10.0,1.0,0.1860074997570959,0.20911674709034994,0.3954416264548251,0.40699625012145196,0.023109247333254035,0.011554623666626851
0.07,9.0,10.0,1.4,0.1860074997570959,0.1952937768593059,0.4023531115703471,0.40699625012145196,0.00928627710221,0.004643138551104875
0.07,9.0,15.0,0.6,0.18528776876585165,0.1898311484208181,0.4050844257895909,0.40735611561707424,0.004543379654966456,0.0022716898274833253
0.07,9.0,15.0,1.0,0.18600749975709582,0.20747513617388114,0.39626243191305943,0.406996250121452,0.021467636416785313,0.010733818208392587
0.07,9.0,15.0,1.4,0.18600749975709582,0.19510201159788892,0.4024489942010555,0.406996250121452,0.009094511840793101,0.004547255920396509
0.07,10.0,5.0,0.6,0.13194815153888992,0.16594021349534857,0.4170298932523257,0.434025924230555,0.03399206195645865,0.016996030978229326
0.07,10.0,5.0,1.0,0.16410699866872863,0.18861164593969226,0.4056941770301538,0.41794650066563555,0.02450464727096363,0.012252323635481732
0.07,10.0,5.0,1.4,0.16410699866872863,0.1737569656404811,0.4131215171797595,0.41794650066563555,0.009649966971752466,0.0048249834858760665
0.07,10.0,10.0,0.6,0.1543683500400883,0.16827002419200057,0.4158649879039998,0.4228158249799559,0.013901674151912263,0.006950837075956118
0.07,10.0,10.0,1.0,0.16410699866872863,0.18861164593969226,0.4056941770301538,0.41794650066563555,0.02450464727096363,0.012252323635481732
0.07,10.0,10.0,1.4,0.16410699866872863,0.17382515988269429,0.41308742005865284,0.41794650066563555,0.009718161213965654,0.004859080606982702
0.07,10.0,15.0,0.6,0.16259222555226308,0.16800442983267183,0.41599778508366403,0.4187038872238684,0.0054122042804087556,0.0027061021402043917
0.07,10.0,15.0,1.0,0.1641069986687281,0.1870425471246554,0.4064787264376724,0.41794650066563593,0.022935548455927296,0.011467774227963523
0.07,10.0,15.0,1.4,0.1641069986687281,0.17370488248726387,0.41314755875636805,0.41794650066563593,0.009597883818535768,0.004798941909267884
0.07,11.0,5.0,0.6,0.10590652948290845,0.1437973898171096,0.4281013050914452,0.4470467352585458,0.03789086033420115,0.018945430167100652
0.07,11.0,5.0,1.0,0.14229646188216227,0.16777013958505502,0.4161149302074725,0.4288517690589188,0.025473677702892744,0.01273683885144633
0.07,11.0,5.0,1.4,0.14229646188216227,0.15213641593287133,0.4239317920335643,0.4288517690589188,0.00983995405070906,0.004919977025354516
0.07,11.0,10.0,0.6,0.13081794308951492,0.14657092662755108,0.42671453668622455,0.4345910284552425,0.01575298353803617,0.007876491769017946
0.07,11.0,10.0,1.0,0.14229646188216227,0.16777013958505502,0.4161149302074725,0.4288517690589188,0.025473677702892744,0.01273683885144633
0.07,11.0,10.0,1.4,0.14229646188216227,0.1523157715688641,0.423842114215568,0.4288517690589188,0.010019309686701838,0.005009654843350808
0.07,11.0,15.0,0.6,0.1400123575998796,0.1461992816663831,0.42690035916680846,0.4299938212000603,0.0061869240665035075,0.003093462033251837
0.07,11.0,15.0,1.0,0.14229646188216136,0.16630044440261424,0.416849777798693,0.42885176905891936,0.024003982520452882,0.012001991260226386
0.07,11.0,15.0,1.4,0.14229646188216136,0.15222634755696957,0.4238868262215152,0.42885176905891936,0.009929885674808209,0.004964942837404174
0.07,12.0,5.0,0.6,0.08063770633792788,0.1219238294221794,0.4390380852889103,0.4596811468310361,0.041286123084251516,0.020643061542125807
0.07,12.0,5.0,1.0,0.12076197812454105,0.14691380250122524,0.4265430987493874,0.4396190109377295,0.026151824376684188,0.013075912188342087
0.07,12.0,5.0,1.4,0.12076197812454105,0.13068038858742018,0.4346598057062899,0.4396190109377295,0.009918410462879126,0.004959205231439556
0.07,12.0,10.0,0.6,0.10771029499896646,0.12510005804711413,0.4374499709764429,0.4461448525005167,0.01738976304814767,0.008694881524073828
0.07,12.0,10.0,1.0,0.12076197812454105,0.14691380250122524,0.4265430987493874,0.4396190109377295,0.026151824376684188,0.013075912188342087
0.07,12.0,10.0,1.4,0.12076197812454105,0.13096681548311434,0.4345165922584428,0.4396190109377295,0.01020483735857329,0.00510241867928668
0.07,12.0,15.0,0.6,0.11775302521482825,0.12475286041392077,0.4376235697930397,0.44112348739258583,0.006999835199092516,0.003499917599546154
0.07,12.0,15.0,1.0,0.12076197812454091,0.14555593878066164,0.42722203060966923,0.43961901093772965,0.02479396065612073,0.012396980328060414
0.07,12.0,15.0,1.4,0.12076197812454091,0.1309086064969244,0.43454569675153776,0.43961901093772965,0.01014662837238349,0.005073314186191891
0.07,13.0,5.0,0.6,0.056203635954114164,0.10045397452695246,0.4497730127365238,0.47189818202294304,0.04425033857283829,0.022125169286419222
0.07,13.0,5.0,1.0,0.09962443240339215,0.1262491681119949,0.43687541594400253,0.45018778379830393,0.026624735708602756,0.013312367854301399
0.07,13.0,5.0,1.4,0.09962443240339215,0.10954810361283884,0.4452259481935806,0.45018778379830393,0.009923671209446691,0.0049618356047233525
0.07,13.0,10.0,0.6,0.08515627679983495,0.10399392851531648,0.44800303574234174,0.4574218616000826,0.018837651715481532,0.009418825857740842
0.07,13.0,10.0,1.0,0.09962443240339215,0.1262491681119949,0.43687541594400253,0.45018778379830393,0.026624735708602756,0.013312367854301399
0.07,13.0,10.0,1.4,0.09962443240339215,0.1099356549796474,0.44503217251017635,0.45018778379830393,0.010311222576255247,0.005155611288127582
0.07,13.0,15.0,0.6,0.09594231590221614,0.10369577681355358,0.4481521115932231,0.45202884204889193,0.00775346091133744,0.003876730455668831
0.07,13.0,15.0,1.0,0.09962443240339162,0.1250074631050555,0.4374962684474722,0.4501877837983042,0.02538303070166388,0.012691515350832017
0.07,13.0,15.0,1.4,0.09962443240339162,0.1099079104777226,0.4450460447611387,0.4501877837983042,0.01028347807433097,0.005141739037165527
0.07,14.0,5.0,0.6,0.032628284055721796,0.0794716754880563,0.4602641622559719,0.4836858579721391,0.0468433914323345,0.0234216957161672
0.07,14.0,5.0,1.0,0.07896064383244965,0.10590931353524033,0.44704534323237993,0.46051967808377525,0.02694866970279068,0.01347433485139532
0.07,14.0,5.0,1.4,0.07896064383244965,0.08891023833857051,0.45554488083071476,0.46051967808377525,0.00994959450612086,0.004974797253060492
0.07,14.0,10.0,0.6,0.06321980636785919,0.08333937857535183,0.4583303107123241,0.46839009681607047,0.020119572207492636,0.01005978610374636
0.07,14.0,10.0,1.0,0.07896064383244965,0.10590931353524033,0.44704534323237993,0.46051967808377525,0.02694866970279068,0.01347433485139532
0.07,14.0,10.0,1.4,0.07896064383244965,0.08932278205902318,0.45533860897048833,0.46051967808377525,0.01036213822657353,0.005181069113286918
0.07,14.0,15.0,0.6,0.07465848958127001,0.08308902414678898,0.45845548792660556,0.462670755209365,0.008430534565518968,0.0042152672827594495
0.07,14.0,15.0,1.0,0.07896064383244895,0.1047834916185146,0.44760825419074274,0.4605196780837755,0.02582284778606564,0.012911423893032736
0.07,14.0,15.0,1.4,0.07896064383244895,0.08932417477703547,0.4553379126114823,0.4605196780837755,0.010363530944586516,0.005181765472293154
0.07,15.0,5.0,0.6,0.009912129234843168,0.05902710537843132,0.4704864473107844,0.4950439353825785,0.049114976143588146,0.024557488071794142
0.07,15.0,5.0,1.0,0.05881737162975698,0.08597920487769219,0.45701039756115397,0.4705913141851215,0.027161833247935203,0.013580916623967543
0.07,15.0,5.0,1.4,0.05881737162975698,0.0688534792916862,0.46557326035415697,0.4705913141851215,0.010036107661929215,0.005018053830964542
0.07,15.0,10.0,0.6,0.04193427086810967,0.06318979393537717,0.46840510303231137,0.47903286456594524,0.021255523067267502,0.010627761533633873
0.07,15.0,10.0,1.0,0.05881737162975698,0.08597920487769219,0.45701039756115397,0.4705913141851215,0.027161833247935203,0.013580916623967543
0.07,15.0,10.0,1.4,0.05881737162975698,0.06919079086626541,0.4654046045668672,0.4705913141851215,0.010373419236508426,0.005186709618254293
0.07,15.0,15.0,0.6,0.05394689224720641,0.06298522431095506,0.46850738784452234,0.47302655387639686,0.009038332063748648,0.004519166031874522
0.07,15.0,15.0,1.0,0.05881737162975636,0.08496637961589093,0.4575168101920545,0.4705913141851218,0.02614900798613457,0.01307450399306731
0.07,15.0,15.0,1.4,0.05881737162975636,0.06921971573179918,0.46539014213410046,0.4705913141851218,0.01040234410204282,0.00520117205102133
0.07,16.0,5.0,0.6,0.0031168849733541064,0.0392207092569287,0.48038964537153556,0.5059794397105829,0.036103824283574594,0.025589794339047345
0.07,16.0,5.0,1.0,0.0392207092569287,0.06651165353394062,0.4667441732330297,0.48038964537153556,0.027290944277011918,0.013645472138505865
0.07,16.0,5.0,1.4,0.0392207092569287,0.04931099535811991,0.47534450232094005,0.48038964537153556,0.010090286101191212,0.005045143050595502
0.07,16.0,10.0,0.6,0.021312974330147432,0.04357576682041569,0.47821211658979224,0.48934351283492633,0.022262792490268257,0.011131396245134095
0.07,16.0,10.0,1.0,0.0392207092569287,0.06651165353394062,0.4667441732330297,0.48038964537153556,0.027290944277011918,0.013645472138505865
0.07,16.0,10.0,1.4,0.0392207092569287,0.049576649945495495,0.47521167502725226,0.48038964537153556,0.010355940688566795,0.0051779703442833
0.07,16.0,15.0,0.6,0.033830849077558026,0.04341459415922288,0.47829270292038856,0.4830845754612209,0.009583745081664853,0.004791872540832354
0.07,16.0,15.0,1.0,0.03922070925692797,0.06560749391661519,0.46719625304169243,0.480389645371536,0.026386784659687218,0.013193392329843567
0.07,16.0,15.0,1.4,0.03922070925692797,0.049631393639562184,0.47518430318021887,0.480389645371536,0.010410684382634212,0.0052053421913171305
0.075,4.0,5.0,0.6,0.3073561172014399,0.3097060655482565,0.3451469672258717,0.34632194139928,0.0023499483468166216,0.0011749741734083385
0.075,4.0,5.0,1.0,0.3038500599063313,0.3082003383002817,0.34589983084985915,0.34807497004683424,0.004350278393950413,0.0021751391969750955
0.075,4.0,5.0,1.4,0.3062937720529337,0.3082003383002817,0.34589983084985915,0.3468531139735332,0.0019065662473480294,0.0009532831236740424
0.075,4.0,10.0,0.6,0.3073561172014399,0.3082003383002817,0.34589983084985915,0.34632194139928,0.000844221098841802,0.0004221105494208732
0.075,4.0,10.0,1.0,0.3040836086018832,0.3082003383002817,0.34589983084985915,0.3479581956990584,0.004116729698398491,0.0020583648491992457
0.075,4.0,10.0,1.4,0.30637817649548327,0.3082003383002817,0.34589983084985915,0.3468109117522584,0.001822161804798439,0.000911080902399275
0.075,4.0,15.0,0.6,0.3073532631803122,0.30820033830028176,0.3458998308498592,0.3463233684098438,0.0008470751199695647,0.0004235375599845881
0.075,4.0,15.0,1.0,0.3045751699839298,0.30820033830028176,0.3458998308498592,0.3477124150080351,0.0036251683163519566,0.0018125841581759228
0.075,4.0,15.0,1.4,0.30656868093001327,0.30820033830028176,0.3458998308498592,0.3467156595349934,0.0016316573702684911,0.00081582868513419
0.075,5.0,5.0,0.6,0.28721184533632127,0.2935535386623772,0.3532232306688114,0.3563940773318394,0.006341693326055942,0.0031708466630280263
0.075,5.0,5.0,1.0,0.29210845989327666,0.3007109378108833,0.34964453109455845,0.35394577005336175,0.008602477917606655,0.0043012389588032995
0.075,5.0,5.0,1.4,0.29210845989327666,0.2957687597621657,0.35211562011891717,0.35394577005336175,0.00366029986888905,0.0018301499344445804
0.075,5.0,10.0,0.6,0.291567292412454,0.29362135464059236,0.3531893226797039,0.354216353793773,0.0020540622281383647,0.001027031114069099
0.075,5.0,10.0,1.0,0.29210845989327666,0.3004129138139999,0.34979354309300004,0.35394577005336175,0.008304453920723265,0.004152226960361716
0.075,5.0,10.0,1.4,0.29210845989327666,0.295714893290036,0.35214255335498207,0.35394577005336175,0.003606433396759312,0.0018032166983796838
0.075,5.0,15.0,0.6,0.29210845989327594,0.29372772989404405,0.35313613505297803,0.3539457700533621,0.0016192700007681138,0.0008096350003840569
0.075,5.0,15.0,1.0,0.29210845989327594,0.2995409452013538,0.350229527399323,0.3539457700533621,0.007432485308077885,0.0037162426540390814
0.075,5.0,15.0,1.4,0.29210845989327594,0.2954142597951017,0.3522928701024491,0.3539457700533621,0.003305799901825779,0.0016528999509130005
0.075,6.0,5.0,0.6,0.2605457272085598,0.2747822765668364,0.36260886171658174,0.3697271363957202,0.014236549358276618,0.007118274679138448
0.075,6.0,5.0,1.0,0.2725530848225364,0.2880423474238076,0.3559788262880962,0.36372345758873176,0.015489262601271203,0.007744631300635574
0.075,6.0,5.0,1.4,0.2725530848225364,0.27901310386142136,0.36049344806928924,0.36372345758873176,0.00646001903888499,0.0032300095194425227
0.075,6.0,10.0,0.6,0.2701588041873365,0.2752762637815428,0.3623618681092286,0.3649205979063318,0.005117459594206286,0.0025587297971031986
0.075,6.0,10.0,1.0,0.2725530848225364,0.28776436678309003,0.35611781660845504,0.36372345758873176,0.015211281960553658,0.007605640980276718
0.075,6.0,10.0,1.4,0.2725530848225364,0.27901310386142136,0.36049344806928924,0.36372345758873176,0.00646001903888499,0.0032300095194425227
0.075,6.0,15.0,0.6,0.2725530848225354,0.275370475354911,0.36231476232254445,0.36372345758873226,0.0028173905323756188,0.0014086952661878094
0.075,6.0,15.0,1.0,0.2725530848225354,0.2863473442095939,0.35682632789520313,0.36372345758873226,0.013794259387058527,0.006897129693529125
0.075,6.0,15.0,1.4,0.2725530848225354,0.278602298957973,0.36069885052101347,0.36372345758873226,0.0060492141354376305,0.0030246070677187875
0.075,7.0,5.0,0.6,0.23223116450844772,0.2533263201687627,0.3733368399156186,0.38388441774577625,0.021095155660315,0.01054757783015764
0.075,7.0,5.0,1.0,0.2509617196720115,0.27037412047410975,0.36481293976294515,0.37451914016399424,0.019412400802098273,0.009706200401049081
0.075,7.0,5.0,1.4,0.2509617196720115,0.2589939001711994,0.37050304991440025,0.37451914016399424,0.008032180499187913,0.004016090249593984
0.075,7.0,10.0,0.6,0.2463312488073008,0.2543692805485511,0.3728153597257245,0.3768343755963496,0.008038031741250312,0.004019015870625087
0.075,7.0,10.0,1.0,0.2509617196720115,0.27031726328920525,0.3648413683553974,0.37451914016399424,0.01935554361719377,0.009677771808596858
0.075,7.0,10.0,1.4,0.2509617196720115,0.2589939001711994,0.37050304991440025,0.37451914016399424,0.008032180499187913,0.004016090249593984
0.075,7.0,15.0,0.6,0.25096171967201053,0.25437642662613613,0.3728117866869319,0.37451914016399485,0.0034147069541256014,0.0017073534770629673
0.075,7.0,15.0,1.0,0.25096171967201053,0.2687098369042552,0.36564508154787245,0.37451914016399485,0.017748117232244676,0.008874058616122393
0.075,7.0,15.0,1.4,0.25096171967201053,0.25863252287308647,0.37068373856345677,0.37451914016399485,0.0076708032010759375,0.0038354016005380798
0.075,8.0,5.0,0.6,0.20351253311491524,0.23050817229890347,0.3847459138505483,0.3982437334425425,0.02699563918398823,0.013497819591994198
0.075,8.0,5.0,1.0,0.22830006480095533,0.25028902888627125,0.37485548555686443,0.38584996759952234,0.02198896408531592,0.010994482042657905
0.075,8.0,5.0,1.4,0.22830006480095533,0.23721942160087975,0.38139028919956014,0.38584996759952234,0.008919356799924422,0.004459678399962197
0.075,8.0,10.0,0.6,0.22143511200012028,0.23211089729224285,0.38394455135387856,0.3892824439999399,0.01067578529212257,0.005337892646061326
0.075,8.0,10.0,1.0,0.22830006480095533,0.25028902888627125,0.37485548555686443,0.38584996759952234,0.02198896408531592,0.010994482042657905
0.075,8.0,10.0,1.4,0.22830006480095533,0.23721942160087975,0.38139028919956014,0.38584996759952234,0.008919356799924422,0.004459678399962197
0.075,8.0,15.0,0.6,0.22792527175535526,0.23200539467053835,0.3839973026647308,0.3860373641223225,0.0040801229151830876,0.0020400614575916687
0.075,8.0,15.0,1.0,0.22830006480095416,0.24865696970084683,0.3756715151495766,0.38584996759952295,0.02035690489989267,0.010178452449946362
0.075,8.0,15.0,1.4,0.22830006480095416,0.23697492000719617,0.3815125399964019,0.38584996759952295,0.008674855206242005,0.004337427603121058
0.075,9.0,5.0,0.6,0.17504417768719654,0.20711736626601385,0.3964413168669931,0.4124779111564018,0.0320731885788173,0.016036594289408734
0.075,9.0,5.0,1.0,0.20519674040678437,0.22893050126617254,0.3855347493669138,0.39740162979660776,0.023733760859388164,0.011866880429693971
0.075,9.0,5.0,1.4,0.20519674040678437,0.21461456096638398,0.39269271951680806,0.39740162979660776,0.00941782055959961,0.004708910279799694
0.075,9.0,10.0,0.6,0.19623519091351724,0.20925032240560895,0.3953748387971955,0.4018824045432413,0.013015131492091714,0.006507565746045829
0.075,9.0,10.0,1.0,0.20519674040678437,0.22893050126617254,0.3855347493669138,0.39740162979660776,0.023733760859388164,0.011866880429693971
0.075,9.0,10.0,1.4,0.20519674040678437,0.21464233885992237,0.3926788305700388,0.39740162979660776,0.009445598453137999,0.0047227992265689855
0.075,9.0,15.0,0.6,0.20398036050679585,0.20902690199041998,0.39548654900479,0.39800981974660204,0.0050465414836241285,0.0025232707418120226
0.075,9.0,15.0,1.0,0.20519674040678354,0.22735456703346718,0.3863227164832664,0.3974016297966082,0.02215782662668364,0.01107891331334182
0.075,9.0,15.0,1.4,0.20519674040678354,0.2145132604176852,0.3927433697911574,0.3974016297966082,0.009316520010901663,0.004658260005450776
0.075,10.0,5.0,0.6,0.14718001181889342,0.18363621358730112,0.40818189320634946,0.42640999409055325,0.03645620176840769,0.01822810088420379
0.075,10.0,5.0,1.0,0.18205702680892016,0.20698056126081826,0.39650971936959084,0.40897148659553983,0.0249235344518981,0.012461767225948994
0.075,10.0,5.0,1.4,0.18205702680892016,0.19174185099032737,0.40412907450483637,0.40897148659553983,0.009684824181407203,0.004842412090703463
0.075,10.0,10.0,0.6,0.17117893259476166,0.18625661714455374,0.40687169142772306,0.4144105337026193,0.01507768454979208,0.0075388422748962625
0.075,10.0,10.0,1.0,0.18205702680892016,0.20698056126081826,0.39650971936959084,0.40897148659553983,0.0249235344518981,0.012461767225948994
0.075,10.0,10.0,1.4,0.18205702680892016,0.19188796550473847,0.40405601724763074,0.40897148659553983,0.009830938695818303,0.004915469347909096
0.075,10.0,15.0,0.6,0.18001203710840263,0.18591860881298244,0.4070406955935088,0.4099939814457987,0.0059065717045798105,0.0029532858522898775
0.075,10.0,15.0,1.0,0.18205702680891997,0.2055002145561391,0.39724989272193056,0.40897148659554006,0.023443187747219124,0.011721593873609493
0.075,10.0,15.0,1.4,0.18205702680891997,0.19179080270295118,0.4041045986485244,0.40897148659554006,0.00973377589403121,0.0048668879470156745
0.075,11.0,5.0,0.6,0.12011022774539554,0.1603635005655728,0.4198182497172135,0.43994488612730226,0.040253272820177266,0.020126636410088772
0.075,11.0,5.0,1.0,0.15914133135845096,0.18489026197394193,0.40755486901302895,0.42042933432077445,0.025748930615490967,0.012874465307745497
0.075,11.0,5.0,1.4,0.15914133135845096,0.1689500141490172,0.4155249929254915,0.42042933432077445,0.009808682790566237,0.004904341395282952
0.075,11.0,10.0,0.6,0.14653196973426147,0.16342601037362664,0.4182869948131867,0.4267340151328693,0.01689404063936517,0.008447020319682585
0.075,11.0,10.0,1.0,0.15914133135845096,0.18489026197394193,0.40755486901302895,0.42042933432077445,0.025748930615490967,0.012874465307745497
0.075,11.0,10.0,1.4,0.15914133135845096,0.16921119789811603,0.415394401050942,0.42042933432077445,0.010069866539665073,0.005034933269832453
0.075,11.0,15.0,0.6,0.15631111979870388,0.1630718561219416,0.4184640719390292,0.42184444010064803,0.0067607363232377315,0.003380368161618852
0.075,11.0,15.0,1.0,0.1591413313584502,0.18352374221470602,0.408238128892647,0.42042933432077495,0.02438241085625581,0.01219120542812796
0.075,11.0,15.0,1.4,0.1591413313584502,0.16914701381383895,0.4154264930930806,0.42042933432077495,0.010005682455388742,0.0050028412276943435
0.075,12.0,5.0,0.6,0.09393147289380553,0.13748488882337362,0.43125755558831314,0.4530342635530973,0.04355341592956809,0.021776707964784148
0.075,12.0,5.0,1.0,0.13661583314577042,0.16294078509710982,0.4185296074514451,0.43169208342711474,0.02632495195133941,0.013162475975669663
0.075,12.0,5.0,1.4,0.13661583314577042,0.1464572439083754,0.42677137804581233,0.43169208342711474,0.009841410762604974,0.004920705381302404
0.075,12.0,10.0,0.6,0.1224513104827461,0.14094584433813698,0.4295270778309315,0.4387743447586269,0.018494533855390877,0.009247266927695397
0.075,12.0,10.0,1.0,0.13661583314577042,0.16294078509710982,0.4185296074514451,0.43169208342711474,0.02632495195133941,0.013162475975669663
0.075,12.0,10.0,1.4,0.13661583314577042,0.14682742191425782,0.42658628904287105,0.43169208342711474,0.010211588768487406,0.005105794384243689
0.075,12.0,15.0,0.6,0.13305568886698005,0.14064333369870383,0.42967833315064813,0.4334721555665101,0.007587644831723778,0.0037938224158619582
0.075,12.0,15.0,1.0,0.13661583314576994,0.16169498791104703,0.4191525060444765,0.43169208342711507,0.025079154765277084,0.012539577382638556
0.075,12.0,15.0,1.4,0.13661583314576994,0.1467956828695978,0.4266021585652012,0.43169208342711507,0.01017984972382785,0.005089924861913897
0.075,13.0,5.0,0.6,0.06868520944085774,0.11511444061135814,0.44244277969432094,0.46565739527957106,0.04642923117050041,0.02321461558525012
0.075,13.0,5.0,1.0,0.11458478840141477,0.1413090392770452,0.4293454803614774,0.44270760579929264,0.02672425087563042,0.013362125437815231
0.075,13.0,5.0,1.4,0.11458478840141477,0.12445667741160409,0.43777166129419803,0.44270760579929264,0.009871889010189316,0.004935944505094603
0.075,13.0,10.0,0.6,0.09902697390702046,0.11893342632307355,0.4405332868384632,0.4504865130464898,0.019906452416053086,0.009953226208026578
0.075,13.0,10.0,1.0,0.11458478840141477,0.1413090392770452,0.4293454803614774,0.44270760579929264,0.02672425087563042,0.013362125437815231
0.075,13.0,10.0,1.4,0.11458478840141477,0.12487162272529119,0.43756418863735436,0.44270760579929264,0.01028683432387642,0.00514341716193828
0.075,13.0,15.0,0.6,0.11035312444682212,0.11868149317787208,0.44065925341106393,0.44482343777658906,0.00832836873104996,0.004164184365525125
0.075,13.0,15.0,1.0,0.11458478840141419,0.14018465684965248,0.42990767157517384,0.44270760579929297,0.02559986844823829,0.012799934224119125
0.075,13.0,15.0,1.4,0.11458478840141419,0.12487099006902957,0.4375645049654853,0.44270760579929297,0.010286201667615388,0.005143100833807646
0.075,14.0,5.0,0.6,0.04437971897588123,0.09331991900969741,0.4533400404951513,0.4778101405120595,0.04894020003381618,0.02447010001690819
0.075,14.0,5.0,1.0,0.09311128332099786,0.12010587358417789,0.43994706320791105,0.4534443583395011,0.026994590263180032,0.013497295131590037
0.075,14.0,5.0,1.4,0.09311128332099786,0.10309147216947329,0.44845426391526333,0.4534443583395011,0.00998018884847543,0.0049900944242377565
0.075,14.0,10.0,0.6,0.07630668930334097,0.09746019085341409,0.45126990457329297,0.4618466553483295,0.021153501550073117,0.010576750775036559
0.075,14.0,10.0,1.0,0.09311128332099786,0.12010587358417789,0.43994706320791105,0.4534443583395011,0.026994590263180032,0.013497295131590037
0.075,14.0,10.0,1.4,0.09311128332099786,0.10342678462402745,0.4482866076879863,0.4534443583395011,0.010315501303029592,0.005157750651514803
0.075,14.0,15.0,0.6,0.08826545614197727,0.09725675057816471,0.45137162471091774,0.4558672719290112,0.008991294436187444,0.004495647218093479
0.075,14.0,15.0,1.0,0.09311128332099736,0.11910018954976666,0.4404499052251167,0.45344435833950125,0.0259889062287693,0.012994453114384574
0.075,14.0,15.0,1.4,0.09311128332099736,0.10345553770040243,0.4482722311497988,0.45344435833950125,0.010344254379405074,0.005172127189702447
0.075,15.0,5.0,0.6,0.021003207034062603,0.07223074945612679,0.46388462527193663,0.48949839648296883,0.05122754242206418,0.0256137712110322
0.075,15.0,5.0,1.0,0.07223074945612679,0.09939922590025581,0.450300387049872,0.46388462527193663,0.027168476444129022,0.013584238222064615
0.075,15.0,5.0,1.4,0.07223074945612679,0.08228212132315299,0.45885893933842353,0.46388462527193663,0.010051371867026204,0.005025685933513102
0.075,15.0,10.0,0.6,0.05431105945943389,0.0765670799995818,0.4617164600002091,0.472844470270283,0.022256020540147914,0.011128010270073874
0.075,15.0,10.0,1.0,0.07223074945612679,0.09939922590025581,0.450300387049872,0.46388462527193663,0.027168476444129022,0.013584238222064615
0.075,15.0,10.0,1.4,0.07223074945612679,0.08254163395287074,0.45872918302356464,0.46388462527193663,0.010310884496743958,0.005155442248372
0.075,15.0,15.0,0.6,0.06682513211018917,0.07640955677525207,0.46179522161237396,0.4665874339449054,0.009584424665062902,0.004792212332531465
0.075,15.0,15.0,1.0,0.07223074945612622,0.09850768766391889,0.45074615616804053,0.46388462527193686,0.02627693820779267,0.013138469103896322
0.075,15.0,15.0,1.4,0.07223074945612622,0.08259790107607165,0.45870104946196427,0.46388462527193686,0.010367151619945433,0.005183575809972585
0.075,16.0,5.0,0.6,0.0014681635360612021,0.05195990307856964,0.47402004846071516,0.5007340817680306,0.050491739542508435,0.02671403330731542
0.075,16.0,5.0,1.0,0.05195990307856964,0.07922861615219341,0.4603856919239034,0.47402004846071516,0.027268713073623774,0.013634356536811776
0.075,16.0,5.0,1.4,0.05195990307856964,0.062054044334129956,0.4689729778329351,0.47402004846071516,0.010094141255560317,0.005047070627780037
0.075,16.0,10.0,0.6,0.03304313542641803,0.05627454732807602,0.471862726335962,0.48347843228679105,0.023231411901657992,0.011615705950829058
0.075,16.0,10.0,1.0,0.05195990307856964,0.07922861615219341,0.4603856919239034,0.47402004846071516,0.027268713073623774,0.013634356536811776
0.075,16.0,10.0,1.4,0.05195990307856964,0.06224201494790364,0.46887899252604814,0.47402004846071516,0.010282111869334004,0.005141055934667016
0.075,16.0,15.0,0.6,0.04604509089812175,0.056160170437607904,0.47191991478119594,0.47697745455093915,0.010115079539486156,0.005057539769743213
0.075,16.0,15.0,1.0,0.051959903078568855,0.07844574189245562,0.46077712905377216,0.4740200484607156,0.026485838813886768,0.013242919406943443
0.075,16.0,15.0,1.4,0.051959903078568855,0.06232390068068992,0.468838049659655,0.4740200484607156,0.010363997602121068,0.005181998801060628
0.08,4.0,5.0,0.6,0.33333333333333326,0.3333333333333335,0.33333333333333326,0.3333333333333335,2.220446049250313e-16,2.220446049250313e-16
0.08,4.0,5.0,1.0,0.3333333333333333,0.3333333333333334,0.3333333333333333,0.3333333333333334,1.1102230246251565e-16,1.1102230246251565e-16
0.08,4.0,5.0,1.4,0.33333333333333326,0.3333333333333334,0.33333333333333326,0.3333333333333334,1.6653345369377348e-16,1.6653345369377348e-16
0.08,4.0,10.0,0.6,0.33333333333333326,0.3333333333333334,0.33333333333333326,0.3333333333333334,1.6653345369377348e-16,1.6653345369377348e-16
0.08,4.0,10.0,1.0,0.3333333333333333,0.3333333333333334,0.3333333333333333,0.3333333333333334,1.1102230246251565e-16,1.1102230246251565e-16
0.08,4.0,10.0,1.4,0.33333333333333326,0.3333333333333334,0.33333333333333326,0.3333333333333334,1.6653345369377348e-16,1.6653345369377348e-16
0.08,4.0,15.0,0.6,0.33333333333333326,0.3333333333333334,0.33333333333333326,0.3333333333333334,1.6653345369377348e-16,1.6653345369377348e-16
0.08,4.0,15.0,1.0,0.3333333333333333,0.3333333333333334,0.3333333333333333,0.3333333333333334,1.1102230246251565e-16,1.1102230246251565e-16
0.08,4.0,15.0,1.4,0.3333333333333333,0.33333333333333337,0.3333333333333333,0.33333333333333337,5.551115123125783e-17,5.551115123125783e-17
0.08,5.0,5.0,0.6,0.3081120934515546,0.3170249351061625,0.3414875324469188,0.3459439532742228,0.008912841654607873,0.004456420827303964
0.08,5.0,5.0,1.0,0.3152445560885229,0.32638677118984105,0.33680661440507936,0.3423777219557386,0.011142215101318131,0.00557110755065926
0.08,5.0,5.0,1.4,0.3152445560885229,0.319933612804529,0.34003319359773554,0.3423777219557386,0.004689056716006057,0.002344528358003084
0.08,5.0,10.0,0.6,0.3141926415808433,0.31720490009771457,0.3413975499511428,0.3429036792095784,0.003012258516871258,0.001506129258435629
0.08,5.0,10.0,1.0,0.3152445560885229,0.32606531772133945,0.3369673411393304,0.3423777219557386,0.010820761632816533,0.005410380816408211
0.08,5.0,10.0,1.4,0.3152445560885229,0.31991077852634375,0.3400446107368281,0.3423777219557386,0.004666222437820833,0.0023331112189104997
0.08,5.0,15.0,0.6,0.3152445560885228,0.31731861239906245,0.3413406938004688,0.3423777219557386,0.0020740563105396403,0.001037028155269848
0.08,5.0,15.0,1.0,0.3152445560885228,0.3249747191779188,0.3375126404110406,0.3423777219557386,0.009730163089396004,0.004865081544698002
0.08,5.0,15.0,1.4,0.3152445560885228,0.3195532615618364,0.34022336921908186,0.3423777219557386,0.004308705473313579,0.0021543527366567616
0.08,6.0,5.0,0.6,0.2793410011774645,0.2961451805330227,0.35192740973348857,0.3603294994112678,0.01680417935555817,0.008402089677779223
0.08,6.0,5.0,1.0,0.2938523207934422,0.3108475308339342,0.3445762345830328,0.35307383960327887,0.01699521004049198,0.008497605020246046
0.08,6.0,5.0,1.4,0.2938523207934422,0.30092177471806264,0.34953911264096865,0.35307383960327887,0.007069453924620439,0.0035347269623102195
0.08,6.0,10.0,0.6,0.2906374351353542,0.2968400354262543,0.3515799822868728,0.35468128243232283,0.006202600290900084,0.0031013001454500144
0.08,6.0,10.0,1.0,0.2938523207934422,0.31064774041079546,0.3446761297946022,0.35307383960327887,0.016795419617353258,0.008397709808676657
0.08,6.0,10.0,1.4,0.2938523207934422,0.30092177471806264,0.34953911264096865,0.35307383960327887,0.007069453924620439,0.0035347269623102195
0.08,6.0,15.0,0.6,0.29385232079344153,0.2969034954957992,0.35154825225210035,0.35307383960327926,0.003051174702357662,0.0015255873511789142
0.08,6.0,15.0,1.0,0.29385232079344153,0.30915478379587114,0.34542260810206443,0.35307383960327926,0.0153024630024296,0.007651231501214828
0.08,6.0,15.0,1.4,0.29385232079344153,0.3005258220095275,0.3497370889952362,0.35307383960327926,0.006673501216085953,0.00333675060804306
0.08,7.0,5.0,0.6,0.24932830508080572,0.27291081004850765,0.3635445949757461,0.3753358474595971,0.023582504967701923,0.011791252483850989
0.08,7.0,5.0,1.0,0.27063354224659303,0.2910062343609871,0.35449688281950636,0.3646832288767034,0.020372692114394075,0.010186346057197038
0.08,7.0,5.0,1.4,0.27063354224659303,0.2790009709822087,0.36049951450889567,0.3646832288767034,0.00836742873561569,0.004183714367807734
0.08,7.0,10.0,0.6,0.2650405204083389,0.27419543560041626,0.3629022821997919,0.36747973979583054,0.00915491519207734,0.004577457596038614
0.08,7.0,10.0,1.0,0.27063354224659303,0.2910062343609871,0.35449688281950636,0.3646832288767034,0.020372692114394075,0.010186346057197038
0.08,7.0,10.0,1.4,0.27063354224659303,0.2790009709822087,0.36049951450889567,0.3646832288767034,0.00836742873561569,0.004183714367807734
0.08,7.0,15.0,0.6,0.2706335422465924,0.2741522893615524,0.3629238553192237,0.36468322887670385,0.0035187471149599747,0.0017593735574801261
0.08,7.0,15.0,1.0,0.2706335422465924,0.28940207511014754,0.3552989624449262,0.36468322887670385,0.01876853286355512,0.009384266431777644
0.08,7.0,15.0,1.4,0.2706335422465924,0.27869423995960396,0.36065288002019813,0.36468322887670385,0.008060697713011544,0.004030348856505717
0.08,8.0,5.0,0.6,0.219197633428875,0.24857775394877096,0.37571112302561455,0.39040118328556256,0.02938012051989597,0.014690060259948012
0.08,8.0,5.0,1.0,0.24654354253038416,0.269190405626951,0.3654047971865244,0.37672822873480794,0.022646863096566855,0.011323431548283525
0.08,8.0,5.0,1.4,0.24654354253038416,0.25562564042124436,0.3721871797893778,0.37672822873480794,0.009082097890860202,0.004541048945430115
0.08,8.0,10.0,0.6,0.2386558771104098,0.25043978241827664,0.3747801087908617,0.38067206144479515,0.011783905307866827,0.005891952653933441
0.08,8.0,10.0,1.0,0.24654354253038416,0.269190405626951,0.3654047971865244,0.37672822873480794,0.022646863096566855,0.011323431548283525
0.08,8.0,10.0,1.4,0.24654354253038416,0.25562564042124436,0.3721871797893778,0.37672822873480794,0.009082097890860202,0.004541048945430115
0.08,8.0,15.0,0.6,0.24573342946981588,0.2502738695810427,0.3748630652094787,0.3771332852650921,0.004540440111226812,0.0022702200556133922
0.08,8.0,15.0,1.0,0.24654354253038346,0.26760759298493275,0.3661962035075337,0.37672822873480827,0.021064050454549288,0.010532025227274588
0.08,8.0,15.0,1.4,0.24654354253038346,0.25545840006300247,0.3722707999684988,0.37672822873480827,0.008914857532619003,0.004457428766309446
0.08,9.0,5.0,0.6,0.1895289726332434,0.22388137429391078,0.3880593128530446,0.40523551368337835,0.03435240166066739,0.01717620083033372
0.08,9.0,5.0,1.0,0.22218504379238954,0.24634111946763065,0.37682944026618465,0.3889074781038052,0.024156075675241112,0.01207803783762057
0.08,9.0,5.0,1.4,0.22218504379238954,0.2316539686027185,0.3841730156986407,0.3889074781038052,0.00946892481032896,0.004734462405164508
0.08,9.0,10.0,0.6,0.21218223967027525,0.22627955976912298,0.3868602201154386,0.3939088801648625,0.014097320098847732,0.007048660049423894
0.08,9.0,10.0,1.0,0.22218504379238954,0.24634111946763065,0.37682944026618465,0.3889074781038052,0.024156075675241112,0.01207803783762057
0.08,9.0,10.0,1.4,0.22218504379238954,0.2317515259915232,0.3841242370042383,0.3889074781038052,0.009566482199133669,0.004783241099566904
0.08,9.0,15.0,0.6,0.22049010205198424,0.22599064615152195,0.3870046769242389,0.389754948974008,0.0055005440995377075,0.002750272049769076
0.08,9.0,15.0,1.0,0.22218504379238882,0.24484191007143388,0.37757904496428296,0.3889074781038057,0.022656866279045063,0.011328433139522753
0.08,9.0,15.0,1.4,0.22218504379238882,0.23164286776944498,0.38417856611527756,0.3889074781038057,0.009457823977056162,0.0047289119885281505
0.08,10.0,5.0,0.6,0.16062729718503144,0.19926231386989438,0.40036884306505277,0.4196863514074843,0.03863501668486294,0.01931750834243151
0.08,10.0,5.0,1.0,0.19793662400848155,0.22312365261955663,0.3884381736902217,0.40103168799575917,0.02518702861107508,0.012593514305537457
0.08,10.0,5.0,1.4,0.19793662400848155,0.20759872782028743,0.39620063608985623,0.40103168799575917,0.009662103811805878,0.004831051905902939
0.08,10.0,10.0,0.6,0.18602058670845412,0.20214775079733668,0.39892612460133164,0.40698970664577305,0.016127164088882567,0.008063582044441409
0.08,10.0,10.0,1.0,0.19793662400848155,0.22312365261955663,0.3884381736902217,0.40103168799575917,0.02518702861107508,0.012593514305537457
0.08,10.0,10.0,1.4,0.19793662400848155,0.20781938236461922,0.3960903088176903,0.40103168799575917,0.009882758356137666,0.004941379178068861
0.08,10.0,15.0,0.6,0.19539226499760695,0.2017808865895113,0.3991095567052443,0.4023038675011966,0.006388621591904342,0.0031943107959523376
0.08,10.0,15.0,1.0,0.19793662400848108,0.2217366573482637,0.38913167132586823,0.40103168799575944,0.023800033339782617,0.011900016669891211
0.08,10.0,15.0,1.4,0.19793662400848108,0.20774513416848364,0.3961274329157582,0.40103168799575944,0.00980851016000256,0.004904255080001252
0.08,11.0,5.0,0.6,0.13264892495115346,0.1749876994136024,0.41250615029319887,0.43367553752442334,0.042338774462448936,0.021169387231224468
0.08,11.0,5.0,1.0,0.17403534496786632,0.19993836335621143,0.4000308183218943,0.41298232751606684,0.025903018388345106,0.012951509194172539
0.08,11.0,5.0,1.4,0.17403534496786632,0.18377176825590086,0.40811411587204965,0.41298232751606684,0.009736423288034535,0.004868211644017184
0.08,11.0,10.0,0.6,0.1604030062743316,0.17831179054641363,0.4108441047267932,0.4197984968628342,0.017908784272082034,0.00895439213604099
0.08,11.0,10.0,1.0,0.17403534496786632,0.19993836335621143,0.4000308183218943,0.41298232751606684,0.025903018388345106,0.012951509194172539
0.08,11.0,10.0,1.4,0.17403534496786632,0.18410986772929588,0.40794506613535203,0.41298232751606684,0.01007452276142956,0.005037261380714808
0.08,11.0,15.0,0.6,0.17069807855080332,0.1779988515766373,0.41100057421168135,0.41465096072459845,0.007300773025833984,0.003650386512917103
0.08,11.0,15.0,1.0,0.17403534496786563,0.19867518228367542,0.4006624088581623,0.41298232751606717,0.024639837315809793,0.012319918657904882
0.08,11.0,15.0,1.4,0.17403534496786563,0.18407001957441585,0.40796499021279203,0.41298232751606717,0.01003467460655022,0.005017337303275138
0.08,12.0,5.0,0.6,0.10566610311012017,0.15121903067497613,0.42439048466251195,0.44716694844494,0.04555292756485596,0.022776463782428036
0.08,12.0,5.0,1.0,0.1506280455065077,0.1770304863435558,0.4114847568282221,0.424685977246746,0.026402440837048097,0.013201220418523896
0.08,12.0,5.0,1.4,0.1506280455065077,0.1603844475057767,0.41980777624711174,0.424685977246746,0.009756401999268999,0.0048782009996342635
0.08,12.0,10.0,0.6,0.13546169115982398,0.15493638884279318,0.4225318055786034,0.43226915442008795,0.019474697682969194,0.009737348841484528
0.08,12.0,10.0,1.0,0.1506280455065077,0.1770304863435558,0.4114847568282221,0.424685977246746,0.026402440837048097,0.013201220418523896
0.08,12.0,10.0,1.4,0.1506280455065077,0.16081169702316084,0.4195941514884195,0.424685977246746,0.010183651516653125,0.005091825758326507
0.08,12.0,15.0,0.6,0.14656102423069417,0.15467682307130856,0.42266158846434565,0.42671948788465297,0.008115798840614391,0.00405789942030732
0.08,12.0,15.0,1.0,0.1506280455065072,0.1758938130261943,0.41205309348690283,0.42468597724674645,0.025265767519687093,0.012632883759843616
0.08,12.0,15.0,1.4,0.1506280455065072,0.16080503536978194,0.41959748231510896,0.42468597724674645,0.010176989863274727,0.005088494931637488
0.08,13.0,5.0,0.6,0.07970213896901614,0.12805172413858962,0.4359741379307052,0.460148930515492,0.04834958516957348,0.024174792584786775
0.08,13.0,5.0,1.0,0.1278032391233804,0.15455073678149636,0.42272463160925183,0.4360983804383098,0.02674749765811596,0.013373748829057952
0.08,13.0,5.0,1.4,0.1278032391233804,0.1376964634257112,0.43115176828714435,0.4360983804383098,0.009893224302330805,0.00494661215116543
0.08,13.0,10.0,0.6,0.11126788358265988,0.13212105031210064,0.43393947484394974,0.44436605820867,0.020853166729440764,0.010426583364720243
0.08,13.0,10.0,1.0,0.1278032391233804,0.15455073678149636,0.42272463160925183,0.4360983804383098,0.02674749765811596,0.013373748829057952
0.08,13.0,10.0,1.4,0.1278032391233804,0.13803947484179768,0.43098026257910105,0.4360983804383098,0.01023623571841728,0.005118117859208737
0.08,13.0,15.0,0.6,0.1230696575328165,0.13191285233167013,0.43404357383416503,0.4384651712335918,0.008843194798853635,0.004421597399426769
0.08,13.0,15.0,1.0,0.1278032391233801,0.15353853192747194,0.42323073403626404,0.43609838043830995,0.02573529280409184,0.012867646402045907
0.08,13.0,15.0,1.4,0.1278032391233801,0.13806422039238622,0.4309678898038069,0.43609838043830995,0.010260981269006125,0.005130490634503049
0.08,14.0,5.0,0.6,0.05475143830208699,0.1056112327599723,0.4471943836200139,0.47262428084895663,0.05085979445788532,0.025429897228942733
0.08,14.0,5.0,1.0,0.1056112327599723,0.13259039975192574,0.4337048001240371,0.4471943836200139,0.026979166991953435,0.013489583495976787
0.08,14.0,5.0,1.4,0.1056112327599723,0.11559764635792226,0.4422011768210389,0.4471943836200139,0.009986413597949953,0.004993206798975025
0.08,14.0,10.0,0.6,0.08785481117445808,0.10992310125850782,0.4450384493707461,0.4560725944127709,0.022068290084049744,0.011034145042024823
0.08,14.0,10.0,1.0,0.1056112327599723,0.13259039975192574,0.4337048001240371,0.4471943836200139,0.026979166991953435,0.013489583495976787
0.08,14.0,10.0,1.4,0.1056112327599723,0.11586038529454237,0.4420698073527289,0.4471943836200139,0.010249152534570066,0.005124576267285019
0.08,14.0,15.0,0.6,0.10027136471712135,0.10976357143207674,0.4451182142839616,0.44986431764143936,0.00949220671495539,0.004746103357477771
0.08,14.0,15.0,1.0,0.1056112327599716,0.13169813494413685,0.4341509325279316,0.44719438362001424,0.026086902184165248,0.013043451092082659
0.08,14.0,15.0,1.4,0.1056112327599716,0.11591452700500685,0.44204273649749665,0.44719438362001424,0.010303294245035247,0.005151647122517589
0.08,15.0,5.0,0.6,0.030791359262354847,0.08407704388336602,0.45796147805831705,0.48460432036882256,0.05328568462101117,0.02664284231050551
0.08,15.0,5.0,1.0,0.08407704388336602,0.11120247363288249,0.44439876318355875,0.45796147805831705,0.02712542974951647,0.013562714874758297
0.08,15.0,5.0,1.4,0.08407704388336602,0.0941236973635142,0.4529381513182429,0.45796147805831705,0.010046653480148174,0.005023326740074163
0.08,15.0,10.0,0.6,0.06523166901115245,0.08837218910426216,0.45581390544786893,0.4673841654944238,0.023140520093109712,0.01157026004655487
0.08,15.0,10.0,1.0,0.08407704388336602,0.11120247363288249,0.44439876318355875,0.45796147805831705,0.02712542974951647,0.013562714874758297
0.08,15.0,10.0,1.4,0.08407704388336602,0.09431072174298517,0.45284463912850736,0.45796147805831705,0.01023367785961915,0.005116838929809686
0.08,15.0,15.0,0.6,0.07818702223535139,0.08825834451275705,0.45587082774362153,0.46090648888232433,0.010071322277405662,0.005035661138702796
0.08,15.0,15.0,1.0,0.08407704388336563,0.11042437666180241,0.44478781166909864,0.45796147805831733,0.026347332778436774,0.013173666389218686
0.08,15.0,15.0,1.4,0.08407704388336563,0.09439219455943995,0.45280390272028004,0.45796147805831733,0.010315150676074317,0.00515757533803729
0.08,16.0,5.0,0.6,0.00778942077577607,0.06320884351916739,0.4683955782404163,0.4961052896121119,0.05541942274339132,0.027709711371695644
0.08,16.0,5.0,1.0,0.06320884351916739,0.09041484302892558,0.45479257848553717,0.4683955782404163,0.02720599950975819,0.013602999754879108
0.08,16.0,5.0,1.4,0.06320884351916739,0.07329034212428225,0.4633548289378589,0.4683955782404163,0.010081498605114855,0.005040749302557379
0.08,16.0,10.0,0.6,0.043392385717537584,0.06747962502760652,0.46626018748619685,0.47830380714123116,0.024087239310068932,0.01204361965503431
0.08,16.0,10.0,1.0,0.06320884351916739,0.09041484302892558,0.45479257848553717,0.4683955782404163,0.02720599950975819,0.013602999754879108
0.08,16.0,10.0,1.4,0.06320884351916739,0.07340640324305496,0.4632967983784725,0.4683955782404163,0.01019755972388757,0.005098779861943792
0.08,16.0,15.0,0.6,0.05682028877697128,0.06740842436462224,0.46629578781768893,0.47158985561151434,0.010588135587650961,0.005294067793825408
0.08,16.0,15.0,1.0,0.06320884351916674,0.08974460410364808,0.455127697948176,0.46839557824041667,0.026535760584481344,0.013267880292240686
0.08,16.0,15.0,1.4,0.06320884351916674,0.07351318250500471,0.46324340874749764,0.46839557824041667,0.010304338985837977,0.005152169492919023
0.085,4.0,5.0,0.6,0.35435411576363285,0.35660164276761724,0.32169917861619146,0.3228229421181836,0.0022475270039843953,0.0011237635019921144
0.085,4.0,5.0,1.0,0.35597690600451315,0.35944883052580123,0.3202755847370995,0.3220115469977434,0.0034719245212880834,0.0017359622606439307
0.085,4.0,5.0,1.4,0.35597690600451315,0.35747631917839595,0.3212618404108021,0.3220115469977434,0.001499413173882802,0.0007497065869413455
0.085,4.0,10.0,0.6,0.35591693402103164,0.35660164276761724,0.32169917861619146,0.3220415329894842,0.000684708746585605,0.00034235437329271923
0.085,4.0,10.0,1.0,0.35597690600451315,0.3592989545770696,0.32035052271146514,0.3220115469977434,0.0033220485725564686,0.0016610242862782898
0.085,4.0,10.0,1.4,0.35597690600451315,0.35743359443008665,0.32128320278495676,0.3220115469977434,0.0014566884255735046,0.000728344212786669
0.085,4.0,15.0,0.6,0.3559769060045124,0.3566410759416119,0.321679462029194,0.3220115469977439,0.0006641699370995013,0.0003320849685499172
0.085,4.0,15.0,1.0,0.3559769060045124,0.35892918136453816,0.32053540931773083,0.3220115469977439,0.002952275360025791,0.0014761376800130899
0.085,4.0,15.0,1.4,0.3559769060045124,0.3572980622076143,0.3213509688961929,0.3220115469977439,0.0013211562031019142,0.0006605781015510126
0.085,5.0,5.0,0.6,0.326698571332552,0.33798019779359195,0.33100990110320416,0.33665071433372407,0.011281626461039973,0.005640813230519903
0.085,5.0,5.0,1.0,0.33599140608874034,0.34909065731344974,0.3254546713432751,0.3320042969556298,0.013099251224709396,0.00654962561235467
0.085,5.0,5.0,1.4,0.33599140608874034,0.34146904340858364,0.3292654782957081,0.3320042969556298,0.005477637319843298,0.002738818659921649
0.085,5.0,10.0,0.6,0.3343535462677679,0.3382966770714578,0.33085166146427114,0.3328232268661161,0.003943130803689854,0.0019715654018449547
0.085,5.0,10.0,1.0,0.33599140608874034,0.34878566670117106,0.32560716664941447,0.3320042969556298,0.012794260612430719,0.006397130306215304
0.085,5.0,10.0,1.4,0.33599140608874034,0.34146904340858364,0.3292654782957081,0.3320042969556298,0.005477637319843298,0.002738818659921649
0.085,5.0,15.0,0.6,0.3359914060887399,0.3384029655245323,0.33079851723773374,0.3320042969556301,0.0024115594357924097,0.0012057797178963714
0.085,5.0,15.0,1.0,0.3359914060887399,0.347547058909621,0.3262264705451895,0.3320042969556301,0.011555652820881113,0.005777826410440612
0.085,5.0,15.0,1.4,0.3359914060887399,0.3410855019790726,0.3294572490104637,0.3320042969556301,0.005094095890332717,0.002547047945166414
0.085,6.0,5.0,0.6,0.29605212804268555,0.3151816464555504,0.3424091767722249,0.3519739359786574,0.019129518412864865,0.009564759206432516
0.085,6.0,5.0,1.0,0.31289639601758307,0.33100335917930246,0.33449832041034866,0.3435518019912084,0.01810696316171939,0.009053481580859724
0.085,6.0,5.0,1.4,0.31289639601758307,0.32040640263161124,0.3397967986841944,0.3435518019912084,0.007510006614028175,0.0037550033070140043
0.085,6.0,10.0,0.6,0.3088651771640684,0.3160790113808588,0.3419604943095706,0.3455674114179658,0.0072138342167903935,0.0036069171083952245
0.085,6.0,10.0,1.0,0.31289639601758307,0.3308981396259021,0.334550930187049,0.3435518019912084,0.01800174360831902,0.009000871804159372
0.085,6.0,10.0,1.4,0.31289639601758307,0.32040640263161124,0.3397967986841944,0.3435518019912084,0.007510006614028175,0.0037550033070140043
0.085,6.0,15.0,0.6,0.31289639601758235,0.316105631635701,0.34194718418214964,0.3435518019912087,0.0032092356181186443,0.0016046178090590724
0.085,6.0,15.0,1.0,0.31289639601758235,0.3293704035184904,0.3353147982407548,0.3435518019912087,0.01647400750090805,0.008237003750453942
0.085,6.0,15.0,1.4,0.31289639601758235,0.3200413889141949,0.33997930554290257,0.3435518019912087,0.007144992896612579,0.0035724964483061505
0.085,7.0,5.0,0.6,0.2645282530511174,0.29034298020373994,0.35482850989813003,0.3677358734744414,0.025814727152622563,0.012907363576311393
0.085,7.0,5.0,1.0,0.288190452307735,0.30931067929320855,0.3453446603533958,0.35590477384613256,0.021120226985473556,0.010560113492736778
0.085,7.0,5.0,1.4,0.288190452307735,0.29677711784015165,0.3516114410799241,0.35590477384613256,0.00858666553241666,0.004293332766208469
0.085,7.0,10.0,0.6,0.28168276561092587,0.29185851212488984,0.35407074393755505,0.359158617194537,0.010175746513963968,0.005087873256981956
0.085,7.0,10.0,1.0,0.288190452307735,0.30931067929320855,0.3453446603533958,0.35590477384613256,0.021120226985473556,0.010560113492736778
0.085,7.0,10.0,1.4,0.288190452307735,0.29677711784015165,0.3516114410799241,0.35590477384613256,0.00858666553241666,0.004293332766208469
0.085,7.0,15.0,0.6,0.28788104850981655,0.2917639852421637,0.3541180073789182,0.35605947574509184,0.003882936732347131,0.0019414683661736487
0.085,7.0,15.0,1.0,0.2881904523077345,0.30773334947236447,0.3461333252638178,0.3559047738461327,0.01954289716462998,0.009771448582314934
0.085,7.0,15.0,1.4,0.2881904523077345,0.29653205806267413,0.351733970968663,0.3559047738461327,0.00834160575493964,0.004170802877469737
0.085,8.0,5.0,0.6,0.23314174483841954,0.2646507322173064,0.36767463389134686,0.3834291275807903,0.031508987378886855,0.015754493689443427
0.085,8.0,5.0,1.0,0.2628066429567867,0.28591440602563517,0.35704279698718233,0.3685966785216066,0.023107763068848486,0.01155388153442427
0.085,8.0,5.0,1.4,0.2628066429567867,0.2719710807344371,0.36401445963278145,0.3685966785216066,0.009164437777650414,0.004582218888825151
0.085,8.0,10.0,0.6,0.2539684008878588,0.266754428700243,0.3666227856498785,0.37301579955607056,0.012786027812384193,0.006393013906192069
0.085,8.0,10.0,1.0,0.2628066429567867,0.28591440602563517,0.35704279698718233,0.3685966785216066,0.023107763068848486,0.01155388153442427
0.085,8.0,10.0,1.4,0.2628066429567867,0.2720056851385928,0.36399715743070354,0.3685966785216066,0.009199042181806116,0.004599521090903058
0.085,8.0,15.0,0.6,0.2615706699103533,0.2665299736050123,0.36673501319749385,0.3692146650448233,0.0049593036946589675,0.002479651847329456
0.085,8.0,15.0,1.0,0.2628066429567862,0.28439346574108476,0.35780326712945765,0.3685966785216069,0.021586822784298576,0.010793411392149233
0.085,8.0,15.0,1.4,0.2628066429567862,0.2718824505782861,0.36405877471085696,0.3685966785216069,0.009075807621499898,0.0045379038107499214
0.085,9.0,5.0,0.6,0.20240583733862516,0.23878695333956546,0.38060652333021733,0.3987970813306875,0.036381116000940295,0.018190558000470147
0.085,9.0,5.0,1.0,0.23731754643196332,0.26174902263003774,0.3691254886849812,0.3813412267840184,0.024431476198074425,0.012215738099037199
0.085,9.0,5.0,1.4,0.23731754643196332,0.24678167422556535,0.37660916288721724,0.3813412267840184,0.009464127793602034,0.004732063896801142
0.085,9.0,10.0,0.6,0.22635908461250387,0.24142891026770563,0.37928554486614713,0.3868204576937481,0.015069825655201763,0.0075349128276009925
0.085,9.0,10.0,1.0,0.23731754643196332,0.26174902263003774,0.3691254886849812,0.3813412267840184,0.024431476198074425,0.012215738099037199
0.085,9.0,10.0,1.4,0.23731754643196332,0.2469466413295543,0.3765266793352228,0.3813412267840184,0.009629094897590978,0.004814547448795559
0.085,9.0,15.0,0.6,0.23516774512131483,0.24107815584765183,0.37946092207617405,0.38241612743934267,0.005910410726336995,0.0029552053631686226
0.085,9.0,15.0,1.0,0.23731754643196273,0.2603321175563547,0.3698339412218226,0.38134122678401866,0.02301457112439198,0.011507285562196046
0.085,9.0,15.0,1.4,0.23731754643196273,0.24685848590377402,0.37657075704811305,0.38134122678401866,0.009540939471811283,0.004770469735905614
0.085,10.0,5.0,0.6,0.1725817230867846,0.21315259841789239,0.3934237007910539,0.4137091384566077,0.040570875331107786,0.020285437665553796
0.085,10.0,5.0,1.0,0.21207411125948275,0.23741318196925476,0.3812934090153727,0.3939629443702587,0.02533907070977201,0.012669535354886019
0.085,10.0,5.0,1.4,0.21207411125948275,0.22167482560360793,0.38916258719819596,0.3939629443702587,0.009600714344125183,0.00480035717206273
0.085,10.0,10.0,0.6,0.1992129786283184,0.2162795351387055,0.39186023243064727,0.4003935106858409,0.017066556510387076,0.008533278255193621
0.085,10.0,10.0,1.0,0.21207411125948275,0.23741318196925476,0.3812934090153727,0.3939629443702587,0.02533907070977201,0.012669535354886019
0.085,10.0,10.0,1.4,0.21207411125948275,0.22196602108304414,0.38901698945847796,0.3939629443702587,0.00989190982356139,0.004945954911780737
0.085,10.0,15.0,0.6,0.20906294047973858,0.21595037273452325,0.3920248136327383,0.39546852976013064,0.0068874322547846645,0.00344371612739236
0.085,10.0,15.0,1.0,0.21207411125948175,0.236120443233619,0.3819397783831906,0.3939629443702592,0.024046331974137247,0.012023165987068596
0.085,10.0,15.0,1.4,0.21207411125948175,0.22191402693427315,0.38904298653286346,0.3939629443702592,0.009839915674791394,0.004919957837395739
0.085,11.0,5.0,0.6,0.1437954982933667,0.18798525858481954,0.4060073707075901,0.4281022508533167,0.04418976029145283,0.022094880145726636
0.085,11.0,5.0,1.0,0.18729047571209362,0.2132618357316604,0.3933690821341699,0.40635476214395316,0.02597136001956679,0.012985680009783285
0.085,11.0,5.0,1.4,0.18729047571209362,0.19692833888939398,0.40153583055530306,0.40635476214395316,0.009637863177300365,0.004818931588650099
0.085,11.0,10.0,0.6,0.17273157930331604,0.19154635116279956,0.40422682441860025,0.413634210348342,0.01881477185948352,0.009407385929741774
0.085,11.0,10.0,1.0,0.18729047571209362,0.2132618357316604,0.3933690821341699,0.40635476214395316,0.02597136001956679,0.012985680009783285
0.085,11.0,10.0,1.4,0.18729047571209362,0.19733828959106997,0.401330855204465,0.40635476214395316,0.010047813878976353,0.005023906939488176
0.085,11.0,15.0,0.6,0.18348422862195338,0.19127321540292988,0.404363392298535,0.40825788568902327,0.007788986780976503,0.0038944933904882517
0.085,11.0,15.0,1.0,0.18729047571209292,0.21209972674230426,0.3939501366288478,0.40635476214395366,0.024809251030211338,0.01240462551510585
0.085,11.0,15.0,1.4,0.18729047571209292,0.197321616010416,0.40133919199479207,0.40635476214395366,0.010031140298323082,0.005015570149161597
0.085,12.0,5.0,0.6,0.11609768552405096,0.16342420577835984,0.41828789711082015,0.44195115723797446,0.047326520254308876,0.023663260127154306
0.085,12.0,5.0,1.0,0.16309504456683113,0.1895082492111255,0.4052458753944373,0.41845247771658445,0.026413204644294364,0.013206602322147154
0.085,12.0,5.0,1.4,0.16309504456683113,0.17286747187907697,0.4135662640604616,0.41845247771658445,0.00977242731224584,0.004886213656122851
0.085,12.0,10.0,0.6,0.14702461845827253,0.16737296199307866,0.4163135190034607,0.42648769077086374,0.020348343534806135,0.01017417176740304
0.085,12.0,10.0,1.0,0.16309504456683113,0.1895082492111255,0.4052458753944373,0.41845247771658445,0.026413204644294364,0.013206602322147154
0.085,12.0,10.0,1.4,0.16309504456683113,0.17322773265774774,0.41338613367112603,0.41845247771658445,0.010132688090916608,0.005066344045458415
0.085,12.0,15.0,0.6,0.1585626090202707,0.16715418876225813,0.41642290561887085,0.42071869548986474,0.008591579741987432,0.004295789870993882
0.085,12.0,15.0,1.0,0.16309504456683055,0.18847624574633912,0.4057618771268304,0.4184524777165847,0.025381201179508567,0.012690600589754353
0.085,12.0,15.0,1.4,0.16309504456683055,0.17324464649832744,0.41337767675083636,0.4184524777165847,0.010149601931496888,0.005074800965748361
0.085,13.0,5.0,0.6,0.0894954513269477,0.13956160805708198,0.430219195971459,0.4552522743365261,0.05006615673013429,0.025033078365067074
0.085,13.0,5.0,1.0,0.13956160805708198,0.1662799554907909,0.4168600222546046,0.430219195971459,0.026718347433708906,0.013359173716854411
0.085,13.0,5.0,1.4,0.13956160805708198,0.14945527267896005,0.42527236366052,0.430219195971459,0.009893664621878073,0.004946832310939009
0.085,13.0,10.0,0.6,0.12214643631713097,0.14384248975906852,0.4280787551204658,0.4389267818414346,0.02169605344193755,0.010848026720968795
0.085,13.0,10.0,1.0,0.13956160805708198,0.1662799554907909,0.4168600222546046,0.430219195971459,0.026718347433708906,0.013359173716854411
0.085,13.0,10.0,1.4,0.13956160805708198,0.14973046950324126,0.42513476524837934,0.430219195971459,0.010168861446159277,0.00508443072307968
0.085,13.0,15.0,0.6,0.13436957070921504,0.14367536804590111,0.42816231597704935,0.43281521464539247,0.009305797336686072,0.0046528986683431195
0.085,13.0,15.0,1.0,0.1395616080570811,0.16537395028699634,0.41731302485650196,0.4302191959714595,0.02581234222991524,0.012906171114957565
0.085,13.0,15.0,1.4,0.1395616080570811,0.149778859400992,0.42511057029950394,0.4302191959714595,0.01021725134391091,0.00510862567195558
0.085,14.0,5.0,0.6,0.06397087683435186,0.11672867464392347,0.4416356626780382,0.4680145615828242,0.05275779780957161,0.026378898904785952
0.085,14.0,5.0,1.0,0.11672867464392347,0.1436509823215448,0.4281745088392276,0.4416356626780382,0.026922307677621327,0.013461153838810636
0.085,14.0,5.0,1.4,0.11672867464392347,0.12670454808312193,0.43664772595843915,0.4416356626780382,0.009975873439198452,0.004987936719599073
0.085,14.0,10.0,0.6,0.09811725925848422,0.12099939889267029,0.4395003005536648,0.45094137037075793,0.022882139634186074,0.011441069817093141
0.085,14.0,10.0,1.0,0.11672867464392347,0.1436509823215448,0.4281745088392276,0.4416356626780382,0.026922307677621327,0.013461153838810636
0.085,14.0,10.0,1.4,0.11672867464392347,0.12689945207539166,0.4365502739623041,0.4416356626780382,0.010170777431468186,0.005085388715734107
0.085,14.0,15.0,0.6,0.11093930155365679,0.12088077480550302,0.4395596125972485,0.4445303492231716,0.00994147325184623,0.004970736625923067
0.085,14.0,15.0,1.0,0.11672867464392297,0.14286509326953592,0.42856745336523205,0.44163566267803855,0.026136418625612945,0.0130682093128065
0.085,14.0,15.0,1.4,0.11672867464392297,0.12697709174289315,0.43651145412855336,0.44163566267803855,0.010248417098970175,0.0051242085494851985
0.085,15.0,5.0,0.6,0.039491691009540746,0.09461173447643811,0.45269413276178094,0.4802541544952297,0.05512004346689737,0.027560021733448736
0.085,15.0,5.0,1.0,0.09461173447643811,0.12166117948526178,0.43916941025736916,0.45269413276178094,0.02704944500882367,0.01352472250441178
0.085,15.0,5.0,1.4,0.09461173447643811,0.10464012562923142,0.4476799371853844,0.45269413276178094,0.010028391152793303,0.005014195576396541
0.085,15.0,10.0,0.6,0.07493608485180196,0.098863109160821,0.45056844541958935,0.4625319575740991,0.023927024309019038,0.011963512154509748
0.085,15.0,10.0,1.0,0.09461173447643811,0.12166117948526178,0.43916941025736916,0.45269413276178094,0.02704944500882367,0.01352472250441178
0.085,15.0,10.0,1.4,0.09461173447643811,0.10475982997336551,0.4476200850133172,0.45269413276178094,0.010148095496927398,0.005074047748463761
0.085,15.0,15.0,0.6,0.08828229247145614,0.09878970537826527,0.4506051473108673,0.45585885376427193,0.010507412906809135,0.005253706453404616
0.085,15.0,15.0,1.0,0.09461173447643756,0.1209887380667583,0.4395056309666208,0.45269413276178117,0.026377003590320747,0.013188501795160346
0.085,15.0,15.0,1.4,0.09461173447643756,0.1048645139493129,0.4475677430253435,0.45269413276178117,0.01025277947287534,0.005126389736437642
0.085,16.0,5.0,0.6,0.016017741857352597,0.07321119282128219,0.46339440358935885,0.4919911290713238,0.057193450963929596,0.028596725481964957
0.085,16.0,5.0,1.0,0.07321119282128219,0.10032820598464584,0.44983589700767707,0.46339440358935885,0.02711701316336365,0.013558506581681784
0.085,16.0,5.0,1.4,0.07321119282128219,0.08326904538278701,0.4583654773086066,0.46339440358935885,0.010057852561504821,0.005028926280752244
0.085,16.0,10.0,0.6,0.05258870429206899,0.07743669382069839,0.4612816530896508,0.4737056478539655,0.024847989528629398,0.012423994764314716
0.085,16.0,10.0,1.0,0.07321119282128219,0.10032820598464584,0.44983589700767707,0.46339440358935885,0.02711701316336365,0.013558506581681784
0.085,16.0,10.0,1.4,0.07321119282128219,0.08331865802433625,0.45834067098783177,0.46339440358935885,0.010107465203054056,0.005053732601527083
0.085,16.0,15.0,0.6,0.06639389943881706,0.07740527872301431,0.46129736063849275,0.4668030502805916,0.01101137928419725,0.005505689642098854
0.085,16.0,15.0,1.0,0.07321119282128144,0.09976230653626399,0.450118846731868,0.46339440358935935,0.026551113714982547,0.013275556857491322
0.085,16.0,15.0,1.4,0.07321119282128144,0.08344827032728758,0.45827586483635624,0.46339440358935935,0.010237077506006137,0.00511853875300311
0.09,4.0,5.0,0.6,0.3731597314225223,0.37753130362276877,0.3112343481886157,0.3134201342887388,0.004371572200246476,0.002185786100123155
0.09,4.0,5.0,1.0,0.37644946035672,0.38269840514795567,0.3086507974260221,0.31177526982163994,0.006248944791235667,0.003124472395617861
0.09,4.0,5.0,1.4,0.37644946035672,0.3791265258835723,0.3104367370582139,0.31177526982163994,0.002677065526852318,0.001338532763426048
0.09,4.0,10.0,0.6,0.3761769657928879,0.3775487550295171,0.3112256224852413,0.31191151710355614,0.0013717892366292284,0.0006858946183148085
0.09,4.0,10.0,1.0,0.37644946035672,0.38245961641637627,0.3087701917918118,0.31177526982163994,0.006010156059656269,0.0030050780298281343
0.09,4.0,10.0,1.4,0.37644946035672,0.3790713331056846,0.31046433344715774,0.31177526982163994,0.002621872748964582,0.0013109363744822078
0.09,4.0,15.0,0.6,0.376449460356719,0.37763438212662986,0.31118280893668504,0.31177526982164044,0.0011849217699108627,0.0005924608849554036
0.09,4.0,15.0,1.0,0.376449460356719,0.3818130144578544,0.30909349277107284,0.31177526982164044,0.005363554101135426,0.002681777050567602
0.09,4.0,15.0,1.4,0.376449460356719,0.378842041082528,0.3105789794587361,0.31177526982164044,0.0023925807258090015,0.001196290362904362
0.09,5.0,5.0,0.6,0.3433228808753772,0.35677895533252707,0.32161052233373644,0.32833855956231134,0.013456074457149858,0.006728037228574901
0.09,5.0,5.0,1.0,0.35467421647638603,0.3692815541760635,0.3153592229119683,0.32266289176180696,0.01460733769967748,0.007303668849838685
0.09,5.0,5.0,1.4,0.35467421647638603,0.3607712931091944,0.3196143534454028,0.32266289176180696,0.006097076632808396,0.00304853831640417
0.09,5.0,10.0,0.6,0.352412678034761,0.3572452512348494,0.32137737438257535,0.32379366098261964,0.004832573200088397,0.0024162866000442818
0.09,5.0,10.0,1.0,0.35467421647638603,0.369019754422912,0.315490122788544,0.32266289176180696,0.014345537946525988,0.007172768973262966
0.09,5.0,10.0,1.4,0.35467421647638603,0.3607712931091944,0.3196143534454028,0.32266289176180696,0.006097076632808396,0.00304853831640417
0.09,5.0,15.0,0.6,0.3546742164763853,0.35733417697543063,0.32133291151228466,0.32266289176180735,0.002659960499045322,0.0013299802495226887
0.09,5.0,15.0,1.0,0.3546742164763853,0.3676850144466426,0.31615749277667865,0.32266289176180735,0.013010797970257282,0.006505398985128696
0.09,5.0,15.0,1.4,0.3546742164763853,0.3603837763579298,0.31980811182103513,0.32266289176180735,0.005709559881544479,0.002854779940772212
0.09,6.0,5.0,0.6,0.3109983955189912,0.3322339107924601,0.33388304460376983,0.34450080224050433,0.021235515273468897,0.010617757636734504
0.09,6.0,5.0,1.0,0.33000511884646494,0.34892640127772473,0.3255367993611376,0.33499744057676745,0.01892128243125979,0.00946064121562984
0.09,6.0,5.0,1.4,0.33000511884646494,0.33782842073141567,0.33108578963429225,0.33499744057676745,0.007823301884950729,0.003911650942475198
0.09,6.0,10.0,0.6,0.3251795460711389,0.33333004089369356,0.3333349795531533,0.3374102269644305,0.008150494822554644,0.0040752474112772386
0.09,6.0,10.0,1.0,0.33000511884646494,0.3489246490549273,0.32553767547253637,0.33499744057676745,0.018919530208462376,0.009459765104231077
0.09,6.0,10.0,1.4,0.33000511884646494,0.33782842073141567,0.33108578963429225,0.33499744057676745,0.007823301884950729,0.003911650942475198
0.09,6.0,15.0,0.6,0.3300051188464644,0.33331653441599846,0.33334173279200074,0.3349974405767678,0.003311415569534071,0.0016557077847670354
0.09,6.0,15.0,1.0,0.3300051188464644,0.34739107035400585,0.3263044648229971,0.3349974405767678,0.017385951507541464,0.008692975753770704
0.09,6.0,15.0,1.4,0.3300051188464644,0.3375047846742927,0.33124760766285366,0.3349974405767678,0.007499665827828295,0.0037498329139141195
0.09,7.0,5.0,0.6,0.2781233076126236,0.3059454685555908,0.3470272657222046,0.36093834619368825,0.02782216094296719,0.01391108047148365
0.09,7.0,5.0,1.0,0.303940595965811,0.3256055503986094,0.3371972248006953,0.34802970201709443,0.021664954432798367,0.010832477216399128
0.09,7.0,5.0,1.4,0.303940595965811,0.31266117904273877,0.3436694104786307,0.34802970201709443,0.008720583076927746,0.004360291538463734
0.09,7.0,10.0,0.6,0.2965718516079453,0.3076791785589713,0.3461604107205143,0.3517140741960274,0.011107326951026009,0.005553663475513115
0.09,7.0,10.0,1.0,0.303940595965811,0.3256055503986094,0.3371972248006953,0.34802970201709443,0.021664954432798367,0.010832477216399128
0.09,7.0,10.0,1.4,0.303940595965811,0.31266117904273877,0.3436694104786307,0.34802970201709443,0.008720583076927746,0.004360291538463734
0.09,7.0,15.0,0.6,0.3032638827432558,0.3075337136654151,0.3462331431672924,0.34836805862837217,0.004269830922159323,0.002134915461079745
0.09,7.0,15.0,1.0,0.30394059596581047,0.3240705631465342,0.3379647184267329,0.3480297020170948,0.02012996718072374,0.010064983590361898
0.09,7.0,15.0,1.4,0.30394059596581047,0.31248129543219705,0.34375935228390153,0.3480297020170948,0.008540699466386581,0.0042703497331932905
0.09,8.0,5.0,0.6,0.24561420743330464,0.2790302173219367,0.3604848913390317,0.3771928962833478,0.03341600988863208,0.01670800494431607
0.09,8.0,5.0,1.0,0.27738325493097105,0.30080577642603523,0.34959711178698233,0.36130837253451453,0.023422521495064186,0.011711260747532204
0.09,8.0,5.0,1.4,0.27738325493097105,0.28657245991846236,0.3567137700407688,0.36130837253451453,0.009189204987491317,0.004594602493745714
0.09,8.0,10.0,0.6,0.26766496021500036,0.2813580552468438,0.35932097237657806,0.36616751989249985,0.01369309503184346,0.006846547515921786
0.09,8.0,10.0,1.0,0.27738325493097105,0.30080577642603523,0.34959711178698233,0.36130837253451453,0.023422521495064186,0.011711260747532204
0.09,8.0,10.0,1.4,0.27738325493097105,0.28666708282120845,0.3566664585893958,0.36130837253451453,0.009283827890237406,0.0046419139451187585
0.09,8.0,15.0,0.6,0.27573731680946345,0.28107765086111897,0.35946117456944054,0.3621313415952683,0.005340334051655515,0.00267016702582773
0.09,8.0,15.0,1.0,0.2773832549309704,0.299354003831108,0.35032299808444606,0.36130837253451475,0.021970748900137616,0.010985374450068697
0.09,8.0,15.0,1.4,0.2773832549309704,0.2865616929257864,0.35671915353710687,0.36130837253451475,0.009178437994816047,0.0045892189974078845
0.09,9.0,5.0,0.6,0.21392430327422204,0.2521187333340216,0.3739406333329891,0.39303784836288913,0.03819443005979958,0.019097215029900028
0.09,9.0,5.0,1.0,0.2508732154616518,0.2754725922192329,0.3622637038903836,0.3745633922691742,0.024599376757581115,0.012299688378790585
0.09,9.0,5.0,1.4,0.2508732154616518,0.2602938052434697,0.3698530973782652,0.3745633922691742,0.009420589781817867,0.0047102948909089615
0.09,9.0,10.0,0.6,0.23903853602243047,0.254984395488949,0.37250780225552554,0.3804807319887848,0.015945859466518553,0.007972929733259249
0.09,9.0,10.0,1.0,0.2508732154616518,0.2754725922192329,0.3622637038903836,0.3745633922691742,0.024599376757581115,0.012299688378790585
0.09,9.0,10.0,1.4,0.2508732154616518,0.26052313440540514,0.36973843279729746,0.3745633922691742,0.009649918943753333,0.004824959471876722
0.09,9.0,15.0,0.6,0.24829464622264336,0.254633725567611,0.37268313721619445,0.3758526768886783,0.006339079344967635,0.0031695396724838454
0.09,9.0,15.0,1.0,0.250873215461651,0.27414006298847465,0.3629299685057627,0.3745633922691745,0.023266847526823675,0.01163342376341181
0.09,9.0,15.0,1.4,0.250873215461651,0.2604551108810208,0.3697724445594897,0.3745633922691745,0.009581895419369824,0.004790947709684801
0.09,10.0,5.0,0.6,0.183275532826191,0.22557460702624824,0.3872126964868759,0.40836223358690465,0.04229907420005724,0.02114953710002876
0.09,10.0,5.0,1.0,0.22473381520034993,0.25014453537154696,0.3749277323142266,0.387633092399825,0.025410720171197027,0.012705360085598416
0.09,10.0,5.0,1.4,0.22473381520034993,0.23424749459466834,0.38287625270266584,0.387633092399825,0.009513679394318408,0.004756839697159176
0.09,10.0,10.0,0.6,0.21101143532075797,0.22892170228218386,0.3855391488589081,0.39449428233962097,0.01791026696142589,0.008955133480712862
0.09,10.0,10.0,1.0,0.22473381520034993,0.25014453537154696,0.3749277323142266,0.387633092399825,0.025410720171197027,0.012705360085598416
0.09,10.0,10.0,1.4,0.22473381520034993,0.23460501738060796,0.382697491309696,0.387633092399825,0.009871202180258026,0.004935601090129027
0.09,10.0,15.0,0.6,0.2212880853547139,0.22862922673246627,0.38568538663376684,0.389355957322643,0.00734114137775238,0.0036705706888761624
0.09,10.0,15.0,1.0,0.2247338152003494,0.24894470508565217,0.37552764745717393,0.3876330923998254,0.02421088988530276,0.012105444942651478
0.09,10.0,15.0,1.4,0.2247338152003494,0.23457436432462223,0.3827128178376889,0.3876330923998254,0.009840549124272818,0.004920274562136506
0.09,11.0,5.0,0.6,0.1537669556327484,0.19960807148504953,0.40019596425747533,0.42311652218362583,0.045841115852301134,0.022920557926150498
0.09,11.0,5.0,1.0,0.19915712129669574,0.22513592107100708,0.38743203946449645,0.4004214393516521,0.025978799774311334,0.01298939988715564
0.09,11.0,5.0,1.4,0.19915712129669574,0.20876998786998546,0.3956150060650072,0.4004214393516521,0.009612866573289719,0.004806433286644873
0.09,11.0,10.0,0.6,0.18375730751874464,0.20338427926834424,0.3983078603658278,0.4081213462406277,0.019626971749599598,0.009813485874799854
0.09,11.0,10.0,1.0,0.19915712129669574,0.22513592107100708,0.38743203946449645,0.4004214393516521,0.025978799774311334,0.01298939988715564
0.09,11.0,10.0,1.4,0.19915712129669574,0.2091569272362465,0.3954215363818768,0.4004214393516521,0.009999805939550743,0.004999902969775261
0.09,11.0,15.0,0.6,0.19491784097542897,0.20314915250643972,0.3984254237467801,0.40254107951228546,0.008231311531010754,0.004115655765505377
0.09,11.0,15.0,1.0,0.1991571212966953,0.2240712489456405,0.3879643755271798,0.40042143935165225,0.02491412764894521,0.01245706382447248
0.09,11.0,15.0,1.4,0.1991571212966953,0.20916215690938314,0.39541892154530844,0.40042143935165225,0.01000503561268784,0.005002517806343809
0.09,12.0,5.0,0.6,0.12542968942487362,0.17433803491529415,0.4128309825423529,0.43728515528756323,0.04890834549042053,0.024454172745210334
0.09,12.0,5.0,1.0,0.1742541788077761,0.20063155930222487,0.39968422034888756,0.41287291059611186,0.026377380494448766,0.0131886902472243
0.09,12.0,5.0,1.4,0.1742541788077761,0.18402402117534916,0.40798798941232556,0.41287291059611186,0.009769842367573056,0.004884921183786306
0.09,12.0,10.0,0.6,0.15736556238185273,0.17849618918150278,0.41075190540924866,0.42131721880907375,0.021130626799650054,0.010565313399825083
0.09,12.0,10.0,1.0,0.1742541788077761,0.20063155930222487,0.39968422034888756,0.41287291059611186,0.026377380494448766,0.0131886902472243
0.09,12.0,10.0,1.4,0.1742541788077761,0.18432086343389495,0.40783956828305246,0.41287291059611186,0.010066684626118844,0.005033342313059408
0.09,12.0,15.0,0.6,0.16929441934752484,0.17831589479237647,0.41084205260381174,0.4153527903262376,0.009021475444851629,0.004510737722425884
0.09,12.0,15.0,1.0,0.17425417880777563,0.19969903934051217,0.4001504803297439,0.4128729105961121,0.025444860532736535,0.012722430266368212
0.09,12.0,15.0,1.4,0.17425417880777563,0.1843598433057746,0.4078200783471127,0.4128729105961121,0.010105664497998962,0.005052832248999384
0.09,13.0,5.0,0.6,0.09825649808356675,0.15008511144285552,0.4249574442785722,0.45087175095821674,0.051828613359288775,0.02591430667964456
0.09,13.0,5.0,1.0,0.15008511144285552,0.1767384243243992,0.4116307878378004,0.4249574442785722,0.026653312881543684,0.0133266564407718
0.09,13.0,5.0,1.4,0.15008511144285552,0.1599646393081667,0.4200176803459167,0.4249574442785722,0.009879527865311183,0.004939763932655494
0.09,13.0,10.0,0.6,0.1318753140841766,0.1543255423268219,0.42283722883658903,0.4340623429579117,0.02245022824264531,0.011225114121322655
0.09,13.0,10.0,1.0,0.15008511144285552,0.1767384243243992,0.4116307878378004,0.4249574442785722,0.026653312881543684,0.0133266564407718
0.09,13.0,10.0,1.4,0.15008511144285552,0.16017620880365163,0.4199118955981741,0.4249574442785722,0.010091097360796109,0.005045548680398082
0.09,13.0,15.0,0.6,0.14447385140942376,0.1541968369445041,0.42290158152774787,0.4277630742952881,0.00972298553508033,0.004861492767540221
0.09,13.0,15.0,1.0,0.1500851114428551,0.17593237391101954,0.4120338130444904,0.4249574442785725,0.025847262468164434,0.012923631234082134
0.09,13.0,15.0,1.4,0.1500851114428551,0.16024657614939336,0.41987671192530335,0.4249574442785725,0.010161464706538254,0.005080732353269168
0.09,14.0,5.0,0.6,0.0722184716588218,0.12667758398509407,0.436661208007453,0.46389076417058916,0.05445911232627228,0.02722955616313616
0.09,14.0,5.0,1.0,0.12667758398509407,0.15351527616848895,0.4232423619157556,0.436661208007453,0.02683769218339488,0.013418846091697412
0.09,14.0,5.0,1.4,0.12667758398509407,0.13663142281412338,0.4316842885929383,0.436661208007453,0.00995383882902931,0.004976919414514724
0.09,14.0,10.0,0.6,0.10729511318902098,0.13090510243653028,0.4345474487817348,0.44635244340548963,0.023609989247509303,0.011804994623754839
0.09,14.0,10.0,1.0,0.12667758398509407,0.15351527616848895,0.4232423619157556,0.436661208007453,0.02683769218339488,0.013418846091697412
0.09,14.0,10.0,1.4,0.12667758398509407,0.13676309791743982,0.43161845104128,0.436661208007453,0.010085513932345747,0.005042756966173012
0.09,14.0,15.0,0.6,0.12047842457606134,0.13082449607520794,0.4345877519623961,0.43976078771196947,0.010346071499146597,0.005173035749573396
0.09,14.0,15.0,1.0,0.1266775839850934,0.15282879749218278,0.4235856012539086,0.43666120800745334,0.026151213507089377,0.013075606753544744
0.09,14.0,15.0,1.4,0.1266775839850934,0.13686246657016826,0.43156876671491584,0.43666120800745334,0.010184882585074856,0.005092441292537497
0.09,15.0,5.0,0.6,0.047274754069590356,0.10403839161252455,0.4479808041937377,0.4763626229652048,0.056763637542934196,0.028381818771467116
0.09,15.0,5.0,1.0,0.10403839161252455,0.13099034967813825,0.43450482516093086,0.4479808041937377,0.026951958065613693,0.01347597903280684
0.09,15.0,5.0,1.4,0.10403839161252455,0.11403941245458962,0.4429802937727052,0.4479808041937377,0.01000102084206507,0.0050005104210325
0.09,15.0,10.0,0.6,0.08361481937635375,0.1082450330902135,0.4458774834548933,0.45819259031182313,0.024630213713859747,0.012315106856929825
0.09,15.0,10.0,1.0,0.10403839161252455,0.13099034967813825,0.43450482516093086,0.4479808041937377,0.026951958065613693,0.01347597903280684
0.09,15.0,10.0,1.4,0.10403839161252455,0.11409668190765626,0.4429516590461719,0.4479808041937377,0.010058290295131708,0.0050291451475658056
0.09,15.0,15.0,0.6,0.09730929589793674,0.10820903614306168,0.4458954819284692,0.4513453520510317,0.01089974024512494,0.005449870122562539
0.09,15.0,15.0,1.0,0.10403839161252386,0.13041611467120423,0.4347919426643979,0.44798080419373815,0.026377723058680372,0.013188861529340234
0.09,15.0,15.0,1.4,0.10403839161252386,0.11422274467389788,0.4428886276630511,0.44798080419373815,0.010184353061374024,0.005092176530687054
0.09,16.0,5.0,0.6,0.023378354395661428,0.08216088828971911,0.4589195558551405,0.4883108228021693,0.05878253389405769,0.029391266947028816
0.09,16.0,5.0,1.0,0.08216088828971911,0.10917227904690786,0.4454138604765461,0.4589195558551405,0.027011390757188752,0.013505695378594418
0.09,16.0,5.0,1.4,0.08216088828971911,0.09218785498014788,0.45390607250992604,0.4589195558551405,0.010026966690428768,0.005013483345214453
0.09,16.0,10.0,0.6,0.06081294300600984,0.08634098001779113,0.45682950999110444,0.4695935284969951,0.025528037011781288,0.01276401850589065
0.09,16.0,10.0,1.0,0.08216088828971911,0.10917227904690786,0.4454138604765461,0.4589195558551405,0.027011390757188752,0.013505695378594418
0.09,16.0,10.0,1.4,0.08216088828971911,0.09218785498014788,0.45390607250992604,0.4589195558551405,0.010026966690428768,0.005013483345214453
0.09,16.0,15.0,0.6,0.0749543766320392,0.08634622850923918,0.4568268857453804,0.4625228116839805,0.011391851877199974,0.005695925938600133
0.09,16.0,15.0,1.0,0.08216088828971872,0.10870295490428285,0.44564852254785864,0.4589195558551407,0.026542066614564125,0.013271033307282076
0.09,16.0,15.0,1.4,0.08216088828971872,0.09232666038246616,0.45383666980876697,0.4589195558551407,0.010165772092747438,0.005082886046373747
0.095,4.0,5.0,0.6,0.3900695521470184,0.3964329249764629,0.3017835375117686,0.30496522392649067,0.006363372829444491,0.0031816864147220514
0.095,4.0,5.0,1.0,0.39502227047129784,0.4034966112382429,0.29825169438087856,0.3024888647643511,0.008474340766945032,0.004237170383472544
0.095,4.0,5.0,1.4,0.39502227047129784,0.3986222752221116,0.3006888623889442,0.3024888647643511,0.0036000047508137345,0.001800002375406895
0.095,4.0,10.0,0.6,0.39443455018400236,0.3965139790996079,0.301743010450196,0.30278272490799885,0.00207942891560553,0.0010397144578028206
0.095,4.0,10.0,1.0,0.39502227047129784,0.4032132796106439,0.29839336019467816,0.3024888647643511,0.008191009139346062,0.0040955045696729475
0.095,4.0,10.0,1.4,0.39502227047129784,0.39857640363629115,0.30071179818185434,0.3024888647643511,0.0035541331649933117,0.0017770665824967669
0.095,4.0,15.0,0.6,0.39502227047129734,0.39661512399349624,0.30169243800325185,0.30248886476435133,0.0015928535221989004,0.000796426761099478
0.095,4.0,15.0,1.0,0.39502227047129734,0.40236101546387537,0.2988194922680623,0.30248886476435133,0.007338744992578028,0.003669372496289014
0.095,4.0,15.0,1.4,0.39502227047129734,0.3982850751072727,0.30085746244636374,0.30248886476435133,0.003262804635975336,0.0016314023179875847
0.095,5.0,5.0,0.6,0.3582707814865766,0.37371936238715225,0.31314031880642396,0.3208646092567117,0.01544858090057566,0.0077242904502877185
0.095,5.0,5.0,1.0,0.3715660302072905,0.387333650292645,0.3063331748536775,0.3142169848963547,0.015767620085354483,0.007883810042677186
0.095,5.0,5.0,1.4,0.3715660302072905,0.3781335554853885,0.31093322225730585,0.3142169848963547,0.006567525278098008,0.0032837626390488373
0.095,5.0,10.0,0.6,0.3686679200134615,0.3743413857286952,0.31282930713565243,0.31566603999326914,0.005673465715233694,0.0028367328576167083
0.095,5.0,10.0,1.0,0.3715660302072905,0.38713259543998757,0.3064337022800062,0.3142169848963547,0.01556656523269706,0.007783282616348475
0.095,5.0,10.0,1.4,0.3715660302072905,0.3781335554853885,0.31093322225730585,0.3142169848963547,0.006567525278098008,0.0032837626390488373
0.095,5.0,15.0,0.6,0.3715660302072902,0.3744064008218833,0.31279679958905826,0.3142169848963549,0.002840370614593135,0.0014201853072966508
0.095,5.0,15.0,1.0,0.3715660302072902,0.3857399373273001,0.30713003133635003,0.3142169848963549,0.014173907120009932,0.007086953560004883
0.095,5.0,15.0,1.4,0.3715660302072902,0.37775771662845437,0.3111211416857728,0.3142169848963549,0.006191686421164189,0.0030958432105820943
0.095,6.0,5.0,0.6,0.3244385260370218,0.3475832735186499,0.326208363240675,0.33778073698148914,0.023144747481628147,0.011572373740814157
0.095,6.0,5.0,1.0,0.3454439802112911,0.36505945113261956,0.3174702744336903,0.3272780098943545,0.01961547092132848,0.009807735460664213
0.095,6.0,5.0,1.4,0.3454439802112911,0.35348424561724096,0.32325787719137955,0.3272780098943545,0.008040265405949876,0.004020132702974966
0.095,6.0,10.0,0.6,0.3398561413802372,0.34887125678976294,0.3255643716051186,0.3300719293098814,0.009015115409525765,0.004507557704762799
0.095,6.0,10.0,1.0,0.3454439802112911,0.36505945113261956,0.3174702744336903,0.3272780098943545,0.01961547092132848,0.009807735460664213
0.095,6.0,10.0,1.4,0.3454439802112911,0.35348424561724096,0.32325787719137955,0.3272780098943545,0.008040265405949876,0.004020132702974966
0.095,6.0,15.0,0.6,0.34539907489089067,0.3488161946677032,0.3255919026661484,0.32730046255455464,0.003417119776812527,0.0017085598884062358
0.095,6.0,15.0,1.0,0.34544398021129064,0.3635403070928347,0.31822984645358277,0.32727800989435474,0.018096326881544056,0.009048163440771972
0.095,6.0,15.0,1.4,0.34544398021129064,0.3532084994128276,0.32339575029358614,0.32727800989435474,0.007764519201536979,0.0038822596007686005
0.095,7.0,5.0,0.6,0.29034979760858703,0.3199818502397466,0.34000907488012666,0.35482510119570654,0.02963205263115959,0.014816026315579878
0.095,7.0,5.0,1.0,0.3181377064583786,0.3401937633510018,0.3299031183244991,0.3409311467708106,0.022056056892623244,0.01102802844631151
0.095,7.0,5.0,1.4,0.3181377064583786,0.3269292537767995,0.33653537311160026,0.3409311467708106,0.008791547318420911,0.004395773659210345
0.095,7.0,10.0,0.6,0.30996297902379466,0.321920301982888,0.33903984900855605,0.34501851048810267,0.011957322959093353,0.005978661479546621
0.095,7.0,10.0,1.0,0.3181377064583786,0.3401937633510018,0.3299031183244991,0.3409311467708106,0.022056056892623244,0.01102802844631151
0.095,7.0,10.0,1.4,0.3181377064583786,0.32694052650239175,0.33652973674880415,0.3409311467708106,0.008802820044013171,0.004401410022006447
0.095,7.0,15.0,0.6,0.3171003850155033,0.3217252659941586,0.33913736700292074,0.34144980749224835,0.004624880978655321,0.002312440489327605
0.095,7.0,15.0,1.0,0.31813770645837736,0.3387110829642909,0.3306444585178545,0.3409311467708114,0.020573376505913565,0.010286688252956866
0.095,7.0,15.0,1.4,0.31813770645837736,0.3268157284929215,0.3365921357535393,0.3409311467708114,0.008678022034544153,0.004339011017272076
0.095,8.0,5.0,0.6,0.25683242013973995,0.29196275106831204,0.35401862446584403,0.37158378993013014,0.035130330928572095,0.017565165464286103
0.095,8.0,5.0,1.0,0.29051395659157375,0.3141421175681759,0.342928941215912,0.3547430217042131,0.02362816097660214,0.011814080488301126
0.095,8.0,5.0,1.4,0.29051395659157375,0.29968671881050757,0.35015664059474627,0.3547430217042131,0.009172762218933816,0.004586381109466853
0.095,8.0,10.0,0.6,0.27998246136971566,0.29449794997180617,0.35275102501409694,0.36000876931514225,0.01451548860209051,0.00725774430104531
0.095,8.0,10.0,1.0,0.29051395659157375,0.3141421175681759,0.342928941215912,0.3547430217042131,0.02362816097660214,0.011814080488301126
0.095,8.0,10.0,1.4,0.29051395659157375,0.29983935642134674,0.35008032178932674,0.3547430217042131,0.009325399829772985,0.004662699914886381
0.095,8.0,15.0,0.6,0.2884773144366813,0.29416453505937395,0.352917732470313,0.3557613427816594,0.005687220622692668,0.0028436103113463895
0.095,8.0,15.0,1.0,0.2905139565915736,0.31276325183419,0.34361837408290513,0.3547430217042132,0.02224929524261643,0.011124647621308048
0.095,8.0,15.0,1.4,0.2905139565915736,0.29975179289603177,0.3501241035519841,0.3547430217042132,0.00923783630445818,0.00461891815222909
0.095,9.0,5.0,0.6,0.224285515775404,0.26410748622980496,0.3679462568850975,0.387857242112298,0.039821970454400946,0.019910985227200473
0.095,9.0,5.0,1.0,0.2630794346899578,0.2877676377702614,0.3561161811148693,0.36846028265502095,0.02468820308030356,0.012344101540151642
0.095,9.0,5.0,1.4,0.2630794346899578,0.2724298545803888,0.36378507270980565,0.36846028265502095,0.009350419890431005,0.004675209945215308
0.095,9.0,10.0,0.6,0.2504412072467398,0.26717840715243774,0.36641079642378116,0.37477939637663005,0.01673719990569794,0.008368599952848887
0.095,9.0,10.0,1.0,0.2630794346899578,0.2877676377702614,0.3561161811148693,0.36846028265502095,0.02468820308030356,0.012344101540151642
0.095,9.0,10.0,1.4,0.2630794346899578,0.27272018829456196,0.36363990585271894,0.36846028265502095,0.009640753604604146,0.004820376802302018
0.095,9.0,15.0,0.6,0.26009868781290496,0.26686117164170137,0.36656941417914934,0.36995065609354755,0.006762483828796406,0.003381241914398203
0.095,9.0,15.0,1.0,0.26307943468995687,0.2865193177581675,0.3567403411209161,0.3684602826550216,0.023439883068210654,0.011719941534105494
0.095,9.0,15.0,1.4,0.26307943468995687,0.2726716574569447,0.3636641712715276,0.3684602826550216,0.009592222766987846,0.004796111383494006
0.095,10.0,5.0,0.6,0.1928957387499963,0.2367447371756575,0.3816276314121712,0.40355213062500195,0.0438489984256612,0.02192449921283074
0.095,10.0,5.0,1.0,0.23613049345198173,0.26155468666265946,0.3692226566686703,0.3819347532740091,0.025424193210677737,0.012712096605338785
0.095,10.0,5.0,1.4,0.23613049345198173,0.24554053640977286,0.3772297317951136,0.3819347532740091,0.009410042957791132,0.00470502147889551
0.095,10.0,10.0,0.6,0.22162206480924,0.24029279877039444,0.3798536006148028,0.3891889675953801,0.018670733961154456,0.009335366980577298
0.095,10.0,10.0,1.0,0.23613049345198173,0.26155468666265946,0.3692226566686703,0.3819347532740091,0.025424193210677737,0.012712096605338785
0.095,10.0,10.0,1.4,0.23613049345198173,0.24596019135417874,0.37701990432291066,0.3819347532740091,0.00982969790219701,0.0049148489510984494
0.095,10.0,15.0,0.6,0.2322810800915215,0.24003560565856108,0.3799821971707195,0.38385945995423937,0.007754525567039566,0.0038772627835198525
0.095,10.0,15.0,1.0,0.23613049345198103,0.2604450760433491,0.3697774619783255,0.3819347532740095,0.024314582591368067,0.012157291295683992
0.095,10.0,15.0,1.4,0.23613049345198103,0.2459498423678575,0.3770250788160713,0.3819347532740095,0.009819348915876464,0.004909674457938218
0.095,11.0,5.0,0.6,0.16273789015821996,0.2100595067728508,0.39497024661357466,0.4186310549208901,0.04732161661463083,0.02366080830731543
0.095,11.0,5.0,1.0,0.20983822054355453,0.23578119368919184,0.38210940315540415,0.3950808897282227,0.025942973145637316,0.012971486572818547
0.095,11.0,5.0,1.4,0.20983822054355453,0.21944808181491138,0.39027595909254437,0.3950808897282227,0.009609861271356851,0.004804930635678328
0.095,11.0,10.0,0.6,0.19367334949008785,0.21403141181260266,0.3929842940936987,0.4031633252549561,0.020358062322514803,0.010179031161257346
0.095,11.0,10.0,1.0,0.20983822054355453,0.23578119368919184,0.38210940315540415,0.3950808897282227,0.025942973145637316,0.012971486572818547
0.095,11.0,10.0,1.4,0.20983822054355453,0.21977575825687662,0.39011212087156155,0.3950808897282227,0.009937537713322092,0.004968768856661143
0.095,11.0,15.0,0.6,0.20519923197784842,0.2138323284168412,0.3930838357915794,0.3974003840110758,0.008633096438992766,0.004316548219496397
0.095,11.0,15.0,1.0,0.20983822054355414,0.2348096089056229,0.3825951955471885,0.39508088972822303,0.024971388362068775,0.012485694181034512
0.095,11.0,15.0,1.4,0.20983822054355414,0.21980159664692214,0.390099201676539,0.39508088972822303,0.009963376103368005,0.00498168805168403
0.095,12.0,5.0,0.6,0.1338256969240923,0.18429743882020944,0.40785128058989534,0.433087151537954,0.05047174189611714,0.02523587094805868
0.095,12.0,5.0,1.0,0.18429743882020944,0.21060659712126378,0.3946967014393681,0.40785128058989534,0.026309158301054347,0.013154579150527257
0.095,12.0,5.0,1.4,0.18429743882020944,0.19405151795590841,0.40297424102204576,0.40785128058989534,0.009754079135698979,0.004877039567849573
0.095,12.0,10.0,0.6,0.16666607344875234,0.18850029595014167,0.4057498520249292,0.41666696327562386,0.021834222501389333,0.010917111250694667
0.095,12.0,10.0,1.0,0.18429743882020944,0.21060659712126378,0.3946967014393681,0.40785128058989534,0.026309158301054347,0.013154579150527257
0.095,12.0,10.0,1.4,0.18429743882020944,0.19428859658695827,0.40285570170652085,0.40785128058989534,0.009991157766748832,0.004995578883374485
0.095,12.0,15.0,0.6,0.1789449894043147,0.18835614961107372,0.40582192519446325,0.4105275052978427,0.009411160206759028,0.004705580103379459
0.095,12.0,15.0,1.0,0.18429743882020902,0.20976810624296355,0.3951159468785182,0.40785128058989556,0.025470667422754528,0.012735333711377361
0.095,12.0,15.0,1.4,0.18429743882020902,0.1943481813960926,0.40282590930195367,0.40785128058989556,0.010050742575883592,0.005025371287941893
0.095,13.0,5.0,0.6,0.1061390235869371,0.15955564381162518,0.4202221780941873,0.44693048820653153,0.053416620224688086,0.026708310112344202
0.095,13.0,5.0,1.0,0.15955564381162518,0.1861195902281562,0.4069402048859219,0.4202221780941873,0.02656394641653101,0.013281973208265407
0.095,13.0,5.0,1.4,0.15955564381162518,0.16941091475378006,0.41529454262311,0.4202221780941873,0.009855270942154881,0.00492763547107733
0.095,13.0,10.0,0.6,0.14062561401314383,0.16375383545863767,0.4181230822706812,0.4296871929934281,0.02312822144549384,0.011564110722746934
0.095,13.0,10.0,1.0,0.15955564381162518,0.1861195902281562,0.4069402048859219,0.4202221780941873,0.02656394641653101,0.013281973208265407
0.095,13.0,10.0,1.4,0.15955564381162518,0.1695629409565475,0.4152185295217262,0.4202221780941873,0.010007297144922322,0.005003648572461106
0.095,13.0,15.0,0.6,0.15356037862585503,0.1636609800912364,0.41816950995438174,0.42321981068707243,0.01010060146538136,0.0050503007326906935
0.095,13.0,15.0,1.0,0.1595556438116247,0.18540730481741605,0.407296347591292,0.4202221780941876,0.025851661005791338,0.012925830502895586
0.095,13.0,15.0,1.4,0.1595556438116247,0.16965371862444373,0.4151731406877781,0.4202221780941876,0.010098074812819019,0.005049037406409496
0.095,14.0,5.0,0.6,0.0796391191177948,0.13563055780155214,0.4321847210992239,0.4601804404411027,0.05599143868375735,0.027995719341878778
0.095,14.0,5.0,1.0,0.13563055780155214,0.16236538007917672,0.41881730996041167,0.4321847210992239,0.02673482227762458,0.013367411138812235
0.095,14.0,5.0,1.4,0.13563055780155214,0.14555456154309493,0.4272227192284525,0.4321847210992239,0.009924003741542786,0.004962001870771393
0.095,14.0,10.0,0.6,0.1155500129315022,0.13981415610245695,0.43009292194877163,0.4422249935342489,0.024264143170954752,0.012132071585477244
0.095,14.0,10.0,1.0,0.13563055780155214,0.16236538007917672,0.41881730996041167,0.4321847210992239,0.02673482227762458,0.013367411138812235
0.095,14.0,10.0,1.4,0.13563055780155214,0.1456273723414044,0.4271863138292977,0.4321847210992239,0.009996814539852267,0.004998407269926175
0.095,14.0,15.0,0.6,0.12905694357957465,0.1397688532874102,0.4301155733562948,0.43547152821021273,0.01071190970783556,0.0053559548539179325
0.095,14.0,15.0,1.0,0.13563055780155125,0.16177163845158432,0.4191141807742078,0.4321847210992243,0.026141080650033066,0.013070540325016478
0.095,14.0,15.0,1.4,0.13563055780155125,0.14574683798294247,0.4271265810085288,0.4321847210992243,0.010116280181391213,0.005058140090695495
0.095,15.0,5.0,0.6,0.05427744072595802,0.1125210471358536,0.4437394764320733,0.47286127963702107,0.058243606409895586,0.029121803204947783
0.095,15.0,5.0,1.0,0.1125210471358536,0.1393619012403728,0.43031904937981363,0.4437394764320733,0.026840854104519182,0.013420427052259654
0.095,15.0,5.0,1.4,0.1125210471358536,0.12248867892352032,0.4387556605382399,0.4437394764320733,0.009967631787666714,0.004983815893833399
0.095,15.0,10.0,0.6,0.09142091855285048,0.1166830397055177,0.4416584801472411,0.45428954072357475,0.025262121152667225,0.012631060576333675
0.095,15.0,10.0,1.0,0.1125210471358536,0.1393619012403728,0.43031904937981363,0.4437394764320733,0.026840854104519182,0.013420427052259654
0.095,15.0,10.0,1.4,0.1125210471358536,0.12248867892352032,0.4387556605382399,0.4437394764320733,0.009967631787666714,0.004983815893833399
0.095,15.0,15.0,0.6,0.10542743565295906,0.11668164792589047,0.44165917603705473,0.44728628217352046,0.011254212272931413,0.0056271061364657204
0.095,15.0,15.0,1.0,0.11252104713585297,0.13887889093478903,0.43056055453260555,0.44373947643207357,0.026357843798936062,0.01317892189946801
0.095,15.0,15.0,1.4,0.11252104713585297,0.12263382792053677,0.43868308603973155,0.44373947643207357,0.010112780784683806,0.005056390392342014
0.095,16.0,5.0,0.6,0.030000873090862374,0.09021406101947452,0.4548929694902628,0.4849995634545688,0.06021318792861215,0.030106593964305983
0.095,16.0,5.0,1.0,0.09021406101947452,0.11710978833892095,0.4414451058305395,0.4548929694902628,0.026895727319446436,0.013447863659723336
0.095,16.0,5.0,1.4,0.09021406101947452,0.10020550629111027,0.4498972468544449,0.4548929694902628,0.009991445271635757,0.004995722635817934
0.095,16.0,10.0,0.6,0.06821030551931553,0.09434942532837036,0.4528252873358148,0.46589484724034225,0.026139119809054825,0.013069559904527461
0.095,16.0,10.0,1.0,0.09021406101947452,0.11715180796268104,0.44142409601865945,0.4548929694902628,0.026937746943206525,0.01346887347160336
0.095,16.0,10.0,1.4,0.09021406101947452,0.10020550629111027,0.4498972468544449,0.4548929694902628,0.009991445271635757,0.004995722635817934
0.095,16.0,15.0,0.6,0.08265307308957863,0.09438849044724949,0.4528057547763753,0.45867346345521076,0.011735417357670863,0.005867708678835459
0.095,16.0,15.0,1.0,0.09021406101947393,0.11672987327209683,0.44163506336395164,0.454892969490263,0.026515812252622895,0.013257906126311336
0.095,16.0,15.0,1.4,0.09021406101947393,0.10030685159953452,0.44984657420023283,0.454892969490263,0.010092790580060587,0.005046395290030148
0.1,4.0,5.0,0.6,0.40534630472686006,0.4135681124386249,0.2932159437806875,0.29732684763657,0.00822180771176484,0.004110903855882531
0.1,4.0,5.0,1.0,0.41192702796929564,0.42218718109266623,0.2889064094536669,0.2940364860153522,0.010260153123370586,0.005130076561685293
0.1,4.0,5.0,1.4,0.41192702796929564,0.4162478700396434,0.2918760649801782,0.2940364860153522,0.0043208420703477746,0.0021604210351739983
0.1,4.0,10.0,0.6,0.41095711904643734,0.4137339623001102,0.2931330188499449,0.29452144047678125,0.0027768432536728893,0.0013884216268363336
0.1,4.0,10.0,1.0,0.41192702796929564,0.4218915186038397,0.28905424069808017,0.2940364860153522,0.009964490634544076,0.004982245317272038
0.1,4.0,10.0,1.4,0.41192702796929564,0.4162268393893861,0.29188658030530695,0.2940364860153522,0.004299811420090449,0.0021499057100452523
0.1,4.0,15.0,0.6,0.4119270279692954,0.41383875254199703,0.2930806237290015,0.2940364860153523,0.0019117245727016119,0.0009558622863508059
0.1,4.0,15.0,1.0,0.4119270279692954,0.42088826949090863,0.2895558652545457,0.2940364860153523,0.008961241521613206,0.004480620760806631
0.1,4.0,15.0,1.4,0.4119270279692954,0.41589754844181887,0.29205122577909065,0.2940364860153523,0.003970520472523442,0.0019852602362616656
0.1,5.0,5.0,0.6,0.3717765326129306,0.3890499096522796,0.30547504517386026,0.3141117336935347,0.017273377039349003,0.008636688519674418
0.1,5.0,5.0,1.0,0.38689693171195694,0.4035539387816877,0.29822303060915606,0.30655153414402153,0.016657007069730778,0.008328503534865472
0.1,5.0,5.0,1.4,0.38689693171195694,0.3938188016693654,0.3030905991653173,0.30655153414402153,0.006921869957408455,0.0034609349787042554
0.1,5.0,10.0,0.6,0.3833656225693548,0.3898286784081038,0.305085660795948,0.30831718871532265,0.00646305583874901,0.003231527919374644
0.1,5.0,10.0,1.0,0.38689693171195694,0.40342477358159684,0.29828761320920166,0.30655153414402153,0.016527841869639903,0.008263920934819868
0.1,5.0,10.0,1.4,0.38689693171195694,0.3938188016693654,0.3030905991653173,0.30655153414402153,0.006921869957408455,0.0034609349787042554
0.1,5.0,15.0,0.6,0.3868969317119564,0.38986562251316864,0.3050671887434158,0.3065515341440218,0.0029686908012122593,0.0014843454006059909
0.1,5.0,15.0,1.0,0.3868969317119564,0.40200239189330206,0.29899880405334894,0.3065515341440218,0.015105460181345676,0.007552730090672866
0.1,5.0,15.0,1.4,0.3868969317119564,0.39346563925785466,0.30326718037107275,0.3065515341440218,0.006568707545898278,0.0032843537729490557
0.1,6.0,5.0,0.6,0.33658409292112057,0.36146245102180147,0.31926877448909935,0.3317079535394399,0.024878358100680897,0.012439179050340532
0.1,6.0,5.0,1.0,0.3594345046988898,0.3795742750722641,0.310212862463868,0.3202827476505551,0.020139770373374277,0.01006988518668711
0.1,6.0,5.0,1.4,0.3594345046988898,0.3676185280862534,0.3161907359568733,0.3202827476505551,0.00818402338736357,0.004092011693681785
0.1,6.0,10.0,0.6,0.35312174719445116,0.36293363283857283,0.31853318358071364,0.32343912640277445,0.009811885644121665,0.004905942822060805
0.1,6.0,10.0,1.0,0.3594345046988898,0.3795742750722641,0.310212862463868,0.3202827476505551,0.020139770373374277,0.01006988518668711
0.1,6.0,10.0,1.4,0.3594345046988898,0.3676185280862534,0.3161907359568733,0.3202827476505551,0.00818402338736357,0.004092011693681785
0.1,6.0,15.0,0.6,0.3590901682990357,0.36283680936237905,0.3185815953188106,0.32045491585048214,0.003746641063343381,0.0018733205316715518
0.1,6.0,15.0,1.0,0.3594345046988896,0.37808366423760215,0.31095816788119895,0.32028274765055514,0.018649159538712545,0.00932457976935619
0.1,6.0,15.0,1.4,0.3594345046988896,0.3673944527152971,0.3163027736423515,0.32028274765055514,0.007959948016407481,0.003979974008203657
0.1,7.0,5.0,0.6,0.3014006356425928,0.3326690648521378,0.33366546757393106,0.34929968217870366,0.031268429209545034,0.0156342146047726
0.1,7.0,5.0,1.0,0.3309920380886163,0.35332211665113883,0.32333894167443056,0.33450398095569184,0.022330078562522504,0.01116503928126128
0.1,7.0,5.0,1.4,0.3309920380886163,0.33980802254100684,0.3300959887294966,0.33450398095569184,0.008815984452390513,0.0044079922261952564
0.1,7.0,10.0,0.6,0.32206540214580975,0.33479885739780435,0.33260057130109794,0.33896729892709515,0.012733455251994596,0.006366727625997215
0.1,7.0,10.0,1.0,0.3309920380886163,0.35332211665113883,0.32333894167443056,0.33450398095569184,0.022330078562522504,0.01116503928126128
0.1,7.0,10.0,1.4,0.3309920380886163,0.3398702195441713,0.3300648902279143,0.33450398095569184,0.008878181455554968,0.004439090727777539
0.1,7.0,15.0,0.6,0.32960552624637124,0.33455615065540034,0.33272192467229983,0.33519723687681446,0.004950624409029103,0.0024753122045146347
0.1,7.0,15.0,1.0,0.330992038088616,0.3518978636975297,0.32405106815123513,0.33450398095569195,0.020905825608913686,0.010452912804456815
0.1,7.0,15.0,1.4,0.330992038088616,0.3397605187833112,0.33011974060834437,0.33450398095569195,0.008768480694695213,0.004384240347347579
0.1,8.0,5.0,0.6,0.26697360293402694,0.30365052430535067,0.34817473784732456,0.3665131985329866,0.03667692137132372,0.018338460685662028
0.1,8.0,5.0,1.0,0.30239712772278043,0.3261490344132646,0.33692548279336776,0.3488014361386098,0.02375190669048416,0.011875953345242052
0.1,8.0,5.0,1.4,0.30239712772278043,0.31152406128602234,0.34423796935698886,0.3488014361386098,0.009126933563241901,0.004563466781620951
0.1,8.0,10.0,0.6,0.29111466223420496,0.306377362494722,0.346811318752639,0.35444266888289755,0.01526270026051707,0.007631350130258563
0.1,8.0,10.0,1.0,0.30239712772278043,0.3261490344132646,0.33692548279336776,0.3488014361386098,0.02375190669048416,0.011875953345242052
0.1,8.0,10.0,1.4,0.30239712772278043,0.3117322703765333,0.3441338648117333,0.3488014361386098,0.009335142653752848,0.004667571326876507
0.1,8.0,15.0,0.6,0.29999050671050187,0.30603075796008417,0.3469846210199579,0.35000474664474907,0.006040251249582296,0.003020125624791148
0.1,8.0,15.0,1.0,0.3023971277227797,0.3248444438876197,0.3375777780561902,0.3488014361386101,0.02244731616483997,0.011223658082419874
0.1,8.0,15.0,1.4,0.3023971277227797,0.3116622110735155,0.3441688944632423,0.3488014361386101,0.009265083350735781,0.004632541675367807
0.1,9.0,5.0,0.6,0.23365327344788822,0.27494197918885116,0.36252901040557434,0.3831733632760559,0.04128870574096294,0.020644352870481553
0.1,9.0,5.0,1.0,0.27412304063424153,0.2988417131876022,0.3505791434061989,0.3629384796828791,0.024718672553360688,0.012359336276680233
0.1,9.0,5.0,1.4,0.27412304063424153,0.28338526884560944,0.3583073655771954,0.3629384796828791,0.009262228211367907,0.004631114105683731
0.1,9.0,10.0,0.6,0.26074719115957684,0.27820136907243176,0.3608993154637842,0.36962640442021155,0.017454177912854918,0.008727088956427376
0.1,9.0,10.0,1.0,0.27412304063424153,0.2988417131876022,0.3505791434061989,0.3629384796828791,0.024718672553360688,0.012359336276680233
0.1,9.0,10.0,1.4,0.27412304063424153,0.2837331634988137,0.358133418250593,0.3629384796828791,0.00961012286457219,0.004805061432286095
0.1,9.0,15.0,0.6,0.2707661213248769,0.2779166026295555,0.36104169868522235,0.3646169393375617,0.007150481304678602,0.0035752406523393288
0.1,9.0,15.0,1.0,0.27412304063424164,0.2976760276688576,0.35116198616557115,0.3629384796828793,0.023552987034615946,0.01177649351730814
0.1,9.0,15.0,1.4,0.27412304063424164,0.2837033364402927,0.35814833177985367,0.3629384796828793,0.009580295806051076,0.004790147903025621
0.1,10.0,5.0,0.6,0.20159450368253862,0.24683965787767637,0.37658017106116165,0.3992027481587308,0.04524515419513775,0.022622577097569152
0.1,10.0,5.0,1.0,0.2464401441348904,0.2718356936989845,0.3640821531505077,0.3767799279325548,0.025395549564094122,0.012697774782047144
0.1,10.0,5.0,1.4,0.2464401441348904,0.2558463515755786,0.37207682421221067,0.3767799279325548,0.009406207440688208,0.0047031037203441595
0.1,10.0,10.0,0.6,0.2312128792352375,0.2505715005231771,0.3747142497384115,0.38439356038238115,0.01935862128793961,0.009679310643969652
0.1,10.0,10.0,1.0,0.2464401441348904,0.2718356936989845,0.3640821531505077,0.3767799279325548,0.025395549564094122,0.012697774782047144
0.1,10.0,10.0,1.4,0.2464401441348904,0.256214008988158,0.371892995505921,0.3767799279325548,0.009773864853267589,0.00488693242663385
0.1,10.0,15.0,0.6,0.24221602101876757,0.2503479852809554,0.37482600735952215,0.37889198949061637,0.008131964262187846,0.004065982131094215
0.1,10.0,15.0,1.0,0.2464401441348899,0.2708128547321206,0.36459357263393977,0.37677992793255505,0.024372710597230673,0.012186355298615281
0.1,10.0,15.0,1.4,0.2464401441348899,0.2562228817886581,0.37188855910567103,0.37677992793255505,0.009782737653768192,0.004891368826884013
0.1,11.0,5.0,0.6,0.17085026306080606,0.21950535391470014,0.39024732304265,0.41457486846959696,0.04865509085389408,0.024327545426946984
0.1,11.0,5.0,1.0,0.2194997529277227,0.24537628183111285,0.37731185908444353,0.3902501235361385,0.02587652890339015,0.012938264451694992
0.1,11.0,5.0,1.4,0.2194997529277227,0.22909417787785033,0.38545291106107477,0.3902501235361385,0.009594424950127634,0.004797212475063761
0.1,11.0,10.0,0.6,0.20263698718824702,0.22365574685528125,0.38817212657235933,0.3986815064058765,0.02101875966703423,0.010509379833517185
0.1,11.0,10.0,1.0,0.2194997529277227,0.24537628183111285,0.37731185908444353,0.3902501235361385,0.02587652890339015,0.012938264451694992
0.1,11.0,10.0,1.4,0.2194997529277227,0.22936572261086113,0.38531713869456946,0.3902501235361385,0.009865969683138437,0.004932984841569066
0.1,11.0,15.0,0.6,0.21449162213573106,0.22349069684388223,0.38825465157805883,0.39275418893213443,0.008999074708151172,0.0044995373540756
0.1,11.0,15.0,1.0,0.2194997529277224,0.24449312419471889,0.37775343790264054,0.3902501235361388,0.024993371266996495,0.012496685633498261
0.1,11.0,15.0,1.4,0.2194997529277224,0.22941090201391726,0.38529454899304144,0.3902501235361388,0.009911149086194865,0.004955574543097363
0.1,12.0,5.0,0.6,0.14141864013404792,0.19338160458834286,0.4033091977058286,0.4292906799329761,0.051962964454294935,0.025981482227147468
0.1,12.0,5.0,1.0,0.19338160458834286,0.21960024140459722,0.39019987929770145,0.4033091977058286,0.02621863681625436,0.01310931840812718
0.1,12.0,5.0,1.4,0.19338160458834286,0.2031106391050219,0.3984446804474891,0.4033091977058286,0.00972903451667903,0.004864517258339529
0.1,12.0,10.0,0.6,0.17507385128674777,0.19754359357011633,0.4012282032149419,0.41246307435662605,0.022469742283368566,0.011234871141684144
0.1,12.0,10.0,1.0,0.19338160458834286,0.21960024140459722,0.39019987929770145,0.4033091977058286,0.02621863681625436,0.01310931840812718
0.1,12.0,10.0,1.4,0.19338160458834286,0.20329154701814853,0.3983542264909257,0.4033091977058286,0.009909942429805668,0.0049549712149029035
0.1,12.0,15.0,0.6,0.18766777947461383,0.19743332909304648,0.4012833354534768,0.40616611026269317,0.00976554961843265,0.004882774809216395
0.1,12.0,15.0,1.0,0.193381604588342,0.2188503309531659,0.3905748345234171,0.40330919770582907,0.02546872636482389,0.012734363182411945
0.1,12.0,15.0,1.4,0.193381604588342,0.20337035301176112,0.39831482349411945,0.40330919770582907,0.009988748423419125,0.004994374211709618
0.1,13.0,5.0,0.6,0.11326790418123012,0.1681215557650874,0.4159392221174563,0.44336604790938505,0.05485365158385727,0.027426825791928733
0.1,13.0,5.0,1.0,0.1681215557650874,0.19457996111596634,0.4027100194420168,0.4159392221174563,0.026458405350878955,0.013229202675439533
0.1,13.0,5.0,1.4,0.1681215557650874,0.17794562449631407,0.411027187751843,0.4159392221174563,0.009824068731226682,0.004912034365613327
0.1,13.0,10.0,0.6,0.14853643128701496,0.17227688453658702,0.41386155773170646,0.4257317843564925,0.023740453249572052,0.01187022662478604
0.1,13.0,10.0,1.0,0.1681215557650874,0.19457996111596634,0.4027100194420168,0.4159392221174563,0.026458405350878955,0.013229202675439533
0.1,13.0,10.0,1.4,0.1681215557650874,0.1780419970551538,0.4109790014724231,0.4159392221174563,0.009920441290066417,0.004960220645033209
0.1,13.0,15.0,0.6,0.16177381855940837,0.1722174546192324,0.41389127269038367,0.41911309072029573,0.01044363605982404,0.005221818029912062
0.1,13.0,15.0,1.0,0.16812155576508633,0.19395548342565466,0.40302225828717264,0.4159392221174568,0.02583392766056833,0.012916963830284178
0.1,13.0,15.0,1.4,0.16812155576508633,0.17815173101293016,0.4109241344935349,0.4159392221174568,0.010030175247843831,0.005015087623921943
0.1,14.0,5.0,0.6,0.08635045834077923,0.14372822115832679,0.42813588942083664,0.4568247708296105,0.057377762817547556,0.028688881408773848
0.1,14.0,5.0,1.0,0.14372822115832679,0.17034857444593432,0.4148257127770329,0.42813588942083664,0.026620353287607534,0.01331017664380374
0.1,14.0,5.0,1.4,0.14372822115832679,0.15361720223578884,0.4231913988821056,0.42813588942083664,0.009888981077462056,0.004944490538731028
0.1,14.0,10.0,0.6,0.12301328651013714,0.14786806988945697,0.42606596505527167,0.43849335674493145,0.02485478337931983,0.012427391689659784
0.1,14.0,10.0,1.0,0.14372822115832679,0.17034857444593432,0.4148257127770329,0.42813588942083664,0.026620353287607534,0.01331017664380374
0.1,14.0,10.0,1.4,0.14372822115832679,0.1536352227894692,0.4231823886052654,0.42813588942083664,0.009907001631142415,0.004953500815571221
0.1,14.0,15.0,0.6,0.13681156695650845,0.14785555325594912,0.4260722233720255,0.43159421652174584,0.011043986299440672,0.00552199314972035
0.1,14.0,15.0,1.0,0.14372822115832648,0.16984129335775908,0.4150793533211204,0.4281358894208367,0.026113072199432596,0.013056536099716298
0.1,14.0,15.0,1.4,0.14372822115832648,0.15377329196150538,0.4231133540192474,0.4281358894208367,0.010045070803178902,0.005022535401589312
0.1,15.0,5.0,0.6,0.06061084917242127,0.12019323527276055,0.4399033823636197,0.4696945754137894,0.05958238610033927,0.029791193050169695
0.1,15.0,5.0,1.0,0.12019323527276055,0.14691484522966874,0.42654257738516566,0.4399033823636197,0.0267216099569082,0.013360804978454044
0.1,15.0,5.0,1.4,0.12019323527276055,0.13012362887850842,0.4349381855607458,0.4399033823636197,0.009930393605747878,0.0049651968028738835
0.1,15.0,10.0,0.6,0.09847866450086529,0.12431133168039966,0.4378443341598002,0.45076066774956736,0.025832667179534377,0.012916333589767182
0.1,15.0,10.0,1.0,0.12019323527276055,0.146940252785895,0.4265298736070524,0.4399033823636197,0.026747017513134463,0.013373508756567287
0.1,15.0,10.0,1.4,0.12019323527276055,0.13012362887850842,0.4349381855607458,0.4399033823636197,0.009930393605747878,0.0049651968028738835
0.1,15.0,15.0,0.6,0.11276618810667134,0.1243419796404151,0.43782901017979253,0.4436169059466643,0.01157579153374376,0.005787895766871776
0.1,15.0,15.0,1.0,0.12019323527275994,0.14651659464087294,0.4267417026795635,0.43990338236362,0.026323359368113003,0.01316167968405646
0.1,15.0,15.0,1.4,0.12019323527275994,0.1302332635134685,0.4348833682432658,0.43990338236362,0.01004002824070857,0.005020014120354188
0.1,16.0,5.0,0.6,0.03599045340037687,0.09749772334547116,0.45125113832726443,0.4820047732998116,0.06150726994509429,0.030753634972547184
0.1,16.0,5.0,1.0,0.09749772334547116,0.1242722867927757,0.4378638566036121,0.45125113832726443,0.026774563447304542,0.013387281723652333
0.1,16.0,5.0,1.4,0.09749772334547116,0.10745082741816203,0.4462745862909191,0.45125113832726443,0.009953104072690871,0.004976552036345339
0.1,16.0,10.0,0.6,0.0748986533347506,0.10158954116528748,0.44920522941735636,0.4625506733326247,0.026690887830536886,0.013345443915268318
0.1,16.0,10.0,1.0,0.09749772334547116,0.12437676692266614,0.4378116165386669,0.45125113832726443,0.026879043577194978,0.01343952178859753
0.1,16.0,10.0,1.4,0.09749772334547116,0.10745082741816203,0.4462745862909191,0.45125113832726443,0.009953104072690871,0.004976552036345339
0.1,16.0,15.0,0.6,0.08961286569370867,0.1016598403487176,0.4491700798256411,0.4551935671531458,0.012046974655008924,0.006023487327504684
0.1,16.0,15.0,1.0,0.09749772334547033,0.12397521902707814,0.4380123904864609,0.4512511383272649,0.026477495681607816,0.013238747840803977
0.1,16.0,15.0,1.4,0.09749772334547033,0.10751742966824117,0.4462412851658793,0.4512511383272649,0.010019706322770841,0.00500985316138558
